CASE_ID,ACCIDENT_YEAR,PROC_DATE,JURIS,COLLISION_DATE,COLLISION_TIME,OFFICER_ID,REPORTING_DISTRICT,DAY_OF_WEEK,CHP_SHIFT,POPULATION,CNTY_CITY_LOC,SPECIAL_COND,BEAT_TYPE,CHP_BEAT_TYPE,CITY_DIVISION_LAPD,CHP_BEAT_CLASS,BEAT_NUMBER,PRIMARY_RD,SECONDARY_RD,DISTANCE,DIRECTION,INTERSECTION,WEATHER_1,WEATHER_2,STATE_HWY_IND,CALTRANS_COUNTY,CALTRANS_DISTRICT,STATE_ROUTE,ROUTE_SUFFIX,POSTMILE_PREFIX,POSTMILE,LOCATION_TYPE,RAMP_INTERSECTION,SIDE_OF_HWY,TOW_AWAY,COLLISION_SEVERITY,NUMBER_KILLED,NUMBER_INJURED,PARTY_COUNT,PRIMARY_COLL_FACTOR,PCF_CODE_OF_VIOL,PCF_VIOL_CATEGORY,PCF_VIOLATION,PCF_VIOL_SUBSECTION,HIT_AND_RUN,TYPE_OF_COLLISION,MVIW,PED_ACTION,ROAD_SURFACE,ROAD_COND_1,ROAD_COND_2,LIGHTING,CONTROL_DEVICE,CHP_ROAD_TYPE,PEDESTRIAN_ACCIDENT,BICYCLE_ACCIDENT,MOTORCYCLE_ACCIDENT,TRUCK_ACCIDENT,NOT_PRIVATE_PROPERTY,ALCOHOL_INVOLVED,STWD_VEHTYPE_AT_FAULT,CHP_VEHTYPE_AT_FAULT,COUNT_SEVERE_INJ,COUNT_VISIBLE_INJ,COUNT_COMPLAINT_PAIN,COUNT_PED_KILLED,COUNT_PED_INJURED,COUNT_BICYCLIST_KILLED,COUNT_BICYCLIST_INJURED,COUNT_MC_KILLED,COUNT_MC_INJURED,PRIMARY_RAMP,SECONDARY_RAMP,LATITUDE,LONGITUDE,COUNTY,CITY,POINT_X,POINT_Y
9505941,2022,2022-11-10,3801,2022-10-09,1721,1544,CENTR,7,5,7,3801,0,0,0,,0,3A14D,FRANCISCO,"LARKIN ST",0.00,,Y,-,-,N,,,,,,,,,,N,2,0,1,1,A,-,03,22350,A,N,H,J,A,A,H,-,A,D,0,,,Y,,Y,,C,03,1,0,0,0,0,0,0,0,1,"- ","- ",,,"SAN FRANCISCO","SAN FRANCISCO",-122.42164611816406,37.803520202636719
9506574,2022,2022-10-10,3801,2022-08-19,2025,1817,TENDE,5,5,7,3801,0,0,0,,0,COJ,"ELLIS ST","JONES ST",0.00,,Y,A,-,N,,,,,,,,,,N,2,0,1,2,A,-,04,21703,,F,-,G,A,-,H,-,C,A,0,,Y,,,Y,,A,01,1,0,0,0,0,0,1,0,0,"- ","- ",,,"SAN FRANCISCO","SAN FRANCISCO",-122.41278076171875,37.784896850585938
9603692,2023,2023-09-06,3801,2023-07-13,1700,2400,BAYVI,4,5,7,3801,0,0,0,,0,3CAR,"INGALLS ST","PALOU AV",0.00,,Y,A,-,N,,,,,,,,,,N,2,0,1,2,A,-,05,21752,D,N,D,-,A,A,H,-,A,A,0,,Y,,,Y,,L,04,1,0,0,0,0,0,1,0,0,"- ","- ",,,"SAN FRANCISCO","SAN FRANCISCO",-122.38343811035156,37.729747772216797
9610670,2023,2023-09-22,3801,2023-08-01,1417,877,CENTR,2,5,7,3801,0,0,0,,0,3A44C,"MARKET ST","1ST ST",0.00,,Y,A,-,N,,,,,,,,,,Y,2,0,2,2,A,-,08,22101,D,N,D,B,-,A,H,-,A,A,0,Y,,Y,,Y,,C,02,1,0,1,0,1,0,0,0,1,"- ","- ",,,"SAN FRANCISCO","SAN FRANCISCO",-122.39913940429688,37.791053771972656
9640282,2024,2024-07-23,3801,2024-01-31,"518 ",262,TRAFF,3,5,7,3801,0,0,0,,0,4B1E,"FULTON ST","ARGUELLO BL",13.00,W,N,A,-,N,,,,,,,,,,Y,1,1,0,2,A,-,10,21950,C,N,G,B,B,A,H,-,C,A,0,Y,,,,Y,,A,08,0,0,0,1,0,0,0,0,0,"- ","- ",,,"SAN FRANCISCO","SAN FRANCISCO",-122.45839691162109,37.774284362792969
9668454,2024,2024-05-01,3801,2024-02-08,1829,1620,RICHM,4,5,7,3801,0,0,0,,0,,"FULTON ST","7TH AV",112.00,W,N,A,-,N,,,,,,,,,,,2,0,1,1,D,-,00,,,N,H,A,A,A,H,-,C,D,0,,,Y,,Y,Y,-,"- ",1,0,0,0,0,0,0,0,1,"- ","- ",,,"SAN FRANCISCO","SAN FRANCISCO",-122.46521759033203,37.773448944091797
6573168,2014,2014-08-09,3801,2014-04-09,1631,000395,,3,5,7,3801,0,0,0,,0,3160,"TURK ST","WEBSTER ST",8.00,S,N,A,-,N,,,,,,,,,,N,2,0,1,2,A,-,10,21950,A,N,G,B,B,A,H,-,A,A,0,Y,,,,Y,Y,I,11,1,0,0,0,1,0,0,0,0,"- ","- ",,,"SAN FRANCISCO","SAN FRANCISCO",-122.43051737,37.780686660000001
7006175,2015,2015-09-24,3801,2015-08-31,0723,120,"BAY V",1,5,7,3801,0,0,0,,0,4B6C,"GAVEN ST","SAN BRUNO AV",121.00,W,N,A,-,N,,,,,,,,,,Y,1,1,0,2,A,-,03,22350,,F,G,B,E,A,H,-,A,D,0,Y,,,,Y,,A,01,0,0,0,1,0,0,0,0,0,"- ","- ",,,"SAN FRANCISCO","SAN FRANCISCO",-122.40692933,37.733929510000003
8360082,2017,2017-05-11,3801,2017-03-30,2058,481,NORTH,4,5,7,3801,0,0,0,,0,3E12D,"GOUGH ST","GROVE ST",0.00,,Y,A,-,N,,,,,,,,,,,2,0,1,2,A,-,10,21950,A,N,B,B,B,A,H,-,C,A,0,Y,,,,Y,,A,01,1,0,0,0,1,0,0,0,0,"- ","- ",,,"SAN FRANCISCO","SAN FRANCISCO",-122.42316,37.777809920000003
8382204,2017,2017-06-15,3801,2017-05-27,0309,2481,C0F,6,5,7,3801,0,0,0,,0,003,"STANYAN ST","TURK ST",0.00,,Y,A,-,N,,,,,,,,,,N,2,0,1,2,A,-,10,21950,A,N,G,B,B,A,H,-,C,A,0,Y,,,,Y,,B,01,1,0,0,0,1,0,0,0,0,"- ","- ",,,"SAN FRANCISCO","SAN FRANCISCO",-122.45522986,37.777589910000003
8496544,2017,2018-02-17,3801,2017-10-14,1116,A22595,CENTR,6,5,7,3801,0,0,0,,0,3A15A,"POST ST","MASON ST",0.00,,Y,A,-,N,,,,,,,,,,N,2,0,1,2,A,-,10,21950,A,N,G,B,B,A,H,-,A,A,0,Y,,,,Y,,A,01,1,0,0,0,1,0,0,0,0,"- ","- ",,,"SAN FRANCISCO","SAN FRANCISCO",-122.41002994999999,37.788049940000001
9729039,2024,2024-09-03,3801,2024-07-04,1701,4178,TRAFF,4,5,7,3801,0,0,0,,0,4B3A,"HYDE ST","MCALLISTER ST",0.00,,Y,A,-,N,,,,,,,,,,Y,2,0,1,2,A,-,12,21453,A,N,D,-,A,A,H,-,A,A,0,,,,,Y,,M,94,1,0,0,0,0,0,0,0,0,"- ","- ",,,"SAN FRANCISCO","SAN FRANCISCO",-122.41532135009766,37.780738830566406
9742891,2024,2025-04-10,3801,2024-10-14,2038,1436,PARK,1,5,7,3801,0,0,0,,0,,MASONIC,"OAK ST",0.00,,Y,A,-,N,,,,,,,,,,N,2,0,2,2,A,-,09,21801,A,N,A,C,A,A,H,-,C,A,0,,,Y,,Y,,A,01,1,1,0,0,0,0,0,0,2,"- ","- ",,,"SAN FRANCISCO","SAN FRANCISCO",-122.44575500488281,37.772083282470703
90362057,2017,2017-01-05,9350,2017-01-02,1720,013450,,1,2,7,3801,0,1,2,,2,010,"US 101 (N/B)","GGB TOLL PLAZA",528.00,S,N,B,-,Y,,,,,,,,,,Y,2,0,1,2,A,-,07,21658,A,N,B,C,A,A,H,-,A,D,0,,,Y,,Y,,A,07,1,0,0,0,0,0,0,0,1,"- ","- ",,,"SAN FRANCISCO","SAN FRANCISCO",,
90749311,2018,2018-06-18,9335,2018-04-07,0630,022007,,6,1,7,3801,0,1,1,,2,023,"I-280 S/B","ST. MARY'S FOOTBRIDGE OVERCROSSING",93.00,S,N,B,-,Y,,,280,,,,,,S,Y,2,0,1,2,A,-,11,21956,,F,G,B,E,B,H,-,B,D,0,Y,,,,Y,,N,60,1,0,0,0,1,0,0,0,0,"- ","- ",37.731979370117188,-122.42111968994141,"SAN FRANCISCO","SAN FRANCISCO",-122.42109680175781,37.731864929199219
91163071,2020,2020-01-10,9335,2020-01-09,0930,021222,,4,1,7,3801,0,1,1,,1,081,"I-80 WESTBOUND","SPEAR STREET",2100.00,E,N,A,-,Y,,,80,,,,,,W,N,2,0,1,3,A,-,07,21658,A,F,B,C,A,B,H,-,A,D,0,,,Y,Y,Y,,C,02,1,0,0,0,0,0,0,0,1,"- ","- ",37.792648315429688,-122.38384246826172,"SAN FRANCISCO","SAN FRANCISCO",-122.38373565673828,37.792549133300781
91936270,2022,2022-12-07,9335,2022-11-24,1335,020991,,4,1,7,3801,0,1,2,,2,015,"US-101 S/B","HARRISON ST.",533.00,S,N,A,-,Y,SF,,101,,R,4.754,H,,L,Y,2,0,5,4,A,-,01,23152,A,N,C,C,A,A,H,-,A,D,0,,,,,Y,Y,A,01,1,0,4,0,0,0,0,0,0,"- ","- ",37.769428253173828,-122.41139221191406,"SAN FRANCISCO","SAN FRANCISCO",-122.41139221191406,37.769386291503906
9560873,2023,2023-04-12,3801,2023-02-26,2240,1300,PARK,7,5,7,3801,0,0,0,,0,003,"FELL ST","LYON ST",57.00,W,N,A,-,N,,,,,,,,,,N,2,0,1,3,A,-,07,21658,A,N,B,C,A,A,H,-,C,A,0,,,,,Y,,A,01,1,0,0,0,0,0,0,0,0,"- ","- ",,,"SAN FRANCISCO","SAN FRANCISCO",-122.44274139404297,37.773395538330078
90652808,2018,2018-02-01,9335,2018-01-22,2153,021469,,1,2,7,3801,0,1,1,,2,023,"I-280 N/B","ALEMANY BLVD NORTH O/C",240.00,N,N,A,-,Y,,,280,,,,,,N,Y,2,0,1,1,A,-,01,23152,F,N,F,A,A,A,H,-,C,D,0,,,,,Y,,A,07,1,0,0,0,0,0,0,0,0,"- ","- ",37.732479095458984,-122.41367340087891,"SAN FRANCISCO","SAN FRANCISCO",-122.4136962890625,37.732540130615234
91866394,2022,2022-09-16,9335,2022-09-06,2018,022897,,2,2,7,3801,0,1,2,,2,013,"US-101 N/B","3RD ST. UNDERCROSSING",1267.00,N,N,A,-,Y,SF,,101,,,0.816,H,,R,Y,2,0,1,1,A,-,01,23152,A,N,E,I,A,A,H,-,D,D,0,,,,,Y,Y,A,01,1,0,0,0,0,0,0,0,0,"- ","- ",37.719570159912109,-122.39972686767578,"SAN FRANCISCO","SAN FRANCISCO",-122.39959716796875,37.719593048095703
91890542,2022,2022-10-14,9335,2022-05-01,0707,019581,,7,1,7,3801,0,1,1,,1,083,"I-80 E/B TO TREASURE ISLAND ROAD","TREASURE ISLAND ROAD OVERPASS",296.00,W,N,A,-,Y,,,,,,,,,,Y,1,1,1,1,A,-,03,22350,,N,E,I,A,A,H,-,A,D,0,,,,,Y,,D,22,0,1,0,0,0,0,0,0,0,"- ","- ",37.808990478515625,-122.36701965332031,"SAN FRANCISCO","SAN FRANCISCO",-122.36701965332031,37.808990478515625
7008091,2014,2015-08-10,3801,2014-05-14,1430,665,,3,5,7,3801,0,0,0,,0,FK3F,"PINE ST","STOCKTON ST",0.00,,Y,A,-,N,,,,,,,,,,Y,2,0,1,2,A,-,08,22100,A,N,D,C,A,A,H,-,A,A,0,,,Y,,Y,,-,,1,0,0,0,0,0,0,0,1,"- ","- ",,,"SAN FRANCISCO","SAN FRANCISCO",-122.40734990999999,37.791309910000003
7025116,2015,2016-06-16,3801,2015-04-10,1720,1591,CENTR,5,5,7,3801,0,0,0,,0,3A13D,"BAY ST","POWELL ST",0.00,,Y,A,-,N,,,,,,,,,,N,2,0,1,2,A,-,10,21950,A,N,G,B,B,A,H,-,A,A,0,Y,,,,Y,,D,22,1,0,0,0,1,0,0,0,0,"- ","- ",,,"SAN FRANCISCO","SAN FRANCISCO",-122.41193995,37.80583996
8598016,2018,2018-08-06,3801,2018-03-08,0018,A22368,TARAV,4,5,7,3801,0,0,0,,0,005,"JUNIPERO SERRA BL","FONT BL",711.00,N,N,B,C,Y,SF,4,1,-,R,0.560,H,-,S,N,2,0,2,2,A,-,03,22350,,N,F,I,A,B,H,-,C,A,0,,,,,Y,,A,01,1,1,0,0,0,0,0,0,0,"- ","- ",,,"SAN FRANCISCO","SAN FRANCISCO",-122.47224426269531,37.715694427490234
8777269,2018,2019-01-25,3801,2018-12-25,1432,1938,NORTH,2,5,7,3801,0,0,0,,0,3E43C,"DIVISADERO ST","OAK ST",0.00,,Y,A,-,N,,,,,,,,,,N,2,0,1,2,A,-,12,21453,A,N,H,G,A,A,H,-,A,A,0,,Y,,,Y,,A,01,1,0,0,0,0,0,1,0,0,"- ","- ",,,"SAN FRANCISCO","SAN FRANCISCO",-122.43743133544922,37.773139953613281
8845496,2019,2019-05-01,3801,2019-03-21,0803,1125,TARAV,4,5,7,3801,0,0,0,,0,,"TARAVAL ST","14TH AV",0.00,,Y,A,-,N,,,,,,,,,,,2,0,1,2,A,-,10,21950,A,N,G,B,B,A,H,-,A,D,0,Y,,,,Y,,A,01,1,0,0,0,1,0,0,0,0,"- ","- ",,,"SAN FRANCISCO","SAN FRANCISCO",-122.47023010253906,37.743289947509766
8995209,2019,2020-01-16,3801,2019-11-06,1041,319,CENTA,3,5,7,3801,0,0,0,,0,3A60,"MARKET ST","3RD ST",0.00,,Y,A,-,N,,,,,,,,,,N,2,0,1,2,A,-,12,21453,A,N,B,B,D,A,H,-,A,A,0,Y,,,,Y,,I,11,1,0,0,0,1,0,0,0,0,"- ","- ",,,"SAN FRANCISCO","SAN FRANCISCO",-122.40345764160156,37.78765869140625
9314635,2021,2021-08-28,3801,2021-07-15,0434,582,CENTR,4,5,7,3801,0,0,0,,0,3A15E,"MARKET ST","DRUMM ST",0.00,,Y,A,-,N,,,,,,,,,,N,2,0,1,2,A,-,11,21453,D,N,G,B,D,A,H,-,C,A,0,Y,,,,Y,,N,60,1,0,0,0,1,0,0,0,0,"- ","- ",,,"SAN FRANCISCO","SAN FRANCISCO",-122.39634704589844,37.793251037597656
7029247,2015,2015-08-27,3801,2015-06-27,1224,01324,TENDE,6,5,7,3801,0,0,0,,0,4C4,"JONES ST","TURK ST",0.00,S,N,A,-,N,,,,,,,,,,Y,2,0,1,2,A,-,08,22107,,N,H,J,A,A,H,-,A,D,0,,,,,Y,,A,07,1,0,0,0,0,0,0,0,0,"- ","- ",,,"SAN FRANCISCO","SAN FRANCISCO",-122.41240990999999,37.782999940000003
7202095,2016,2016-03-07,3801,2016-02-23,1605,1994,NORTH,2,5,7,3801,0,0,0,,0,4B3B,"TURK ST","PIERCE ST",0.00,,Y,A,-,N,,,,,,,,,,Y,2,0,3,2,A,-,12,21453,A,N,D,C,A,A,H,-,A,A,0,,,,,Y,Y,D,22,2,0,1,0,0,0,0,0,0,"- ","- ",37.77993,-122.43552,"SAN FRANCISCO","SAN FRANCISCO",-122.4354299,37.780079960000002
8122119,2016,2016-09-14,3801,2016-08-23,1934,1752,CENTR,2,5,7,3801,0,0,0,,0,0A4,"NORTH POINT ST","EMBARCADERO NORTH",165.00,W,N,A,-,N,,,,,,,,,,N,2,0,1,2,A,-,08,22107,,N,D,G,A,A,H,-,A,D,0,,Y,,,Y,,A,01,1,0,0,0,0,0,1,0,0,"- ","- ",,,"SAN FRANCISCO","SAN FRANCISCO",-122.40788250999999,37.8072947
8280687,2016,2017-01-18,3801,2016-11-23,1454,899,CENTR,3,5,7,3801,0,0,0,,0,4B3E,"CALIFORNIA ST","LARKIN ST",26.00,N,N,A,-,N,,,,,,,,,,Y,2,0,3,3,A,-,12,21453,A,N,D,C,A,A,H,-,A,A,0,,,Y,,Y,Y,A,01,1,1,1,0,0,0,0,0,1,"- ","- ",37.790860000000002,-122.41888,"SAN FRANCISCO","SAN FRANCISCO",-122.41895104,37.790800849999997
8466026,2019,2019-08-22,3801,2019-07-18,0535,2127,TRAFF,4,5,7,3801,0,0,0,,0,3J1,"MASON ST","EDDY ST",10.00,N,N,A,-,N,,,,,,,,,,Y,1,1,0,2,A,-,10,21950,A,N,G,B,B,A,H,-,C,A,0,Y,,,Y,Y,,F,27,0,0,0,1,0,0,0,0,0,"- ","- ",,,"SAN FRANCISCO","SAN FRANCISCO",-122.4093017578125,37.784408569335938
8491367,2017,2018-03-15,3801,2017-10-24,1330,242,CENTR,2,5,7,3801,0,0,0,,0,901,"COLUMBUS AV","UNION ST",137.00,N,N,A,-,N,,,,,,,,,,,2,0,1,2,A,-,11,21955,,N,G,B,E,A,H,-,A,D,0,Y,,,,Y,,N,60,1,0,0,0,1,0,0,0,0,"- ","- ",,,"SAN FRANCISCO","SAN FRANCISCO",-122.41052999999999,37.800555000000003
9509971,2022,2022-12-16,3801,2022-11-03,2125,1144,RICHM,4,5,7,3801,0,0,0,,0,3G12E,"CALIFORNIA ST","ARGUELLO BL",0.00,,Y,A,-,N,,,,,,,,,,Y,2,0,1,2,A,-,12,21453,A,N,D,G,A,A,H,-,C,A,0,,Y,,,Y,,L,04,1,0,0,0,0,0,1,0,0,"- ","- ",,,"SAN FRANCISCO","SAN FRANCISCO",-122.45921325683594,37.785671234130859
9520821,2023,2025-06-25,3801,2023-06-02,2139,379,TRAFF,5,5,7,3801,0,0,0,,0,4B3H,"OTIS ST","MCCOPPIN ST",70.00,S,N,A,-,N,,,,,,,,,,Y,1,1,0,2,A,-,17,21657,,N,A,C,A,A,H,-,C,D,0,,,,,Y,,M,94,0,0,0,0,0,0,0,0,0,"- ","- ",,,"SAN FRANCISCO","SAN FRANCISCO",-122.42031097412109,37.771587371826172
9658642,2024,2024-04-20,3801,2024-01-04,2050,1113,PARK,4,5,7,3801,0,0,0,,0,3F12D,"TWIN PEAKS BL","PANORAMA DR",1100.00,N,N,-,-,N,,,,,,,,,,N,2,0,1,1,A,-,03,22350,,N,F,A,A,-,H,-,D,-,0,,,Y,,Y,,C,02,1,0,0,0,0,0,0,0,1,"- ","- ",,,"SAN FRANCISCO","SAN FRANCISCO",-122.44783782958984,37.749320983886719
90942291,2019,2019-03-08,9335,2019-02-28,0008,022179,,4,3,7,3801,0,1,2,,2,013,"US-101 S/B","BAYSHORE BLVD UNDERCROSSING",1426.00,S,N,A,-,Y,,,101,,,,,,S,Y,2,0,1,2,A,-,03,22350,,N,B,C,A,A,H,-,C,D,0,,,,,Y,Y,A,07,1,0,0,0,0,0,0,0,0,"- ","- ",37.744380950927734,-122.40547180175781,"SAN FRANCISCO","SAN FRANCISCO",-122.40554046630859,37.744422912597656
94496701,2024,2024-12-16,9335,2024-02-15,"418 ",023044,,4,3,7,3801,0,1,1,,1,083,"I-80 EASTBOUND","THE EMBARCADERO",1003.00,E,N,A,-,Y,SF,,80," "," ",6.108,H,,R,Y,1,3,1,2,A,-,03,22350,,N,C,C,A,A,H,-,C,D,0,,,,,Y,,D,22,1,0,0,0,0,0,0,0,0,"- ","- ",37.790859222412109,-122.38539886474609,"SAN FRANCISCO","SAN FRANCISCO",-122.38555908203125,37.790969848632812
6713313,2014,2015-01-13,9335,2014-11-08,2028,020666,,6,2,7,3801,0,1,1,,1,083,"RT 80","SFOBB TOWER",67.00,E,N,A,-,Y,,,80,,,,,,,Y,2,0,3,4,A,-,01,23152,E,N,A,C,A,A,H,-,C,D,0,,,,,Y,,A,01,1,2,0,0,0,0,0,0,0,"- ","- ",37.816719999999997,-122.35563999999999,"SAN FRANCISCO","SAN FRANCISCO",-122.35566058000001,37.816758249999999
9405842,2022,2022-03-17,3801,2022-02-01,1339,2743,SOUTH,2,5,7,3801,0,0,0,,0,3B4,"8TH ST","NATOMA ST",37.00,N,N,A,-,N,,,,,,,,,,N,2,0,1,2,A,-,11,21955,,N,G,B,D,A,H,-,A,A,0,Y,,,,Y,,N,60,1,0,0,0,1,0,0,0,0,"- ","- ",,,"SAN FRANCISCO","SAN FRANCISCO",-122.41221618652344,37.7767333984375
9479365,2022,2022-08-18,3801,2022-07-02,1230,1878,SOUTH,6,5,7,3801,0,0,0,,0,0B5,"CHANNEL ST","4TH ST",100.00,W,N,A,-,N,,,,,,,,,,Y,2,0,3,2,A,-,08,22107,,F,B,C,A,-,H,-,A,D,0,,,,,Y,,A,01,1,2,0,0,0,0,0,0,0,"- ","- ",,,"SAN FRANCISCO","SAN FRANCISCO",-122.39189147949219,37.774166107177734
7025108,2015,2015-09-02,3801,2015-04-15,0810,518,TARAV,3,5,7,3801,0,0,0,,0,4B51,"LAKE MERCED BL","JOHN MUIR DR",0.00,,Y,A,-,N,,,,,,,,,,N,2,0,1,2,A,-,10,21950,A,N,G,B,B,A,H,-,A,A,0,Y,,,,Y,,I,11,1,0,0,0,1,0,0,0,0,"- ","- ",,,"SAN FRANCISCO","SAN FRANCISCO",-122.4857399,37.708109929999999
7027507,2015,2015-08-31,3801,2015-04-16,1844,000312,MISSI,4,5,7,3801,0,0,0,,0,901,"CESAR CHAVEZ ST","VALENCIA ST",0.00,,Y,A,-,N,,,,,,,,,,Y,2,0,1,2,A,-,12,21453,A,F,A,G,A,A,H,-,A,A,0,,Y,,,Y,,A,01,1,0,0,0,0,0,1,0,0,"- ","- ",,,"SAN FRANCISCO","SAN FRANCISCO",-122.42024995,37.748119950000003
7029300,2015,2015-09-01,3801,2015-06-18,2305,4314,RICHM,4,5,7,3801,0,0,0,,0,901,"POST ST","SCOTT ST",0.00,,Y,B,-,N,,,,,,,,,,N,2,0,1,2,A,-,08,22107,,N,D,G,A,A,H,-,C,A,0,,Y,,,Y,,A,07,1,0,0,0,0,0,1,0,0,"- ","- ",,,"SAN FRANCISCO","SAN FRANCISCO",-122.43799994,37.78452995
8343047,2017,2017-04-12,3801,2017-03-15,2015,878,SOUTH,3,5,7,3801,0,0,0,,0,001,"2ND ST","BRANNAN ST",0.00,,Y,A,-,N,,,,,,,,,,Y,2,0,1,2,A,-,09,21801,A,N,D,C,A,A,H,-,C,A,0,,,Y,,Y,,A,01,1,0,0,0,0,0,0,0,1,"- ","- ",,,"SAN FRANCISCO","SAN FRANCISCO",-122.39205999000001,37.781839949999998
8512613,2017,2018-01-03,3801,2017-11-25,2100,817,3B13D,6,5,7,3801,0,0,0,,0,003,"6TH ST","BRYANT ST",0.00,,Y,A,-,N,,,,,,,,,,Y,2,0,1,2,A,-,03,22350,,N,C,C,A,A,H,-,C,A,0,,,,,Y,,A,01,1,0,0,0,0,0,0,0,0,"- ","- ",,,"SAN FRANCISCO","SAN FRANCISCO",-122.40249989,37.776059959999998
9362540,2021,2021-11-30,3801,2021-10-23,1422,2172,NORTH,6,5,7,3801,0,0,0,,0,0E2,"STEINER ST","GROVE ST",0.00,,Y,A,-,N,,,,,,,,,,N,2,0,2,2,A,-,21,22106,,N,D,C,A,A,H,-,A,A,0,,,Y,,Y,,C,03,1,0,1,0,0,0,0,0,2,"- ","- ",,,"SAN FRANCISCO","SAN FRANCISCO",-122.43304443359375,37.776565551757812
9531846,2022,2022-11-09,3801,2022-09-07,1958,654,PARK,3,5,7,3801,0,0,0,,0,3F13D,"FULTON ST","DIVISADERO ST",140.00,W,N,A,-,N,,,,,,,,,,N,2,0,1,2,A,-,10,21950,,N,D,B,D,A,H,-,C,D,0,Y,,,,Y,,N,60,1,0,0,0,1,0,0,0,0,"- ","- ",,,"SAN FRANCISCO","SAN FRANCISCO",-122.43863677978516,37.776798248291016
9641806,2023,2023-12-11,3801,2023-10-12,2230,1994,TRAFF,4,5,7,3801,0,0,0,,0,4B3C,"GROVE ST","LARKIN ST",78.00,W,N,A,-,N,,,,,,,,,,N,2,0,1,2,A,-,11,21954,A,N,G,B,E,A,H,-,C,D,0,Y,,,,Y,Y,N,60,1,0,0,0,1,0,0,0,0,"- ","- ",,,"SAN FRANCISCO","SAN FRANCISCO",-122.41685485839844,37.77862548828125
9751213,2024,2024-12-16,3801,2024-11-05,1530,2354,TARAV,2,5,7,3801,0,0,0,,0,6CAR,"RANDOLPH ST","ARCH ST",47.00,W,N,A,-,N,,,,,,,,,,N,2,0,1,2,A,-,17,21461,A,F,G,B,D,A,H,-,A,A,0,Y,,,,Y,,A,01,1,0,0,0,1,0,0,0,0,"- ","- ",,,"SAN FRANCISCO","SAN FRANCISCO",-122.46726226806641,37.714271545410156
9776934,2024,2025-02-12,3801,2024-12-26,2130,1333,TARAV,4,5,7,3801,0,0,0,,0,3I15D,"LAGUNA ST","NORTH POINT ST",9.00,W,N,C,-,N,,,,,,,,,,N,2,0,1,2,A,-,10,21950,A,F,G,B,B,B,H,-,C,D,0,Y,,,,Y,Y,A,01,1,0,0,0,1,0,0,0,0,"- ","- ",,,"SAN FRANCISCO","SAN FRANCISCO",-122.43187713623047,37.804283142089844
9816520,2025,2025-06-18,3801,2025-05-07,"935 ",786,SOUTH,3,5,7,3801,0,0,0,,0,3B11A,"7TH ST","KING ST",0.00,,Y,A,-,N,,,,,,,,,,N,2,0,1,2,A,-,08,22107,,N,D,G,A,A,H,-,A,D,0,,Y,,,Y,,A,01,1,0,0,0,0,0,1,0,0,"- ","- ",,,"SAN FRANCISCO","SAN FRANCISCO",-122.40081024169922,37.771137237548828
90504321,2017,2017-07-20,9350,2017-07-12,0220,021740,,3,3,7,3801,0,1,2,,2,010,"US-101 S/B","MARINA BLVD",10.00,S,N,A,-,Y,,,101,,,,,,S,N,2,0,1,1,A,-,03,22350,,N,E,I,A,A,H,-,C,D,0,,,Y,,Y,,C,02,1,0,0,0,0,0,0,0,1,"- ","- ",37.803289999999997,-122.45101,"SAN FRANCISCO","SAN FRANCISCO",-122.45099829999999,37.803318320000002
9256356,2021,2021-07-20,3801,2021-03-27,1153,1994,TRAFF,6,5,7,3801,0,0,0,,0,4B3G,"JOHN F KENNEDY DR","CAMBRIDGE ST",78.00,W,N,A,-,N,,,,,,,,,,Y,1,1,0,1,A,-,03,22350,,N,E,I,A,A,G,-,A,D,0,,,Y,,Y,,C,02,0,0,0,0,0,0,0,1,0,"- ","- ",,,"SAN FRANCISCO","SAN FRANCISCO",,
9262686,2021,2021-05-12,3801,2021-04-18,1829,2195,NORTH,7,5,7,3801,0,0,0,,0,003,"POLK ST","EDDY ST",0.00,,Y,A,-,N,,,,,,,,,,Y,2,0,1,2,A,-,08,22101,D,N,A,G,A,A,-,-,A,A,0,,Y,,,Y,,A,01,1,0,0,0,0,0,1,0,0,"- ","- ",,,"SAN FRANCISCO","SAN FRANCISCO",-122.41918182373047,37.7830810546875
9262917,2021,2021-05-17,3801,2021-04-06,1823,1666,PARK,2,5,7,3801,0,0,0,,0,4CAR,"SANCHEZ ST","14TH ST",183.00,N,N,A,-,N,,,,,,,,,,N,2,0,1,2,A,-,04,21703,,N,C,G,A,A,H,-,A,A,0,,Y,,,Y,,L,04,1,0,0,0,0,0,1,0,0,"- ","- ",,,"SAN FRANCISCO","SAN FRANCISCO",-122.43122863769531,37.768100738525391
90637640,2018,2018-01-10,9350,2018-01-01,1420,013918,,1,2,7,3801,0,1,3,,2,011,"S.R. 1 S/B","MAC ARTHUR TUNNEL NORTH END",300.00,S,N,B,-,Y,,,,,,,,,,Y,2,0,1,5,A,-,03,22350,,F,C,C,A,A,H,-,C,D,0,,,,,Y,,A,01,1,0,0,0,0,0,0,0,0,"- ","- ",37.794448852539062,-122.46965026855469,"SAN FRANCISCO","SAN FRANCISCO",,