CASE_ID,ACCIDENT_YEAR,PROC_DATE,JURIS,COLLISION_DATE,COLLISION_TIME,OFFICER_ID,REPORTING_DISTRICT,DAY_OF_WEEK,CHP_SHIFT,POPULATION,CNTY_CITY_LOC,SPECIAL_COND,BEAT_TYPE,CHP_BEAT_TYPE,CITY_DIVISION_LAPD,CHP_BEAT_CLASS,BEAT_NUMBER,PRIMARY_RD,SECONDARY_RD,DISTANCE,DIRECTION,INTERSECTION,WEATHER_1,WEATHER_2,STATE_HWY_IND,CALTRANS_COUNTY,CALTRANS_DISTRICT,STATE_ROUTE,ROUTE_SUFFIX,POSTMILE_PREFIX,POSTMILE,LOCATION_TYPE,RAMP_INTERSECTION,SIDE_OF_HWY,TOW_AWAY,COLLISION_SEVERITY,NUMBER_KILLED,NUMBER_INJURED,PARTY_COUNT,PRIMARY_COLL_FACTOR,PCF_CODE_OF_VIOL,PCF_VIOL_CATEGORY,PCF_VIOLATION,PCF_VIOL_SUBSECTION,HIT_AND_RUN,TYPE_OF_COLLISION,MVIW,PED_ACTION,ROAD_SURFACE,ROAD_COND_1,ROAD_COND_2,LIGHTING,CONTROL_DEVICE,CHP_ROAD_TYPE,PEDESTRIAN_ACCIDENT,BICYCLE_ACCIDENT,MOTORCYCLE_ACCIDENT,TRUCK_ACCIDENT,NOT_PRIVATE_PROPERTY,ALCOHOL_INVOLVED,STWD_VEHTYPE_AT_FAULT,CHP_VEHTYPE_AT_FAULT,COUNT_SEVERE_INJ,COUNT_VISIBLE_INJ,COUNT_COMPLAINT_PAIN,COUNT_PED_KILLED,COUNT_PED_INJURED,COUNT_BICYCLIST_KILLED,COUNT_BICYCLIST_INJURED,COUNT_MC_KILLED,COUNT_MC_INJURED,PRIMARY_RAMP,SECONDARY_RAMP,LATITUDE,LONGITUDE,COUNTY,CITY,POINT_X,POINT_Y
91521793,2021,2021-07-21,9335,2021-02-16,2313,021312,,2,3,7,3801,0,1,1,,2,080,"I-80 E/B","2ND STREET",200.00,W,N,B,-,Y,,,80,,,,,,E,N,1,1,0,2,A,-,11,21954,A,F,G,B,E,A,H,-,D,D,0,Y,,,,Y,,N,60,0,0,0,1,0,0,0,0,0,"- ","- ",37.783191680908203,-122.39521026611328,"SAN FRANCISCO","SAN FRANCISCO",-122.3951416015625,37.783107757568359
6854427,2014,2015-12-30,3801,2014-03-20,1116,004119,BAYVI,4,5,7,3801,0,0,0,,0,4K5C,"BAYSHORE BL","VISITACION AV",0.00,,Y,A,-,N,,,,,,,,,,N,1,1,0,2,A,-,10,21950,A,F,G,B,B,A,H,-,A,A,0,Y,,,,Y,,A,07,0,0,0,1,0,0,0,0,0,"- ","- ",,,"SAN FRANCISCO","SAN FRANCISCO",-122.40432996,37.710439890000004
8451044,2017,2018-05-23,3801,2017-08-30,1720,17070812,TARAV,3,5,7,3801,0,0,0,,0,,"19TH AV","OCEAN AV",0.00,,Y,A,-,Y,SF,4,1,-,-,1.760,H,-,S,Y,2,0,1,3,A,-,03,22350,,N,C,C,A,A,H,-,A,A,0,,,Y,,Y,,C,02,1,0,0,0,0,0,0,0,1,"- ","- ",,,"SAN FRANCISCO","SAN FRANCISCO",-122.47507499,37.732758830000002
8464237,2017,2017-10-16,3801,2017-09-28,2310,1061,NORHE,4,5,7,3801,0,0,0,,0,3R11E,"FRANKLIN ST","FELL ST",0.00,,Y,A,-,N,,,,,,,,,,N,2,0,1,2,A,-,12,21453,A,N,D,G,A,A,H,-,A,A,0,,Y,,,Y,,L,04,1,0,0,0,0,0,1,0,0,"- ","- ",,,"SAN FRANCISCO","SAN FRANCISCO",-122.42113997,37.776159900000003
9101777,2020,2020-08-03,3801,2020-04-05,1647,1641,SOUTH,7,5,7,3801,0,0,0,,0,3B12D,"4TH ST","HARRISON ST",0.00,,Y,B,-,N,,,,,,,,,,Y,2,0,1,2,A,-,00,22101,B,N,D,C,A,A,H,-,A,A,0,,,Y,,Y,,C,03,1,0,0,0,0,0,0,0,1,"- ","- ",,,"SAN FRANCISCO","SAN FRANCISCO",-122.39962768554688,37.780780792236328
9728940,2024,2024-08-30,3801,2024-06-30,1811,2407,MISSI,7,5,7,3801,0,0,0,,0,3D14D,"24TH ST","BARTLETT ST",0.00,,Y,A,-,N,,,,,,,,,,Y,2,0,1,2,A,-,00,23103,A,N,A,C,A,A,H,-,A,A,0,,,Y,,Y,,C,02,1,0,0,0,0,0,0,0,1,"- ","- ",,,"SAN FRANCISCO","SAN FRANCISCO",-122.41954803466797,37.752182006835938
6292674,2015,2017-03-20,3801,2015-09-04,1627,256,CENTR,5,5,7,3801,0,0,0,,0,4B7H,"POLK ST","BAY ST",0.00,,Y,A,-,N,,,,,,,,,,Y,1,1,0,2,A,-,12,21453,A,N,D,C,A,A,H,-,A,A,0,,,Y,,Y,,C,02,0,0,0,0,0,0,0,1,0,"- ","- ",,,"SAN FRANCISCO","SAN FRANCISCO",-122.42344989999999,37.804359949999998
6540599,2014,2014-08-08,3801,2014-02-13,1524,441,PARKS,4,5,7,3801,0,0,0,,0,4B7F,"6TH AV","IRVING ST",16.00,S,N,A,-,N,,,,,,,,,,N,2,0,1,2,A,-,10,21950,A,N,G,B,B,A,H,-,A,A,0,Y,,,,Y,,A,08,1,0,0,0,1,0,0,0,0,"- ","- ",,,"SAN FRANCISCO","SAN FRANCISCO",-122.46309701,37.764146109999999
6546181,2014,2014-08-04,3801,2014-02-21,1335,2167,PARK,5,5,7,3801,0,0,0,,0,3F14A,"GEARY BL","ST JOSEPHS AV",114.00,W,N,A,-,N,,,,,,,,,,Y,2,0,1,2,A,-,03,22350,,N,H,J,A,A,H,-,A,A,0,,,Y,,Y,,-,"- ",1,0,0,0,0,0,0,0,1,"- ","- ",,,"SAN FRANCISCO","SAN FRANCISCO",-122.44316103,37.782767990000004
6854260,2014,2016-01-12,3801,2014-02-12,0054,1881,SOUTH,3,5,7,3801,0,0,0,,0,3B62,"VAN NESS AV","BROADWAY ST",60.00,S,N,A,-,Y,SF,4,101,-,-,6.300,H,-,S,Y,1,1,0,2,A,-,03,22350,,F,G,B,D,A,H,-,C,A,0,Y,,,,Y,Y,A,01,0,0,0,1,0,0,0,0,0,"- ","- ",,,"SAN FRANCISCO","SAN FRANCISCO",-122.42347509,37.795469939999997
7110935,2015,2015-11-16,3801,2015-10-10,1510,2299,CENTR,6,5,7,3801,0,0,0,,0,3A14D,PACIFIC,"COLUMBUS AV",93.00,W,N,A,-,N,,,,,,,,,,N,2,0,1,2,A,-,11,21954,A,N,G,B,D,A,H,-,A,D,0,Y,,,,Y,,N,60,1,0,0,0,1,0,0,0,0,"- ","- ",,,"SAN FRANCISCO","SAN FRANCISCO",-122.40570957,37.79702889
8817700,2019,2019-03-18,3801,2019-02-20,1707,96,INGEL,3,5,7,3801,0,0,0,,0,3H13D,"SAN JOSE AV","NIAGARA AV",0.00,,Y,A,-,N,,,,,,,,,,N,2,0,1,2,A,-,10,21950,A,N,G,B,B,A,H,-,A,A,0,Y,,Y,,Y,,C,06,1,0,0,0,1,0,0,0,0,"- ","- ",,,"SAN FRANCISCO","SAN FRANCISCO",-122.44760894775391,37.719478607177734
8900668,2019,2019-07-26,3801,2019-06-19,0804,610,MISSI,3,5,7,3801,0,0,0,,0,3D60,"GUERRERO ST","17TH ST",0.00,,Y,B,-,N,,,,,,,,,,Y,2,0,1,2,A,-,09,21801,A,N,D,C,A,A,H,-,A,A,0,,,,,Y,Y,A,01,1,0,0,0,0,0,0,0,0,"- ","- ",,,"SAN FRANCISCO","SAN FRANCISCO",-122.42392730712891,37.763168334960938
9075035,2020,2020-05-20,3801,2020-02-03,0030,483,MISSI,1,5,7,3801,0,0,0,,0,001,"VALENCIA ST","SYCAMORE ST",37.00,S,N,A,-,N,,,,,,,,,,N,2,0,1,2,A,-,03,22350,,F,G,B,E,A,H,-,C,D,0,Y,,,,Y,Y,-,,1,0,0,0,1,0,0,0,0,"- ","- ",,,"SAN FRANCISCO","SAN FRANCISCO",-122.42163848876953,37.762447357177734
9111632,2020,2020-11-20,3801,2020-05-08,1312,1819,NORTH,5,5,7,3801,0,0,0,,0,"6 CAR","VAN NESS AV","PACIFIC AV",0.00,,Y,A,-,Y,SF,4,101,-,-,6.270,H,-,N,Y,2,0,1,1,A,-,03,22350,,N,H,I,A,A,H,-,A,A,0,,,Y,,Y,,C,03,1,0,0,0,0,0,0,0,1,"- ","- ",,,"SAN FRANCISCO","SAN FRANCISCO",-122.42318725585938,37.795097351074219
9262713,2021,2021-05-11,3801,2021-04-27,1129,1972,NORTH,2,5,7,3801,0,0,0,,0,3E13C,"LAGUNA ST","SUTTER ST",0.00,,Y,A,-,N,,,,,,,,,,N,2,0,1,2,A,-,08,22107,,N,G,B,B,A,H,-,A,A,0,Y,,,,Y,,A,01,1,0,0,0,1,0,0,0,0,"- ","- ",,,"SAN FRANCISCO","SAN FRANCISCO",-122.42832946777344,37.786716461181641
9405071,2022,2022-02-18,3801,2022-01-14,2108,1856,INGLE,5,5,7,3801,0,0,0,,0,0H5,"GENEVA AV","PARIS ST",0.00,,Y,A,-,N,,,,,,,,,,Y,2,0,2,2,A,-,09,21801,A,N,D,C,A,A,H,-,C,A,0,,,,,Y,,A,01,1,0,1,0,0,0,0,0,0,"- ","- ",,,"SAN FRANCISCO","SAN FRANCISCO",-122.43943023681641,37.715679168701172
7203084,2016,2016-03-07,3801,2016-02-29,0552,004341,PARK,1,5,7,3801,0,0,0,,0,3F60,"7TH AV","7TH AV 1743",21.00,N,N,A,-,N,,,,,,,,,,N,2,0,1,2,A,-,08,22107,,N,B,C,A,A,H,-,C,A,0,,,Y,,Y,,A,01,1,0,0,0,0,0,0,0,1,"- ","- ",,,"SAN FRANCISCO","SAN FRANCISCO",,
8132539,2016,2016-10-11,3801,2016-09-28,1820,2112,SOUTH,3,5,7,3801,0,0,0,,0,0B5,"TOWNSEND ST","4TH ST",74.00,W,N,A,-,N,,,,,,,,,,Y,2,0,1,2,C,-,18,,,N,C,C,A,A,-,-,C,-,0,,,,,Y,,-,"- ",1,0,0,0,0,0,0,0,0,"- ","- ",,,"SAN FRANCISCO","SAN FRANCISCO",-122.39517039,37.776965689999997
8407527,2017,2017-07-19,3801,2017-06-28,2126,A07462,RICHM,3,5,7,3801,0,0,0,,0,3G117,"5TH AV","BALBOA ST",0.00,,Y,A,-,N,,,,,,,,,,Y,2,0,5,5,A,-,12,21453,A,N,D,C,A,A,H,-,C,A,0,,,,,Y,,A,01,1,1,3,0,0,0,0,0,0,"- ","- ",,,"SAN FRANCISCO","SAN FRANCISCO",-122.46294991000001,37.777279960000001
8421714,2017,2017-08-21,3801,2017-07-20,1756,1096,MISS,4,5,7,3801,0,0,0,,0,3D16D,"POTRERO AV","21ST ST",69.00,S,N,A,-,N,,,,,,,,,,Y,2,0,1,5,A,-,03,22350,,N,C,C,A,A,H,-,A,A,0,,,,,Y,,A,01,1,0,0,0,0,0,0,0,0,"- ","- ",,,"SAN FRANCISCO","SAN FRANCISCO",-122.40676156000001,37.757571009999999
8493322,2017,2018-06-08,3801,2017-10-21,1927,1114,BAYVI,6,5,7,3801,0,0,0,,0,3C62,"3RD ST","JERROLD AV",19.00,S,N,A,-,N,,,,,,,,,,N,2,0,1,1,D,-,00,,,N,E,I,A,A,H,-,C,D,0,,Y,,,Y,,-,"- ",1,0,0,0,0,0,1,0,0,"- ","- ",,,"SAN FRANCISCO","SAN FRANCISCO",-122.38938036,37.738730369999999
8594594,2018,2018-04-20,3801,2018-03-09,1940,283,RICHM,5,5,7,3801,0,0,0,,0,,"CALIFORNIA ST","BAKER ST",0.00,,Y,E,-,N,,,,,,,,,,N,2,0,1,2,A,-,10,21950,A,N,G,B,B,A,H,-,C,A,0,Y,,,,Y,,A,01,1,0,0,0,1,0,0,0,0,"- ","- ",,,"SAN FRANCISCO","SAN FRANCISCO",-122.44374847412109,37.787628173828125
9520098,2022,2023-02-09,3801,2022-05-11,0039,679,NORTH,3,5,7,3801,0,0,0,,0,03E,"SUTTER ST","POLK ST",0.00,,Y,A,-,N,,,,,,,,,,Y,2,0,2,3,A,-,08,22100,B,N,B,C,F,A,H,-,C,A,0,Y,,Y,,Y,,A,01,2,0,0,0,1,0,0,0,1,"- ","- ",,,"SAN FRANCISCO","SAN FRANCISCO",-122.42010498046875,37.787761688232422
9742724,2024,2024-11-06,3801,2024-10-12,1802,2196,MISSI,6,5,7,3801,0,0,0,,0,3D2C,"MARKET ST","16TH ST",0.00,,Y,A,-,N,,,,,,,,,,N,2,0,3,4,A,-,11,21453,D,F,B,B,B,A,H,-,A,A,0,Y,,,,Y,,N,60,3,0,0,0,3,0,0,0,0,"- ","- ",,,"SAN FRANCISCO","SAN FRANCISCO",-122.43313598632812,37.764244079589844
90575456,2017,2017-10-23,9335,2017-09-22,0820,021626,,5,1,7,3801,0,1,1,,1,081,"I-80 W/B","YERBA BUENA TUNNEL",2006.00,E,N,A,-,Y,,,80,,,,,,W,Y,2,0,1,2,A,-,03,22350,,N,C,C,A,A,H,-,A,D,0,,,Y,,Y,,C,02,1,0,0,0,0,0,0,0,1,"- ","- ",37.814410000000002,-122.36038000000001,"SAN FRANCISCO","SAN FRANCISCO",-122.36046725999999,37.814553830000001
90933900,2018,2019-02-26,9335,2018-09-21,1041,018399,,5,1,7,3801,0,1,1,,1,081,"I-80 W/B","TREASURE ISLAND ROAD",1521.00,W,N,A,-,Y,,,80,,,,,,W,Y,1,1,0,3,A,-,08,22107,,N,E,I,A,A,H,-,A,D,0,,,Y,,Y,,C,02,0,0,0,0,0,0,0,1,0,"- ","- ",37.805751800537109,-122.36955261230469,"SAN FRANCISCO","SAN FRANCISCO",-122.36961364746094,37.805816650390625
6557084,2014,2014-07-21,3801,2014-03-19,1752,002036,BAYVI,3,5,7,3801,0,0,0,,0,3C4C,"SILVER AV","HAMILTON ST",0.00,,Y,A,-,N,,,,,,,,,,,2,0,1,2,A,-,08,22107,,N,B,G,A,A,-,-,A,D,0,,Y,,,Y,,A,01,1,0,0,0,0,0,1,0,0,"- ","- ",,,"SAN FRANCISCO","SAN FRANCISCO",-122.41137994,37.730619900000001
6732416,2014,2015-01-15,9335,2014-11-29,0250,20274,,6,3,7,3801,0,1,1,,2,080,"RT 80","5TH ST",280.00,E,N,C,-,Y,,,,,,,,,,Y,2,0,2,1,A,-,08,22107,,N,E,I,A,B,H,-,C,D,0,,,,,Y,,A,01,1,1,0,0,0,0,0,0,0,"- ","- ",37.464440000000003,-122.24229,"SAN FRANCISCO","SAN FRANCISCO",-122.40057646,37.779046970000003
7015233,2014,2015-09-01,3801,2014-10-08,1642,004335,MISSI,3,5,7,3801,0,0,0,,0,1CAR,"VALENCIA ST","15TH ST",0.00,,Y,A,-,N,,,,,,,,,,N,2,0,1,2,A,-,10,21950,A,N,G,B,B,A,H,-,A,A,0,Y,,,,Y,,A,01,1,0,0,0,1,0,0,0,0,"- ","- ",,,"SAN FRANCISCO","SAN FRANCISCO",-122.42202992999999,37.766529990000002
8280255,2016,2017-01-13,3801,2016-12-15,2318,867,SOUTH,4,5,7,3801,0,0,0,,0,3B63,"5TH ST","BLUXOME ST",17.00,N,N,B,-,N,,,,,,,,,,N,2,0,1,2,A,-,10,21950,A,F,G,B,D,B,H,-,C,D,0,Y,,,,Y,,A,01,1,0,0,0,1,0,0,0,0,"- ","- ",,,"SAN FRANCISCO","SAN FRANCISCO",-122.39804137,37.775993210000003
8465554,2018,2019-01-25,3801,2018-12-24,2313,1324,INGLE,1,5,7,3801,0,0,0,,0,4C2,"OCEAN AV","HOWTH ST",255.00,E,N,B,C,N,,,,,,,,,,Y,1,1,0,1,A,-,08,22107,,N,E,I,A,B,H,-,C,D,0,,,,,Y,,A,01,0,0,0,0,0,0,0,0,0,"- ","- ",,,"SAN FRANCISCO","SAN FRANCISCO",-122.44869995117188,37.72296142578125
8754734,2018,2018-12-11,3801,2018-10-07,0127,696,BAYVI,7,5,7,3801,0,0,0,,0,3C13E,"3RD ST","OAKDALE AV",0.00,,Y,A,-,N,,,,,,,,,,Y,2,0,1,2,A,-,08,22107,,N,-,G,A,A,H,-,C,A,0,,Y,,,Y,,A,01,1,0,0,0,0,0,1,0,0,"- ","- ",,,"SAN FRANCISCO","SAN FRANCISCO",-122.39076995849609,37.734828948974609
9280837,2021,2021-07-02,3801,2021-05-15,0955,2339,PARK,6,5,7,3801,0,0,0,,0,3F3A,"OAK ST","MASONIC AV",0.00,,Y,C,-,N,,,,,,,,,,N,2,0,1,1,A,-,03,22350,,N,-,J,A,B,H,-,A,A,0,,,Y,,Y,,C,02,1,0,0,0,0,0,0,0,1,"- ","- ",,,"SAN FRANCISCO","SAN FRANCISCO",-122.44575500488281,37.772083282470703
9293082,2021,2021-08-04,3801,2021-06-29,1139,2413,CENTR,2,5,7,3801,0,0,0,,0,,"JONES ST","POST ST",0.00,,Y,A,-,N,,,,,,,,,,,2,0,1,1,A,-,03,22350,,N,H,J,A,A,H,-,A,A,0,,Y,,,Y,,L,04,1,0,0,0,0,0,1,0,0,"- ","- ",,,"SAN FRANCISCO","SAN FRANCISCO",-122.41333770751953,37.787689208984375
9640683,2024,2024-07-19,3801,2024-05-03,2334,2341,INGLE,5,5,7,3801,0,0,0,,0,3H16E,"SAN BRUNO AV","MANSELL ST",0.00,,Y,C,-,Y,SF,4,101,-,-,1.049,R,4,S,Y,1,1,2,2,A,-,03,22350,,N,D,C,A,B,H,-,C,A,0,,,,,Y,,A,01,1,0,1,0,0,0,0,0,0,"- ","- ",,,"SAN FRANCISCO","SAN FRANCISCO",-122.40093994140625,37.722698211669922
9658647,2024,2024-04-20,3801,2024-01-04,"235 ",1033,,4,5,7,3801,0,0,0,,0,3J44,"VAN NESS AV","EDDY ST",0.00,,Y,A,-,N,,,,,,,,,,Y,2,0,5,2,A,-,12,21453,A,F,D,C,A,-,H,-,C,A,0,,,,,Y,,A,01,2,0,3,0,0,0,0,0,0,"- ","- ",,,"SAN FRANCISCO","SAN FRANCISCO",-122.42076110839844,37.782890319824219
9741652,2024,2024-10-11,3801,2024-08-21,1600,1524,INGLE,3,5,7,3801,0,0,0,,0,,"KING ST","TOWNSEND ST",0.00,,Y,A,-,N,,,,,,,,,,N,2,0,1,2,A,-,"- ",,,F,G,B,F,A,H,-,A,D,0,Y,Y,,,Y,Y,L,04,1,0,0,0,1,0,0,0,0,"- ","- ",,,"SAN FRANCISCO","SAN FRANCISCO",,
90392765,2017,2017-02-14,9335,2017-02-02,1140,019987,,4,1,7,3801,0,1,1,,2,022,"I-280 N/B","BADEN AVENUE O/C",450.00,N,N,B,-,Y,,,280,,,,,,N,Y,2,0,2,2,A,-,07,21658,A,N,B,C,A,A,H,-,A,D,0,,,,,Y,,A,01,1,0,1,0,0,0,0,0,0,"- ","- ",37.730199999999996,-122.4378,"SAN FRANCISCO","SAN FRANCISCO",-122.43788868,37.730468299999998
92083685,2023,2024-05-08,9335,2023-05-30,2235,023121,,2,3,7,3801,0,1,1,,1,081,"I-80 W/B","TREASURE ISLAND ROAD",3471.00,W,N,A,-,Y,SF,,80," "," ",7.070,H,,L,Y,1,1,2,2,A,-,03,22350,,N,C,C,A,A,H,-,C,D,0,,,,,Y,,A,01,1,0,1,0,0,0,0,0,0,"- ","- ",37.801811218261719,-122.37416076660156,"SAN FRANCISCO","SAN FRANCISCO",-122.37393188476562,37.801654815673828
94454889,2024,2024-11-01,9335,2024-04-11,1427,023504,,4,2,7,3801,0,1,2,,2,015,"US-101 SB TO I-80 EB","DIVISION STREET UNDERCROSSING",140.00,N,N,A,-,Y,SF,,80," ",L,4.040,H,,R,Y,1,1,0,2,A,-,03,22350,,N,E,8,A,A,H,-,A,D,0,,,Y,,Y,,C,02,0,0,0,0,0,0,0,1,0,"- ","- ",37.769218444824219,-122.40561676025391,"SAN FRANCISCO","SAN FRANCISCO",-122.40565490722656,37.769245147705078
9047516,2020,2020-03-09,3801,2020-01-04,1737,4178,TRAFF,6,5,7,3801,0,0,0,,0,4B3A,"MASONIC AV","OAK ST",0.00,,Y,A,-,N,,,,,,,,,,Y,2,0,2,3,A,-,09,21801,A,N,D,C,F,A,H,-,A,A,0,Y,,,,Y,,A,01,1,0,1,0,1,0,0,0,0,"- ","- ",,,"SAN FRANCISCO","SAN FRANCISCO",-122.44574737548828,37.772079467773438
9301716,2021,2021-10-07,3801,2021-08-15,0242,4130,,7,5,7,3801,0,0,0,,0,5Z103,"MARKET ST","4TH ST",300.00,W,N,F,-,N,,,,,,,,,,N,1,1,0,1,A,-,03,22350,,N,H,I,A,B,H,-,C,-,0,,,,,Y,,M,94,0,0,0,0,0,0,0,0,0,"- ","- ",,,"SAN FRANCISCO","SAN FRANCISCO",-122.40662384033203,37.785114288330078
9365905,2021,2021-12-06,3801,2021-10-14,0614,244,NORTH,4,5,7,3801,0,0,0,,0,3E13A,"PINE ST","POLK ST",6.00,W,N,A,-,N,,,,,,,,,,N,2,0,1,2,A,-,11,21453,D,N,-,B,B,A,H,-,C,A,0,Y,,,,Y,Y,N,60,1,0,0,0,1,0,0,0,0,"- ","- ",,,"SAN FRANCISCO","SAN FRANCISCO",-122.42051696777344,37.789638519287109
6718699,2017,2018-03-02,3801,2017-09-22,0217,1324,BAYVI,5,5,7,3801,0,0,0,,0,4C2,"JERROLD AV","MILTON I ROSS LN",70.00,E,N,A,-,N,,,,,,,,,,N,1,1,0,2,A,-,03,22350,,F,G,B,D,A,H,-,C,D,0,Y,,,,Y,,A,01,0,0,0,1,0,0,0,0,0,"- ","- ",,,"SAN FRANCISCO","SAN FRANCISCO",-122.39822662,37.743654249999999
7015305,2014,2015-08-11,3801,2014-10-04,1943,478,,6,5,7,3801,0,0,0,,0,,"BAY ST","BUCHANAN ST",0.00,,Y,A,-,N,,,,,,,,,,N,2,0,1,2,A,-,10,21950,A,N,G,B,B,A,H,-,C,A,0,Y,,,,Y,,A,01,1,0,0,0,1,0,0,0,0,"- ","- ",,,"SAN FRANCISCO","SAN FRANCISCO",-122.43332986999999,37.803069989999997
8184113,2016,2016-12-13,3801,2016-11-23,0114,1614,NORTH,3,5,7,3801,0,0,0,,0,003,"LARKIN ST","SUTTER ST",0.00,,Y,A,-,N,,,,,,,,,,N,2,0,1,2,A,-,10,21950,A,F,G,B,B,B,H,-,C,A,0,Y,,,,Y,,A,01,1,0,0,0,1,0,0,0,0,"- ","- ",,,"SAN FRANCISCO","SAN FRANCISCO",-122.41846993,37.78796998
8184142,2016,2016-12-13,3801,2016-11-29,2226,679,MISSI,2,5,7,3801,0,0,0,,0,0D6,"POTRERO AV","23RD ST",146.00,N,N,A,-,N,,,,,,,,,,N,2,0,1,2,A,-,03,22350,,F,B,G,A,A,D,G,C,D,0,,Y,,,Y,,-,,1,0,0,0,0,0,1,0,0,"- ","- ",,,"SAN FRANCISCO","SAN FRANCISCO",-122.4065092,37.75497988
8438135,2017,2017-08-28,3801,2017-07-07,0925,1990,SOUTH,5,5,7,3801,0,0,0,,0,3CAR,"7TH ST","BRYANT ST",0.00,,Y,A,-,N,,,,,,,,,,N,2,0,1,2,A,-,06,21755,A,N,G,B,E,A,H,-,A,D,0,Y,Y,,,Y,Y,L,04,1,0,0,0,1,0,0,0,0,"- ","- ",,,"SAN FRANCISCO","SAN FRANCISCO",-122.40484986,37.77437991
8981762,2019,2019-11-21,3801,2019-10-26,0014,1030,MISSI,6,5,7,3801,0,0,0,,0,03D,"S VAN NESS AV","13TH ST",0.00,,Y,A,-,N,,,,,,,,,,N,2,0,1,2,A,-,00,23104,A,N,G,B,E,A,H,-,C,A,0,Y,,,,Y,,A,01,1,0,0,0,1,0,0,0,0,"- ","- ",,,"SAN FRANCISCO","SAN FRANCISCO",-122.41777038574219,37.769718170166016
9668448,2024,2024-04-26,3801,2024-02-05,2359,0720,TARAV,1,5,7,3801,0,0,0,,0,3I13A,"SUNSET BL","VICENTE ST",0.00,,Y,B,-,N,,,,,,,,,,N,2,0,1,2,A,-,09,21800,D,N,D,C,A,B,H,-,A,B,0,,,,,Y,,A,01,1,0,0,0,0,0,0,0,0,"- ","- ",,,"SAN FRANCISCO","SAN FRANCISCO",-122.49427032470703,37.738502502441406
9742723,2024,2024-11-06,3801,2024-10-07,1754,34,TRAFF,1,5,7,3801,0,0,0,,0,4B4A,"BALBOA AV","7TH AV",0.00,,Y,A,-,N,,,,,,,,,,N,2,0,2,2,A,-,03,22350,,N,D,G,A,A,H,-,B,A,0,,Y,,,Y,,A,01,1,1,0,0,0,0,2,0,0,"- ","- ",,,"SAN FRANCISCO","SAN FRANCISCO",-122.46507263183594,37.777194976806641
9801562,2024,2025-04-10,3801,2024-12-02,"633 ",1339,TRAFF,1,5,7,3801,0,0,0,,0,,"BAYSHORE BL","PAUL AV",0.00,,Y,A,-,N,,,,,,,,,,N,2,0,1,2,A,-,11,21456,A,N,G,-,B,A,H,-,C,A,0,Y,,,,Y,,N,60,1,0,0,0,1,0,0,0,0,"- ","- ",,,"SAN FRANCISCO","SAN FRANCISCO",-122.40079498291016,37.723606109619141
90942284,2019,2019-03-08,9335,2019-02-28,0010,022179,,4,3,7,3801,0,1,2,,2,013,"US-101 S/B","BAYSHORE BLVD UNDERCROSSING",1426.00,S,N,A,-,Y,,,101,,,,,,S,Y,2,0,2,2,A,-,03,22350,,N,C,C,A,A,H,-,C,D,0,,,,,Y,Y,A,07,1,0,1,0,0,0,0,0,0,"- ","- ",37.744380950927734,-122.40547180175781,"SAN FRANCISCO","SAN FRANCISCO",-122.40554046630859,37.744422912597656
6547542,2014,2014-07-22,3801,2014-01-04,1512,000845,SOUTH,6,5,7,3801,0,0,0,,0,4K3F,"MARKET ST","TAYLOR ST",34.00,E,N,A,-,N,,,,,,,,,,Y,2,0,2,2,A,-,11,21461,5,N,G,B,B,A,H,-,A,A,0,Y,,Y,,Y,,N,60,1,0,1,0,1,0,0,0,1,"- ","- ",,,"SAN FRANCISCO","SAN FRANCISCO",-122.41021712,37.782306310000003
6557058,2014,2014-07-21,3801,2014-03-17,1753,000845,CENTR,1,5,7,3801,0,0,0,,0,4K4A,"THE EMBARCADERO","WASHINGTON ST",34.00,N,N,A,-,N,,,,,,,,,,Y,2,0,1,2,A,-,03,22350,,N,C,E,A,A,H,-,A,A,0,,,,,Y,,-,,1,0,0,0,0,0,0,0,0,"- ","- ",,,"SAN FRANCISCO","SAN FRANCISCO",-122.39562549,37.796717610000002
9194821,2020,2021-01-25,3801,2020-11-07,2339,4039,CENTR,6,5,7,3801,0,0,0,,0,3A3,"CHESTNUT ST","JONES ST",0.00,,Y,A,-,N,,,,,,,,,,N,2,0,1,3,A,-,03,22350,,N,D,C,A,A,H,-,C,A,0,,,Y,,Y,,C,02,1,0,0,0,0,0,0,0,1,"- ","- ",,,"SAN FRANCISCO","SAN FRANCISCO",-122.41648864746094,37.803359985351562
6997397,2014,2015-08-07,3801,2014-05-09,0139,001355,RICHM,5,5,7,3801,0,0,0,,0,3E12E,"3RD AV","FULTON ST",0.00,,Y,B,-,N,,,,,,,,,,Y,2,0,1,2,A,-,01,23152,A,N,D,E,A,B,H,-,C,A,0,,,,,Y,Y,A,01,1,0,0,0,0,0,0,0,0,"- ","- ",,,"SAN FRANCISCO","SAN FRANCISCO",-122.46057992999999,37.774029970000001
7027444,2015,2015-08-24,3801,2015-04-12,0036,455,SOUTH,7,5,7,3801,0,0,0,,0,3B14E,"10TH ST","HOWARD ST",200.00,S,N,A,-,N,,,,,,,,,,N,2,0,1,2,A,-,03,22350,,F,G,B,E,A,H,-,C,D,0,Y,,,,Y,,A,01,1,0,0,0,1,0,0,0,0,"- ","- ",,,"SAN FRANCISCO","SAN FRANCISCO",-122.41387649000001,37.773644750000003