CASE_ID,ACCIDENT_YEAR,PROC_DATE,JURIS,COLLISION_DATE,COLLISION_TIME,OFFICER_ID,REPORTING_DISTRICT,DAY_OF_WEEK,CHP_SHIFT,POPULATION,CNTY_CITY_LOC,SPECIAL_COND,BEAT_TYPE,CHP_BEAT_TYPE,CITY_DIVISION_LAPD,CHP_BEAT_CLASS,BEAT_NUMBER,PRIMARY_RD,SECONDARY_RD,DISTANCE,DIRECTION,INTERSECTION,WEATHER_1,WEATHER_2,STATE_HWY_IND,CALTRANS_COUNTY,CALTRANS_DISTRICT,STATE_ROUTE,ROUTE_SUFFIX,POSTMILE_PREFIX,POSTMILE,LOCATION_TYPE,RAMP_INTERSECTION,SIDE_OF_HWY,TOW_AWAY,COLLISION_SEVERITY,NUMBER_KILLED,NUMBER_INJURED,PARTY_COUNT,PRIMARY_COLL_FACTOR,PCF_CODE_OF_VIOL,PCF_VIOL_CATEGORY,PCF_VIOLATION,PCF_VIOL_SUBSECTION,HIT_AND_RUN,TYPE_OF_COLLISION,MVIW,PED_ACTION,ROAD_SURFACE,ROAD_COND_1,ROAD_COND_2,LIGHTING,CONTROL_DEVICE,CHP_ROAD_TYPE,PEDESTRIAN_ACCIDENT,BICYCLE_ACCIDENT,MOTORCYCLE_ACCIDENT,TRUCK_ACCIDENT,NOT_PRIVATE_PROPERTY,ALCOHOL_INVOLVED,STWD_VEHTYPE_AT_FAULT,CHP_VEHTYPE_AT_FAULT,COUNT_SEVERE_INJ,COUNT_VISIBLE_INJ,COUNT_COMPLAINT_PAIN,COUNT_PED_KILLED,COUNT_PED_INJURED,COUNT_BICYCLIST_KILLED,COUNT_BICYCLIST_INJURED,COUNT_MC_KILLED,COUNT_MC_INJURED,PRIMARY_RAMP,SECONDARY_RAMP,LATITUDE,LONGITUDE,COUNTY,CITY,POINT_X,POINT_Y
8046671,2016,2016-05-17,3801,2016-04-03,0250,002038,COF,7,5,7,3801,0,0,0,,0,3F12E,"LAGUNA HONDA BL","DEWEY AV",160.00,E,N,A,-,N,,,,,,,,,,Y,2,0,1,1,A,-,07,21658,A,N,H,J,A,A,H,-,C,D,0,,,Y,,Y,,C,02,1,0,0,0,0,0,0,0,1,"- ","- ",,,"SAN FRANCISCO","SAN FRANCISCO",-122.45888004,37.746906690000003
8343076,2017,2017-08-21,3801,2017-03-12,2020,278,MISSI,7,5,7,3801,0,0,0,,0,3D11D,"MARKET ST","REFERENCE PT",18.00,N,N,A,-,N,,,,,,,,,,N,2,0,1,2,A,-,11,21954,A,F,G,B,D,A,H,-,C,A,0,Y,,,,Y,Y,N,60,1,0,0,0,1,0,0,0,0,"- ","- ",,,"SAN FRANCISCO","SAN FRANCISCO",,
8360059,2017,2017-05-11,3801,2017-04-06,2210,564,BAYVI,4,5,7,3801,0,0,0,,0,3C13E,"LANE ST","PALOU AV",0.00,,Y,C,-,N,,,,,,,,,,N,2,0,1,2,A,-,10,21950,A,N,G,B,B,B,H,-,C,A,0,Y,,,,Y,,D,22,1,0,0,0,1,0,0,0,0,"- ","- ",,,"SAN FRANCISCO","SAN FRANCISCO",-122.38902996,37.732929980000002
9182431,2020,2020-12-05,3801,2020-10-23,1906,2750,SOUTH,5,5,7,3801,0,0,0,,0,3B14D,"10TH ST","FOLSOM ST",0.00,,Y,A,-,N,,,,,,,,,,N,2,0,1,2,A,-,11,21954,A,N,G,B,E,A,H,-,C,A,0,Y,,,,Y,,N,60,1,0,0,0,1,0,0,0,0,SO,"- ",,,"SAN FRANCISCO","SAN FRANCISCO",-122.41281890869141,37.772819519042969
9534722,2022,2023-01-18,3801,2022-10-30,0525,917,TRAFF,7,5,7,3801,0,0,0,,0,4B2E,"FILLMORE ST","MCALLISTER ST",130.00,S,N,A,-,N,,,,,,,,,,Y,2,0,2,5,A,-,03,22350,,N,C,C,A,A,H,-,C,D,0,,,,,Y,,A,01,2,0,0,0,0,0,0,0,0,"- ","- ",,,"SAN FRANCISCO","SAN FRANCISCO",-122.43167877197266,37.778285980224609
9633776,2023,2023-11-27,3801,2023-10-04,1310,2007,CENTR,3,5,7,3801,0,0,0,,0,,BROADWAY,MONTGOMERY,0.00,,Y,A,-,N,,,,,,,,,,Y,2,0,1,2,A,-,03,22350,,N,G,B,F,A,H,-,A,A,0,Y,,,,Y,Y,A,01,1,0,0,0,1,0,0,0,0,"- ","- ",,,"SAN FRANCISCO","SAN FRANCISCO",-122.40383911132812,37.798236846923828
9633808,2023,2023-11-22,3801,2023-10-25,"620 ",2362,PARK,3,5,7,3801,0,0,0,,0,2F2A,"LAGUNA HONDA BL","LAWTON ST",1584.00,S,N,A,-,N,,,,,,,,,,Y,2,0,1,1,A,-,03,22350,,N,F,I,A,A,H,-,C,D,0,,,,,Y,,A,01,1,0,0,0,0,0,0,0,0,"- ","- ",,,"SAN FRANCISCO","SAN FRANCISCO",,
9780184,2025,2025-03-19,3801,2025-02-01,1934,917,TRAFF,6,5,7,3801,0,0,0,,0,4B2E,"MISSION ST","GENEVA AV",175.00,N,N,C,-,N,,,,,,,,,,N,2,0,1,2,A,-,11,21954,A,N,G,B,D,B,H,-,C,D,0,Y,,,,Y,,N,60,1,0,0,0,1,0,0,0,0,"- ","- ",,,"SAN FRANCISCO","SAN FRANCISCO",-122.44071197509766,37.716815948486328
91252980,2020,2020-06-17,9335,2020-06-10,1540,022525,,3,2,7,3801,0,1,1,,2,023,"I-280 S/B","ALEMANY BLVD O/C",588.00,N,N,A,-,Y,,,280,,,,,,S,Y,2,0,1,1,A,-,08,22107,,N,E,I,A,A,H,-,A,D,0,,,,,Y,,D,22,1,0,0,0,0,0,0,0,0,"- ","- ",37.733238220214844,-122.41242980957031,"SAN FRANCISCO","SAN FRANCISCO",-122.41246795654297,37.733322143554688
6293029,2016,2017-12-15,3801,2016-12-23,1003,518,RICHM,5,5,7,3801,0,0,0,,0,4B5H,"FULTON ST","18TH AV",0.00,,Y,C,-,N,,,,,,,,,,Y,1,1,0,2,A,-,05,21650,,N,A,C,A,B,H,-,A,A,0,,,,,Y,,A,01,0,0,0,0,0,0,0,0,0,"- ","- ",37.772840000000002,-122.47669,"SAN FRANCISCO","SAN FRANCISCO",-122.47669993,37.772899899999999
9365787,2021,2021-12-13,3801,2021-10-31,1440,798,NORTH,7,5,7,3801,0,0,0,,0,3E91F,"LOMBARD ST","BUCHANAN ST",6.00,W,N,A,-,N,,,,,,,,,,Y,2,0,1,2,A,-,03,22350,,N,C,-,A,A,H,-,A,A,0,,,Y,,Y,,C,02,1,0,0,0,0,0,0,0,1,"- ","- ",,,"SAN FRANCISCO","SAN FRANCISCO",-122.43277740478516,37.800258636474609
9442108,2022,2022-05-17,3801,2022-04-15,2139,2139,TARAV,5,5,7,3801,0,0,0,,0,901,"SUNSET BL","NORIEGA ST",8.00,N,N,B,-,N,,,,,,,,,,N,2,0,1,2,A,-,00,21456,1,N,G,B,B,A,H,-,C,A,0,Y,,,,Y,,N,60,1,0,0,0,1,0,0,0,0,"- ","- ",,,"SAN FRANCISCO","SAN FRANCISCO",-122.49532318115234,37.753452301025391
7161152,2014,2016-01-15,3801,2014-08-25,2147,004285,SOUTH,1,5,7,3801,0,0,0,,0,3B62,"MARKET ST","SPEAR ST",45.00,W,N,A,-,N,,,,,,,,,,N,2,0,1,2,A,-,05,21202,A,N,B,G,A,A,H,-,C,A,0,,Y,,,Y,,L,04,1,0,0,0,0,0,1,0,0,"- ","- ",,,"SAN FRANCISCO","SAN FRANCISCO",-122.39583926,37.793661890000003
8098021,2016,2016-08-17,3801,2016-06-04,1622,1420,MISSI,6,5,7,3801,0,0,0,,0,4B107,FOLSOM,"25TH ST",0.00,,Y,A,-,N,,,,,,,,,,N,2,0,2,2,A,-,01,23153,A,F,G,C,B,A,H,-,A,A,0,Y,,Y,,Y,,C,02,1,0,1,0,1,0,0,0,1,"- ","- ",,,"SAN FRANCISCO","SAN FRANCISCO",-122.41393991,37.750919930000002
8137362,2016,2016-10-11,3801,2016-09-16,2330,1123,,5,5,7,3801,0,0,0,,0,3J113,"JONES ST","ELLIS ST",26.00,N,N,A,-,N,,,,,,,,,,N,2,0,1,3,A,-,03,22350,,F,G,B,E,A,H,-,C,D,0,Y,,,,Y,,-,"- ",1,0,0,0,1,0,0,0,0,"- ","- ",,,"SAN FRANCISCO","SAN FRANCISCO",-122.41279710000001,37.784970119999997
8375778,2017,2017-06-13,3801,2017-05-06,0058,4341,PARK,6,5,7,3801,0,0,0,,0,3F12E,"MCALLISTER ST","CENTRAL ST",141.00,W,N,A,-,N,,,,,,,,,,Y,2,0,1,3,A,-,01,23152,A,N,E,E,A,A,H,-,C,A,0,,,,,Y,Y,A,01,1,0,0,0,0,0,0,0,0,"- ","- ",,,"SAN FRANCISCO","SAN FRANCISCO",-122.44545313,37.776885360000001
9035602,2019,2020-02-05,3801,2019-12-04,2352,293,PARK,3,5,7,3801,0,0,0,,0,3F13E,"ANZA ST","COLLINS ST",0.00,,Y,A,-,N,,,,,,,,,,N,2,0,1,2,A,-,11,21954,A,N,G,B,E,B,H,-,C,D,0,Y,,,,Y,Y,N,60,1,0,0,0,1,0,0,0,0,"- ","- ",,,"SAN FRANCISCO","SAN FRANCISCO",-122.44980621337891,37.78076171875
9218585,2020,2021-02-09,3801,2020-12-23,0835,2719,RICHM,3,5,7,3801,0,0,0,,0,002,"PRESIDIO AV","CALIFORNIA ST",0.00,,Y,A,-,N,,,,,,,,,,Y,2,0,1,2,A,-,12,21453,,N,D,C,A,A,H,-,A,A,0,,,,,Y,,A,01,1,0,0,0,0,0,0,0,0,"- ","- ",,,"SAN FRANCISCO","SAN FRANCISCO",-122.44677734375,37.787258148193359
9751206,2024,2025-07-24,3801,2024-11-05,2134,2163,TENDE,2,5,7,3801,0,0,0,,0,3J11E,"MARKET ST","10TH ST",0.00,,N,A,-,N,,,,,,,,,,N,2,0,1,1,A,-,03,22350,,N,H,I,A,A,H,-,C,A,0,,,,,Y,,M,94,1,0,0,0,0,0,0,0,0,"- ","- ",,,"SAN FRANCISCO","SAN FRANCISCO",-122.41753387451172,37.776527404785156
9769382,2025,2025-02-07,3801,2025-01-23,1329,2495,BAYVI,4,5,7,3801,0,0,0,,0,3C15A,"3RD ST","REVERE AV",0.00,,Y,A,-,N,,,,,,,,,,,2,0,1,2,A,-,11,21453,D,N,A,B,D,A,H,-,A,A,0,Y,,,,Y,,N,60,1,0,0,0,1,0,0,0,0,"- ","- ",,,"SAN FRANCISCO","SAN FRANCISCO",-122.39160919189453,37.732437133789062
7034790,2015,2015-08-22,3801,2015-02-15,1441,000891,,7,5,7,3801,0,0,0,,0,3B60,"GEARY BL","25TH AV",0.00,,Y,A,-,N,,,,,,,,,,Y,2,0,7,3,A,-,12,21453,A,N,D,C,A,A,H,-,A,A,0,,,Y,,Y,,A,01,1,4,2,0,0,0,0,0,2,"- ","- ",,,"SAN FRANCISCO","SAN FRANCISCO",-122.48473993,37.780159879999999
8052654,2016,2016-06-08,3801,2016-05-26,1503,740,CENTR,4,5,7,3801,0,0,0,,0,3A12C,"PINE ST","JONES ST",0.00,,Y,A,-,N,,,,,,,,,,N,2,0,1,2,A,-,08,22100,B,N,D,C,A,A,H,-,A,A,0,,,Y,,Y,,A,01,1,0,0,0,0,0,0,0,1,"- ","- ",,,"SAN FRANCISCO","SAN FRANCISCO",-122.41389991,37.790459910000003
8183574,2016,2016-12-19,3801,2016-11-11,2004,761,RICHM,5,5,7,3801,0,0,0,,0,,"FULTON ST","48TH AV",0.00,,Y,A,-,N,,,,,,,,,,Y,2,0,1,2,A,-,10,21950,C,N,A,B,D,A,H,-,C,D,0,Y,,,,Y,,A,01,1,0,0,0,1,0,0,0,0,"- ","- ",,,"SAN FRANCISCO","SAN FRANCISCO",-122.50884992,37.77143994
8465875,2019,2019-06-26,3801,2019-06-24,0303,1881,RICHM,1,5,7,3801,0,0,0,,0,3G117,"CALIFORNIA ST","PARK PRESIDIO BL",0.00,,Y,A,-,N,,,,,,,,,,Y,1,1,2,2,A,-,01,23153,A,N,D,C,A,A,H,-,C,A,0,,,,,Y,Y,A,01,0,2,0,0,0,0,0,0,0,"- ","- ",,,"SAN FRANCISCO","SAN FRANCISCO",-122.47260284423828,37.784458160400391
8754839,2018,2018-12-07,3801,2018-10-28,1928,1190,TARAV,7,5,7,3801,0,0,0,,0,3I15D,"SUNSET BL","NORIEGA ST",246.00,S,N,A,-,N,,,,,,,,,,Y,2,0,2,1,C,-,18,,,N,E,I,A,A,H,-,C,A,0,,,,,Y,,-,"- ",2,0,0,0,0,0,0,0,0,"- ","- ",,,"SAN FRANCISCO","SAN FRANCISCO",-122.49526977539062,37.752754211425781
8857864,2019,2019-05-22,3801,2019-04-29,1033,826,"BAY V",1,5,7,3801,0,0,0,,0,003,"3RD ST","OAKDALE AV",40.00,N,N,A,-,N,,,,,,,,,,Y,2,0,1,2,A,-,05,21651,C,F,C,G,A,A,H,-,A,A,0,,Y,,,Y,,A,01,1,0,0,0,0,0,1,0,0,"- ","- ",,,"SAN FRANCISCO","SAN FRANCISCO",-122.39073181152344,37.734935760498047
8964587,2019,2019-11-18,3801,2019-09-04,2239,382,NORTH,3,5,7,3801,0,0,0,,0,NORTH,"VAN NESS AV","GEARY BL",0.00,,Y,A,-,N,,,,,,,,,,N,2,0,1,2,A,-,11,21456,B,N,G,B,B,A,D,-,C,A,0,Y,,,,Y,,N,60,1,0,0,0,1,0,0,0,0,"- ","- ",,,"SAN FRANCISCO","SAN FRANCISCO",-122.42146301269531,37.785678863525391
9047526,2020,2020-03-06,3801,2020-01-17,1306,1837,BAYVI,5,5,7,3801,0,0,0,,0,901,"BACON ST","SAN BRUNO AV",84.00,E,N,A,-,N,,,,,,,,,,N,2,0,1,2,A,-,11,21955,,N,G,B,D,A,H,-,A,D,0,Y,,,,Y,,N,60,1,0,0,0,1,0,0,0,0,"- ","- ",,,"SAN FRANCISCO","SAN FRANCISCO",-122.40333557128906,37.727706909179688
9437536,2022,2022-05-13,3801,2022-04-22,1950,2239,INGLE,5,5,7,3801,0,0,0,,0,3H11D,"MISSION ST","VALENCIA ST",0.00,,N,A,-,N,,,,,,,,,,N,2,0,1,2,A,-,04,21703,,N,C,G,A,A,H,-,A,B,0,,Y,,,Y,,A,01,1,0,0,0,0,0,1,0,0,"- ","- ",,,"SAN FRANCISCO","SAN FRANCISCO",-122.41986846923828,37.745586395263672
9554109,2023,2023-03-16,3801,2023-02-01,1601,34,TRAFF,3,5,7,3801,0,0,0,,0,4B4A,"14TH AV","CABRILLO AV",0.00,,Y,A,-,N,,,,,,,,,,N,2,0,1,2,A,-,21,22106,,N,G,B,B,A,H,-,A,A,0,Y,,,,Y,,A,01,1,0,0,0,1,0,0,0,0,"- ","- ",,,"SAN FRANCISCO","SAN FRANCISCO",-122.47245025634766,37.774978637695312
91403737,2021,2021-02-15,9335,2021-01-30,2321,022596,,6,3,7,3801,0,1,1,,2,023,"I-280 N/B","MISSION ST. O/C",790.00,S,N,B,-,Y,,,280,,,,,,N,Y,1,1,0,1,A,-,01,23152,G,N,E,I,A,A,H,-,C,D,0,,,,,Y,Y,A,01,0,0,0,0,0,0,0,0,0,"- ","- ",37.732261657714844,-122.43105316162109,"SAN FRANCISCO","SAN FRANCISCO",-122.43104553222656,37.732170104980469
6565368,2014,2016-05-14,9350,2014-07-10,1735,020201,,4,2,7,3801,0,1,2,,1,120,"RT 101","SOUTH TOWER",528.00,S,N,A,-,Y,SF,4,101,-,-,10.280,H,-,S,N,2,0,1,2,B,-,22,,,N,B,G,A,A,H,-,A,D,1,,Y,,,Y,,-,"- ",1,0,0,0,0,0,1,0,0,"- ","- ",,,"SAN FRANCISCO","SAN FRANCISCO",-122.47788791000001,37.81257995
7008134,2014,2015-08-08,3801,2014-05-13,1514,1582,NORTH,2,5,7,3801,0,0,0,,0,3E12C,"GOUGH ST","GROVE ST",0.00,,Y,A,-,N,,,,,,,,,,N,2,0,1,2,A,-,08,22107,,F,D,G,A,A,H,-,A,A,0,,Y,,,Y,,-,99,1,0,0,0,0,0,1,0,0,"- ","- ",,,"SAN FRANCISCO","SAN FRANCISCO",-122.42316,37.777809920000003
7010070,2014,2015-08-13,3801,2014-08-15,2034,1666,PARK,5,5,7,3801,0,0,0,,0,3CAR,"MASONIC AV","OAK ST",0.00,,Y,A,-,N,,,,,,,,,,N,2,0,1,2,A,-,11,21453,D,N,G,B,B,A,H,-,C,A,0,Y,,,,Y,,N,60,1,0,0,0,1,0,0,0,0,"- ","- ",,,"SAN FRANCISCO","SAN FRANCISCO",-122.44574996,37.772079900000001
7025399,2015,2015-08-22,3801,2015-03-23,1103,000205,,1,5,7,3801,0,0,0,,0,3C15A,"3RD ST","REVERE AV",20.00,N,N,A,-,N,,,,,,,,,,Y,2,0,1,1,A,-,03,22350,,N,H,A,A,A,H,-,A,D,0,,,Y,,Y,,C,02,1,0,0,0,0,0,0,0,1,"- ","- ",,,"SAN FRANCISCO","SAN FRANCISCO",-122.39159186000001,37.73249302
8716474,2018,2018-10-19,3801,2018-09-28,1356,2704,PARK,5,5,7,3801,0,0,0,,0,3CAR,"MASONIC AV","HAYES ST",66.00,S,N,A,-,N,,,,,,,,,,Y,2,0,1,2,A,-,08,22107,,N,C,C,A,A,H,-,A,A,0,,,,,Y,,A,01,1,0,0,0,0,0,0,0,0,"- ","- ",,,"SAN FRANCISCO","SAN FRANCISCO",-122.44607543945312,37.773761749267578
9208127,2020,2021-03-09,3801,2020-12-20,0454,1730,TRAFF,7,5,7,3801,0,0,0,,0,4B1H,"EVANS AV","3RD ST",0.00,,Y,-,-,N,,,,,,,,,,Y,2,0,1,2,A,-,11,21456,C,F,G,B,B,A,H,-,C,A,0,Y,,,,Y,,N,60,1,0,0,0,1,0,0,0,0,"- ","- ",,,"SAN FRANCISCO","SAN FRANCISCO",-122.38800811767578,37.742729187011719
9218602,2020,2021-02-09,3801,2020-12-17,1037,1936,TRAFF,4,5,7,3801,0,0,0,,0,4B1C,"INGALLS ST","SHAFTER ST",0.00,,Y,A,-,N,,,,,,,,,,Y,2,0,2,2,A,-,12,22450,A,N,D,C,A,A,H,-,A,A,0,,,,,Y,,A,01,2,0,0,0,0,0,0,0,0,"- ","- ",,,"SAN FRANCISCO","SAN FRANCISCO",-122.3851318359375,37.727870941162109
9390966,2021,2022-02-02,3801,2021-12-09,1555,668,PARK,4,5,7,3801,0,0,0,,0,3F11D,"3RD AV","LINCOLN WY",0.00,,Y,A,-,N,,,,,,,,,,N,2,0,1,2,A,-,03,22350,,N,B,C,A,A,H,-,A,D,0,,,,,Y,,M,97,1,0,0,0,0,0,0,0,0,"- ","- ",,,"SAN FRANCISCO","SAN FRANCISCO",-122.45993041992188,37.766170501708984
9503111,2022,2022-11-03,3801,2022-08-12,2155,1961,INGLE,5,5,7,3801,0,0,0,,0,3H16E,"OSHAUGHNESSY BL","OSHAUGHNESSY BL 8415",0.00,,N,A,-,N,,,,,,,,,,N,2,0,1,1,A,-,03,22350,,N,H,A,A,A,B,-,C,D,0,,Y,,,Y,,L,04,1,0,0,0,0,0,1,0,0,"- ","- ",,,"SAN FRANCISCO","SAN FRANCISCO",,
6292204,2015,2015-06-02,3801,2015-03-02,1234,1324,MISSI,1,5,7,3801,0,0,0,,0,4C4,"14TH ST","FOLSOM ST",0.00,,Y,A,-,N,,,,,,,,,,Y,1,1,0,2,A,-,12,21453,A,N,H,G,A,A,H,-,A,A,0,,Y,,,Y,,-,"- ",0,0,0,0,0,1,0,0,0,"- ","- ",,,"SAN FRANCISCO","SAN FRANCISCO",-122.41560994,37.76853998
6292225,2015,2015-06-10,9335,2015-04-19,2110,20610,,7,2,7,3801,0,1,2,,2,013,"RT 101","RT 280",226.00,S,N,B,-,Y,SF,4,101,-,-,1.700,H,-,N,N,1,1,0,3,A,-,11,21954,A,F,G,B,E,A,H,-,C,D,1,Y,,,,Y,,N,60,0,0,0,1,0,0,0,0,0,"- ","- ",37.734729999999999,-122.40637,"SAN FRANCISCO","SAN FRANCISCO",-122.40457918,37.731761579999997
6417112,2014,2016-02-12,9335,2014-03-14,2210,20294,,5,3,7,3801,0,1,1,,1,081,"RT 80","YERBA BUENA ISLAND TUNNEL",150.00,W,N,A,-,Y,SF,4,80,-,-,7.690,H,-,W,Y,2,0,1,2,A,-,03,22350,,N,C,C,A,A,H,-,C,D,4,,,,,Y,,A,01,1,0,0,0,0,0,0,0,0,"- ","- ",37.808630000000001,-122.36664,"SAN FRANCISCO","SAN FRANCISCO",-122.36724642,37.808007230000001
6546018,2014,2014-07-22,3801,2014-01-10,1552,1939,CENTR,5,5,7,3801,0,0,0,,0,4B7H,"PINE ST","GRANT AV",7.00,W,N,A,-,N,,,,,,,,,,Y,2,0,1,2,A,-,11,21456,B,N,G,B,B,A,H,-,B,A,0,Y,,,,Y,Y,N,60,1,0,0,0,1,0,0,0,0,"- ","- ",,,"SAN FRANCISCO","SAN FRANCISCO",-122.40574395,37.791507060000001
6546081,2014,2014-07-21,3801,2014-01-13,2054,000443,INGLE,1,5,7,3801,0,0,0,,0,4C1,"BROTHERHOOD WY","SAGAMORE ST",215.00,W,N,A,-,N,,,,,,,,,,Y,2,0,1,2,A,-,03,22350,,N,G,B,C,A,H,-,C,D,0,Y,,,,Y,,A,01,1,0,0,0,1,0,0,0,0,"- ","- ",,,"SAN FRANCISCO","SAN FRANCISCO",-122.46327625000001,37.711606420000003
6555226,2014,2014-08-25,3801,2014-02-04,2038,1514,SOUTH,2,5,7,3801,0,0,0,,0,3B13D,"6TH ST","NATOMA ST",0.00,,Y,A,-,N,,,,,,,,,,N,2,0,1,2,A,-,11,21954,A,F,G,B,D,A,H,-,C,D,0,Y,,,,Y,Y,N,60,1,0,0,0,1,0,0,0,0,"- ","- ",,,"SAN FRANCISCO","SAN FRANCISCO",-122.40766993,37.7801799
6557038,2014,2014-07-21,3801,2014-03-30,0227,408,SOUTH,7,5,7,3801,0,0,0,,0,3B13E,"10TH ST","BRYANT ST",140.00,S,N,A,-,N,,,,,,,,,,N,2,0,1,2,A,-,03,22350,,F,G,B,C,A,H,-,C,A,0,Y,,,,Y,,A,01,1,0,0,0,1,0,0,0,0,"- ","- ",,,"SAN FRANCISCO","SAN FRANCISCO",-122.40941405,37.77005544
6563706,2014,2014-07-25,3801,2014-04-23,1656,4261,PARK,3,5,7,3801,0,0,0,,0,3F61,"MASONIC AV","FELL ST",0.00,,Y,A,-,N,,,,,,,,,,N,2,0,1,2,A,-,12,21453,A,N,D,G,A,A,H,-,A,A,0,,Y,,,Y,,L,04,1,0,0,0,0,0,1,0,0,"- ","- ",,,"SAN FRANCISCO","SAN FRANCISCO",-122.44591997000001,37.772979970000002
6565400,2014,2014-08-26,9350,2014-07-15,1800,018662,,2,2,7,3801,0,1,2,,1,120,"W SIDEWALK OF GOLDEN GATE BRIDGE","NORTH TOWER",80.00,S,N,A,-,N,,,,,,,,,,N,2,0,1,2,B,-,22,,,F,B,G,A,A,H,-,A,D,0,,Y,,,Y,,L,04,1,0,0,0,0,0,1,0,0,"- ","- ",37.818460000000002,-122.47488,"SAN FRANCISCO","SAN FRANCISCO",,
6565865,2014,2015-03-05,3801,2014-04-18,2137,241,COH,5,5,7,3801,0,0,0,,0,4K7H,"MISSION ST","SILVER AV",75.00,S,N,A,-,N,,,,,,,,,,Y,2,0,2,2,A,-,01,23152,A,N,G,B,F,A,H,-,C,A,0,Y,,,,Y,Y,A,01,1,0,1,0,1,0,0,0,0,"- ","- ",,,"SAN FRANCISCO","SAN FRANCISCO",-122.43144134000001,37.728578659999997
6565976,2014,2015-10-23,3801,2014-04-07,1829,845,NORTH,1,5,7,3801,0,0,0,,0,4K4A,"FRANCISCO ST","VAN NESS AV",8.00,E,N,A,-,N,,,,,,,,,,N,2,0,1,2,A,-,11,21950,B,N,G,B,B,A,H,-,A,A,0,Y,,,,Y,,N,60,1,0,0,0,1,0,0,0,0,"- ","- ",,,"SAN FRANCISCO","SAN FRANCISCO",-122.42493274,37.803203889999999
6567664,2014,2015-10-23,3801,2014-04-10,1143,000251,RICHM,4,5,7,3801,0,0,0,,0,3G61,"FULTON ST","43RD ST",0.00,,Y,A,-,N,,,,,,,,,,Y,2,0,1,2,A,-,10,21950,A,N,G,B,B,A,H,-,A,A,0,Y,,,,Y,,D,22,1,0,0,0,1,0,0,0,0,"- ","- ",,,"SAN FRANCISCO","SAN FRANCISCO",-122.50345998,37.771679900000002
6718705,2017,2018-03-02,3801,2017-10-31,2013,1766,TARAV,2,5,7,3801,0,0,0,,0,4B3C,"SLOAT BL","36TH AV",4.00,W,N,A,-,N,,,,,,,,,,Y,1,1,0,2,A,-,10,21950,A,N,G,B,C,A,D,-,C,A,0,Y,,,,Y,,A,01,0,0,0,1,0,0,0,0,0,"- ","- ",37.734099999999998,-122.49326000000001,"SAN FRANCISCO","SAN FRANCISCO",-122.49333384000001,37.734029999999997
6718710,2017,2018-03-08,3801,2017-12-09,1635,278,TARAV,6,5,7,3801,0,0,0,,0,3I11D,"19TH AV","QUINTARA ST",10.00,S,N,A,-,Y,SF,4,1,-,-,2.870,I,5,S,Y,1,1,0,2,A,-,10,21950,A,N,G,B,B,A,H,-,A,A,0,Y,,,,Y,,A,01,0,0,0,1,0,0,0,0,0,"- ","- ",,,"SAN FRANCISCO","SAN FRANCISCO",-122.47612291999999,37.748651260000003
6833488,2015,2016-10-13,9350,2015-02-14,1155,19777,,6,1,7,3801,0,1,2,,2,020,"RT 101","GGB SOUTH TOWER",100.00,S,N,A,-,Y,SF,4,101,-,-,10.410,H,-,N,Y,2,0,1,2,A,-,03,22350,,N,C,C,A,A,H,-,A,D,1,,,Y,,Y,,C,02,1,0,0,0,0,0,0,0,1,"- ","- ",37.812130000000003,-122.47761,"SAN FRANCISCO","SAN FRANCISCO",-122.47801401,37.814491850000003
6854093,2014,2016-01-14,3801,2014-05-25,2113,1939,NORTH,7,5,7,3801,0,0,0,,0,4K6C,"LAGUNA ST",BROADWAY,93.00,N,N,A,-,N,,,,,,,,,,Y,1,1,0,2,A,-,03,22350,,N,D,G,A,A,H,-,C,D,0,,Y,,,Y,Y,L,04,0,0,0,0,0,1,0,0,0,"- ","- ",,,"SAN FRANCISCO","SAN FRANCISCO",-122.43002738,37.7951427
6937776,2014,2015-08-22,3801,2014-12-20,2129,1502,SOUTH,6,5,7,3801,0,0,0,,0,3811E,"MARKET ST","FREMONT ST",0.00,,Y,C,-,N,,,,,,,,,,N,2,0,1,2,A,-,10,21950,A,N,H,B,B,B,H,-,C,A,0,Y,Y,,,Y,,L,04,1,0,0,0,1,0,0,0,0,"- ","- ",,,"SAN FRANCISCO","SAN FRANCISCO",-122.39833993000001,37.791689890000001
6937994,2014,2015-09-18,3801,2014-07-17,0945,1947,,4,5,7,3801,0,0,0,,0,3E15A,"GOLDEN GATE AV","STEINER ST",0.00,,Y,B,-,N,,,,,,,,,,Y,2,0,1,2,A,-,12,21453,A,N,D,C,A,A,H,-,A,A,0,,,Y,,Y,,C,02,1,0,0,0,0,0,0,0,1,"- ","- ",,,"SAN FRANCISCO","SAN FRANCISCO",-122.43357999,37.779349889999999
7007014,2014,2015-08-13,3801,2014-06-08,2036,2286,SOUTH,7,5,7,3801,0,0,0,,0,0B2,"MARKET ST","5TH ST",0.00,,Y,A,-,N,,,,,,,,,,Y,2,0,1,3,A,-,12,21453,A,N,G,B,B,A,H,-,C,A,0,Y,,,,Y,,A,01,1,0,0,0,1,0,0,0,0,"- ","- ",,,"SAN FRANCISCO","SAN FRANCISCO",-122.40805989,37.783999919999999