CASE_ID,ACCIDENT_YEAR,PROC_DATE,JURIS,COLLISION_DATE,COLLISION_TIME,OFFICER_ID,REPORTING_DISTRICT,DAY_OF_WEEK,CHP_SHIFT,POPULATION,CNTY_CITY_LOC,SPECIAL_COND,BEAT_TYPE,CHP_BEAT_TYPE,CITY_DIVISION_LAPD,CHP_BEAT_CLASS,BEAT_NUMBER,PRIMARY_RD,SECONDARY_RD,DISTANCE,DIRECTION,INTERSECTION,WEATHER_1,WEATHER_2,STATE_HWY_IND,CALTRANS_COUNTY,CALTRANS_DISTRICT,STATE_ROUTE,ROUTE_SUFFIX,POSTMILE_PREFIX,POSTMILE,LOCATION_TYPE,RAMP_INTERSECTION,SIDE_OF_HWY,TOW_AWAY,COLLISION_SEVERITY,NUMBER_KILLED,NUMBER_INJURED,PARTY_COUNT,PRIMARY_COLL_FACTOR,PCF_CODE_OF_VIOL,PCF_VIOL_CATEGORY,PCF_VIOLATION,PCF_VIOL_SUBSECTION,HIT_AND_RUN,TYPE_OF_COLLISION,MVIW,PED_ACTION,ROAD_SURFACE,ROAD_COND_1,ROAD_COND_2,LIGHTING,CONTROL_DEVICE,CHP_ROAD_TYPE,PEDESTRIAN_ACCIDENT,BICYCLE_ACCIDENT,MOTORCYCLE_ACCIDENT,TRUCK_ACCIDENT,NOT_PRIVATE_PROPERTY,ALCOHOL_INVOLVED,STWD_VEHTYPE_AT_FAULT,CHP_VEHTYPE_AT_FAULT,COUNT_SEVERE_INJ,COUNT_VISIBLE_INJ,COUNT_COMPLAINT_PAIN,COUNT_PED_KILLED,COUNT_PED_INJURED,COUNT_BICYCLIST_KILLED,COUNT_BICYCLIST_INJURED,COUNT_MC_KILLED,COUNT_MC_INJURED,PRIMARY_RAMP,SECONDARY_RAMP,LATITUDE,LONGITUDE,COUNTY,CITY,POINT_X,POINT_Y
7010006,2014,2015-08-13,3801,2014-08-31,2145,1502,SOUTH,7,5,7,3801,0,0,0,,0,3B12E,"MISSION ST","10TH ST",18.00,W,N,A,-,N,,,,,,,,,,Y,2,0,3,4,A,-,08,22101,D,F,B,C,F,A,H,-,C,A,0,Y,,,,Y,,A,01,1,1,1,0,2,0,0,0,0,"- ","- ",,,"SAN FRANCISCO","SAN FRANCISCO",-122.41595388,37.775244899999997
7010020,2014,2015-08-13,3801,2014-08-03,0318,04187,NORTH,7,5,7,3801,0,0,0,,0,3E13E,"GEARY BL","WEBSTER ST",0.00,,Y,A,-,N,,,,,,,,,,Y,2,0,4,2,A,-,01,23153,A,F,H,C,A,A,H,-,C,A,0,,,,,Y,Y,A,07,1,1,2,0,0,0,0,0,0,"- ","- ",,,"SAN FRANCISCO","SAN FRANCISCO",-122.4312999,37.784729929999997
7010057,2014,2015-08-13,3801,2014-08-20,1640,004256,BAYVI,3,5,7,3801,0,0,0,,0,3C13D,"CESAR CHAVEZ ST","PENNSYLVANIA ST",30.00,W,N,B,-,N,,,,,,,,,,Y,2,0,1,2,A,-,03,22350,,F,C,C,A,A,H,-,A,D,0,,,,,Y,,A,07,1,0,0,0,0,0,0,0,0,"- ","- ",,,"SAN FRANCISCO","SAN FRANCISCO",-122.39252298,37.750039700000002
7014879,2014,2015-08-11,3801,2014-10-28,0834,004282,NORTH,2,5,7,3801,0,0,0,,0,3E61,"GOLDEN GATE AV","VAN NESS AV",0.00,,Y,A,-,N,,,,,,,,,,N,2,0,1,2,A,-,06,21755,,N,B,G,A,A,H,-,A,A,0,,Y,,,Y,,A,01,1,0,0,0,0,0,1,0,0,"- ","- ",,,"SAN FRANCISCO","SAN FRANCISCO",-122.42052988,37.781009959999999
7014889,2014,2015-08-11,3801,2014-07-18,0635,2116,,5,5,7,3801,0,0,0,,0,001,"STEINER ST","HERMANN ST",0.00,,Y,A,-,N,,,,,,,,,,N,2,0,1,2,A,-,17,21209,A,M,B,G,A,A,H,-,A,D,0,,Y,,,Y,,-,99,1,0,0,0,0,0,1,0,0,"- ","- ",,,"SAN FRANCISCO","SAN FRANCISCO",-122.43173985999999,37.770029899999997
7014917,2014,2015-08-11,3801,2014-07-24,1900,2281,,4,5,7,3801,0,0,0,,0,3J12D,"HYDE ST","TURK ST",0.00,,Y,A,-,N,,,,,,,,,,N,2,0,1,2,A,-,10,21950,A,F,G,B,B,A,H,-,A,A,0,Y,,,,Y,,-,99,1,0,0,0,1,0,0,0,0,"- ","- ",,,"SAN FRANCISCO","SAN FRANCISCO",-122.41568995,37.782569889999998
7014919,2014,2015-08-17,3801,2014-07-22,1619,001763,03801,2,5,7,3801,0,0,0,,0,901,"THOMAS AV","LANE ST",0.00,,Y,A,-,N,,,,,,,,,,Y,2,0,3,2,A,-,12,22450,A,F,D,D,A,A,H,-,A,A,0,,,,,Y,,A,01,3,0,0,0,0,0,0,0,0,"- ","- ",,,"SAN FRANCISCO","SAN FRANCISCO",-122.39128995999999,37.730429890000003
7014963,2014,2015-08-13,3801,2014-07-27,1953,001404,NORTH,7,5,7,3801,0,0,0,,0,3ESC,"GREENWICH ST","SCOTT ST",55.00,W,N,A,-,N,,,,,,,,,,N,2,0,1,3,A,-,11,21955,,F,G,B,D,A,H,-,A,D,0,Y,,,,Y,Y,N,60,1,0,0,0,1,0,0,0,0,"- ","- ",,,"SAN FRANCISCO","SAN FRANCISCO",-122.44098803999999,37.798296209999997
7015066,2014,2016-04-14,3801,2014-06-21,0158,001544,NORTH,6,5,7,3801,0,0,0,,0,3E14E,"VAN NESS AV","MYRTLE ST",0.00,,Y,A,-,Y,SF,4,101,-,-,5.590,H,-,S,N,2,0,2,2,A,-,11,21955,,N,G,B,D,A,H,-,C,A,0,Y,,Y,,Y,,N,60,1,0,1,0,1,0,0,0,1,"- ","- ",,,"SAN FRANCISCO","SAN FRANCISCO",-122.42140793,37.785374670000003
7015111,2014,2015-08-11,3801,2014-06-17,0920,1171,SOUTH,2,5,7,3801,0,0,0,,0,4K1D,"8TH ST","NATOMA ST",0.00,,Y,A,-,N,,,,,,,,,,N,2,0,1,3,A,-,11,21950,B,N,G,B,D,A,H,-,A,D,0,Y,,,,Y,,N,60,1,0,0,0,1,0,0,0,0,"- ","- ",,,"SAN FRANCISCO","SAN FRANCISCO",-122.4121299,37.776659930000001
7015163,2014,2015-09-02,3801,2014-10-16,0900,27,CENTR,4,5,7,3801,0,0,0,,0,3A2C,"BUSH ST","KEARNY ST",0.00,,Y,-,-,N,,,,,,,,,,N,2,0,1,2,A,-,"- ",,,N,C,G,A,A,H,-,A,A,0,,Y,,,Y,,-,"- ",1,0,0,0,0,0,1,0,0,"- ","- ",,,"SAN FRANCISCO","SAN FRANCISCO",-122.4040299,37.790769939999997
7023114,2014,2016-02-29,3801,2014-10-12,0125,002266,INGLE,7,5,7,3801,0,0,0,,0,3H11E,"CRESCENT AV","ANDOVER ST",8.00,W,N,A,-,N,,,,,,,,,,N,2,0,1,2,A,-,12,22450,A,F,B,B,E,A,H,-,C,A,0,Y,,,,Y,Y,A,01,1,0,0,0,1,0,0,0,0,"- ","- ",,,"SAN FRANCISCO","SAN FRANCISCO",-122.41686765,37.734920860000003
7025112,2015,2015-09-02,3801,2015-04-09,1404,27,CENTR,4,5,7,3801,0,0,0,,0,3A2C,"MONTGOMERY ST","SUTTER ST",64.00,S,N,A,-,N,,,,,,,,,,N,2,0,1,2,A,-,11,21955,,N,G,B,E,A,H,-,A,A,0,Y,,,,Y,,N,60,1,0,0,0,1,0,0,0,0,"- ","- ",,,"SAN FRANCISCO","SAN FRANCISCO",-122.40213601000001,37.789836260000001
7027581,2015,2015-08-27,3801,2015-04-15,1425,4160,,3,5,7,3801,0,0,0,,0,03B,"9TH ST","HARRISON ST",100.00,S,N,A,-,N,,,,,,,,,,N,2,0,1,2,D,-,00,,,N,B,C,A,A,H,-,A,D,0,,,,,Y,,-,"- ",1,0,0,0,0,0,0,0,0,"- ","- ",,,"SAN FRANCISCO","SAN FRANCISCO",-122.40980872999999,37.77233305
7027589,2015,2015-09-08,3801,2015-04-14,2155,001817,NORTH,2,5,7,3801,0,0,0,,0,3E11E,"POST ST","POLK ST",90.00,W,N,A,-,N,,,,,,,,,,N,2,0,1,1,A,-,15,21201,A,N,E,I,A,A,H,-,C,A,0,,Y,,,Y,,L,04,1,0,0,0,0,0,1,0,0,"- ","- ",,,"SAN FRANCISCO","SAN FRANCISCO",-122.42020788000001,37.786792230000003
7029255,2015,2015-08-28,3801,2015-06-30,0009,1246,NORTH,2,5,7,3801,0,0,0,,0,3E12E,"HAYES ST","POLK ST",0.00,,Y,A,-,N,,,,,,,,,,Y,2,0,3,2,A,-,12,21453,A,N,D,C,A,A,H,-,C,A,0,,,,,Y,,A,01,1,1,1,0,0,0,0,0,0,"- ","- ",,,"SAN FRANCISCO","SAN FRANCISCO",-122.41803994,37.777509909999999
7032727,2015,2016-04-06,3801,2015-05-23,2340,1420,SOUTH,6,5,7,3801,0,0,0,,0,4B3A,"10TH ST","MISSION ST",108.00,S,N,A,-,N,,,,,,,,,,N,1,1,0,2,A,-,11,21954,A,N,G,B,D,A,H,-,C,D,0,Y,,,,Y,,N,60,0,0,0,1,0,0,0,0,0,"- ","- ",,,"SAN FRANCISCO","SAN FRANCISCO",-122.4156486,37.775067919999998
7032912,2015,2015-08-19,3801,2015-05-30,1517,004265,INGLE,6,5,7,3801,0,0,0,,0,3H13D,"ELLSWORTH ST","CRESCENT AV",440.00,S,N,A,-,N,,,,,,,,,,Y,2,0,1,2,A,-,"- ",,,N,H,E,A,A,H,-,A,D,0,,,,,Y,,A,07,1,0,0,0,0,0,0,0,0,"- ","- ",,,"SAN FRANCISCO","SAN FRANCISCO",-122.41502844999999,37.733622140000001
7034665,2015,2015-09-18,3801,2015-02-19,1635,000985,RICHM,4,5,7,3801,0,0,0,,0,3G60,"3RD ST","MISSION ROCK ST",100.00,S,N,A,-,N,,,,,,,,,,N,2,0,1,2,A,-,07,21658,A,F,B,C,A,A,H,-,A,A,0,,,Y,,Y,,I,12,1,0,0,0,0,0,0,0,1,"- ","- ",,,"SAN FRANCISCO","SAN FRANCISCO",-122.38977260999999,37.77264615
7034863,2015,2015-09-18,3801,2015-02-19,0825,2127,SOUTH,4,5,7,3801,0,0,0,,0,4K101,"MAIN ST","MISSION ST",162.00,S,N,A,-,N,,,,,,,,,,N,2,0,1,2,A,-,06,21755,,N,B,G,A,A,H,-,A,D,0,,Y,,Y,Y,,L,04,1,0,0,0,0,0,1,0,0,"- ","- ",,,"SAN FRANCISCO","SAN FRANCISCO",-122.39457195999999,37.791546500000003
7035067,2015,2015-08-22,3801,2015-02-23,2359,2287,,1,5,7,3801,0,0,0,,0,,"3RD ST","PALOU AV",0.00,,Y,A,-,N,,,,,,,,,,Y,2,0,3,2,A,-,01,23152,A,N,D,C,A,A,H,-,C,A,0,,,,,Y,Y,A,01,1,0,2,0,0,0,0,0,0,"- ","- ",,,"SAN FRANCISCO","SAN FRANCISCO",-122.3910599,37.734039940000002
7037673,2014,2015-08-26,3801,2014-11-17,0945,2334,SOUTH,1,5,7,3801,0,0,0,,0,,"MARKET ST","3RD ST",0.00,,Y,A,-,N,,,,,,,,,,N,2,0,1,2,A,-,11,21453,D,F,G,B,B,A,H,-,A,A,0,Y,Y,,,Y,,N,60,1,0,0,0,0,0,1,0,0,"- ","- ",,,"SAN FRANCISCO","SAN FRANCISCO",-122.40345987000001,37.78765989
7052950,2015,2015-09-18,3801,2015-08-20,1750,4310,MISSI,4,5,7,3801,0,0,0,,0,6CAR,"FOLSOM ST","13TH ST",0.00,,Y,A,-,N,,,,,,,,,,N,2,0,1,2,A,-,03,22350,,N,-,A,A,A,H,-,A,A,0,,Y,,,Y,,L,04,1,0,0,0,0,0,1,0,0,"- ","- ",,,"SAN FRANCISCO","SAN FRANCISCO",-122.41558999,37.76952
7060048,2015,2015-10-13,3801,2015-08-26,1843,000320,NORTH,3,5,7,3801,0,0,0,,0,4B7E,"GOLDEN GATE AV","DIVISADERO ST",3.00,W,N,A,-,N,,,,,,,,,,N,2,0,1,2,A,-,06,21755,A,N,B,G,A,A,H,-,A,A,0,,Y,,,Y,,L,04,1,0,0,0,0,0,1,0,0,"- ","- ",,,"SAN FRANCISCO","SAN FRANCISCO",-122.43855025000001,37.778728690000001
7060129,2015,2015-10-10,3801,2015-09-01,0935,120,COC,2,5,7,3801,0,0,0,,0,4B6C,"3RD ST","PALOU AV",0.00,,Y,A,-,N,,,,,,,,,,Y,2,0,1,3,A,-,06,21755,,N,C,C,A,A,H,-,A,A,0,,,Y,,Y,,C,02,1,0,0,0,0,0,0,0,1,"- ","- ",,,"SAN FRANCISCO","SAN FRANCISCO",-122.3910599,37.734039940000002
7064283,2015,2016-01-29,3801,2015-10-04,0706,38,SOUTH,7,5,7,3801,0,0,0,,0,4CAR,"10TH ST","HOWARD ST",0.00,,Y,A,-,N,,,,,,,,,,Y,2,0,2,2,A,-,12,21453,A,N,D,C,A,A,H,-,B,A,0,,,,,Y,,-,,1,0,1,0,0,0,0,0,0,"- ","- ",,,"SAN FRANCISCO","SAN FRANCISCO",-122.41436998,37.774029919999997
7089780,2015,2015-10-10,3801,2015-09-27,1827,2135,RICHM,7,5,7,3801,0,0,0,,0,3G13D,"CALIFORNIA ST","3RD ST",0.00,E,N,A,-,N,,,,,,,,,,N,2,0,1,2,A,-,10,21950,A,N,G,B,B,A,H,-,A,A,0,Y,,,,Y,,A,01,1,0,0,0,1,0,0,0,0,"- ","- ",,,"SAN FRANCISCO","SAN FRANCISCO",-122.46136997000001,37.785389889999998
7089813,2015,2015-10-10,3801,2015-09-28,1035,2212,INGLE,1,5,7,3801,0,0,0,,0,3H74,"MONTEREY BL","GENNESSEE ST",180.00,S,N,A,-,N,,,,,,,,,,N,2,0,1,2,A,-,21,22106,,N,D,G,A,A,H,-,A,D,0,,Y,,,Y,,A,01,1,0,0,0,0,0,1,0,0,"- ","- ",,,"SAN FRANCISCO","SAN FRANCISCO",-122.45113000000001,37.731540000000003
7100031,2015,2015-10-12,3801,2015-09-11,0644,961,MISSI,5,5,7,3801,0,0,0,,0,3D13A,"24TH ST","CASTRO ST",0.00,,Y,A,-,N,,,,,,,,,,Y,2,0,1,2,A,-,09,21800,A,N,A,C,A,A,H,-,A,A,0,,,Y,,Y,,A,01,1,0,0,0,0,0,0,0,1,"- ","- ",,,"SAN FRANCISCO","SAN FRANCISCO",-122.43406988,37.751299930000002
7100779,2014,2015-12-16,3801,2014-03-14,0932,132,RICHM,5,5,7,3801,0,0,0,,0,4K5G,"CALIFORNIA ST","LAUREL ST",150.00,W,N,A,-,N,,,,,,,,,,Y,2,0,1,3,A,-,"- ",,,N,B,C,A,A,H,-,A,D,0,,,Y,,Y,,C,02,1,0,0,0,0,0,0,0,1,"- ","- ",,,"SAN FRANCISCO","SAN FRANCISCO",-122.45065077,37.786755919999997
7100808,2014,2015-12-16,3801,2014-04-27,1638,2348,INGLE,7,5,7,3801,0,0,0,,0,3H12D,"SAN JOSE AV","KINGSTON ST",0.00,,Y,A,-,N,,,,,,,,,,N,2,0,1,2,A,-,05,21650,1,N,D,G,A,A,H,-,A,A,0,,Y,,,Y,,L,,1,0,0,0,0,0,1,0,0,"- ","- ",,,"SAN FRANCISCO","SAN FRANCISCO",-122.42350988,37.741719959999998
7100956,2014,2015-12-17,3801,2014-05-26,0240,1045,PARK,1,5,7,3801,0,0,0,,0,003,STANYAN,WALLER,0.00,,Y,A,-,N,,,,,,,,,,Y,2,0,1,2,A,-,09,21801,A,N,A,C,A,A,H,-,C,A,0,,,Y,,Y,,A,01,1,0,0,0,0,0,0,0,1,"- ","- ",,,"SAN FRANCISCO","SAN FRANCISCO",-122.45334990000001,37.768249939999997
7101223,2015,2016-01-11,3801,2015-11-10,2055,002146,,2,5,7,3801,0,0,0,,0,,"DIVISION ST",CLAY,0.00,,Y,A,-,N,,,,,,,,,,N,2,0,1,2,A,-,10,21950,A,N,G,B,B,A,H,-,C,A,0,Y,,,,Y,,A,07,1,0,0,0,1,0,0,0,0,"- ","- ",,,"SAN FRANCISCO","SAN FRANCISCO",-122.4408263,37.789860500000003
7101467,2015,2016-01-14,3801,2015-11-05,0815,1718,MISSI,4,5,7,3801,0,0,0,,0,3D15A,"GUERRERO ST","21ST ST",110.00,N,N,A,-,N,,,,,,,,,,N,2,0,2,2,A,-,04,21703,,N,C,C,A,-,H,-,A,D,0,,,Y,,Y,Y,C,02,1,0,1,0,0,0,0,0,2,"- ","- ",,,"SAN FRANCISCO","SAN FRANCISCO",-122.42335638,37.757091459999998
7101637,2015,2016-01-14,3801,2015-12-15,1733,2286,PARK,2,5,7,3801,0,0,0,,0,SECTOR,"MASONIC AV","FULTON ST",146.00,S,N,A,-,N,,,,,,,,,,N,2,0,1,2,A,-,11,21955,,N,G,B,D,A,H,-,B,D,0,Y,,,,Y,,N,60,1,0,0,0,1,0,0,0,0,"- ","- ",,,"SAN FRANCISCO","SAN FRANCISCO",-122.44639327,37.775393569999999
7110743,2015,2015-11-16,3801,2015-10-20,1913,001544,TARAV,2,5,7,3801,0,0,0,,0,3I16D,"JUNIPERO SERRA BL","PALMETTO AV",181.00,N,N,A,-,N,,,,,,,,,,Y,2,0,1,3,A,-,04,21703,,N,B,C,A,A,H,-,C,D,0,,,Y,,Y,,C,02,1,0,0,0,0,0,0,0,1,"- ","- ",,,"SAN FRANCISCO","SAN FRANCISCO",-122.47107380999999,37.711137119999997
7110800,2015,2015-11-16,3801,2015-10-22,1202,2318,MISSI,4,5,7,3801,0,0,0,,0,3D2C,"ELIZABETH ST","CHURCH ST",0.00,,Y,A,-,N,,,,,,,,,,Y,2,0,1,1,A,-,03,22350,,M,E,I,A,A,H,-,A,A,0,,,,,Y,,A,07,1,0,0,0,0,0,0,0,0,"- ","- ",,,"SAN FRANCISCO","SAN FRANCISCO",-122.42748985999999,37.752469980000001
7161160,2014,2016-01-15,3801,2014-08-30,0220,4332,SOUTH,6,5,7,3801,0,0,0,,0,3B11E,"FOLSOM ST","2ND ST",0.00,,Y,A,-,N,,,,,,,,,,Y,2,0,6,2,A,-,01,23153,A,N,D,C,A,A,H,-,C,A,0,,,,,Y,Y,A,07,5,0,1,0,0,0,0,0,0,"- ","- ",,,"SAN FRANCISCO","SAN FRANCISCO",-122.39672994,37.785559990000003
7189062,2014,2016-02-22,3801,2014-05-31,1945,004350,MISSI,6,5,7,3801,0,0,0,,0,3D15D,"16TH ST","CAPP ST",0.00,,Y,A,-,N,,,,,,,,,,N,2,0,1,2,A,-,10,21950,A,N,G,B,B,A,H,-,A,D,0,Y,,,,Y,,A,01,1,0,0,0,1,0,0,0,0,"- ","- ",,,"SAN FRANCISCO","SAN FRANCISCO",-122.41869990000001,37.765099890000002
7190083,2016,2016-03-28,3801,2016-02-05,0950,1994,TENDE,5,5,7,3801,0,0,0,,0,,"MARKET ST","7TH ST",28.00,W,N,A,-,N,,,,,,,,,,N,1,1,0,2,A,-,10,21950,A,N,G,B,B,A,H,-,A,A,0,Y,,,,Y,,A,01,0,0,0,1,0,0,0,0,0,"- ","- ",,,"SAN FRANCISCO","SAN FRANCISCO",-122.41257862000001,37.78042568
7200147,2017,2018-06-14,3801,2017-04-28,1128,595,SOUTH,5,5,7,3801,0,0,0,,0,3B13C,"MISSION BAY SOUTH BL","3RD ST",0.00,,Y,A,-,N,,,,,,,,,,N,1,1,0,2,A,-,12,21453,A,N,D,G,A,A,H,-,A,A,0,,Y,,,Y,,L,04,0,0,0,0,0,1,0,0,0,"- ","- ",,,"SAN FRANCISCO","SAN FRANCISCO",-122.38957987000001,37.770690000000002
7202237,2016,2016-03-07,3801,2016-02-19,2252,2353,BAYVI,5,5,7,3801,0,0,0,,0,3C11E,"CESAR CHAVEZ DR","PENNSYLVANIA RD",0.00,,Y,A,-,N,,,,,,,,,,Y,2,0,1,2,A,-,01,23153,A,F,D,C,A,A,H,-,C,A,0,,,Y,,Y,Y,D,22,1,0,0,0,0,0,0,0,1,"- ","- ",,,"SAN FRANCISCO","SAN FRANCISCO",-122.39241993,37.750049990000001
7203058,2016,2016-03-07,3801,2016-01-03,0427,155,SOUTH,7,5,7,3801,0,0,0,,0,001,"KING ST","TOWNSEND ST",325.00,W,N,A,-,N,,,,,,,,,,Y,2,0,1,1,A,-,03,22350,,N,F,I,A,A,H,-,C,D,0,,,,,Y,Y,A,01,1,0,0,0,0,0,0,0,0,"- ","- ",,,"SAN FRANCISCO","SAN FRANCISCO",-122.3894459,37.781435109999997
8020419,2016,2016-04-14,3801,2016-03-04,1905,004320,NGLSD,5,5,7,3801,0,0,0,,0,001,"MISSION ST","KINGSTON ST",0.00,,Y,A,-,N,,,,,,,,,,N,2,0,1,2,A,-,11,21950,B,N,G,B,D,A,H,-,C,D,0,Y,,,,Y,,N,60,1,0,0,0,1,0,0,0,0,"- ","- ",,,"SAN FRANCISCO","SAN FRANCISCO",-122.42237987999999,37.741750000000003
8042406,2016,2016-05-16,3801,2016-04-09,0201,004222,COH,6,5,7,3801,0,0,0,,0,3H11E,"MISSION ST","HIGHLAND AV",0.00,,Y,C,-,N,,,,,,,,,,N,2,0,1,2,A,-,10,21950,A,N,G,B,B,B,H,-,C,D,0,Y,,,,Y,,A,08,1,0,0,0,1,0,0,0,0,"- ","- ",,,"SAN FRANCISCO","SAN FRANCISCO",-122.42403989,37.737359929999997
8052340,2016,2016-06-20,3801,2016-05-15,0947,2472,MISSI,7,5,7,3801,0,0,0,,0,901,"CESAR CHAVEZ ST","HAMPSHIRE ST",30.00,E,N,A,-,N,,,,,,,,,,N,2,0,1,2,A,-,02,21654,A,N,G,B,E,A,H,-,A,D,0,Y,,,,Y,,N,60,1,0,0,0,1,0,0,0,0,"- ","- ",,,"SAN FRANCISCO","SAN FRANCISCO",-122.40667153,37.74880606
8067251,2017,2017-07-20,3801,2017-06-09,2110,1693,PARK,5,5,7,3801,0,0,0,,0,003,"ANZA ST","ROSSI AV",0.00,,Y,A,-,N,,,,,,,,,,Y,2,0,1,2,A,-,09,21801,A,N,A,C,A,A,H,-,C,D,0,,,Y,,Y,,A,01,1,0,0,0,0,0,0,0,1,"- ","- ",,,"SAN FRANCISCO","SAN FRANCISCO",-122.45650997,37.779679950000002
8079095,2016,2016-07-12,3801,2016-06-19,1640,002207,MISSI,7,5,7,3801,0,0,0,,0,3D15D,"NOE ST","JERSEY ST",9.00,S,N,A,-,N,,,,,,,,,,N,2,0,1,2,B,-,22,,,N,D,B,E,A,H,-,A,A,0,Y,,,,Y,,N,60,1,0,0,0,1,0,0,0,0,"- ","- ",,,"SAN FRANCISCO","SAN FRANCISCO",-122.43178758000001,37.750605350000001
8083293,2016,2016-07-15,3801,2016-05-31,1917,1936,PARK,2,5,7,3801,0,0,0,,0,4B7F,"SUNSET TUNNEL","NOE ST",262.00,W,N,A,-,N,,,,,,,,,,N,2,0,1,1,A,-,01,23152,A,N,H,J,A,-,G,-,A,A,0,,,Y,,Y,Y,C,03,1,0,0,0,0,0,0,0,1,"- ","- ",,,"SAN FRANCISCO","SAN FRANCISCO",,
8098252,2016,2016-08-17,3801,2016-07-22,0040,002314,PARK,5,5,7,3801,0,0,0,,0,3F13E,"HAIGHT ST","MASONIC AV",86.00,W,N,A,-,N,,,,,,,,,,N,2,0,1,2,A,-,11,21955,,F,G,B,D,A,H,-,C,D,0,Y,,,,Y,,N,60,1,0,0,0,1,0,0,0,0,"- ","- ",,,"SAN FRANCISCO","SAN FRANCISCO",-122.44564372000001,37.770172330000001
8101288,2016,2016-08-17,3801,2016-07-21,2222,93,NORTH,4,5,7,3801,0,0,0,,0,3E13E,DIVISADERO,"ELLIS ST",15.00,S,N,A,-,N,,,,,,,,,,N,2,0,1,2,A,-,11,21956,,N,D,B,D,A,H,-,C,A,0,Y,,,,Y,,N,60,1,0,0,0,1,0,0,0,0,"- ","- ",,,"SAN FRANCISCO","SAN FRANCISCO",-122.43910136,37.78147937
8101383,2016,2016-08-17,3801,2016-07-01,1906,899,CENTR,5,5,7,3801,0,0,0,,0,4B3E,"UNION ST","GRANT ST",4.00,W,N,A,-,N,,,,,,,,,,N,2,0,1,2,A,-,10,21950,A,N,G,B,B,A,H,-,A,A,0,Y,,,,Y,,A,01,1,0,0,0,1,0,0,0,0,"- ","- ",,,"SAN FRANCISCO","SAN FRANCISCO",-122.40761367,37.800628240000002
8122006,2016,2016-09-14,3801,2016-08-25,1819,1102,SOUTH,4,5,7,3801,0,0,0,,0,0B3,"HOWARD ST","7TH ST",0.00,,Y,A,-,N,,,,,,,,,,N,2,0,1,1,C,-,18,,,N,H,A,A,A,H,-,A,D,0,,Y,,,Y,,-,"- ",1,0,0,0,0,0,1,0,0,"- ","- ",,,"SAN FRANCISCO","SAN FRANCISCO",-122.40939992,37.777979969999997
8136959,2016,2016-10-11,3801,2016-09-04,1415,2099,INGLE,7,5,7,3801,0,0,0,,0,3H11C,"MISSION ST","FAIR AV",0.00,,Y,A,-,N,,,,,,,,,,N,2,0,1,2,A,-,12,21453,A,N,D,G,A,A,H,-,A,A,0,,Y,,,Y,,L,04,1,0,0,0,0,0,1,0,0,"- ","- ",,,"SAN FRANCISCO","SAN FRANCISCO",-122.41986995000001,37.745589930000001
8137480,2016,2016-10-11,3801,2016-09-03,0100,1396,MISSI,6,5,7,3801,0,0,0,,0,3D11E,"14TH ST","GUERRERO ST",100.00,E,N,A,-,N,,,,,,,,,,N,2,0,1,2,A,-,11,21955,,N,G,B,D,A,H,-,C,A,0,Y,,,,Y,Y,N,60,1,0,0,0,1,0,0,0,0,"- ","- ",,,"SAN FRANCISCO","SAN FRANCISCO",-122.42406487,37.768040120000002
8137504,2016,2016-10-11,3801,2016-09-30,1840,1597,TARAV,5,5,7,3801,0,0,0,,0,3116D,"KIRKHAM ST","27TH AV",0.00,,Y,A,-,N,,,,,,,,,,N,2,0,1,2,A,-,10,21950,A,N,G,B,D,A,H,-,B,D,0,Y,,,,Y,,A,01,1,0,0,0,1,0,0,0,0,"- ","- ",,,"SAN FRANCISCO","SAN FRANCISCO",-122.48542986,37.759459960000001
8144817,2016,2017-01-03,3801,2016-11-09,2043,1994,BAYVI,3,5,7,3801,0,0,0,,0,4B3B,"SAN BRUNO AV","MANSELL ST",0.00,,Y,A,-,N,,,,,,,,,,Y,2,0,1,2,B,-,22,,,N,D,C,A,A,H,-,C,A,0,,,,,Y,Y,J,48,1,0,0,0,0,0,0,0,0,"- ","- ",,,"SAN FRANCISCO","SAN FRANCISCO",-122.40111996,37.721639969999998
8340748,2017,2017-04-19,3801,2017-03-07,1414,13,TENDE,2,5,7,3801,0,0,0,,0,4B4E,"JESSIE ST","6TH ST",199.00,E,N,A,-,N,,,,,,,,,,N,2,0,1,2,A,-,11,21954,A,N,G,B,E,A,H,-,A,D,0,Y,,,Y,Y,,N,60,1,0,0,0,1,0,0,0,0,"- ","- ",,,"SAN FRANCISCO","SAN FRANCISCO",-122.4087205,37.781784610000003
8342999,2017,2017-04-12,3801,2017-03-29,1508,1994,CENTR,3,5,7,3801,0,0,0,,0,4B7E,"COLUMBUS AV","UNION ST",198.00,N,N,A,-,N,,,,,,,,,,Y,2,0,1,2,A,-,11,21955,,F,G,B,D,A,H,-,A,D,0,Y,,,,Y,,N,60,1,0,0,0,1,0,0,0,0,"- ","- ",37.800339999999998,-122.41038,"SAN FRANCISCO","SAN FRANCISCO",-122.41068838,37.800665860000002
8343014,2017,2017-04-13,3801,2017-02-06,1938,256,BAYVI,1,5,7,3801,0,0,0,,0,4B8I,"MCKINNON AV","RANKIN ST",210.00,W,N,C,-,N,,,,,,,,,,N,2,0,1,2,A,-,11,21954,A,F,G,B,E,B,H,-,C,D,0,Y,,,,Y,,N,60,1,0,0,0,1,0,0,0,0,"- ","- ",37.740049999999997,-122.39666,"SAN FRANCISCO","SAN FRANCISCO",-122.39733517000001,37.740438009999998