CASE_ID,ACCIDENT_YEAR,PROC_DATE,JURIS,COLLISION_DATE,COLLISION_TIME,OFFICER_ID,REPORTING_DISTRICT,DAY_OF_WEEK,CHP_SHIFT,POPULATION,CNTY_CITY_LOC,SPECIAL_COND,BEAT_TYPE,CHP_BEAT_TYPE,CITY_DIVISION_LAPD,CHP_BEAT_CLASS,BEAT_NUMBER,PRIMARY_RD,SECONDARY_RD,DISTANCE,DIRECTION,INTERSECTION,WEATHER_1,WEATHER_2,STATE_HWY_IND,CALTRANS_COUNTY,CALTRANS_DISTRICT,STATE_ROUTE,ROUTE_SUFFIX,POSTMILE_PREFIX,POSTMILE,LOCATION_TYPE,RAMP_INTERSECTION,SIDE_OF_HWY,TOW_AWAY,COLLISION_SEVERITY,NUMBER_KILLED,NUMBER_INJURED,PARTY_COUNT,PRIMARY_COLL_FACTOR,PCF_CODE_OF_VIOL,PCF_VIOL_CATEGORY,PCF_VIOLATION,PCF_VIOL_SUBSECTION,HIT_AND_RUN,TYPE_OF_COLLISION,MVIW,PED_ACTION,ROAD_SURFACE,ROAD_COND_1,ROAD_COND_2,LIGHTING,CONTROL_DEVICE,CHP_ROAD_TYPE,PEDESTRIAN_ACCIDENT,BICYCLE_ACCIDENT,MOTORCYCLE_ACCIDENT,TRUCK_ACCIDENT,NOT_PRIVATE_PROPERTY,ALCOHOL_INVOLVED,STWD_VEHTYPE_AT_FAULT,CHP_VEHTYPE_AT_FAULT,COUNT_SEVERE_INJ,COUNT_VISIBLE_INJ,COUNT_COMPLAINT_PAIN,COUNT_PED_KILLED,COUNT_PED_INJURED,COUNT_BICYCLIST_KILLED,COUNT_BICYCLIST_INJURED,COUNT_MC_KILLED,COUNT_MC_INJURED,PRIMARY_RAMP,SECONDARY_RAMP,LATITUDE,LONGITUDE,COUNTY,CITY,POINT_X,POINT_Y
8343193,2017,2017-06-17,3801,2017-03-08,1413,974,COI,3,5,7,3801,0,0,0,,0,3I11A,"15TH AV",LINCOLN,188.00,S,N,A,-,N,,,,,,,,,,N,2,0,1,2,A,-,11,21954,A,N,G,B,D,-,H,-,A,D,0,Y,,,,Y,,N,60,1,0,0,0,1,0,0,0,0,"- ","- ",,,"SAN FRANCISCO","SAN FRANCISCO",-122.47288725,37.765124190000002
8359512,2017,2017-05-11,3801,2017-04-29,0723,628,SOUTH,6,5,7,3801,0,0,0,,0,003,"MARKET ST","GUERRERO ST",0.00,,Y,A,-,N,,,,,,,,,,Y,2,0,1,2,A,-,09,21801,A,N,D,C,A,A,H,-,A,A,0,,,Y,,Y,,D,22,1,0,0,0,0,0,0,0,1,"- ","- ",,,"SAN FRANCISCO","SAN FRANCISCO",-122.42485991,37.770749879999997
8360106,2017,2017-05-11,3801,2017-03-31,2100,A06498,INGLE,5,5,7,3801,0,0,0,,0,0H1,"CORTLAND AV","BRADFORD ST",141.00,W,N,A,-,N,,,,,,,,,,Y,2,0,1,2,A,-,12,21453,A,N,A,I,A,A,H,-,C,A,0,,,Y,,Y,,C,02,1,0,0,0,0,0,0,0,1,"- ","- ",,,"SAN FRANCISCO","SAN FRANCISCO",-122.41011621,37.73975085
8375788,2017,2017-07-11,3801,2017-05-16,1604,1374,TARAV,2,5,7,3801,0,0,0,,0,3I16D,"ALVISO ST","HOLLOWAY AV",45.00,N,N,A,-,N,,,,,,,,,,Y,2,0,1,2,A,-,03,22350,,N,E,E,A,A,H,-,A,D,0,,,Y,,Y,,C,02,1,0,0,0,0,0,0,0,1,"- ","- ",,,"SAN FRANCISCO","SAN FRANCISCO",-122.46970647000001,37.721750720000003
8378123,2017,2017-06-14,3801,2017-05-09,0249,1766,INGLE,2,5,7,3801,0,0,0,,0,4B3C,"MISSION ST","WHITTIER ST",43.00,S,N,A,-,N,,,,,,,,,,Y,2,0,2,4,A,-,00,23153,F,N,G,B,F,A,H,-,C,A,0,Y,,,,Y,,A,01,2,0,0,0,2,0,0,0,0,"- ","- ",37.710349999999998,-122.44832,"SAN FRANCISCO","SAN FRANCISCO",-122.44849977,37.710292330000001
8379190,2017,2017-06-23,3801,2017-05-02,1752,577,SOUTH,2,5,7,3801,0,0,0,,0,0B1,"2ND ST","TOWNSEND ST",30.00,N,N,A,-,N,,,,,,,,,,N,2,0,1,3,A,-,02,22400,A,N,B,G,A,A,H,-,A,A,0,,Y,,,Y,,A,01,1,0,0,0,0,0,1,0,0,"- ","- ",,,"SAN FRANCISCO","SAN FRANCISCO",-122.39059337,37.78067832
8382162,2017,2017-06-13,3801,2017-05-15,0800,1579,MISSI,1,5,7,3801,0,0,0,,0,3D14A,"CESAR CHAVEZ","ALABAMA ST",0.00,,Y,A,-,N,,,,,,,,,,N,2,0,1,2,A,-,09,21801,A,N,D,G,A,A,H,-,A,A,0,,Y,,,Y,,A,07,1,0,0,0,0,0,1,0,0,"- ","- ",,,"SAN FRANCISCO","SAN FRANCISCO",-122.41053993,37.748329890000001
8404446,2017,2017-08-29,3801,2017-07-19,2022,1766,NORTH,3,5,7,3801,0,0,0,,0,4B3C,"GEARY BL","LAGUNA ST",0.00,,Y,A,-,N,,,,,,,,,,Y,1,1,1,2,A,-,08,22101,D,N,D,C,A,A,H,-,A,A,0,,,Y,,Y,,D,22,1,0,0,0,0,0,0,1,1,"- ","- ",37.785170000000001,-122.42798000000001,"SAN FRANCISCO","SAN FRANCISCO",-122.42799999,37.785039920000003
8445887,2017,2017-09-14,3801,2017-08-31,1455,A21561,COG,4,5,7,3801,0,0,0,,0,3G12C,"FULTON ST","ARGUELLO BL",0.00,,Y,A,-,N,,,,,,,,,,Y,2,0,2,4,A,-,01,23152,A,N,C,D,A,A,H,-,A,A,0,,,,,Y,Y,A,01,1,0,1,0,0,0,0,0,0,"- ","- ",,,"SAN FRANCISCO","SAN FRANCISCO",-122.45834993,37.774289899999999
8464090,2017,2017-10-27,3801,2017-09-05,2024,A21782,TENDE,2,5,7,3801,0,0,0,,0,3J51D,"JONES ST","EDDY ST",25.00,N,N,A,-,N,,,,,,,,,,N,2,0,2,2,A,-,03,22350,,N,C,G,A,A,H,-,C,A,0,,Y,,,Y,,L,04,1,0,1,0,0,0,1,0,0,"- ","- ",,,"SAN FRANCISCO","SAN FRANCISCO",-122.41260357,37.78400783
8465384,2018,2018-10-02,3801,2018-07-17,1005,1714,TRAFF,2,5,7,3801,0,0,0,,0,3100,"SLOAT BL","36TH AV",10.00,W,N,B,-,N,,,,,,,,,,Y,1,1,0,2,A,-,10,21950,A,N,G,B,C,A,H,-,A,A,0,Y,,,,Y,,A,01,0,0,0,1,0,0,0,0,0,"- ","- ",,,"SAN FRANCISCO","SAN FRANCISCO",-122.49335479736328,37.734031677246094
8465796,2019,2019-05-10,3801,2019-01-28,1759,262,TRAFF,1,5,7,3801,0,0,0,,0,4B4J,"CABRILLO ST","46TH AV",0.00,,Y,A,-,N,,,,,,,,,,Y,1,1,0,2,A,-,10,21950,A,N,G,B,B,A,H,-,C,D,0,Y,,,,Y,,A,01,0,0,0,1,0,0,0,0,0,"- ","- ",,,"SAN FRANCISCO","SAN FRANCISCO",-122.50682830810547,37.773399353027344
8465798,2019,2019-05-10,3801,2019-03-01,1905,1766,TRAFF,5,5,7,3801,0,0,0,,0,4B3C,"MANSELL ST","JOHN F SHELLEY DR W",647.00,W,N,A,-,N,,,,,,,,,,Y,1,1,1,2,A,-,05,21460,A,N,A,C,A,A,H,-,C,D,0,,,,,Y,,-,"- ",0,0,1,0,0,0,0,0,0,"- ","- ",,,"SAN FRANCISCO","SAN FRANCISCO",-122.42070770263672,37.718822479248047
8485244,2017,2017-12-04,3801,2017-10-11,0140,73,CENTR,3,5,7,3801,0,0,0,,0,4B2D,"LARKIN ST","POST ST",0.00,,Y,A,-,N,,,,,,,,,,Y,2,0,3,5,A,-,12,21453,A,N,D,C,A,A,H,-,C,A,0,,,,,Y,Y,A,01,2,0,1,0,0,0,0,0,0,"- ","- ",37.787100000000002,-122.41821,"SAN FRANCISCO","SAN FRANCISCO",-122.41826994,37.787039900000003
8491253,2017,2017-12-06,3801,2017-10-12,1757,2111,MISSI,4,5,7,3801,0,0,0,,0,3D1D,"VALENCIA ST","14TH ST",0.00,,Y,A,-,N,,,,,,,,,,N,2,0,1,2,A,-,17,22517,,N,E,G,A,A,H,-,A,D,0,,Y,,,Y,,-,,1,0,0,0,0,0,1,0,0,"- ","- ",,,"SAN FRANCISCO","SAN FRANCISCO",-122.42217989,37.768149889999997
8491262,2017,2017-12-06,3801,2017-10-26,0926,299,RICHM,4,5,7,3801,0,0,0,,0,3G13A,"25TH AV","GEARY BL",63.00,N,N,A,-,N,,,,,,,,,,N,2,0,1,1,A,-,03,22350,,N,H,A,A,A,H,-,A,D,0,,,Y,,Y,,C,03,1,0,0,0,0,0,0,0,1,"- ","- ",,,"SAN FRANCISCO","SAN FRANCISCO",-122.48475439000001,37.780332690000002
8515283,2017,2018-01-02,3801,2017-11-26,0959,834,SOUTH,7,5,7,3801,0,0,0,,0,3B14A,"FOLSOM ST","6TH ST",0.00,,Y,B,C,N,,,,,,,,,,Y,2,0,3,3,A,-,12,21453,A,N,D,C,A,B,H,-,A,A,0,,,,Y,Y,,A,01,3,0,0,0,0,0,0,0,0,"- ","- ",,,"SAN FRANCISCO","SAN FRANCISCO",-122.40559986,37.778500000000001
8515595,2017,2017-12-21,3801,2017-11-23,2121,A21967,TARAV,4,5,7,3801,0,0,0,,0,005,"JUNIPERO SERRA BL","WINSTON DR",4.00,S,N,E,-,N,,,,,,,,,,N,2,0,2,3,A,-,10,21950,A,N,G,B,B,A,H,-,C,A,0,Y,,,,Y,,A,01,1,0,1,0,2,0,0,0,0,"- ","- ",,,"SAN FRANCISCO","SAN FRANCISCO",-122.47237069000001,37.726829019999997
8572676,2018,2018-03-14,3801,2018-02-10,0817,002345,TARAV,6,5,7,3801,0,0,0,,0,3I13A,"RIVERA ST","40TH AV",0.00,,Y,A,-,N,,,,,,,,,,N,2,0,1,2,A,-,10,21950,A,N,G,B,D,A,H,-,A,A,0,Y,,,,Y,,A,01,1,0,0,0,1,0,0,0,0,"- ","- ",,,"SAN FRANCISCO","SAN FRANCISCO",-122.49842071533203,37.74578857421875
8573796,2018,2018-03-15,3801,2018-02-15,1911,4358,BAYVI,4,5,7,3801,0,0,0,,0,002,"PALOU AV","INGALLS ST",226.00,E,N,A,-,N,,,,,,,,,,Y,2,0,1,4,A,-,03,22350,,F,D,C,A,A,H,-,D,D,0,,,,,Y,,A,01,1,0,0,0,0,0,0,0,0,"- ","- ",,,"SAN FRANCISCO","SAN FRANCISCO",-122.38280487060547,37.729385375976562
8594301,2018,2018-04-24,3801,2018-03-26,1104,518,TENDE,1,5,7,3801,0,0,0,,0,4B2H,"MARKET ST","4TH ST",170.00,W,N,A,-,N,,,,,,,,,,N,2,0,1,2,A,-,11,21955,,N,G,B,D,A,H,-,A,D,0,Y,,,,Y,,N,60,1,0,0,0,1,0,0,0,0,"- ","- ",,,"SAN FRANCISCO","SAN FRANCISCO",-122.40630340576172,37.785366058349609
8594610,2018,2018-04-20,3801,2018-03-03,2048,A20836,INGLE,6,5,7,3801,0,0,0,,0,3H15D,"SICKLES AV","HURON AV",36.00,W,N,C,-,N,,,,,,,,,,N,2,0,1,2,A,-,11,21954,A,N,G,B,D,B,H,-,C,D,0,Y,,,,Y,,N,60,1,0,0,0,1,0,0,0,0,"- ","- ",,,"SAN FRANCISCO","SAN FRANCISCO",-122.45333099365234,37.709251403808594
8597251,2018,2018-04-18,3801,2018-03-15,1310,446,NORTH,4,5,7,3801,0,0,0,,0,0E5,"LOMBARD ST","OCTAVIA ST",0.00,,Y,C,-,N,,,,,,,,,,Y,2,0,2,3,A,-,09,21801,A,N,A,C,A,B,H,-,A,A,0,,,,,Y,,A,01,1,0,1,0,0,0,0,0,0,"- ","- ",,,"SAN FRANCISCO","SAN FRANCISCO",-122.42946624755859,37.800689697265625
8623899,2018,2018-08-23,3801,2018-04-05,1816,A10726,NORTH,4,5,7,3801,0,0,0,,0,3E16D,"VAN NESS AV","PACIFIC AV",0.00,,Y,B,C,Y,SF,4,101,-,-,6.240,H,-,N,Y,2,0,2,2,A,-,03,22350,,N,E,D,A,B,-,-,A,A,0,,,Y,,Y,,A,01,1,0,1,0,0,0,0,0,1,"- ","- ",,,"SAN FRANCISCO","SAN FRANCISCO",-122.42311096191406,37.794692993164062
8636802,2018,2018-06-22,3801,2018-05-24,1645,459,RICHM,4,5,7,3801,0,0,0,,0,3G12D,"CABRILLO ST","22ND AV",132.00,W,N,A,-,N,,,,,,,,,,Y,2,0,1,3,A,-,03,22350,,N,C,E,A,A,H,-,A,D,0,,,,,Y,,A,01,1,0,0,0,0,0,0,0,0,"- ","- ",,,"SAN FRANCISCO","SAN FRANCISCO",-122.48157501220703,37.774566650390625
8636921,2018,2018-06-25,3801,2018-05-22,1804,2342,NORTH,2,5,7,3801,0,0,0,,0,3E13D,"BROADWAY ST","FRANKLIN ST",190.00,E,N,A,-,N,,,,,,,,,,N,2,0,1,2,C,-,18,,,N,H,G,A,A,H,-,B,D,0,,Y,,,Y,,-,"- ",1,0,0,0,0,0,1,0,0,"- ","- ",,,"SAN FRANCISCO","SAN FRANCISCO",-122.42437744140625,37.795616149902344
8636971,2018,2018-06-22,3801,2018-05-31,1353,2716,TARAV,4,5,7,3801,0,0,0,,0,3I11A,"9TH AV","12TH AV",457.00,E,N,A,-,N,,,,,,,,,,N,2,0,1,1,D,-,00,,,N,H,A,A,A,H,-,A,D,0,,Y,,,Y,,-,"- ",1,0,0,0,0,0,1,0,0,"- ","- ",,,"SAN FRANCISCO","SAN FRANCISCO",-122.46685791015625,37.747203826904297
8650558,2018,2020-05-22,3801,2018-07-07,1944,1669,MISSI,6,5,7,3801,0,0,0,,0,3DE16D,"MISSION ST","16TH ST",70.00,S,N,A,-,N,,,,,,,,,,Y,1,1,0,2,A,-,11,21955,,N,G,B,D,A,H,-,A,A,0,Y,,,,Y,,N,60,0,0,0,1,0,0,0,0,0,"- ","- ",,,"SAN FRANCISCO","SAN FRANCISCO",-122.41964721679688,37.764858245849609
8656280,2018,2018-07-30,3801,2018-06-19,1650,796,NORTH,2,5,7,3801,0,0,0,,0,CENTRA,"CALIFORNIA ST","MONTGOMERY ST",0.00,,Y,F,-,N,,,,,,,,,,N,2,0,1,2,A,-,10,21950,C,N,G,B,B,-,G,-,A,A,0,Y,,,,Y,,A,01,1,0,0,0,1,0,0,0,0,"- ","- ",,,"SAN FRANCISCO","SAN FRANCISCO",-122.40277099609375,37.792888641357422
8661239,2018,2018-07-27,3801,2018-06-08,0757,4115,MISSI,5,5,7,3801,0,0,0,,0,3D14A,"DIVISION ST","POTRERO AV",0.00,,Y,A,-,N,,,,,,,,,,N,2,0,1,2,A,-,10,21950,A,N,G,B,B,A,H,-,A,A,0,Y,,,,Y,,I,11,1,0,0,0,1,0,0,0,0,"- ","- ",,,"SAN FRANCISCO","SAN FRANCISCO",-122.40788269042969,37.769218444824219
8661244,2018,2018-07-30,3801,2018-06-28,1025,203,SOUTH,4,5,7,3801,0,0,0,,0,904,"2ND ST","HARRISON ST",39.00,N,N,A,-,N,,,,,,,,,,N,2,0,1,3,A,-,11,21950,B,N,B,B,E,A,H,-,A,A,0,Y,,,Y,Y,,N,60,1,0,0,0,1,0,0,0,0,"- ","- ",,,"SAN FRANCISCO","SAN FRANCISCO",-122.39527893066406,37.784404754638672
8667518,2018,2018-07-23,3801,2018-06-22,0738,2439,CENTR,5,5,7,3801,0,0,0,,0,3A15A,"MARKET ST","SUTTER ST",55.00,W,N,A,-,N,,,,,,,,,,N,2,0,1,1,-,-,"- ",,,N,H,A,A,A,H,-,A,D,0,,Y,,,Y,,-,"- ",1,0,0,0,0,0,1,0,0,"- ","- ",,,"SAN FRANCISCO","SAN FRANCISCO",-122.40027618408203,37.790191650390625
8667519,2018,2018-07-25,3801,2018-06-19,2148,1060,SOUTH,2,5,7,3801,0,0,0,,0,004,"MARKET ST","GOUGH ST",0.00,,Y,B,-,N,,,,,,,,,,Y,2,0,2,3,A,-,12,21453,A,N,D,C,A,A,H,-,C,A,0,,,,,Y,,A,01,1,0,1,0,0,0,0,0,0,"- ","- ",,,"SAN FRANCISCO","SAN FRANCISCO",-122.42221069335938,37.772869110107422
8683687,2018,2018-08-31,3801,2018-07-23,0855,A22887,CENTR,1,5,7,3801,0,0,0,,0,3A12A,"MONTGOMERY ST","SUTTER ST",25.00,S,N,A,-,N,,,,,,,,,,N,2,0,1,3,A,-,17,22517,,N,B,G,A,A,H,-,A,D,0,,Y,,,Y,,-,,1,0,0,0,0,0,1,0,0,"- ","- ",,,"SAN FRANCISCO","SAN FRANCISCO",-122.40215301513672,37.789943695068359
8754668,2018,2018-12-07,3801,2018-10-22,0812,4333,TARAV,1,5,7,3801,0,0,0,,0,002,"34TH AV","NORIEGA ST",0.00,,Y,-,-,N,,,,,,,,,,,2,0,1,2,A,-,10,21950,A,N,A,B,B,A,H,-,A,A,0,Y,,,,Y,,A,08,1,0,0,0,1,0,0,0,0,"- ","- ",,,"SAN FRANCISCO","SAN FRANCISCO",-122.49253845214844,37.753551483154297
8754863,2018,2018-12-07,3801,2018-10-20,1533,546,INGLE,6,5,7,3801,0,0,0,,0,4B4H,"CAPISTRANO AV","SAN JUAN AV",172.00,N,N,A,-,N,,,,,,,,,,N,2,0,1,2,A,-,21,22106,,N,D,C,A,A,H,-,A,D,0,,,Y,,Y,,A,01,1,0,0,0,0,0,0,0,1,"- ","- ",,,"SAN FRANCISCO","SAN FRANCISCO",-122.43851470947266,37.725925445556641
8757929,2018,2018-12-24,3801,2018-11-26,1639,2419,RICHM,1,5,7,3801,0,0,0,,0,0G2,"MASONIC AV","GEARY BL",0.00,,Y,A,-,N,,,,,,,,,,Y,2,0,1,2,A,-,07,21658,A,N,A,I,A,A,H,-,A,A,0,,,,,Y,,D,22,1,0,0,0,0,0,0,0,0,"- ","- ",,,"SAN FRANCISCO","SAN FRANCISCO",-122.44786834716797,37.782279968261719
8758189,2018,2019-02-14,3801,2018-11-01,1718,1330,INGLE,4,5,7,3801,0,0,0,,0,3H4D,"OCEAN AV","PLYMOUTH AV",0.00,,Y,A,-,N,,,,,,,,,,N,2,0,1,1,A,-,03,22350,,N,H,A,A,A,-,-,A,A,0,,,Y,,Y,,C,02,1,0,0,0,0,0,0,0,1,"- ","- ",,,"SAN FRANCISCO","SAN FRANCISCO",-122.45654296875,37.723979949951172
8803865,2019,2019-02-28,3801,2019-01-20,1840,2200,NORTH,7,5,7,3801,0,0,0,,0,002,"GROVE ST","FILLMORE ST",0.00,,Y,B,C,N,,,,,,,,,,Y,2,0,1,2,A,-,10,21950,C,F,G,B,B,B,H,-,C,D,0,Y,,,,Y,Y,A,01,1,0,0,0,1,0,0,0,0,"- ","- ",,,"SAN FRANCISCO","SAN FRANCISCO",-122.43137359619141,37.776760101318359
8817776,2019,2019-03-20,3801,2019-02-02,1812,4314,RICHM,6,5,7,3801,0,0,0,,0,0G4,"FULTON ST","22ND AV",74.00,E,N,C,-,N,,,,,,,,,,N,2,0,1,3,A,-,11,21954,A,N,G,B,D,B,H,-,C,D,0,Y,,,,Y,,N,60,1,0,0,0,1,0,0,0,0,"- ","- ",,,"SAN FRANCISCO","SAN FRANCISCO",-122.48073577880859,37.772720336914062
8817814,2019,2019-03-19,3801,2019-02-10,1333,1226,INGLE,7,5,7,3801,0,0,0,,0,3H15A,"ALEMANY BL","OTTAWA AV",0.00,,Y,A,-,N,,,,,,,,,,Y,2,0,2,2,A,-,12,21453,A,N,D,C,A,A,H,-,A,A,0,,,,,Y,,A,01,1,0,1,0,0,0,0,0,0,"- ","- ",,,"SAN FRANCISCO","SAN FRANCISCO",-122.44587707519531,37.715328216552734
8817816,2019,2019-03-20,3801,2019-02-26,2223,668,NORTH,2,5,7,3801,0,0,0,,0,3E15E,"CALIFORNIA ST","POLK ST",0.00,,Y,C,-,N,,,,,,,,,,N,2,0,1,2,A,-,10,21950,A,F,G,B,B,B,H,-,C,A,0,Y,,,,Y,,-,"- ",1,0,0,0,1,0,0,0,0,"- ","- ",,,"SAN FRANCISCO","SAN FRANCISCO",-122.42067718505859,37.790569305419922
8845798,2019,2019-04-30,3801,2019-03-09,0908,4333,NORTH,6,5,7,3801,0,0,0,,0,3E15A,"POLK ST","SACRAMENTO ST",0.00,,Y,C,-,N,,,,,,,,,,N,2,0,1,2,D,-,00,,,N,G,B,B,B,H,-,A,A,0,Y,,,,Y,,-,"- ",1,0,0,0,1,0,0,0,0,"- ","- ",,,"SAN FRANCISCO","SAN FRANCISCO",-122.42086791992188,37.791500091552734
8845802,2019,2019-04-30,3801,2019-03-09,0111,1244,CENTR,6,5,7,3801,0,0,0,,0,004,"COLUMBUS AV","VALLEJO ST",0.00,,Y,B,-,N,,,,,,,,,,N,2,0,1,2,D,-,00,,,F,G,B,B,A,H,-,C,A,0,Y,,,,Y,Y,-,"- ",1,0,0,0,1,0,0,0,0,"- ","- ",,,"SAN FRANCISCO","SAN FRANCISCO",-122.40789031982422,37.798721313476562
8852985,2019,2019-04-30,3801,2019-03-11,1835,1308,TENDE,1,5,7,3801,0,0,0,,0,3J13D,MARKET,"CYRIL MAGNIN",0.00,,-,A,-,N,,,,,,,,,,N,2,0,1,2,A,-,09,21453,B,F,G,B,B,A,-,-,A,A,0,Y,,,,Y,Y,A,01,1,0,0,0,1,0,0,0,0,"- ","- ",,,"SAN FRANCISCO","SAN FRANCISCO",-122.40805816650391,37.784000396728516
8858018,2019,2019-05-21,3801,2019-04-10,1230,1188,INGLE,3,5,7,3801,0,0,0,,0,3H11C,"SAN JOSE AV","29TH ST",0.00,,Y,A,-,N,,,,,,,,,,N,2,0,1,2,A,-,08,22107,,F,D,G,A,A,H,-,A,D,0,,Y,,,Y,Y,-,,1,0,0,0,0,0,1,0,0,"- ","- ",,,"SAN FRANCISCO","SAN FRANCISCO",-122.42275238037109,37.743930816650391
8858078,2019,2019-05-21,3801,2019-04-08,1620,2421,PARK,1,5,7,3801,0,0,0,,0,3F49A,"HAYES ST","BAKER ST",144.00,W,N,B,-,N,,,,,,,,,,N,2,0,1,2,A,-,09,21804,A,N,D,C,A,A,H,-,A,D,0,,,,,Y,,A,01,1,0,0,0,0,0,0,0,0,"- ","- ",,,"SAN FRANCISCO","SAN FRANCISCO",-122.44160461425781,37.774501800537109
8878645,2019,2019-06-19,3801,2019-05-10,1714,1994,TRAFF,5,5,7,3801,0,0,0,,0,4B3G,BROADWAY,"TURK MURPHY LN",1.00,E,N,A,-,N,,,,,,,,,,Y,2,0,1,2,A,-,03,22350,,N,D,C,A,A,H,-,A,A,0,,,Y,,Y,,C,02,1,0,0,0,0,0,0,0,1,"- ","- ",,,"SAN FRANCISCO","SAN FRANCISCO",-122.40969848632812,37.797519683837891
8892006,2019,2019-11-01,3801,2019-09-13,1952,2132,MISSI,5,5,7,3801,0,0,0,,0,3D60,"MARKET ST","DOLORES ST",160.00,W,N,A,-,N,,,,,,,,,,Y,2,0,1,2,A,-,08,22107,,N,B,C,A,A,H,-,C,D,0,,,Y,,Y,,A,01,1,0,0,0,0,0,0,0,1,"- ","- ",,,"SAN FRANCISCO","SAN FRANCISCO",-122.42730712890625,37.768894195556641
8892062,2019,2019-11-01,3801,2019-09-09,1345,86,TARAV,1,5,7,3801,0,0,0,,0,3I5A,"PINTO AV","ARBALLO DR",0.00,,Y,A,-,N,,,,,,,,,,N,2,0,1,2,A,-,10,21950,A,N,G,B,B,A,H,-,A,D,0,Y,,,,Y,,A,01,1,0,0,0,1,0,0,0,0,"- ","- ",,,"SAN FRANCISCO","SAN FRANCISCO",-122.4830322265625,37.720458984375
8896147,2019,2019-10-31,3801,2019-09-26,1645,215,BAYVI,4,5,7,3801,0,0,0,,0,5CAR,"3RD ST","YOSEMITE AV",0.00,,Y,A,-,N,,,,,,,,,,N,2,0,1,2,A,-,10,21950,A,N,B,B,B,A,H,-,A,A,0,Y,,,,Y,,A,08,1,0,0,0,1,0,0,0,0,"- ","- ",,,"SAN FRANCISCO","SAN FRANCISCO",-122.39331817626953,37.727798461914062
8899093,2019,2019-07-24,3801,2019-05-29,1356,1994,TRAFF,3,5,7,3801,0,0,0,,0,1356,"EDDY ST","TAYLOR ST",8.00,W,N,A,-,N,,,,,,,,,,Y,2,0,2,2,A,-,00,21453,1,F,G,B,B,A,H,-,A,A,0,Y,,,,Y,,A,01,1,0,1,0,1,0,0,0,0,"- ","- ",,,"SAN FRANCISCO","SAN FRANCISCO",-122.41098022460938,37.784156799316406
8899290,2019,2019-07-25,3801,2019-06-16,0105,2038,PARK,7,5,7,3801,0,0,0,,0,,"MASONIC AV","PAGE ST",4.00,S,N,A,-,N,,,,,,,,,,,2,0,2,2,A,-,11,21453,D,N,G,B,B,A,H,-,C,A,0,Y,,,,Y,,N,60,1,0,1,0,1,0,0,0,0,"- ","- ",,,"SAN FRANCISCO","SAN FRANCISCO",-122.44554138183594,37.771129608154297
8900788,2019,2019-07-25,3801,2019-06-03,1828,582,CENTR,1,5,7,3801,0,0,0,,0,3A11D,"BAY ST","MASON ST",0.00,,Y,A,-,N,,,,,,,,,,Y,2,0,1,2,A,-,09,21801,A,N,D,C,A,A,H,-,A,A,0,,,Y,,Y,,A,01,1,0,0,0,0,0,0,0,1,"- ","- ",,,"SAN FRANCISCO","SAN FRANCISCO",-122.41358947753906,37.805629730224609
8916958,2019,2019-09-09,3801,2019-07-08,0740,196,CENTR,1,5,7,3801,0,0,0,,0,3A13A,"COSMO PL","JONES ST",59.00,E,N,B,-,N,,,,,,,,,,N,2,0,1,2,A,-,11,21954,A,N,G,B,E,A,H,-,A,A,0,Y,,,Y,Y,,N,60,1,0,0,0,1,0,0,0,0,"- ","- ",,,"SAN FRANCISCO","SAN FRANCISCO",-122.41318511962891,37.787982940673828
8919609,2019,2019-08-23,3801,2019-07-09,1323,2463,NORTH,2,5,7,3801,0,0,0,,0,3E12A,"DIVISADERO ST","OAK ST",0.00,,Y,A,-,N,,,,,,,,,,Y,2,0,1,2,A,-,09,21801,A,N,D,D,A,A,H,-,-,A,0,,,,,Y,,A,08,1,0,0,0,0,0,0,0,0,"- ","- ",,,"SAN FRANCISCO","SAN FRANCISCO",-122.43743133544922,37.773139953613281
8936906,2019,2019-09-18,3801,2019-08-20,1628,427,BAYVI,2,5,7,3801,0,0,0,,0,3C15D,"25TH ST","TENNESSEE ST",0.00,,Y,A,-,N,,,,,,,,,,N,2,0,1,2,A,-,03,22350,,F,G,B,D,A,H,-,A,B,0,Y,,,,Y,,-,"- ",1,0,0,0,1,0,0,0,0,"- ","- ",,,"SAN FRANCISCO","SAN FRANCISCO",-122.38874816894531,37.752780914306641
8937086,2019,2019-10-04,3801,2019-08-24,2200,4103,CENTR,6,5,7,3801,0,0,0,,0,3A13E,"JACKSON ST","KEARRY ST",11.00,N,N,A,-,N,,,,,,,,,,N,2,0,1,2,A,-,11,21954,A,N,G,B,E,A,H,-,C,A,0,Y,,,,Y,Y,N,60,1,0,0,0,1,0,0,0,0,"- ","- ",,,"SAN FRANCISCO","SAN FRANCISCO",-122.40510559082031,37.796222686767578
8939117,2019,2019-12-20,3801,2019-10-13,1957,1994,TRAFF,7,5,7,3801,0,0,0,,0,4B3G,"DIVISADERO ST","GROVE ST",0.00,,Y,A,-,N,,,,,,,,,,Y,1,1,3,4,A,-,01,23152,A,N,B,C,A,A,H,-,C,A,0,,,Y,,Y,Y,A,07,0,1,2,0,0,0,0,1,0,"- ","- ",,,"SAN FRANCISCO","SAN FRANCISCO",-122.43798065185547,37.775928497314453