CASE_ID,ACCIDENT_YEAR,PROC_DATE,JURIS,COLLISION_DATE,COLLISION_TIME,OFFICER_ID,REPORTING_DISTRICT,DAY_OF_WEEK,CHP_SHIFT,POPULATION,CNTY_CITY_LOC,SPECIAL_COND,BEAT_TYPE,CHP_BEAT_TYPE,CITY_DIVISION_LAPD,CHP_BEAT_CLASS,BEAT_NUMBER,PRIMARY_RD,SECONDARY_RD,DISTANCE,DIRECTION,INTERSECTION,WEATHER_1,WEATHER_2,STATE_HWY_IND,CALTRANS_COUNTY,CALTRANS_DISTRICT,STATE_ROUTE,ROUTE_SUFFIX,POSTMILE_PREFIX,POSTMILE,LOCATION_TYPE,RAMP_INTERSECTION,SIDE_OF_HWY,TOW_AWAY,COLLISION_SEVERITY,NUMBER_KILLED,NUMBER_INJURED,PARTY_COUNT,PRIMARY_COLL_FACTOR,PCF_CODE_OF_VIOL,PCF_VIOL_CATEGORY,PCF_VIOLATION,PCF_VIOL_SUBSECTION,HIT_AND_RUN,TYPE_OF_COLLISION,MVIW,PED_ACTION,ROAD_SURFACE,ROAD_COND_1,ROAD_COND_2,LIGHTING,CONTROL_DEVICE,CHP_ROAD_TYPE,PEDESTRIAN_ACCIDENT,BICYCLE_ACCIDENT,MOTORCYCLE_ACCIDENT,TRUCK_ACCIDENT,NOT_PRIVATE_PROPERTY,ALCOHOL_INVOLVED,STWD_VEHTYPE_AT_FAULT,CHP_VEHTYPE_AT_FAULT,COUNT_SEVERE_INJ,COUNT_VISIBLE_INJ,COUNT_COMPLAINT_PAIN,COUNT_PED_KILLED,COUNT_PED_INJURED,COUNT_BICYCLIST_KILLED,COUNT_BICYCLIST_INJURED,COUNT_MC_KILLED,COUNT_MC_INJURED,PRIMARY_RAMP,SECONDARY_RAMP,LATITUDE,LONGITUDE,COUNTY,CITY,POINT_X,POINT_Y
8939418,2019,2019-12-26,3801,2019-07-21,1408,1766,TRAFF,7,5,7,3801,0,0,0,,0,4B3C,"TAYLOR ST","OFARRELL ST",0.00,,Y,A,-,N,,,,,,,,,,Y,1,1,4,5,A,-,12,21453,A,N,D,C,-,A,H,-,A,A,0,Y,,,,Y,,A,01,1,1,2,1,1,0,0,0,0,"- ","- ",,,"SAN FRANCISCO","SAN FRANCISCO",-122.41132354736328,37.786018371582031
8939701,2023,2024-01-17,3801,2023-12-06,"146 ",262,TRAFF,3,5,7,3801,0,0,0,,0,4BIE,"ELLIS ST","POLK ST",0.00,,Y,A,-,N,,,,,,,,,,N,1,1,0,2,A,-,12,21453,A,F,D,C,A,A,H,-,C,A,0,,,,,Y,,-,99,0,0,0,0,0,0,0,0,0,"- ","- ",,,"SAN FRANCISCO","SAN FRANCISCO",-122.41934967041016,37.784042358398438
8969999,2019,2019-11-21,3801,2019-10-06,0121,1429,INGLE,7,5,7,3801,0,0,0,,0,3H11E,"CORTLAND AV","MOULTRIE ST",0.00,,Y,A,-,N,,,,,,,,,,N,2,0,1,2,A,-,10,21950,,F,G,B,B,A,H,-,C,A,0,Y,,,,Y,,-,,1,0,0,0,1,0,0,0,0,"- ","- ",,,"SAN FRANCISCO","SAN FRANCISCO",-122.41590881347656,37.739009857177734
8981461,2019,2020-01-13,3801,2019-11-01,1842,427,BAYVI,5,5,7,3801,0,0,0,,0,3C13D,"PALOU AV","HAWES ST",0.00,,Y,A,-,N,,,,,,,,,,N,2,0,1,2,A,-,03,22350,,F,D,C,A,A,H,-,B,D,0,,,,,Y,,A,01,1,0,0,0,0,0,0,0,0,"- ","- ",,,"SAN FRANCISCO","SAN FRANCISCO",-122.38156890869141,37.728668212890625
8981503,2019,2020-01-13,3801,2019-11-28,1917,2342,NORTH,4,5,7,3801,0,0,0,,0,3E14D,"LAGUNA ST","POST ST",0.00,,Y,A,-,N,,,,,,,,,,N,2,0,1,2,A,-,10,21950,A,F,D,B,B,A,H,-,C,A,0,Y,,,,Y,,A,01,1,0,0,0,1,0,0,0,0,"- ","- ",,,"SAN FRANCISCO","SAN FRANCISCO",-122.42816162109375,37.785800933837891
8981579,2019,2020-01-13,3801,2019-11-25,1339,1129,TARAV,1,5,7,3801,0,0,0,,0,003,"46TH AV","PACHECO ST",0.00,,Y,A,-,N,,,,,,,,,,N,2,0,1,2,A,-,09,21802,A,N,D,C,A,A,H,-,A,A,0,,,Y,,Y,,C,02,1,0,0,0,0,0,0,0,1,"- ","- ",,,"SAN FRANCISCO","SAN FRANCISCO",-122.50514984130859,37.749221801757812
8981852,2019,2019-12-06,3801,2019-10-17,1825,1096,CENTR,4,5,7,3801,0,0,0,,0,3A14D,"STOCKTON ST","BAY ST",18.00,N,N,A,-,N,,,,,,,,,,Y,2,0,2,3,A,-,12,21453,A,N,D,C,A,A,H,-,B,A,0,,,Y,,Y,,C,02,2,0,0,0,0,0,0,0,2,"- ","- ",,,"SAN FRANCISCO","SAN FRANCISCO",-122.41030883789062,37.806087493896484
8981853,2019,2019-11-22,3801,2019-10-31,1710,1244,CENTR,4,5,7,3801,0,0,0,,0,005,"1ST ST","MARKET ST",335.00,S,N,A,-,N,,,,,,,,,,Y,2,0,1,2,A,-,09,21804,,N,D,C,A,A,H,-,A,A,0,,,Y,,Y,,A,07,1,0,0,0,0,0,0,0,1,"- ","- ",,,"SAN FRANCISCO","SAN FRANCISCO",-122.39833831787109,37.790386199951172
8981860,2019,2019-12-10,3801,2019-10-17,1654,2107,NORTH,4,5,7,3801,0,0,0,,0,3E12D,"GEARY BL","STEINER ST",0.00,,Y,A,-,N,,,,,,,,,,N,2,0,2,3,A,-,11,21453,D,N,G,B,D,A,H,-,A,A,0,Y,,,,Y,,N,60,1,0,1,0,2,0,0,0,0,"- ","- ",,,"SAN FRANCISCO","SAN FRANCISCO",-122.43457794189453,37.784320831298828
8981951,2019,2019-11-21,3801,2019-10-01,1530,172,RICHM,2,5,7,3801,0,0,0,,0,3G2D,"GEARY BL","BAKER ST",270.00,W,N,A,-,N,,,,,,,,,,N,2,0,1,2,A,-,03,22350,,F,G,B,E,A,D,-,A,D,0,Y,,,,Y,,M,96,1,0,0,0,1,0,0,0,0,"- ","- ",,,"SAN FRANCISCO","SAN FRANCISCO",-122.44373321533203,37.782829284667969
90020426,2015,2015-10-19,9335,2015-09-21,0905,013378,,1,1,7,3801,0,1,1,,1,081,"I-80 W/B","EMBARCADERO U/C",90.00,W,N,A,-,Y,,,80,,,,,,W,Y,2,0,1,3,A,-,03,22350,,N,B,C,A,A,H,-,A,D,0,,,Y,,Y,,C,02,1,0,0,0,0,0,0,0,1,"- ","- ",37.7883,-122.38849,"SAN FRANCISCO","SAN FRANCISCO",-122.38836259,37.788159520000001
90257493,2016,2016-08-31,9335,2016-08-20,1120,019631,,6,1,7,3801,0,1,1,,1,083,"I-80 E/B","MAIN ST",167.00,E,N,B,-,Y,,,80,,,,,,E,Y,2,0,1,1,A,-,08,22107,,N,E,I,A,A,H,-,A,D,0,,,,,Y,,D,22,1,0,0,0,0,0,0,0,0,"- ","- ",37.787959999999998,-122.38894000000001,"SAN FRANCISCO","SAN FRANCISCO",-122.38877869,37.787782139999997
90349648,2016,2016-12-20,9335,2016-12-11,2324,021328,,7,3,7,3801,0,1,2,,2,014,"US-101 S/B","18TH ST. PED O/C",2.00,N,N,A,-,Y,,,101,,,,,,S,Y,2,0,1,1,A,-,08,22107,,N,E,I,A,A,H,-,D,D,0,,,,,Y,,A,01,1,0,0,0,0,0,0,0,0,"- ","- ",37.762180000000001,-122.40575,"SAN FRANCISCO","SAN FRANCISCO",-122.40580881,37.762217970000002
9035703,2019,2020-01-29,3801,2019-12-15,1721,624,NORTH,7,5,7,3801,0,0,0,,0,001,"STEINER ST","PAGE ST",0.00,,Y,A,-,N,,,,,,,,,,N,2,0,1,2,A,-,10,21950,A,F,G,B,B,A,H,-,C,A,0,Y,,,,Y,,-,,1,0,0,0,1,0,0,0,0,"- ","- ",,,"SAN FRANCISCO","SAN FRANCISCO",-122.43228149414062,37.772830963134766
9035720,2019,2020-03-03,3801,2019-12-07,0930,2439,CENTR,6,5,7,3801,0,0,0,,0,3A12A,"POST ST","TAYLOR ST",210.00,E,N,B,C,N,,,,,,,,,,N,2,0,1,2,A,-,"- ",,,N,H,J,A,B,H,-,A,D,0,,,,,Y,,-,,1,0,0,0,0,0,0,0,0,"- ","- ",,,"SAN FRANCISCO","SAN FRANCISCO",-122.41098022460938,37.787940979003906
9035813,2019,2020-01-29,3801,2019-12-19,1725,781,TARAV,4,5,7,3801,0,0,0,,0,0I2,"KIRKHAM ST","29TH AV",0.00,,Y,B,-,N,,,,,,,,,,N,2,0,1,2,A,-,03,22350,,N,G,B,B,A,H,-,C,A,0,Y,,,,Y,,A,01,1,0,0,0,1,0,0,0,0,"- ","- ",,,"SAN FRANCISCO","SAN FRANCISCO",-122.48757171630859,37.759361267089844
90420603,2017,2017-03-27,9335,2017-03-04,0810,020157,,6,1,7,3801,0,1,2,,2,013,"US-101 N/B","PAUL AVE. U/C",10.00,N,N,B,C,Y,,,101,,,,,,N,Y,2,0,3,2,A,-,08,22107,,N,B,C,A,B,H,-,A,D,0,,,,Y,Y,,F,26,1,1,1,0,0,0,0,0,0,"- ","- ",37.7239,-122.40118,"SAN FRANCISCO","SAN FRANCISCO",-122.40115496,37.723910429999997
9047659,2020,2020-03-06,3801,2020-01-09,0508,1045,PLAYV,4,5,7,3801,0,0,0,,0,0C2,"BARNEVELD AV","MCKINNON AV",0.00,,Y,C,-,N,,,,,,,,,,N,2,0,1,2,D,-,00,,,N,G,B,D,B,H,-,C,D,0,Y,,,,Y,,-,"- ",1,0,0,0,1,0,0,0,0,"- ","- ",,,"SAN FRANCISCO","SAN FRANCISCO",-122.40322113037109,37.743808746337891
90541231,2017,2017-09-06,9335,2017-08-25,0145,021424,,5,3,7,3801,0,1,1,,2,023,"I-280 N/B","ALEMANY BLVD OVERCROSSING",70.00,S,N,A,-,Y,,,280,,,,,,N,Y,2,0,1,1,A,-,01,23152,A,N,E,I,A,A,H,-,C,D,0,,,,,Y,Y,A,01,1,0,0,0,0,0,0,0,0,"- ","- ",37.732230000000001,-122.41481,"SAN FRANCISCO","SAN FRANCISCO",-122.41478854,37.732150410000003
9058036,2020,2020-09-25,3801,2020-03-13,1203,1332,NORTH,5,5,7,3801,0,0,0,,0,3E13A,"VAN NESS AV","HAYES ST",0.00,,Y,A,-,Y,SF,4,101,-,T,5.010,I,5,N,N,2,0,1,2,A,-,12,21453,A,N,D,G,A,A,D,-,A,A,0,,Y,,Y,Y,,L,04,1,0,0,0,0,0,1,0,0,"- ","- ",,,"SAN FRANCISCO","SAN FRANCISCO",-122.41963195800781,37.777317047119141
90619467,2017,2017-12-18,9335,2017-12-09,1630,021886,,6,2,7,3801,0,1,1,,2,023,"I-280 N/B","ALEMANY BLVD O/C",280.00,N,N,A,-,Y,,,280,,,,,,N,Y,2,0,1,2,A,-,03,22350,,N,C,C,A,A,H,-,B,D,0,,,Y,,Y,,C,02,1,0,0,0,0,0,0,0,1,"- ","- ",37.732509999999998,-122.41373,"SAN FRANCISCO","SAN FRANCISCO",-122.41373473,37.732521929999997
90634846,2018,2018-01-08,9335,2018-01-01,0238,021247,,1,3,7,3801,0,1,1,,2,024,"I-280 S/B","REVERE AVE",285.00,N,N,A,-,Y,,,280,,,,,,S,Y,2,0,1,3,A,-,03,22350,,F,C,C,A,A,H,-,D,D,0,,,,,Y,,A,08,1,0,0,0,0,0,0,0,0,"- ","- ",37.738670349121094,-122.40077972412109,"SAN FRANCISCO","SAN FRANCISCO",-122.40079498291016,37.738689422607422
9075000,2020,2020-05-16,3801,2020-02-02,1918,1237,CENTR,7,5,7,3801,0,0,0,,0,3A14D,"BATTERY ST","PACIFIC AV",17.00,N,N,A,-,N,,,,,,,,,,Y,2,0,1,3,A,-,08,22107,,N,B,C,A,A,H,-,C,A,0,,,Y,,Y,,A,01,1,0,0,0,0,0,0,0,1,"- ","- ",,,"SAN FRANCISCO","SAN FRANCISCO",-122.40088653564453,37.797725677490234
9075157,2020,2020-05-16,3801,2020-02-09,1532,1435,TRAFF,7,5,7,3801,0,0,0,,0,4B4I,"SLOAT BL","21ST AV",0.00,,Y,A,-,N,,,,,,,,,,N,2,0,1,2,A,-,03,22350,,N,F,A,A,A,H,-,A,D,0,,,Y,,Y,,C,02,1,0,0,0,0,0,0,0,1,"- ","- ",,,"SAN FRANCISCO","SAN FRANCISCO",-122.47707366943359,37.734691619873047
90753709,2018,2018-06-22,9335,2018-05-28,1857,021672,,1,2,7,3801,0,1,1,,1,083,"I-80 E/B","YERBA BUENA ISLAND TUNNEL",5649.00,W,N,A,-,Y,,,80,,,,,,E,Y,2,0,1,2,A,-,03,22350,,N,C,C,A,A,H,-,A,D,0,,,Y,,Y,,C,02,1,0,0,0,0,0,0,0,1,"- ","- ",37.798019409179688,-122.37888336181641,"SAN FRANCISCO","SAN FRANCISCO",-122.37852478027344,37.797641754150391
90797566,2018,2018-08-24,9335,2018-03-12,1814,021644,,1,2,7,3801,0,1,1,,2,023,"I-280 S/B","GENEVA AVE O/C",171.00,S,N,B,C,Y,,,280,,,,,,S,Y,1,1,2,2,A,-,08,22107,,N,E,I,A,B,H,-,A,D,0,,,,,Y,,A,01,1,0,1,0,0,0,0,0,0,"- ","- ",37.719799041748047,-122.44835662841797,"SAN FRANCISCO","SAN FRANCISCO",-122.44841766357422,37.719806671142578
9087253,2020,2020-06-17,3801,2020-03-06,1329,132,TRAFF,5,5,7,3801,0,0,0,,0,4B3F,CEDAR,"VAN NESS AV",72.00,E,N,A,-,N,,,,,,,,,,N,2,0,1,2,A,-,21,22106,,N,H,A,A,A,H,-,A,D,0,,,,,Y,,A,01,1,0,0,0,0,0,0,0,0,"- ","- ",,,"SAN FRANCISCO","SAN FRANCISCO",-122.42118072509766,37.786201477050781
9087255,2020,2020-06-17,3801,2020-03-03,0617,2196,TENDE,2,5,7,3801,0,0,0,,0,3J13A,"HYDE ST","TURK ST",0.00,,Y,A,-,N,,,,,,,,,,Y,2,0,2,3,A,-,08,22101,D,F,G,B,B,A,H,-,B,A,0,Y,,,,Y,,A,01,2,0,0,0,2,0,0,0,0,"- ","- ",,,"SAN FRANCISCO","SAN FRANCISCO",-122.41568756103516,37.782569885253906
90883475,2018,2018-12-14,9335,2018-12-02,1025,022007,,7,1,7,3801,0,1,2,,2,014,"US-101 S/B FROM 10TH STREET ON-RAMP","15TH STREET UNDER-CROSSING",35.00,N,N,A,-,Y,,,101,,,,R,,S,Y,2,0,1,1,A,-,08,22107,,N,E,I,A,A,H,-,A,D,0,,,Y,,Y,,C,02,1,0,0,0,0,0,0,0,1,"- ","- ",37.767368316650391,-122.40544891357422,"SAN FRANCISCO","SAN FRANCISCO",-122.40544891357422,37.767368316650391
90917127,2018,2019-02-01,9335,2018-09-30,2140,021147,,7,2,7,3801,0,1,2,,2,015,"US -101 S/B TO I-80 E/B","DIVISION ST",155.00,N,N,B,-,Y,,,,,,,,,,Y,1,1,1,2,A,-,08,22107,,N,E,I,A,A,H,-,D,D,0,,,Y,,Y,,C,02,0,1,0,0,0,0,0,1,1,"- ","- ",37.769229888916016,-122.40560913085938,"SAN FRANCISCO","SAN FRANCISCO",,
9092348,2020,2020-07-08,3801,2020-03-03,2105,969,MISSI,2,5,7,3801,0,0,0,,0,3D16E,"16TH ST","BRYANT ST",0.00,,Y,A,-,N,,,,,,,,,,N,2,0,1,2,A,-,11,21456,,N,G,B,B,-,H,-,C,A,0,Y,,,,Y,,N,60,1,0,0,0,1,0,0,0,0,"- ","- ",,,"SAN FRANCISCO","SAN FRANCISCO",-122.4105224609375,37.765590667724609
90941783,2019,2019-03-07,9335,2019-02-28,0001,022179,,4,3,7,3801,0,1,2,,2,013,"US-101 S/B","BAYSHORE BLVD UNDERCROSSING",1426.00,S,N,A,-,Y,,,101,,,,,,S,Y,2,0,1,1,A,-,01,23152,A,N,E,I,A,A,H,-,C,D,0,,,,,Y,Y,A,01,1,0,0,0,0,0,0,0,0,"- ","- ",37.744380950927734,-122.40547180175781,"SAN FRANCISCO","SAN FRANCISCO",-122.40554046630859,37.744422912597656
90994873,2019,2019-05-23,9335,2019-05-14,0950,022271,,2,1,7,3801,0,1,1,,1,081,"I-80 W/B","BEALE STREET",255.00,W,N,A,-,Y,,,80,,,,,,W,Y,2,0,1,1,A,-,03,22350,,N,F,A,A,A,H,-,A,D,0,,,Y,,Y,,C,02,1,0,0,0,0,0,0,0,1,"- ","- ",37.786090850830078,-122.39096069335938,"SAN FRANCISCO","SAN FRANCISCO",-122.39087677001953,37.785961151123047
91021349,2019,2019-07-01,9335,2019-06-16,1015,021328,,7,1,7,3801,0,1,1,,1,083,"I-80 E/B TO TREASURE ISLAND","YERBA BUENA ISLAND TUNNEL",123.00,W,N,A,-,Y,,,80,,,,R,,E,Y,2,0,1,1,A,-,08,22107,,N,E,I,A,A,H,-,A,D,0,,,Y,,Y,,C,02,1,0,0,0,0,0,0,0,1,"- ","- ",37.808849334716797,-122.36673736572266,"SAN FRANCISCO","SAN FRANCISCO",-122.36673736572266,37.808849334716797
91031037,2019,2019-07-15,9335,2019-06-19,0258,022271,,3,3,7,3801,0,1,2,,2,013,"US-101 SOUTHBOUND","CESAR CHAVEZ ST",540.00,S,N,A,-,Y,,,101,,,,,,S,Y,2,0,1,2,A,-,03,22350,,N,D,C,A,A,H,-,C,D,0,,,,,Y,,D,22,1,0,0,0,0,0,0,0,0,"- ","- ",37.747531890869141,-122.40416717529297,"SAN FRANCISCO","SAN FRANCISCO",-122.40438079833984,37.747600555419922
91058665,2019,2019-08-26,9335,2019-08-17,1955,022037,,6,2,7,3801,0,1,1,,2,023,"I-280 N/B TO US-101 S/B","ALEMANY BLVD O/C",275.00,N,N,A,-,Y,,,280,,,,R,,N,Y,2,0,1,1,A,-,08,22107,,N,F,A,A,A,H,-,B,D,0,,,Y,,Y,,C,02,1,0,0,0,0,0,0,0,1,"- ","- ",37.732410430908203,-122.41371154785156,"SAN FRANCISCO","SAN FRANCISCO",-122.41371154785156,37.732410430908203
9108246,2020,2020-08-03,3801,2020-04-12,1115,1730,TRAFF,7,5,7,3801,0,0,0,,0,4B1H,"POTRERO AV","25TH ST",0.00,,Y,B,-,N,,,,,,,,,,Y,2,0,3,3,D,-,00,,,F,D,C,A,A,H,-,A,A,0,,,,,Y,,-,"- ",1,1,1,0,0,0,0,0,0,"- ","- ",,,"SAN FRANCISCO","SAN FRANCISCO",-122.40619659423828,37.751739501953125
9111055,2020,2020-10-30,3801,2020-05-02,1809,4084,TRAFF,6,5,7,3801,0,0,0,,0,4B4B,"TURK ST","HYDE ST",12.00,W,N,B,-,N,,,,,,,,,,Y,2,0,1,2,A,-,00,21954,D,F,A,B,D,A,H,-,A,A,0,Y,,,,Y,,A,01,1,0,0,0,1,0,0,0,0,"- ","- ",,,"SAN FRANCISCO","SAN FRANCISCO",-122.41573333740234,37.782566070556641
9111151,2020,2020-10-29,3801,2020-05-25,1210,4358,BAYVI,1,5,7,3801,0,0,0,,0,003,"PALOU AV","KEITH ST",201.00,E,N,A,-,N,,,,,,,,,,Y,2,0,2,2,A,-,01,23153,A,N,A,C,A,A,H,-,A,D,0,,,Y,,Y,Y,C,06,1,0,1,0,0,0,0,0,1,"- ","- ",,,"SAN FRANCISCO","SAN FRANCISCO",-122.38658905029297,37.731544494628906
9120757,2020,2020-08-26,3801,2020-06-09,2247,2452,CENTR,2,5,7,3801,0,0,0,,0,3A11D,"GEARY ST","LEAVENWORTH ST",97.00,E,N,A,-,N,,,,,,,,,,Y,2,0,2,4,A,-,09,21806,,N,A,C,A,A,D,-,C,D,0,,,,,Y,,A,01,1,1,0,0,0,0,0,0,0,"- ","- ",,,"SAN FRANCISCO","SAN FRANCISCO",-122.41446685791016,37.786582946777344
9120880,2020,2020-09-14,3801,2020-06-05,0715,2310,NORTH,5,5,7,3801,0,0,0,,0,3E16A,"VAN NESS AV","TOMM WADDELL PL",5.00,S,N,A,-,N,,,,,,,,,,N,2,0,1,2,A,-,07,21658,,F,A,G,A,A,H,-,A,A,0,,Y,,,Y,,D,22,1,0,0,0,0,0,1,0,0,"- ","- ",,,"SAN FRANCISCO","SAN FRANCISCO",-122.419677734375,37.777721405029297
91217586,2019,2020-03-27,9335,2019-12-01,0445,021284,,7,3,7,3801,0,1,1,,2,024,"I-280 S/B TO PENNSYLVANIA AVE","PENNSYLVANIA AVE",250.00,N,N,C,-,Y,,,280,,,,R,,S,Y,1,1,0,1,A,-,03,22350,,N,E,I,A,B,H,-,D,D,0,,,,,Y,,A,07,0,0,0,0,0,0,0,0,0,"- ","- ",37.75347900390625,-122.39211273193359,"SAN FRANCISCO","SAN FRANCISCO",-122.39211273193359,37.75347900390625
91236862,2020,2020-05-12,9350,2020-05-06,1910,022066,,3,2,7,3801,0,1,2,,1,120,"US-101 SB  (GGB WEST SIDEWALK)","GOLDEN GATE BRIDGE TOLL PLAZA",1056.00,N,N,G,-,N,,,101,,,,,,S,N,2,0,1,1,B,-,22,,,N,E,I,A,A,H,-,A,D,0,,Y,,,Y,,L,04,1,0,0,0,0,0,1,0,0,"- ","- ",37.809158325195312,-122.47733306884766,"SAN FRANCISCO","SAN FRANCISCO",-122.47742462158203,37.809120178222656
91275686,2020,2020-07-29,9335,2020-07-22,1630,020658,,3,2,7,3801,0,1,1,,1,083,"I-80 E/B","EAST EDGE OF YERBA BUENA ISLAND TUNNEL",300.00,E,N,A,-,Y,,,80,,,,,,E,N,2,0,1,2,A,-,07,21658,A,N,B,C,A,A,H,-,A,D,0,,,Y,,Y,,A,01,1,0,0,0,0,0,0,0,1,"- ","- ",37.810810089111328,-122.36437225341797,"SAN FRANCISCO","SAN FRANCISCO",-122.36449432373047,37.810935974121094
91327338,2020,2020-10-20,9350,2020-10-14,1821,020979,,3,2,7,3801,0,1,2,,1,120,"US-101 SB (GGB WEST SIDEWALK)","GGB NORTH TOWER",1881.00,S,N,A,-,N,,,101,,,,,,S,N,2,0,2,2,C,-,18,,,N,H,G,A,A,D,-,B,D,0,,Y,,,Y,,-,"- ",1,1,0,0,0,0,2,0,0,"- ","- ",37.820381164550781,-122.478759765625,"SAN FRANCISCO","SAN FRANCISCO",-122.47885131835938,37.820369720458984
91402353,2020,2021-02-04,9335,2020-11-16,1344,018688,,1,1,7,3801,0,1,1,,1,081,"I-80 W/B (DWIGHT D. EISENHOWER HIGHWAY)","YERBA BUENA ISLAND TUNNEL (WEST EDGE)",1419.00,W,N,A,-,Y,,,80,,,,,,W,Y,1,1,0,1,A,-,08,22107,,N,E,I,A,A,H,-,A,D,0,,,Y,,Y,,C,02,0,0,0,0,0,0,0,1,0,"- ","- ",37.806320190429688,-122.36911010742188,"SAN FRANCISCO","SAN FRANCISCO",-122.36908721923828,37.806297302246094
9145194,2020,2021-02-18,3801,2020-08-12,1328,4102,SOUTH,3,5,7,3801,0,0,0,,0,0B4,"MARKET ST","GOUGH ST",0.00,,Y,A,-,N,,,,,,,,,,Y,2,0,1,4,A,-,12,21453,A,N,D,C,A,A,H,-,A,A,0,,,,,Y,,A,01,1,0,0,0,0,0,0,0,0,"- ","- ",,,"SAN FRANCISCO","SAN FRANCISCO",-122.42221069335938,37.772869110107422
9145217,2020,2020-10-13,3801,2020-08-01,1748,132,TRAFF,6,5,7,3801,0,0,0,,0,4B3F,"FRANKLIN ST",GREEN,22.00,S,N,A,-,N,,,,,,,,,,Y,2,0,1,1,C,-,18,,,N,E,I,A,A,H,-,A,A,0,,,,,Y,,-,"- ",1,0,0,0,0,0,0,0,0,"- ","- ",,,"SAN FRANCISCO","SAN FRANCISCO",-122.4254150390625,37.797340393066406
91586405,2021,2021-10-29,9335,2021-09-17,2256,022271,,5,3,7,3801,0,1,2,,2,013,"US-101 S/B TO PAUL AVENUE","PAUL AVENUE UNDERCROSSING",740.00,S,N,A,-,Y,,,101,,,,R,,S,Y,2,0,5,1,A,-,01,23152,A,N,E,I,A,A,H,-,D,A,0,,,,,Y,Y,A,07,4,1,0,0,0,0,0,0,0,"- ","- ",37.721828460693359,-122.40080261230469,"SAN FRANCISCO","SAN FRANCISCO",-122.40080261230469,37.721828460693359
9159948,2020,2020-11-03,3801,2020-09-07,1835,104,TRAFF,1,5,7,3801,0,0,0,,0,,"ANZA ST","STANYAN ST",3.00,W,N,A,-,N,,,,,,,,,,N,2,0,1,2,A,-,10,21950,A,N,G,B,B,A,H,-,B,A,0,Y,,,,Y,,A,07,1,0,0,0,1,0,0,0,0,"- ","- ",,,"SAN FRANCISCO","SAN FRANCISCO",-122.45585632324219,37.779945373535156
9166818,2020,2020-11-25,3801,2020-09-26,1818,323,CENTR,6,5,7,3801,0,0,0,,0,3A15D,"THE EMBARCADERO","WASHINGTON ST",249.00,S,N,A,-,N,,,,,,,,,,Y,2,0,1,2,A,-,12,21453,A,N,D,C,A,A,H,-,A,A,0,,,Y,,Y,,C,02,1,0,0,0,0,0,0,0,1,"- ","- ",,,"SAN FRANCISCO","SAN FRANCISCO",-122.39507293701172,37.796073913574219
91680722,2021,2022-01-19,9335,2021-12-10,2020,021886,,5,2,7,3801,0,1,1,,1,082,"I-80 W/B","SFOBB TOLL PLAZA METERING LIGHTS",80.00,E,N,A,-,Y,,,,,,,,,,Y,2,0,1,2,A,-,03,22350,,N,C,C,A,A,H,-,C,A,0,,,Y,,Y,,C,02,1,0,0,0,0,0,0,0,1,"- ","- ",37.82440185546875,-122.31713104248047,"SAN FRANCISCO","SAN FRANCISCO",,
9182422,2020,2020-12-08,3801,2020-10-16,1658,2433,MISSI,5,5,7,3801,0,0,0,,0,3D16D,"POTRERO AV","22ND ST",0.00,,Y,A,-,N,,,,,,,,,,N,2,0,1,2,A,-,12,21453,A,N,D,C,A,A,H,-,A,A,0,,,Y,,Y,,C,03,1,0,0,0,0,0,0,0,1,"- ","- ",,,"SAN FRANCISCO","SAN FRANCISCO",-122.40670013427734,37.756839752197266
91853031,2022,2022-08-30,9350,2022-08-14,0034,022606,,7,3,7,3801,0,1,2,,1,120,"US-101 N/B","CONZELMAN RD. U/C",2060.00,S,N,A,-,Y,,,,,,,,,,Y,2,0,2,2,A,-,01,23152,A,N,C,C,A,A,H,-,C,D,0,,,Y,,Y,Y,C,02,1,0,1,0,0,0,0,0,1,"- ","- ",37.824859619140625,-122.47908782958984,"SAN FRANCISCO","SAN FRANCISCO",-122.47933959960938,37.824825286865234
9194262,2020,2021-01-19,3801,2020-11-11,1512,4175,TRAFF,3,5,7,3801,0,0,0,,0,MISSIO,"DIAMOND HEIGHT BL","DUNCAN ST",18.00,W,N,A,-,N,,,,,,,,,,N,2,0,1,2,A,-,10,21950,A,F,B,B,D,A,H,-,A,D,0,Y,,Y,,Y,,C,02,1,0,0,0,1,0,0,0,0,"- ","- ",,,"SAN FRANCISCO","SAN FRANCISCO",-122.44345855712891,37.746524810791016