CASE_ID,ACCIDENT_YEAR,PROC_DATE,JURIS,COLLISION_DATE,COLLISION_TIME,OFFICER_ID,REPORTING_DISTRICT,DAY_OF_WEEK,CHP_SHIFT,POPULATION,CNTY_CITY_LOC,SPECIAL_COND,BEAT_TYPE,CHP_BEAT_TYPE,CITY_DIVISION_LAPD,CHP_BEAT_CLASS,BEAT_NUMBER,PRIMARY_RD,SECONDARY_RD,DISTANCE,DIRECTION,INTERSECTION,WEATHER_1,WEATHER_2,STATE_HWY_IND,CALTRANS_COUNTY,CALTRANS_DISTRICT,STATE_ROUTE,ROUTE_SUFFIX,POSTMILE_PREFIX,POSTMILE,LOCATION_TYPE,RAMP_INTERSECTION,SIDE_OF_HWY,TOW_AWAY,COLLISION_SEVERITY,NUMBER_KILLED,NUMBER_INJURED,PARTY_COUNT,PRIMARY_COLL_FACTOR,PCF_CODE_OF_VIOL,PCF_VIOL_CATEGORY,PCF_VIOLATION,PCF_VIOL_SUBSECTION,HIT_AND_RUN,TYPE_OF_COLLISION,MVIW,PED_ACTION,ROAD_SURFACE,ROAD_COND_1,ROAD_COND_2,LIGHTING,CONTROL_DEVICE,CHP_ROAD_TYPE,PEDESTRIAN_ACCIDENT,BICYCLE_ACCIDENT,MOTORCYCLE_ACCIDENT,TRUCK_ACCIDENT,NOT_PRIVATE_PROPERTY,ALCOHOL_INVOLVED,STWD_VEHTYPE_AT_FAULT,CHP_VEHTYPE_AT_FAULT,COUNT_SEVERE_INJ,COUNT_VISIBLE_INJ,COUNT_COMPLAINT_PAIN,COUNT_PED_KILLED,COUNT_PED_INJURED,COUNT_BICYCLIST_KILLED,COUNT_BICYCLIST_INJURED,COUNT_MC_KILLED,COUNT_MC_INJURED,PRIMARY_RAMP,SECONDARY_RAMP,LATITUDE,LONGITUDE,COUNTY,CITY,POINT_X,POINT_Y
9194278,2020,2021-01-21,3801,2020-11-14,1613,2408,MISSI,6,5,7,3801,0,0,0,,0,3D11D,"MARKET ST","CASTRO ST",78.00,E,N,A,-,N,,,,,,,,,,N,2,0,1,1,A,-,03,22350,,N,F,I,A,A,H,-,A,A,0,,Y,,,Y,,L,04,1,0,0,0,0,0,1,0,0,"- ","- ",,,"SAN FRANCISCO","SAN FRANCISCO",-122.43499755859375,37.762809753417969
91978314,2023,2023-01-26,9335,2023-01-17,1153,023167,,2,1,7,3801,0,1,2,,2,013,"US 101 N/B TO 3RD STREET","3RD STREET OVERCROSSING",883.00,S,N,A,-,Y,SF,,101," "," ",0.389,H,,R,Y,2,0,2,1,A,-,01,23152,A,N,E,I,A,A,H,-,A,D,0,,,,,Y,Y,A,07,1,1,0,0,0,0,0,0,0,"- ","- ",37.713951110839844,-122.39665985107422,"SAN FRANCISCO","SAN FRANCISCO",-122.39688873291016,37.713829040527344
92014815,2022,2023-03-10,9335,2022-11-21,1529,021328,,1,2,7,3801,0,1,1,,1,083,"I-80 E/B","MAIN STREET UNDERCROSSING",80.00,E,N,B,-,Y,SF,,80,,,5.811,H,,R,Y,1,1,0,3,A,-,03,22350,,N,C,C,A,A,H,-,A,D,0,,,Y,Y,Y,,C,02,0,0,0,0,0,0,0,1,0,"- ","- ",37.787681579589844,-122.38916778564453,"SAN FRANCISCO","SAN FRANCISCO",-122.38915252685547,37.787670135498047
92032893,2023,2023-03-30,9335,2023-03-21,1623,023121,,2,2,7,3801,0,1,1,,1,083,"I-80 E/B","CECTER ANCHORAGE",554.00,E,N,C,G,Y,SF,,80," "," ",6.878,H,,R,Y,2,0,1,1,C,-,18,,,N,F,A,A,A,H,-,A,D,0,,,,Y,Y,,-,"- ",1,0,0,0,0,0,0,0,0,"- ","- ",37.799610137939453,-122.37638092041016,"SAN FRANCISCO","SAN FRANCISCO",-122.37624359130859,37.799514770507812
9209130,2020,2021-02-25,3801,2020-12-24,1430,504,NORTH,4,5,7,3801,0,0,0,,0,3E13,"MCALLISTER ST","VAN NESS AV",0.00,,Y,A,-,N,,,,,,,,,,Y,2,0,1,3,A,-,07,21658,A,N,A,C,A,A,D,-,A,A,0,,,,,Y,,A,07,1,0,0,0,0,0,0,0,0,"- ","- ",,,"SAN FRANCISCO","SAN FRANCISCO",-122.42032623291016,37.780048370361328
92146910,2023,2023-10-05,9335,2023-08-16,1800,021424,,3,2,7,3801,0,1,1,,1,083,"I-80 E/B","PHYSICAL REVERSE GORE POINT OF I-80 EASTBOUND FROM",294.00,W,N,A,-,Y,SF,,80," ",R,7.976,H,,R,N,1,1,1,2,A,-,03,22350,,N,C,C,A,A,H,-,A,D,0,,,,,Y,,A,01,0,0,1,0,0,0,0,0,0,"- ","- ",37.81195068359375,-122.36324310302734,"SAN FRANCISCO","SAN FRANCISCO",-122.36338043212891,37.812004089355469
9215582,2020,2021-03-01,3801,2020-12-21,1445,1398,TRAFF,1,5,7,3801,0,0,0,,0,,"ALEMANY BL","THERESA ST",6.00,S,N,A,-,N,,,,,,,,,,Y,2,0,1,2,A,-,10,21950,A,F,B,B,B,A,H,-,A,D,0,Y,,,,Y,,A,01,1,0,0,0,1,0,0,0,0,"- ","- ",37.728721618652344,-122.43457794189453,"SAN FRANCISCO","SAN FRANCISCO",-122.43453979492188,37.728775024414062
9215595,2020,2021-02-27,3801,2020-12-11,0925,2463,SOUTH,5,5,7,3801,0,0,0,,0,3B13A,"HOWARD ST","7TH ST",0.00,,Y,A,-,N,,,,,,,,,,N,2,0,1,2,A,-,11,21453,D,N,D,B,B,A,H,-,A,A,0,Y,,,,Y,,N,60,1,0,0,0,1,0,0,0,0,"- ","- ",,,"SAN FRANCISCO","SAN FRANCISCO",-122.40940093994141,37.777980804443359
9223692,2021,2021-03-23,3801,2021-01-12,1751,209,NORTH,2,5,7,3801,0,0,0,,0,NORTH,"LAGUNA ST","GOLDEN GATE AV",7.00,N,N,A,-,N,,,,,,,,,,N,2,0,1,2,A,-,10,21950,C,N,G,B,B,A,H,-,C,A,0,Y,,,,Y,,E,23,1,0,0,0,1,0,0,0,0,"- ","- ",,,"SAN FRANCISCO","SAN FRANCISCO",-122.42702484130859,37.780220031738281
9223853,2021,2021-03-22,3801,2021-01-28,2122,327,RICHM,4,5,7,3801,0,0,0,,0,1801,"19TH AV","ANZA ST",0.00,,Y,A,-,N,,,,,,,,,,Y,2,0,2,2,A,-,01,23152,A,N,D,C,A,B,H,-,C,A,0,,,Y,,Y,Y,C,02,2,0,0,0,0,0,0,0,2,"- ","- ",,,"SAN FRANCISCO","SAN FRANCISCO",-122.47819519042969,37.778453826904297
9227525,2021,2021-04-12,3801,2021-02-10,0710,4035,BAYVI,3,5,7,3801,0,0,0,,0,3C12B,"PHELPS ST","LA SALLE AV",25.00,S,N,A,-,N,,,,,,,,,,N,2,0,1,5,A,-,05,21650,,N,A,E,E,A,H,-,A,D,0,Y,,,,Y,Y,A,01,1,0,0,0,1,0,0,0,0,"- ","- ",,,"SAN FRANCISCO","SAN FRANCISCO",-122.39242553710938,37.738536834716797
9228211,2021,2021-03-23,3801,2021-02-21,1530,4314,RICHM,7,5,7,3801,0,0,0,,0,0G2,"CALIFORNIA ST","BRODERICK ST",0.00,,Y,A,-,N,,,,,,,,,,N,2,0,1,2,A,-,11,21954,A,N,G,B,E,A,H,-,A,A,0,Y,,,,Y,,N,60,1,0,0,0,1,0,0,0,0,"- ","- ",,,"SAN FRANCISCO","SAN FRANCISCO",-122.44207763671875,37.787849426269531
92304194,2024,2024-02-02,9335,2024-01-14,2304,023504,,7,3,7,3801,0,1,1,,1,081,"I-80 W/B TO HARRISON STREET","BEALE STREET",1267.00,W,N,A,-,Y,SF,,80," "," ",5.483,H,,R,Y,2,0,1,1,A,-,03,22350,,N,E,8,A,A,H,-,C,A,0,,,,,Y,,A,07,1,0,0,0,0,0,0,0,0,"- ","- ",37.784229278564453,-122.39328765869141,"SAN FRANCISCO","SAN FRANCISCO",-122.39349365234375,37.784412384033203
92343033,2024,2024-03-20,9335,2024-03-12,1020,023685,,2,1,7,3801,0,1,1,,1,083,"I-80 E/B","TREASURE ISLAND RD",330.00,E,N,B,-,Y,SF,,80," "," ",7.782,H,,R,Y,2,0,1,1,A,-,08,22107,,N,E,I,A,B,H,-,A,D,0,,,,,Y,,A,01,1,0,0,0,0,0,0,0,0,"- ","- ",37.809661865234375,-122.36541748046875,"SAN FRANCISCO","SAN FRANCISCO",-122.36550140380859,37.809719085693359
9239156,2021,2021-04-20,3801,2021-03-13,1703,1173,RICHM,6,5,7,3801,0,0,0,,0,901,"34TH AV","BALBOA ST",0.00,,Y,A,-,N,,,,,,,,,,N,2,0,1,1,D,-,00,,,N,-,-,A,A,H,-,A,D,0,,Y,,,Y,,-,"- ",1,0,0,0,0,0,1,0,0,"- ","- ",,,"SAN FRANCISCO","SAN FRANCISCO",-122.49412536621094,37.775871276855469
9239169,2021,2021-04-19,3801,2021-03-01,1843,2081,CENTR,1,5,7,3801,0,0,0,,0,004,"COLUMBUS AV","GREEN ST",143.00,S,N,A,-,N,,,,,,,,,,N,2,0,1,2,A,-,11,21954,A,N,G,B,E,A,H,-,C,D,0,Y,,,,Y,,N,60,1,0,0,0,1,0,0,0,0,"- ","- ",,,"SAN FRANCISCO","SAN FRANCISCO",-122.40862274169922,37.799224853515625
92398732,2024,2024-05-27,9335,2024-04-24,1301,022703,,3,1,7,3801,0,1,2,,2,013,"US-101 SOUTHBOUND","BLANKEN AVENUE",215.00,S,N,A,-,Y,SF,,101," "," ",0.136,H,,L,Y,2,0,2,4,A,-,03,22350,,N,C,C,A,A,H,-,A,D,0,,,,Y,Y,,A,07,1,0,1,0,0,0,0,0,0,"- ","- ",37.710319519042969,-122.39552307128906,"SAN FRANCISCO","SAN FRANCISCO",-122.39556884765625,37.710311889648438
9252733,2021,2021-04-24,3801,2021-03-27,1500,1246,MISSI,6,5,7,3801,0,0,0,,0,3D15D,"GRAND VIEW AV","25TH ST",75.00,N,N,A,-,N,,,,,,,,,,Y,2,0,1,2,A,-,21,22106,,N,F,E,A,A,H,-,A,D,0,,,,,Y,,A,01,1,0,0,0,0,0,0,0,0,"- ","- ",,,"SAN FRANCISCO","SAN FRANCISCO",-122.44261169433594,37.749355316162109
9262722,2021,2021-05-11,3801,2021-04-25,0805,2046,NORTH,7,5,7,3801,0,0,0,,0,3E14A,"FRANKLIN ST","CLAY ST",40.00,S,N,B,-,N,,,,,,,,,,Y,2,0,1,2,A,-,03,22350,,N,B,E,A,A,H,-,A,A,0,,,,,Y,,A,01,1,0,0,0,0,0,0,0,0,"- ","- ",,,"SAN FRANCISCO","SAN FRANCISCO",-122.42430877685547,37.791862487792969
9262744,2021,2021-05-11,3801,2021-04-29,2054,2731,RICHM,4,5,7,3801,0,0,0,,0,901,"GEARY BL","32ND AV",0.00,,Y,A,-,N,,,,,,,,,,,2,0,2,2,A,-,08,22107,,N,A,C,A,A,H,-,C,A,0,,,,,Y,,A,01,1,0,1,0,0,0,0,0,0,"- ","- ",,,"SAN FRANCISCO","SAN FRANCISCO",-122.49223327636719,37.779811859130859
9262999,2021,2021-05-21,3801,2021-04-12,1218,845,TRAFF,1,5,7,3801,0,0,0,,0,4B2D,"19TH AV","TARAVAL ST",31.00,N,N,A,-,Y,SF,4,1,-,-,2.510,H,-,S,N,2,0,1,2,A,-,21,22106,,N,G,B,F,A,H,-,A,D,0,Y,,,,Y,,A,01,1,0,0,0,1,0,0,0,0,"- ","- ",,,"SAN FRANCISCO","SAN FRANCISCO",-122.47573852539062,37.743194580078125
9275084,2021,2021-07-06,3801,2021-05-07,1312,2315,MISSI,5,5,7,3801,0,0,0,,0,3D13C,"DOLORES ST","19TH ST",0.00,,Y,A,-,N,,,,,,,,,,N,2,0,1,2,A,-,03,22350,,N,D,G,A,A,H,-,A,A,0,,Y,,,Y,,L,04,1,0,0,0,0,0,1,0,0,"- ","- ",,,"SAN FRANCISCO","SAN FRANCISCO",-122.42600250244141,37.759849548339844
9275160,2021,2021-07-08,3801,2021-05-08,2009,1160,SOUTH,6,5,7,3801,0,0,0,,0,0B4,"MARKET ST","SOUTH VAN NESS AV",0.00,,Y,A,-,N,,,,,,,,,,N,2,0,1,2,-,-,"- ",,,N,G,B,B,A,H,-,B,A,0,Y,,,,Y,,-,"- ",1,0,0,0,1,0,0,0,0,"- ","- ",,,"SAN FRANCISCO","SAN FRANCISCO",-122.41925811767578,37.775169372558594
9280808,2021,2021-06-30,3801,2021-05-07,2339,1660,SOUTH,5,5,7,3801,0,0,0,,0,3B11E,"FOLSOM ST","2ND ST",0.00,,Y,A,-,N,,,,,,,,,,N,2,0,1,2,A,-,03,22350,,F,G,B,B,A,H,-,C,A,0,Y,,,,Y,Y,A,01,1,0,0,0,1,0,0,0,0,"- ","- ",,,"SAN FRANCISCO","SAN FRANCISCO",-122.396728515625,37.785564422607422
9285648,2021,2021-07-02,3801,2021-05-04,1554,2475,CENTR,2,5,7,3801,0,0,0,,0,3A15C,"MARKET ST","MARKET ST 685",0.00,,N,A,-,N,,,,,,,,,,N,2,0,1,1,-,-,"- ",,,N,E,I,A,A,G,-,A,A,0,,,,,Y,,M,94,1,0,0,0,0,0,0,0,0,"- ","- ",,,"SAN FRANCISCO","SAN FRANCISCO",,
9301719,2021,2021-10-07,3801,2021-09-08,2312,1766,TRAFF,3,5,7,3801,0,0,0,,0,4B103,"MASON ST","EDDY ST",6.00,N,N,A,-,N,,,,,,,,,,Y,1,1,0,2,A,-,08,22101,D,N,B,C,A,A,H,-,C,A,0,,,Y,,Y,,C,02,0,0,0,0,0,0,0,1,0,"- ","- ",,,"SAN FRANCISCO","SAN FRANCISCO",-122.4093017578125,37.784397125244141
9307704,2021,2021-08-27,3801,2021-07-18,1635,1819,NORTH,7,5,7,3801,0,0,0,,0,004,"PINE ST","SCOTT ST",92.00,E,N,A,-,N,,,,,,,,,,N,2,0,2,2,A,-,09,21804,A,N,D,C,A,A,H,-,A,D,0,,,Y,,Y,,C,03,1,0,1,0,0,0,0,0,0,"- ","- ",,,"SAN FRANCISCO","SAN FRANCISCO",-122.43825531005859,37.787368774414062
9320014,2021,2021-10-28,3801,2021-09-19,0158,4222,INGLE,7,5,7,3801,0,0,0,,0,3H11E,"ALEMANY BL","BAYSHORE BL",445.00,W,N,C,-,N,,,,,,,,,,Y,1,1,0,1,A,-,03,22350,,N,F,I,A,B,H,-,C,D,0,,,,,Y,,D,22,0,0,0,0,0,0,0,0,0,"- ","- ",,,"SAN FRANCISCO","SAN FRANCISCO",-122.40712738037109,37.737289428710938
9320757,2022,2022-06-02,3801,2022-04-09,1458,76,BAYVI,6,5,7,3801,0,0,0,,0,4B3B,"EVANS AV","MANDELL ST",0.00,,Y,A,-,N,,,,,,,,,,Y,1,1,0,2,A,-,01,23152,A,F,D,C,A,A,H,-,A,A,0,,,Y,,Y,,D,22,0,0,0,0,0,0,0,1,0,"- ","- ",,,"SAN FRANCISCO","SAN FRANCISCO",-122.38475799560547,37.740852355957031
9341993,2021,2021-10-22,3801,2021-09-15,2149,1853,RICHM,3,5,7,3801,0,0,0,,0,901,"FULTON ST","CROSSOVER DR",0.00,,Y,A,-,N,,,,,,,,,,Y,2,0,1,2,A,-,12,21453,A,N,D,C,A,A,H,-,C,A,0,,,Y,,Y,,C,02,1,0,0,0,0,0,0,0,1,"- ","- ",,,"SAN FRANCISCO","SAN FRANCISCO",-122.48418426513672,37.772567749023438
9343121,2021,2021-10-08,3801,2021-08-02,2125,2237,SOUTH,1,5,7,3801,0,0,0,,0,003,"6TH ST","MISSION ST",0.00,,Y,A,-,N,,,,,,,,,,N,2,0,1,2,A,-,10,21950,A,F,G,B,B,A,H,-,C,A,0,Y,,,,Y,,A,01,1,0,0,0,1,0,0,0,0,"- ","- ",,,"SAN FRANCISCO","SAN FRANCISCO",-122.40869140625,37.780982971191406
9343310,2021,2021-10-13,3801,2021-08-11,1626,1512,BAYVI,3,5,7,3801,0,0,0,,0,005,"LANE ST","REVERE AV",0.00,,Y,A,-,N,,,,,,,,,,N,2,0,2,3,A,-,10,21950,A,N,A,B,B,A,H,-,A,D,0,Y,,,,Y,,A,01,1,0,1,0,2,0,0,0,0,"- ","- ",,,"SAN FRANCISCO","SAN FRANCISCO",-122.39018249511719,37.731670379638672
9348912,2022,2022-06-15,3801,2022-05-02,2344,359,TARAV,1,5,7,3801,0,0,0,,0,3I16E,"SICKLES AV","SAN JOSE AV",0.00,,Y,A,-,N,,,,,,,,,,Y,2,0,1,1,A,-,03,22350,,N,F,J,A,A,H,-,C,A,0,,,Y,,Y,,C,02,1,0,0,0,0,0,0,0,1,"- ","- ",,,"SAN FRANCISCO","SAN FRANCISCO",-122.45581817626953,37.71124267578125
9349619,2021,2021-10-29,3801,2021-09-01,1755,4103,SOUTH,3,5,7,3801,0,0,0,,0,3B12D,"HARRIET ST","BRANNAN ST",0.00,,-,A,-,N,,,,,,,,,,N,2,0,1,1,C,-,18,,,N,H,G,A,A,H,-,A,A,0,,Y,,,Y,,-,"- ",1,0,0,0,0,0,1,0,0,"- ","- ",,,"SAN FRANCISCO","SAN FRANCISCO",-122.40151214599609,37.774402618408203
9372019,2022,2022-04-25,3801,2022-02-25,1925,76,TRAFF,5,5,7,3801,0,0,0,,0,4B3B,"CESAR CHAVEZ","3RD ST",0.00,,Y,A,-,N,,,,,,,,,,Y,2,0,4,2,A,-,12,21453,A,N,-,C,A,A,H,-,C,A,0,,,,,Y,,J,48,1,0,3,0,0,0,0,0,0,"- ","- ",,,"SAN FRANCISCO","SAN FRANCISCO",-122.38768768310547,37.750228881835938
9375727,2021,2022-03-16,3801,2021-11-12,2109,2498,SOUTH,5,5,7,3801,0,0,0,,0,3B12E,"9TH ST","BRANNAN ST",0.00,,Y,A,-,N,,,,,,,,,,Y,2,0,1,2,A,-,09,21801,A,F,A,G,A,A,H,-,C,A,0,,Y,,,Y,,-,99,1,0,0,0,0,0,1,0,0,"- ","- ",,,"SAN FRANCISCO","SAN FRANCISCO",-122.40699005126953,37.770057678222656
9376217,2021,2021-12-30,3801,2021-11-03,1857,1307,MISSI,3,5,7,3801,0,0,0,,0,3D15D,"DUNCAN ST","DOUGLASS ST",316.00,W,N,A,-,N,,,,,,,,,,Y,2,0,1,3,A,-,03,22350,,N,C,E,A,A,H,-,C,D,0,,,,,Y,,A,01,1,0,0,0,0,0,0,0,0,"- ","- ",,,"SAN FRANCISCO","SAN FRANCISCO",-122.43901824951172,37.745368957519531
9376228,2021,2021-12-30,3801,2021-11-08,0413,2457,SOUTH,1,5,7,3801,0,0,0,,0,3B15E,"3RD ST","16TH ST",0.00,,Y,A,-,N,,,,,,,,,,Y,2,0,1,1,A,-,03,22350,,N,E,I,A,B,-,-,C,A,0,,,,,Y,,A,01,1,0,0,0,0,0,0,0,0,"- ","- ",,,"SAN FRANCISCO","SAN FRANCISCO",-122.38920593261719,37.766944885253906
9376237,2021,2021-12-30,3801,2021-11-07,2312,1472,PARK,7,5,7,3801,0,0,0,,0,003,"STANYAN ST","FULTON ST",0.00,,Y,A,-,N,,,,,,,,,,Y,2,0,2,2,A,-,12,21453,A,N,D,C,A,A,H,-,C,A,0,,,,,Y,,A,01,1,1,0,0,0,0,0,0,0,"- ","- ",,,"SAN FRANCISCO","SAN FRANCISCO",-122.45465850830078,37.774745941162109
93881426,2024,2024-08-08,9335,2024-07-28,"625 ",023474,,7,1,7,3801,0,1,1,,2,022,"I-280 S/B","FARALLONES ST PED OVERCROSSING",77.00,N,N,A,-,Y,SF,,280," ",R,1.079,H,,L,N,2,0,1,1,A,-,08,22107,,N,E,I,A,A,H,-,B,D,0,,,Y,,Y,,C,02,1,0,0,0,0,0,0,0,1,"- ","- ",37.713829040527344,-122.45169067382812,"SAN FRANCISCO","SAN FRANCISCO",-122.45172882080078,37.713855743408203
9391944,2021,2022-01-20,3801,2021-12-19,2150,2735,MISSI,7,5,7,3801,0,0,0,,0,3D14E,"24TH ST","CYPRESS ST",0.00,,Y,A,-,N,,,,,,,,,,Y,2,0,2,2,A,-,01,23153,A,N,F,E,A,A,H,-,C,-,0,,,,,Y,Y,A,01,1,1,0,0,0,0,0,0,0,"- ","- ",,,"SAN FRANCISCO","SAN FRANCISCO",-122.41680145263672,37.752353668212891
9403536,2022,2022-03-15,3801,2022-01-12,1200,2025,INGLE,3,5,7,3801,0,0,0,,0,3H16C,"SUNNYDALE AV","HAHN ST",0.00,,Y,A,-,N,,,,,,,,,,N,2,0,1,2,A,-,10,21950,A,N,G,B,B,A,H,-,A,D,0,Y,,,,Y,,I,09,1,0,0,0,1,0,0,0,0,"- ","- ",,,"SAN FRANCISCO","SAN FRANCISCO",-122.41603088378906,37.711925506591797
94678728,2025,2025-05-07,9335,2025-04-27,2106,023378,,7,2,7,3801,0,1,1,,1,083,"I-80 E/B","EAST OF THE SAS TOWER",1090.00,E,N,A,-,Y,SF,,80," ",R,8.533,H,,R,Y,2,0,2,3,A,-,03,22350,,M,C,C,A,A,H,-,C,D,0,,,,,Y,,A,01,1,0,1,0,0,0,0,0,0,"- ","- ",37.817001342773438,-122.35526275634766,"SAN FRANCISCO","SAN FRANCISCO",-122.35524749755859,37.816982269287109
9468784,2023,2023-09-12,3801,2023-07-29,1819,964,NORTH,6,5,7,3801,0,0,0,,0,3E13D,"FRANKLIN ST","GEARY BL",0.00,,Y,A,-,N,,,,,,,,,,N,2,0,1,2,A,-,05,21650,1,N,A,G,A,A,H,-,A,A,0,,Y,,,Y,,L,04,1,0,0,0,0,0,1,0,0,"- ","- ",,,"SAN FRANCISCO","SAN FRANCISCO",-122.42301940917969,37.785484313964844
9468807,2023,2023-09-11,3801,2023-07-25,1817,1352,MISSI,2,5,7,3801,0,0,0,,0,3D2C,"DOLORES ST","19TH ST",0.00,,Y,A,-,N,,,,,,,,,,N,2,0,1,1,A,-,03,22350,,N,H,G,A,A,H,-,A,A,0,,Y,,,Y,Y,L,04,1,0,0,0,0,0,1,0,0,"- ","- ",,,"SAN FRANCISCO","SAN FRANCISCO",-122.42600250244141,37.759849548339844
9472214,2022,2022-07-20,3801,2022-05-22,0100,4341,BAYVI,7,5,7,3801,0,0,0,,0,901,"NAPOLEON ST","EVANS AV",513.00,W,N,A,-,N,,,,,,,,,,N,2,0,1,2,A,-,03,22350,,F,D,C,A,A,G,-,C,D,0,,,Y,,Y,,C,02,1,0,0,0,0,0,0,0,1,"- ","- ",,,"SAN FRANCISCO","SAN FRANCISCO",-122.39772033691406,37.747097015380859
94738240,2024,2025-06-25,9335,2024-12-21,"245 ",023366,,6,3,7,3801,0,1,2,,2,013,"US-101 S/B","SILVER AVE",1020.00,N,N,A,-,Y,SF,,101," "," ",1.968,H,,L,Y,1,1,1,2,A,-,00,21960,A,N,H,G,A,A,H,-,C,D,0,,Y,,,Y,,L,04,0,0,1,0,0,1,0,0,0,"- ","- ",37.735240936279297,-122.40689086914062,"SAN FRANCISCO","SAN FRANCISCO",-122.40687561035156,37.735244750976562
9478958,2022,2022-08-10,3801,2022-07-09,1607,1926,NORTH,6,5,7,3801,0,0,0,,0,3E13D,"VAN NESS AV","UNION ST",0.00,,Y,A,-,N,,,,,,,,,,Y,2,0,2,2,A,-,08,22107,,N,D,C,A,A,H,-,A,A,0,,,Y,,Y,,C,02,1,0,1,0,0,0,0,0,2,"- ","- ",,,"SAN FRANCISCO","SAN FRANCISCO",-122.42391967773438,37.798561096191406
9483458,2022,2022-08-08,3801,2022-07-16,0950,1952,BAYVI,6,5,7,3801,0,0,0,,0,3C15D,"18TH ST","CASTRO ST",20.00,W,N,A,-,N,,,,,,,,,,N,2,0,1,2,A,-,"- ",,,M,B,G,A,A,H,-,A,A,0,,Y,,,Y,,A,01,1,0,0,0,0,0,1,0,0,"- ","- ",,,"SAN FRANCISCO","SAN FRANCISCO",-122.43506622314453,37.760887145996094
9502468,2022,2022-09-30,3801,2022-06-18,1103,1936,TRAFF,6,5,7,3801,0,0,0,,0,4B1D,"RT 101","FILLMORE ST",0.00,,Y,A,-,Y,SF,4,101,-,-,7.376,I,5,N,Y,2,0,7,7,A,-,01,23152,G,N,D,C,-,A,H,-,A,A,0,Y,,,,Y,Y,A,07,4,0,3,0,4,0,0,0,0,"- ","- ",,,"SAN FRANCISCO","SAN FRANCISCO",-122.43606567382812,37.799911499023438
9505808,2022,2022-11-16,3801,2022-10-12,1915,1435,TRAFF,3,5,7,3801,0,0,0,,0,4B4C,"SCOTT ST","MARINA BL",29.00,S,N,A,-,N,,,,,,,,,,N,2,0,1,2,A,-,06,21755,A,N,D,G,A,A,H,-,C,A,0,,Y,,,Y,,L,04,1,0,0,0,0,0,1,0,0,"- ","- ",,,"SAN FRANCISCO","SAN FRANCISCO",-122.4422607421875,37.805702209472656
9505972,2022,2022-11-14,3801,2022-10-13,1401,1833,NORTH,4,5,7,3801,0,0,0,,0,3E13C,"EDDY ST","POLK ST",0.00,,Y,A,-,N,,,,,,,,,,Y,2,0,3,2,A,-,09,21801,,N,A,C,A,A,H,-,A,A,0,,,,,Y,,A,01,1,0,2,0,0,0,0,0,0,"- ","- ",,,"SAN FRANCISCO","SAN FRANCISCO",-122.41918182373047,37.7830810546875
9505974,2022,2022-11-14,3801,2022-10-12,1735,2328,BAYVI,3,5,7,3801,0,0,0,,0,901,"BAY SHORE BL","INDUSTRIAL ST",0.00,,Y,B,-,N,,,,,,,,,,N,2,0,1,1,A,-,03,22350,,N,F,A,A,A,H,-,A,A,0,,,Y,,Y,,C,02,1,0,0,0,0,0,0,0,1,"- ","- ",,,"SAN FRANCISCO","SAN FRANCISCO",-122.40695953369141,37.737998962402344
9506239,2022,2022-10-31,3801,2022-06-15,1421,2081,CENTR,3,5,7,3801,0,0,0,,0,005,"PIER 5","THE EMBARCADERO NORTH",0.00,,Y,A,-,N,,,,,,,,,,N,2,0,2,2,A,-,03,22350,,N,A,-,A,A,H,-,A,D,0,,Y,,,Y,,-,"- ",1,0,1,0,0,0,1,0,0,"- ","- ",,,"SAN FRANCISCO","SAN FRANCISCO",-122.39646148681641,37.798084259033203
9510007,2022,2022-12-20,3801,2022-11-17,0059,1750,NORTH,4,5,7,3801,0,0,0,,0,0E1,"HAYES ST","FILLMORE ST",0.00,,Y,A,B,N,,,,,,,,,,N,2,0,1,2,A,-,11,21453,D,N,G,B,B,A,H,-,C,A,0,Y,,,,Y,,N,60,1,0,0,0,1,0,0,0,0,"- ","- ",,,"SAN FRANCISCO","SAN FRANCISCO",-122.43118286132812,37.775825500488281
9520937,2023,2025-06-25,3801,2023-06-24,1444,202,TRAFF,6,5,7,3801,0,0,0,,0,4B2D,"3RD ST","ARTHUR AV",72.00,N,N,A,-,N,,,,,,,,,,Y,1,1,0,1,A,-,03,22350,,N,F,I,A,A,H,-,A,D,0,,,,,Y,Y,A,01,0,0,0,0,0,0,0,0,0,"- ","- ",,,"SAN FRANCISCO","SAN FRANCISCO",-122.38733673095703,37.746395111083984
9522326,2022,2022-12-19,3801,2022-11-17,2500,740,MISSI,4,5,7,3801,0,0,0,,0,0J2,"MARKET ST","5TH ST",0.00,,Y,A,-,N,,,,,,,,,,N,2,0,1,2,A,-,10,21950,A,N,-,B,B,A,H,-,C,A,0,Y,,,,Y,,A,08,1,0,0,0,1,0,0,0,0,"- ","- ",,,"SAN FRANCISCO","SAN FRANCISCO",-122.40805816650391,37.78399658203125