CASE_ID,ACCIDENT_YEAR,PROC_DATE,JURIS,COLLISION_DATE,COLLISION_TIME,OFFICER_ID,REPORTING_DISTRICT,DAY_OF_WEEK,CHP_SHIFT,POPULATION,CNTY_CITY_LOC,SPECIAL_COND,BEAT_TYPE,CHP_BEAT_TYPE,CITY_DIVISION_LAPD,CHP_BEAT_CLASS,BEAT_NUMBER,PRIMARY_RD,SECONDARY_RD,DISTANCE,DIRECTION,INTERSECTION,WEATHER_1,WEATHER_2,STATE_HWY_IND,CALTRANS_COUNTY,CALTRANS_DISTRICT,STATE_ROUTE,ROUTE_SUFFIX,POSTMILE_PREFIX,POSTMILE,LOCATION_TYPE,RAMP_INTERSECTION,SIDE_OF_HWY,TOW_AWAY,COLLISION_SEVERITY,NUMBER_KILLED,NUMBER_INJURED,PARTY_COUNT,PRIMARY_COLL_FACTOR,PCF_CODE_OF_VIOL,PCF_VIOL_CATEGORY,PCF_VIOLATION,PCF_VIOL_SUBSECTION,HIT_AND_RUN,TYPE_OF_COLLISION,MVIW,PED_ACTION,ROAD_SURFACE,ROAD_COND_1,ROAD_COND_2,LIGHTING,CONTROL_DEVICE,CHP_ROAD_TYPE,PEDESTRIAN_ACCIDENT,BICYCLE_ACCIDENT,MOTORCYCLE_ACCIDENT,TRUCK_ACCIDENT,NOT_PRIVATE_PROPERTY,ALCOHOL_INVOLVED,STWD_VEHTYPE_AT_FAULT,CHP_VEHTYPE_AT_FAULT,COUNT_SEVERE_INJ,COUNT_VISIBLE_INJ,COUNT_COMPLAINT_PAIN,COUNT_PED_KILLED,COUNT_PED_INJURED,COUNT_BICYCLIST_KILLED,COUNT_BICYCLIST_INJURED,COUNT_MC_KILLED,COUNT_MC_INJURED,PRIMARY_RAMP,SECONDARY_RAMP,LATITUDE,LONGITUDE,COUNTY,CITY,POINT_X,POINT_Y
9522335,2022,2022-12-20,3801,2022-11-20,1947,2239,INGLE,7,5,7,3801,0,0,0,,0,3H11D,"PORTOLA DR","EVELYN WY",36.00,W,N,A,-,N,,,,,,,,,,Y,2,0,1,1,A,-,01,23152,A,N,E,I,A,A,H,-,C,A,0,,,,,Y,Y,A,01,1,0,0,0,0,0,0,0,0,"- ","- ",,,"SAN FRANCISCO","SAN FRANCISCO",-122.45436096191406,37.743965148925781
9542784,2022,2023-01-13,3801,2022-11-11,1847,4178,SOUTH,5,5,7,3801,0,0,0,,0,4B3A,"HOWARD ST","2ND ST",0.00,,Y,A,-,N,,,,,,,,,,N,2,0,1,2,A,-,12,21453,A,N,D,G,A,A,H,-,C,A,0,,Y,,Y,Y,,L,04,1,0,0,0,0,0,1,0,0,"- ","- ",,,"SAN FRANCISCO","SAN FRANCISCO",-122.39824676513672,37.786788940429688
9543277,2022,2023-01-24,3801,2022-11-24,1831,1480,MISSI,4,5,7,3801,0,0,0,,0,3D15E,"GUERRERO ST","14TH ST",0.00,,Y,A,-,N,,,,,,,,,,N,2,0,1,2,A,-,12,21453,A,N,D,G,A,A,H,-,C,A,0,,Y,,,Y,,L,04,1,0,0,0,0,0,1,0,0,"- ","- ",,,"SAN FRANCISCO","SAN FRANCISCO",-122.42440795898438,37.768024444580078
9543557,2022,2023-01-17,3801,2022-11-30,2247,2089,TENDE,3,5,7,3801,0,0,0,,0,COJ4CA,"EDDY ST","MASON ST",5.00,E,N,A,-,N,,,,,,,,,,Y,2,0,1,2,A,-,11,21950,B,F,G,B,D,A,H,-,C,A,0,Y,,,,Y,,N,60,1,0,0,0,1,0,0,0,0,"- ","- ",,,"SAN FRANCISCO","SAN FRANCISCO",-122.40928649902344,37.784381866455078
9545555,2023,2023-02-24,3801,2023-01-13,1159,1870,RICHM,5,5,7,3801,0,0,0,,0,005,"CLEMENT ST","40TH ST",0.00,,Y,C,-,N,,,,,,,,,,Y,2,0,2,3,A,-,09,21802,A,N,D,C,A,B,H,-,A,A,0,,,,,Y,,A,01,1,0,1,0,0,0,0,0,0,"- ","- ",,,"SAN FRANCISCO","SAN FRANCISCO",-122.50090026855469,37.781280517578125
9553967,2023,2023-04-11,3801,2023-02-08,1210,4375,TRAFF,3,5,7,3801,0,0,0,,0,4B1F,"LINDEN ST","OCTAVIA ST",0.00,,Y,A,-,N,,,,,,,,,,Y,2,0,1,1,A,-,03,22350,,N,E,-,A,A,H,-,A,-,0,,,,,Y,,A,01,1,0,0,0,0,0,0,0,0,"- ","- ",,,"SAN FRANCISCO","SAN FRANCISCO",-122.42462158203125,37.776439666748047
9561203,2023,2023-04-24,3801,2023-03-07,"754 ",1442,NORTH,2,5,7,3801,0,0,0,,0,3E15A,"RICHARDSON AV","LOMBARD ST",26.00,W,N,A,-,N,,,,,,,,,,N,2,0,1,4,A,-,04,21703,,N,C,C,A,B,H,-,A,A,0,,,Y,,Y,,C,02,1,0,0,0,0,0,0,0,1,"- ","- ",,,"SAN FRANCISCO","SAN FRANCISCO",-122.44495391845703,37.798896789550781
9561284,2023,2023-04-12,3801,2023-02-20,1940,1435,TRAFF,1,5,7,3801,0,0,0,,0,4B4C,"GEARY BL","LARKIN ST",3.00,W,N,A,-,N,,,,,,,,,,Y,2,0,1,2,A,-,03,22350,,F,C,C,A,A,H,-,C,A,0,,,Y,,Y,,A,07,1,0,0,0,0,0,0,0,1,"- ","- ",,,"SAN FRANCISCO","SAN FRANCISCO",-122.41812133789062,37.786109924316406
9561304,2023,2023-04-28,3801,2023-03-20,1759,426,NORTH,1,5,7,3801,0,0,0,,0,3E13D,"GEARY ST","FRANKLIN ST",200.00,E,N,A,-,N,,,,,,,,,,N,2,0,1,2,A,-,10,21950,,F,G,B,F,A,H,-,A,D,0,Y,,,,Y,,A,07,1,0,0,0,1,0,0,0,0,"- ","- ",,,"SAN FRANCISCO","SAN FRANCISCO",-122.42234039306641,37.785568237304688
9573157,2023,2023-06-29,3801,2023-04-27,1419,764,MISSI,4,5,7,3801,0,0,0,,0,3D16C,"MISSION ST","18TH ST",262.00,S,N,A,-,N,,,,,,,,,,N,2,0,5,1,C,-,18,,,N,H,A,A,A,H,-,A,A,0,,,,,Y,,-,"- ",1,1,3,0,0,0,0,0,0,"- ","- ",,,"SAN FRANCISCO","SAN FRANCISCO",-122.41930389404297,37.761123657226562
9576548,2023,2023-05-15,3801,2023-03-08,1113,4375,TRAFF,3,5,7,3801,0,0,0,,0,4B1F,"GOLDEN GATE AV","STEINER ST",3.00,E,N,A,-,N,,,,,,,,,,N,2,0,1,2,A,-,10,21950,A,N,G,B,B,A,H,-,A,A,0,Y,,,Y,Y,,F,21,1,0,0,0,1,0,0,0,0,"- ","- ",,,"SAN FRANCISCO","SAN FRANCISCO",-122.43357086181641,37.779350280761719
9591752,2023,2023-07-12,3801,2023-06-13,1758,893,INGLE,2,5,7,3801,0,0,0,,0,3H14D,"DOLORES ST","VALLEY ST",0.00,,Y,A,-,N,,,,,,,,,,Y,2,0,1,2,A,-,09,21802,A,N,D,C,A,A,H,-,A,A,0,,,Y,,Y,,C,03,1,0,0,0,0,0,0,0,1,"- ","- ",,,"SAN FRANCISCO","SAN FRANCISCO",-122.42451477050781,37.744640350341797
9602212,2023,2023-08-11,3801,2023-07-28,2230,1463,SOUTH,5,5,7,3801,0,0,0,,0,0J2,"6TH ST","JESSIE ST",0.00,,Y,A,-,N,,,,,,,,,,N,2,0,5,2,A,-,03,22350,A,N,C,C,A,A,H,-,C,A,0,,,,,Y,,A,07,4,0,1,0,0,0,0,0,0,"- ","- ",,,"SAN FRANCISCO","SAN FRANCISCO",-122.40921020507812,37.781398773193359
9602224,2023,2023-08-28,3801,2023-07-05,2100,1827,MISSI,3,5,7,3801,0,0,0,,0,,"S VAN NESS AV","14TH ST",100.00,N,N,A,-,N,,,,,,,,,,Y,2,0,1,3,A,-,03,22350,,F,C,E,A,A,H,-,C,A,0,,,,,Y,,A,07,1,0,0,0,0,0,0,0,0,"- ","- ",,,"SAN FRANCISCO","SAN FRANCISCO",-122.41780853271484,37.768695831298828
9603835,2023,2023-08-17,3801,2023-07-16,2307,2186,INGLE,7,5,7,3801,0,0,0,,0,3H15E,"MISSION ST","COLLEGE TER",30.00,N,N,A,-,N,,,,,,,,,,Y,2,0,1,4,A,-,01,23153,,N,C,E,A,A,H,-,C,D,0,,,,,Y,Y,A,01,1,0,0,0,0,0,0,0,0,"- ","- ",,,"SAN FRANCISCO","SAN FRANCISCO",-122.42572784423828,37.734344482421875
9603837,2023,2023-08-24,3801,2023-07-14,1700,2479,BAYVI,5,5,7,3801,0,0,0,,0,3C15E,"LANE ST","REVERE AV",0.00,,Y,A,-,N,,,,,,,,,,N,2,0,1,2,A,-,10,21950,A,F,G,B,B,A,H,-,A,A,0,Y,,,,Y,,-,99,1,0,0,0,1,0,0,0,0,"- ","- ",,,"SAN FRANCISCO","SAN FRANCISCO",-122.39018249511719,37.731670379638672
9626406,2023,2023-10-19,3801,2023-08-27,1200,1933,TENDE,7,5,7,3801,0,0,0,,0,3J13D,"HARRISON ST","08TH ST",0.00,,Y,F,-,N,,,,,,,,,,N,2,0,1,2,D,-,00,,,F,H,J,A,A,G,-,A,-,0,,,,,Y,,-,"- ",1,0,0,0,0,0,0,0,0,"- ","- ",,,"SAN FRANCISCO","SAN FRANCISCO",,
9633495,2023,2023-12-15,3801,2023-10-04,1130,93,NORTH,3,5,7,3801,0,0,0,,0,3E16C,"POLK ST","UNION ST",17.00,W,N,A,-,N,,,,,,,,,,Y,2,0,1,2,A,-,08,22101,D,N,D,C,A,A,H,-,A,A,0,,,Y,,Y,,D,22,1,0,0,0,0,0,0,0,1,"- ","- ",,,"SAN FRANCISCO","SAN FRANCISCO",-122.42234039306641,37.798805236816406
9633822,2023,2023-11-22,3801,2023-10-24,2345,400,SOUTH,2,5,7,3801,0,0,0,,0,3B12E,"MARKET S","FRANKLIN ST",0.00,,Y,A,-,N,,,,,,,,,,N,2,0,1,2,A,-,12,21453,A,F,B,J,A,A,H,-,C,A,0,,Y,,,Y,,L,04,1,0,0,0,0,0,1,0,0,"- ","- ",,,"SAN FRANCISCO","SAN FRANCISCO",-122.42070770263672,37.774017333984375
9633844,2023,2023-11-16,3801,2023-10-03,1723,2154,TARAV,2,5,7,3801,0,0,0,,0,014,"OCEAN AV","VICTORIA AVE",50.00,W,N,A,-,N,,,,,,,,,,N,2,0,2,2,A,-,00,21955,A,N,G,-,D,A,-,-,A,A,0,Y,Y,,,Y,,N,60,2,0,0,0,1,0,1,0,0,"- ","- ",,,"SAN FRANCISCO","SAN FRANCISCO",-122.46440124511719,37.726081848144531
9634718,2023,2024-01-26,3801,2023-11-07,1651,4175,TRAFF,2,5,7,3801,0,0,0,,0,4B4D,"VAN NESS AV","BUSH ST",84.00,S,N,A,-,N,,,,,,,,,,Y,2,0,1,2,D,-,00,,,N,B,C,A,A,H,-,B,A,0,,,,,Y,,-,"- ",1,0,0,0,0,0,0,0,0,"- ","- ",,,"SAN FRANCISCO","SAN FRANCISCO",-122.42186737060547,37.788261413574219
9634741,2023,2023-12-20,3801,2023-11-13,1255,1530,BAYVI,1,5,7,3801,0,0,0,,0,3C2A,"BAYSHORE BL","INDUSTRIAL ST",0.00,,Y,A,-,N,,,,,,,,,,N,2,0,1,1,C,-,18,,,N,H,J,A,A,G,-,A,A,0,,Y,,,Y,,-,"- ",1,0,0,0,0,0,1,0,0,"- ","- ",,,"SAN FRANCISCO","SAN FRANCISCO",-122.40695953369141,37.737998962402344
9636277,2023,2024-02-20,3801,2023-12-20,1825,2355,TARAV,3,5,7,3801,0,0,0,,0,0I6,"BEVERLY ST","GARFIELD ST",0.00,,Y,A,-,N,,,,,,,,,,N,2,0,1,2,A,-,10,21950,A,N,D,B,B,A,H,-,C,D,0,Y,,,,Y,,A,01,1,0,0,0,1,0,0,0,0,"- ","- ",,,"SAN FRANCISCO","SAN FRANCISCO",-122.47168731689453,37.7196044921875
9636282,2023,2024-02-27,3801,2023-12-19,"805 ",1157,BAYVI,2,5,7,3801,0,0,0,,0,3C12A,"PAUL ST","BAYSHORE BL",0.00,,Y,C,-,N,,,,,,,,,,N,2,0,1,2,A,-,03,22350,,F,-,B,-,B,H,-,C,A,0,Y,,,,Y,,-,,1,0,0,0,1,0,0,0,0,"- ","- ",,,"SAN FRANCISCO","SAN FRANCISCO",-122.40079498291016,37.723606109619141
9640662,2024,2024-07-10,3801,2024-03-30,1027,379,TRAFF,6,5,7,3801,0,0,0,,0,4B2H,"DIAMOND ST","CLIPPER ST",142.00,S,N,A,-,N,,,,,,,,,,Y,1,1,0,5,A,-,03,22350,,N,H,J,A,A,H,-,A,A,0,,,,,Y,,A,01,0,0,0,0,0,0,0,0,0,"- ","- ",,,"SAN FRANCISCO","SAN FRANCISCO",-122.43602752685547,37.748390197753906
9641010,2024,2025-01-24,3801,2024-08-15,1449,4119,TRAFF,4,5,7,3801,0,0,0,,0,4B103,"DIAMOND ST","BOSWORTH ST",17.00,S,N,A,-,N,,,,,,,,,,Y,1,1,0,2,A,-,10,21950,A,N,G,B,C,A,H,-,A,A,0,Y,,,Y,Y,,F,26,0,0,0,1,0,0,0,0,0,"- ","- ",,,"SAN FRANCISCO","SAN FRANCISCO",-122.43416595458984,37.733455657958984
9647807,2023,2024-01-11,3801,2023-11-05,"310 ",2498,NORTH,7,5,7,3801,0,0,0,,0,3E13E,"FRANKLIN ST","TURK ST",0.00,,Y,A,-,N,,,,,,,,,,Y,2,0,4,3,A,-,12,21453,A,F,D,C,A,A,H,-,C,A,0,,,,Y,Y,,-,,1,2,1,0,0,0,0,0,0,"- ","- ",,,"SAN FRANCISCO","SAN FRANCISCO",-122.42224884033203,37.781730651855469
9650278,2023,2024-02-13,3801,2023-12-03,1056,2195,NORTH,7,5,7,3801,0,0,0,,0,003,"GROVE ST","POLK ST",0.00,,Y,A,-,N,,,,,,,,,,N,2,0,1,2,A,-,08,22107,,F,D,G,A,A,H,-,A,D,0,,Y,,,Y,,A,01,1,0,0,0,0,0,1,0,0,"- ","- ",,,"SAN FRANCISCO","SAN FRANCISCO",-122.41822052001953,37.778480529785156
9662941,2024,2024-03-19,3801,2024-01-25,2302,2491,INGLE,4,5,7,3801,0,0,0,,0,3H16,"GENEVA AV","CARTER ST",168.00,W,N,A,-,N,,,,,,,,,,Y,2,0,1,5,A,-,08,22107,,F,C,E,A,A,H,-,C,D,0,,,Y,,Y,,A,01,1,0,0,0,0,0,0,0,0,"- ","- ",,,"SAN FRANCISCO","SAN FRANCISCO",-122.42385864257812,37.70953369140625
9665009,2024,2024-04-09,3801,2024-02-24,1304,2195,NORTH,6,5,7,3801,0,0,0,,0,002,"EDDY ST","LAGUNA ST",0.00,,Y,A,-,N,,,,,,,,,,N,2,0,1,2,A,-,12,21453,A,F,D,J,A,A,H,-,A,A,0,,,,,Y,,M,94,1,0,0,0,0,0,0,0,0,"- ","- ",,,"SAN FRANCISCO","SAN FRANCISCO",-122.42739868164062,37.782062530517578
9665011,2024,2024-04-09,3801,2024-02-24,"128 ",1087,NORTH,6,5,7,3801,0,0,0,,0,,"OAK ST","SCOTT ST",16.00,E,N,A,-,N,,,,,,,,,,Y,2,0,1,3,A,-,03,22350,,N,F,E,A,A,H,-,C,A,0,,,,,Y,,A,07,1,0,0,0,0,0,0,0,0,"- ","- ",,,"SAN FRANCISCO","SAN FRANCISCO",-122.43571472167969,37.773338317871094
9670615,2024,2024-03-18,3801,2024-01-16,"654 ",1653,INGLE,2,5,7,3801,0,0,0,,0,3H14A,"SAN JOSE AV","NIAGARA AV",0.00,,Y,B,-,N,,,,,,,,,,N,2,0,1,2,A,-,10,21950,A,N,G,B,B,B,H,-,B,A,0,Y,,,,Y,,A,01,1,0,0,0,1,0,0,0,0,"- ","- ",,,"SAN FRANCISCO","SAN FRANCISCO",-122.44760894775391,37.719478607177734
9690968,2024,2024-05-24,3801,2024-03-04,"43  ",1750,NORTH,1,5,7,3801,0,0,0,,0,0E1,"OCTAVIA ST","HAIGHT ST",0.00,,Y,C,-,N,,,,,,,,,,N,2,0,1,2,A,-,12,21453,A,N,D,G,A,B,H,-,C,A,0,,Y,Y,,Y,,L,04,1,0,0,0,0,0,1,0,0,"- ","- ",,,"SAN FRANCISCO","SAN FRANCISCO",-122.42392730712891,37.772964477539062
9691145,2024,2024-04-19,3801,2024-02-26,1433,2398,NORTH,1,5,7,3801,0,0,0,,0,04E,"WEBSTER ST","CLAY ST",0.00,,Y,A,-,N,,,,,,,,,,N,2,0,1,2,A,-,13,22515,A,N,G,B,E,A,H,-,A,A,0,Y,,,,Y,,A,01,1,0,0,0,1,0,0,0,0,"- ","- ",,,"SAN FRANCISCO","SAN FRANCISCO",-122.43257141113281,37.790927886962891
9704059,2024,2024-07-01,3801,2024-05-08,1548,2400,BAYVI,3,5,7,3801,0,0,0,,0,3CAR,"MENDELL ST","MCKINNON AV",0.00,,Y,A,-,N,,,,,,,,,,N,2,0,1,2,A,-,12,22450,A,F,G,B,B,A,H,-,A,A,0,Y,,,,Y,,A,07,1,0,0,0,1,0,0,0,0,"- ","- ",,,"SAN FRANCISCO","SAN FRANCISCO",-122.38922119140625,37.735866546630859
9705166,2024,2024-07-18,3801,2024-05-02,1355,1669,TENDE,4,5,7,3801,0,0,0,,0,3J97C,"TURK ST","JONES ST",15.00,W,N,A,-,N,,,,,,,,,,N,2,0,1,1,A,-,03,22350,,N,H,G,A,A,H,-,A,A,0,,Y,,,Y,,L,04,1,0,0,0,0,0,1,0,0,"- ","- ",,,"SAN FRANCISCO","SAN FRANCISCO",-122.41246032714844,37.782993316650391
9708214,2024,2024-08-07,3801,2024-06-16,1700,1452,MISSI,7,5,7,3801,0,0,0,,0,3D15D,"POTRERO AV","18TH ST",103.00,S,N,A,-,N,,,,,,,,,,Y,2,0,2,2,A,-,01,23153,A,N,B,C,A,A,H,-,A,D,0,,,,,Y,Y,A,01,2,0,0,0,0,0,0,0,0,"- ","- ",,,"SAN FRANCISCO","SAN FRANCISCO",-122.40719604492188,37.761646270751953
9708234,2024,2024-09-09,3801,2024-06-12,2009,1145,SOUTH,3,5,7,3801,0,0,0,,0,3B16D,"MACALLA ROAD","BRISTOL COURT",0.00,,Y,A,-,N,,,,,,,,,,Y,2,0,1,1,A,-,03,22350,,N,E,I,A,A,H,-,B,D,0,,,Y,,Y,,C,02,1,0,0,0,0,0,0,0,1,"- ","- ",,,"SAN FRANCISCO","SAN FRANCISCO",,
9712478,2024,2024-09-30,3801,2024-08-12,1858,2357,TARAV,1,5,7,3801,0,0,0,,0,3I11D,"ULLOA ST","19TH AV",0.00,,Y,A,-,N,,,,,,,,,,Y,2,0,3,2,A,-,12,21453,A,N,D,C,A,A,H,-,A,A,0,,,,,Y,,A,01,2,0,1,0,0,0,0,0,0,"- ","- ",,,"SAN FRANCISCO","SAN FRANCISCO",-122.47557067871094,37.741195678710938
9721853,2024,2024-08-30,3801,2024-08-20,1115,610,MISSI,2,5,7,3801,0,0,0,,0,3D41A,"DIVISION ST","BRYANT ST",105.00,W,N,A,-,N,,,,,,,,,,N,2,0,1,2,A,-,05,21650,,N,A,G,A,A,H,-,A,D,0,,Y,,,Y,,L,04,1,0,0,0,0,0,1,0,0,"- ","- ",,,"SAN FRANCISCO","SAN FRANCISCO",-122.41117858886719,37.769355773925781
9728924,2024,2024-09-03,3801,2024-06-28,1500,200,TENDE,5,5,7,3801,0,0,0,,0,3J11D,"7TH ST","MARKET ST",0.00,,Y,A,-,N,,,,,,,,,,N,2,0,1,2,A,-,03,22350,,F,-,B,E,A,H,-,A,A,0,Y,,,,Y,,-,,1,0,0,0,1,0,0,0,0,"- ","- ",,,"SAN FRANCISCO","SAN FRANCISCO",-122.41251373291016,37.780479431152344
9734525,2024,2024-09-23,3801,2024-08-13,1823,1316,RICHM,2,5,7,3801,0,0,0,,0,3G15D,"CROSSOVER DR","TRANSVERSE DR",90.00,E,N,A,-,N,,,,,,,,,,N,2,0,1,2,A,-,10,21950,A,N,G,B,C,A,H,-,A,A,0,Y,,,,Y,,A,01,1,0,0,0,1,0,0,0,0,"- ","- ",,,"SAN FRANCISCO","SAN FRANCISCO",-122.48146057128906,37.771858215332031
9740470,2024,2024-11-12,3801,2024-09-01,"855 ",917,TRAFF,7,5,7,3801,0,0,0,,0,4B2E,"VAN NESS AV","MARKET ST",0.00,,Y,A,-,N,,,,,,,,,,N,2,0,1,2,A,-,10,21950,A,F,G,B,B,A,H,-,A,A,0,Y,,,,Y,,A,01,1,0,0,0,1,0,0,0,0,"- ","- ",,,"SAN FRANCISCO","SAN FRANCISCO",-122.41925811767578,37.775169372558594
9741519,2024,2024-10-28,3801,2024-09-11,"419 ",326,TARAV,3,5,7,3801,0,0,0,,0,3116E,"MONTEREY BL","NORTHGATE DR",0.00,,Y,B,-,N,,,,,,,,,,Y,2,0,1,2,A,-,12,22450,,F,F,C,A,A,H,-,C,A,0,,,,,Y,,A,01,1,0,0,0,0,0,0,0,0,"- ","- ",,,"SAN FRANCISCO","SAN FRANCISCO",-122.46172332763672,37.730014801025391
9742784,2024,2024-11-13,3801,2024-10-24,1706,2711,TENDE,4,5,7,3801,0,0,0,,0,3J12D,"TAYLOR ST","ELLIS ST",0.00,,Y,A,-,N,,,,,,,,,,,2,0,1,2,A,-,10,21950,A,N,G,B,B,A,H,-,A,A,0,Y,,,,Y,,A,01,1,0,0,0,1,0,0,0,0,"- ","- ",,,"SAN FRANCISCO","SAN FRANCISCO",-122.41112518310547,37.78509521484375
9742826,2024,2024-11-07,3801,2024-10-26,"233 ",2400,BAYVI,6,5,7,3801,0,0,0,,0,2CAR,"INDUSTRIAL ST","LOOMIS ST",310.00,E,N,A,-,N,,,,,,,,,,Y,2,0,2,1,A,-,03,22350,,N,E,I,A,A,H,-,C,D,0,,,,,Y,,A,01,1,0,1,0,0,0,0,0,0,"- ","- ",,,"SAN FRANCISCO","SAN FRANCISCO",-122.40463256835938,37.738651275634766
9742914,2024,2024-11-07,3801,2024-10-10,"852 ",1304,NORTH,4,5,7,3801,0,0,0,,0,3E12C,"STEINER ST","MCALLISTER ST",0.00,,Y,A,-,N,,,,,,,,,,N,2,0,1,2,A,-,12,22450,A,N,D,G,A,A,H,-,A,A,0,,Y,,,Y,,L,04,1,0,0,0,0,0,1,0,0,"- ","- ",,,"SAN FRANCISCO","SAN FRANCISCO",-122.43339538574219,37.778419494628906
9742941,2024,2024-11-06,3801,2024-09-26,1712,2374,CENTR,4,5,7,3801,0,0,0,,0,0A5,"MARKET ST","3RD ST",62.00,E,N,A,-,N,,,,,,,,,,N,2,0,1,1,A,-,08,22107,,N,H,J,A,A,H,-,A,A,0,,Y,,,Y,,L,04,1,0,0,0,0,0,1,0,0,"- ","- ",,,"SAN FRANCISCO","SAN FRANCISCO",-122.40330505371094,37.787776947021484
9751121,2024,2024-12-12,3801,2024-11-07,1833,2473,BAYV,4,5,7,3801,0,0,0,,0,3C12D,"OAKDALE AV","LOOMIS ST",0.00,,Y,A,-,N,,,,,,,,,,N,2,0,1,2,A,-,10,21950,A,F,G,B,B,A,H,-,C,A,0,Y,,,,Y,,A,01,1,0,0,0,1,0,0,0,0,"- ","- ",,,"SAN FRANCISCO","SAN FRANCISCO",-122.40431213378906,37.742527008056641
9751199,2024,2024-12-13,3801,2024-11-12,2000,255,INGLE,2,5,7,3801,0,0,0,,0,3H11D,"CHURCH ST","CESAR CHAVEZ ST",0.00,,Y,A,-,N,,,,,,,,,,Y,2,0,1,3,A,-,12,22450,A,N,D,C,A,A,H,-,C,A,0,,,Y,,Y,,C,03,1,0,0,0,0,0,0,0,1,"- ","- ",,,"SAN FRANCISCO","SAN FRANCISCO",-122.42704010009766,37.747737884521484
9759470,2024,2025-01-13,3801,2024-11-25,1553,246,TARAV,1,5,7,3801,0,0,0,,0,4CAR,"JUNIPERO SERRA BL","OCEAN AV",0.00,,Y,A,-,N,,,,,,,,,,N,2,0,1,2,A,-,10,21950,A,N,A,B,B,A,H,-,A,A,0,Y,,,,Y,,A,01,1,0,0,0,1,0,0,0,0,"- ","- ",,,"SAN FRANCISCO","SAN FRANCISCO",-122.47213745117188,37.731204986572266
9759635,2024,2025-01-24,3801,2024-12-21,1839,2421,PARK,6,5,7,3801,0,0,0,,0,3F13,"OAK ST","STANYAN ST",0.00,,Y,C,-,N,,,,,,,,,,N,2,0,1,2,D,-,00,,,N,G,B,B,-,H,-,C,A,0,Y,,,,Y,,-,"- ",1,0,0,0,1,0,0,0,0,"- ","- ",,,"SAN FRANCISCO","SAN FRANCISCO",-122.45395660400391,37.771354675292969
9771688,2024,2025-01-13,3801,2024-11-02,1502,2007,TARAV,6,5,7,3801,0,0,0,,0,3116D,"BUCKINGHAM WY","WINSTON DR",120.00,N,N,A,-,N,,,,,,,,,,Y,2,0,4,4,A,-,03,22350,,N,E,E,A,A,H,-,A,D,0,,,,,Y,,A,07,1,0,3,0,0,0,0,0,0,"- ","- ",,,"SAN FRANCISCO","SAN FRANCISCO",-122.47598266601562,37.730091094970703
9776724,2025,2025-02-07,3801,2025-01-14,1500,812,BAYVI,2,5,7,3801,0,0,0,,0,004,"SAN BRUNO AV","BACON ST",172.00,N,N,A,-,N,,,,,,,,,,N,2,0,1,2,A,-,09,21804,A,N,D,C,A,A,H,-,A,D,0,,,Y,,Y,,A,01,1,0,0,0,0,0,0,0,1,"- ","- ",,,"SAN FRANCISCO","SAN FRANCISCO",-122.40380096435547,37.72808837890625
9776752,2025,2025-02-11,3801,2025-01-10,2236,2400,BAYVI,5,5,7,3801,0,0,0,,0,3CAR,"MENDELL ST","NEWHALL ST",0.00,,Y,A,-,N,,,,,,,,,,N,2,0,1,2,A,-,11,21954,A,N,G,B,D,A,H,-,C,A,0,Y,,,,Y,,N,60,1,0,0,0,1,0,0,0,0,"- ","- ",,,"SAN FRANCISCO","SAN FRANCISCO",-122.38387298583984,37.742382049560547
9776801,2025,2025-02-10,3801,2025-01-04,1800,1845,TARAV,6,5,7,3801,0,0,0,,0,5CAR,"EUCALYPTUS DR","19TH AV",50.00,E,N,A,-,N,,,,,,,,,,Y,2,0,3,3,A,-,12,22450,A,N,D,F,A,A,H,-,C,A,0,,,,,Y,,A,01,1,0,2,0,0,0,0,0,0,"- ","- ",,,"SAN FRANCISCO","SAN FRANCISCO",-122.47469329833984,37.7310791015625
9776888,2024,2025-02-12,3801,2024-12-26,2340,2140,MISSI,4,5,7,3801,0,0,0,,0,3D11E,"MARKET ST","15TH ST",0.00,,Y,C,-,N,,,,,,,,,,N,2,0,1,2,A,-,11,21453,D,N,G,B,B,B,H,-,C,A,0,Y,,,,Y,,N,60,1,0,0,0,1,0,0,0,0,"- ","- ",,,"SAN FRANCISCO","SAN FRANCISCO",-122.43100738525391,37.765979766845703
9780309,2025,2025-03-11,3801,2025-02-13,1033,4349,CENTR,4,5,7,3801,0,0,0,,0,3A11A,"GEARY ST","LARKIN ST",3.00,E,N,C,-,N,,,,,,,,,,N,2,0,1,2,A,-,10,21950,A,N,G,B,B,B,H,-,A,A,0,Y,,,,Y,,A,01,1,0,0,0,1,0,0,0,0,"- ","- ",,,"SAN FRANCISCO","SAN FRANCISCO",-122.41809844970703,37.786109924316406
9780315,2025,2025-03-18,3801,2025-02-15,2041,2110,SOUTH,6,5,7,3801,0,0,0,,0,005,"17TH ST","KANSAS ST",0.00,,Y,A,-,N,,,,,,,,,,N,2,0,1,1,C,-,18,,,N,H,-,A,A,H,-,C,D,0,,Y,,,Y,,-,"- ",1,0,0,0,0,0,1,0,0,"- ","- ",,,"SAN FRANCISCO","SAN FRANCISCO",-122.40351867675781,37.764728546142578
9780363,2025,2025-09-04,3801,2025-02-03,"509 ",2451,TARAV,1,5,7,3801,0,0,0,,0,,"LAWTON ST","GREAT HWY",0.00,,Y,A,-,N,,,,,,,,,,Y,1,1,1,2,A,-,03,22350,,N,A,C,A,B,H,-,C,A,0,,,,,Y,,A,01,0,0,1,0,0,0,0,0,0,"- ","- ",,,"SAN FRANCISCO","SAN FRANCISCO",-122.50946044921875,37.756538391113281