CASE_ID,ACCIDENT_YEAR,PROC_DATE,JURIS,COLLISION_DATE,COLLISION_TIME,OFFICER_ID,REPORTING_DISTRICT,DAY_OF_WEEK,CHP_SHIFT,POPULATION,CNTY_CITY_LOC,SPECIAL_COND,BEAT_TYPE,CHP_BEAT_TYPE,CITY_DIVISION_LAPD,CHP_BEAT_CLASS,BEAT_NUMBER,PRIMARY_RD,SECONDARY_RD,DISTANCE,DIRECTION,INTERSECTION,WEATHER_1,WEATHER_2,STATE_HWY_IND,CALTRANS_COUNTY,CALTRANS_DISTRICT,STATE_ROUTE,ROUTE_SUFFIX,POSTMILE_PREFIX,POSTMILE,LOCATION_TYPE,RAMP_INTERSECTION,SIDE_OF_HWY,TOW_AWAY,COLLISION_SEVERITY,NUMBER_KILLED,NUMBER_INJURED,PARTY_COUNT,PRIMARY_COLL_FACTOR,PCF_CODE_OF_VIOL,PCF_VIOL_CATEGORY,PCF_VIOLATION,PCF_VIOL_SUBSECTION,HIT_AND_RUN,TYPE_OF_COLLISION,MVIW,PED_ACTION,ROAD_SURFACE,ROAD_COND_1,ROAD_COND_2,LIGHTING,CONTROL_DEVICE,CHP_ROAD_TYPE,PEDESTRIAN_ACCIDENT,BICYCLE_ACCIDENT,MOTORCYCLE_ACCIDENT,TRUCK_ACCIDENT,NOT_PRIVATE_PROPERTY,ALCOHOL_INVOLVED,STWD_VEHTYPE_AT_FAULT,CHP_VEHTYPE_AT_FAULT,COUNT_SEVERE_INJ,COUNT_VISIBLE_INJ,COUNT_COMPLAINT_PAIN,COUNT_PED_KILLED,COUNT_PED_INJURED,COUNT_BICYCLIST_KILLED,COUNT_BICYCLIST_INJURED,COUNT_MC_KILLED,COUNT_MC_INJURED,PRIMARY_RAMP,SECONDARY_RAMP,LATITUDE,LONGITUDE,COUNTY,CITY,POINT_X,POINT_Y
9788903,2025,2025-05-12,3801,2025-04-05,1300,1333,TARAV,6,5,7,3801,0,0,0,,0,312A,"20TH AV","TARAVAL ST",0.00,,Y,A,-,N,,,,,,,,,,N,2,0,1,2,A,-,21,22106,,N,G,B,B,A,H,-,A,D,0,Y,,,,Y,,A,01,1,0,0,0,1,0,0,0,0,"- ","- ",,,"SAN FRANCISCO","SAN FRANCISCO",-122.47677612304688,37.742992401123047
9788956,2025,2025-05-13,3801,2025-03-29,"957 ",A25730,CENTR,6,5,7,3801,0,0,0,,0,3A11E,"NORTH POINT ST","STOCKTON ST",186.00,W,N,A,B,N,,,,,,,,,,N,2,0,1,1,D,-,00,,,N,H,-,A,A,H,-,C,D,0,,,,,Y,,-,"- ",1,0,0,0,0,0,0,0,0,"- ","- ",,,"SAN FRANCISCO","SAN FRANCISCO",-122.4111328125,37.806892395019531
9812247,2025,2025-07-11,3801,2025-06-03,1910,4320,TRAFF,2,5,7,3801,0,0,0,,0,4B4H,"DUBOCE AV","FILLMORE ST",0.00,,Y,A,-,N,,,,,,,,,,N,2,0,1,1,A,-,08,22101,D,N,E,I,A,A,G,-,A,D,0,,,Y,,Y,,C,03,1,0,0,0,0,0,0,0,1,"- ","- ",,,"SAN FRANCISCO","SAN FRANCISCO",-122.42987823486328,37.7694091796875
9868870,2025,2025-08-07,3801,2025-06-29,"32  ",1333,TARAV,7,5,7,3801,0,0,0,,0,3I2E,"SUNSET BL","PACHECO ST",120.00,N,N,A,-,N,,,,,,,,,,N,2,0,1,2,A,-,11,21954,A,N,G,B,E,A,H,-,C,D,0,Y,,,,Y,Y,N,60,1,0,0,0,1,0,0,0,0,"- ","- ",,,"SAN FRANCISCO","SAN FRANCISCO",-122.49508666992188,37.750019073486328
5912170,2014,2014-02-14,9335,2014-01-03,0530,19489,,5,3,7,3801,0,1,1,,2,022,"RT 280","ALEMANY BL",19.00,S,N,A,-,Y,SF,4,280,-,R,0.440,H,-,S,N,1,1,0,2,A,-,11,21954,A,N,G,B,E,A,H,-,D,D,1,Y,,,,Y,,N,60,0,0,0,1,0,0,0,0,0,"- ","- ",37.710549999999998,-122.46252,"SAN FRANCISCO","SAN FRANCISCO",-122.46182447,37.710559349999997
6292194,2015,2017-04-04,3801,2015-01-10,1702,845,NORTH,6,5,7,3801,0,0,0,,0,4K4A,"MCALLISTER ST","VAN NESS AV",0.00,,Y,A,-,Y,SF,4,101,-,T,5.198,I,5,N,Y,1,1,2,3,A,-,12,21453,A,N,D,C,B,A,H,-,B,A,0,Y,,Y,,Y,Y,C,02,0,0,2,0,1,0,0,1,0,"- ","- ",,,"SAN FRANCISCO","SAN FRANCISCO",-122.42016390000001,37.780100640000001
6292445,2015,2015-08-03,3801,2015-07-01,2110,256,SOUTH,3,5,7,3801,0,0,0,,0,4B7H,"3RD ST","MARKET ST",21.00,S,N,A,-,N,,,,,,,,,,Y,1,1,2,3,A,-,01,23152,A,N,G,B,F,A,H,-,C,A,0,Y,,Y,,Y,,C,02,1,1,0,1,1,0,0,0,1,"- ","- ",,,"SAN FRANCISCO","SAN FRANCISCO",-122.4034465,37.787603310000001
6292967,2017,2017-10-25,3801,2017-09-15,0815,1043,SOUTH,5,5,7,3801,0,0,0,,0,4B1C,"BRANNAN ST","DORE ST",0.00,,Y,A,-,N,,,,,,,,,,Y,1,1,0,2,A,-,11,21950,B,N,G,B,E,A,H,-,A,A,0,Y,,,Y,Y,,N,60,0,0,0,1,0,0,0,0,0,"- ","- ",37.769620000000003,-122.40743000000001,"SAN FRANCISCO","SAN FRANCISCO",-122.4077399,37.769469919999999
6546041,2014,2014-07-21,3801,2014-01-16,1838,000845,CENTR,4,5,7,3801,0,0,0,,0,4K3F,"VALLEJO ST","SANSOME ST",6.00,E,N,A,-,N,,,,,,,,,,N,2,0,1,2,A,-,10,21950,A,N,G,B,B,A,H,-,C,D,0,Y,,,,Y,,A,07,1,0,0,0,1,0,0,0,0,"- ","- ",,,"SAN FRANCISCO","SAN FRANCISCO",-122.40238964,37.799363270000001
6546057,2014,2014-07-23,3801,2014-01-16,1842,4249,MISSI,4,5,7,3801,0,0,0,,0,3D13D,"MISSION ST","SYCAMORE ST",0.00,,Y,A,-,N,,,,,,,,,,Y,2,0,1,2,A,-,08,22102,,N,B,C,A,A,H,-,C,A,0,,,Y,,Y,,A,01,1,0,0,0,0,0,0,0,1,"- ","- ",,,"SAN FRANCISCO","SAN FRANCISCO",-122.41945998999999,37.76271998
6546061,2014,2014-07-21,3801,2014-01-17,1352,2260,NORTH,5,5,7,3801,0,0,0,,0,3E12C,"LARKIN ST","JACKSON ST",4.00,S,N,A,-,N,,,,,,,,,,N,2,0,1,2,A,-,10,21950,A,N,D,B,B,A,H,-,A,A,0,Y,,,,Y,,A,01,1,0,0,0,1,0,0,0,0,"- ","- ",,,"SAN FRANCISCO","SAN FRANCISCO",-122.41975780999999,37.794339149999999
6547583,2014,2014-07-22,3801,2014-01-03,0947,665,COA,5,5,7,3801,0,0,0,,0,4K1E,"BUSH ST","HYDE ST",0.00,,Y,A,-,N,,,,,,,,,,N,2,0,1,2,A,-,10,21950,A,N,G,B,B,A,H,-,A,A,0,Y,,,,Y,,-,,1,0,0,0,1,0,0,0,0,"- ","- ",,,"SAN FRANCISCO","SAN FRANCISCO",-122.41700991,37.789119900000003
6556988,2014,2014-07-22,3801,2014-03-12,1411,4193,COE,3,5,7,3801,0,0,0,,0,3E12C,"WEBSTER ST","PINE ST",11.00,N,N,A,-,N,,,,,,,,,,N,2,0,1,1,D,-,00,,,N,H,A,A,A,H,-,A,A,0,,Y,,,Y,,-,"- ",1,0,0,0,0,0,1,0,0,"- ","- ",,,"SAN FRANCISCO","SAN FRANCISCO",-122.43199634,37.788189799999998
6565928,2014,2014-07-24,3801,2014-04-24,1220,4335,BAYVI,4,5,7,3801,0,0,0,,0,3C12C,"OAKDALE AV","LOOMIS ST",0.00,,Y,B,-,N,,,,,,,,,,Y,2,0,1,2,A,-,12,22450,A,N,D,C,A,A,H,-,A,A,0,,,,,Y,,A,01,1,0,0,0,0,0,0,0,0,"- ","- ",,,"SAN FRANCISCO","SAN FRANCISCO",-122.40430994,37.742529959999999
6565946,2014,2014-08-12,3801,2014-04-17,1753,4057,NORTH,4,5,7,3801,0,0,0,,0,3E11D,"HAYES ST","WEBSTER ST",0.00,,Y,A,-,N,,,,,,,,,,N,2,0,1,1,A,-,03,22350,,N,H,J,A,A,H,-,A,A,0,,Y,,,Y,,L,04,1,0,0,0,0,0,1,0,0,"- ","- ",,,"SAN FRANCISCO","SAN FRANCISCO",-122.42953998999999,37.776039990000001
6567658,2014,2014-08-08,3801,2014-04-19,1018,001114,BAYVI,6,5,7,3801,0,0,0,,0,3C71,"EVANS AV","MENDELL ST",0.00,,Y,A,-,N,,,,,,,,,,Y,2,0,2,2,A,-,03,22350,,F,D,C,A,A,H,-,A,A,0,,,,,Y,,A,01,1,1,0,0,0,0,0,0,0,"- ","- ",,,"SAN FRANCISCO","SAN FRANCISCO",-122.38475995,37.740849910000001
6721330,2014,2016-06-18,9335,2014-11-08,1145,19510,,6,1,7,3801,0,1,2,,2,015,"RT 101","15TH ST",150.00,N,N,A,-,Y,SF,4,101,-,R,4.350,H,-,S,Y,2,0,1,2,A,-,08,22107,,N,E,I,A,A,H,-,A,D,1,,,Y,,Y,,C,02,1,0,0,0,0,0,0,0,1,"- ","- ",37.455979999999997,-122.24181,"SAN FRANCISCO","SAN FRANCISCO",-122.4059635,37.768102919999997
6854324,2014,2015-04-21,3801,2014-11-03,1349,04257,MISSI,1,5,7,3801,0,0,0,,0,901,"MISSION ST","MISSION ST 1984",0.00,,-,A,-,N,,,,,,,,,,N,1,1,0,2,A,-,11,21955,,N,G,B,D,A,H,-,A,D,0,Y,,,,Y,,N,60,0,0,0,1,0,0,0,0,0,"- ","- ",,,"SAN FRANCISCO","SAN FRANCISCO",-122.41969942999999,37.76536952
6854328,2014,2015-04-21,3801,2014-11-04,2350,578,TEMDE,2,5,7,3801,0,0,0,,0,5B1,"TURK ST","MASON ST",172.00,W,N,A,-,N,,,,,,,,,,N,1,1,0,1,C,-,18,,,N,E,J,A,A,H,-,C,D,0,,,,,Y,,-,"- ",0,0,0,0,0,0,0,0,0,"- ","- ",,,"SAN FRANCISCO","SAN FRANCISCO",-122.40969869,37.783339499999997
6854415,2014,2015-12-30,3801,2014-02-04,1100,002253,TARAV,2,5,7,3801,0,0,0,,0,4A8,"SUNSET BL","YORBA ST",0.00,,Y,A,-,N,,,,,,,,,,Y,1,1,1,2,A,-,10,21950,A,N,G,B,B,A,H,-,A,A,0,Y,,,,Y,,A,01,0,0,1,1,0,0,0,0,0,"- ","- ",,,"SAN FRANCISCO","SAN FRANCISCO",-122.49401988,37.734999889999997
6854431,2014,2016-01-08,3801,2014-04-06,2304,2286,NORTH,7,5,7,3801,0,0,0,,0,0E2,"RT 101","GOLDEN GATE AV",33.00,N,N,A,-,Y,SF,4,101,-,-,5.270,H,-,N,N,1,1,0,2,A,-,11,21950,B,N,G,B,D,A,H,-,C,A,0,Y,,,,Y,Y,N,60,0,0,0,1,0,0,0,0,0,"- ","- ",,,"SAN FRANCISCO","SAN FRANCISCO",-122.42040301,37.781200609999999
6854786,2015,2015-07-23,3801,2015-07-09,1443,1483,TARAV,4,5,7,3801,0,0,0,,0,313B,"44TH AV","RIVERA ST",180.00,N,N,B,-,N,,,,,,,,,,N,1,1,0,2,A,-,08,22107,,N,A,E,A,A,H,-,A,D,0,,,,,Y,,A,01,0,0,0,0,0,0,0,0,0,"- ","- ",,,"SAN FRANCISCO","SAN FRANCISCO",-122.50277735,37.746103599999998
6918975,2015,2015-11-14,3801,2015-10-03,1041,1917,TARAV,6,5,7,3801,0,0,0,,0,3I16A,"SAGAMORE ST","PLYMOUTH AV",331.00,W,N,A,-,N,,,,,,,,,,Y,2,0,1,2,A,-,08,22103,,N,D,C,A,A,G,-,A,D,0,,,Y,,Y,,A,07,1,0,0,0,0,0,0,0,1,"- ","- ",,,"SAN FRANCISCO","SAN FRANCISCO",-122.45720435,37.71140458
6938271,2015,2015-09-19,3801,2015-08-29,1825,4335,MISSI,6,5,7,3801,0,0,0,,0,901,"MARKET ST","15TH ST",150.00,W,N,A,-,N,,,,,,,,,,Y,2,0,1,1,A,-,03,22350,,N,F,I,A,A,H,-,A,D,0,,,Y,,Y,,C,03,1,0,0,0,0,0,0,0,1,"- ","- ",,,"SAN FRANCISCO","SAN FRANCISCO",-122.43136249,37.765677830000001
6960390,2015,2016-12-17,9335,2015-05-31,0218,20888,,7,3,7,3801,0,1,1,,1,083,"RT 80","TREASURE ISLAND RD",250.00,E,N,B,-,Y,SF,4,80,-,-,7.770,H,-,E,Y,2,0,1,3,A,-,07,21658,A,F,B,C,A,A,H,-,C,D,4,,,,,Y,Y,A,08,1,0,0,0,0,0,0,0,0,"- ","- ",37.809629999999999,-122.36578,"SAN FRANCISCO","SAN FRANCISCO",-122.36629102000001,37.808972519999998
6997293,2014,2015-08-03,3801,2014-09-09,1720,4253,901,2,5,7,3801,0,0,0,,0,MISSIO,"14TH ST","SHOTWELL ST",50.00,E,N,A,-,N,,,,,,,,,,N,2,0,1,2,A,-,17,22517,,N,H,G,A,A,H,-,A,D,0,,Y,,,Y,,A,01,1,0,0,0,0,0,1,0,0,"- ","- ",,,"SAN FRANCISCO","SAN FRANCISCO",-122.41653737,37.768489420000002
6997317,2014,2015-08-05,3801,2014-09-06,2014,2334,SOUTH,6,5,7,3801,0,0,0,,0,,"10TH ST","HARRISON ST",0.00,,Y,A,-,N,,,,,,,,,,N,2,0,1,2,-,-,"- ",,,N,G,B,B,A,H,-,C,A,0,Y,,,,Y,,-,"- ",1,0,0,0,1,0,0,0,0,"- ","- ",,,"SAN FRANCISCO","SAN FRANCISCO",-122.41124993,37.771599960000003
6997366,2014,2015-08-08,3801,2014-05-10,0016,004359,NORTH,6,5,7,3801,0,0,0,,0,1CAR,"HAYES ST","FILLMORE ST",137.00,W,N,A,-,N,,,,,,,,,,N,2,0,2,3,A,-,11,21956,,N,A,B,E,A,H,-,D,A,0,Y,,,,Y,Y,N,60,1,0,1,0,2,0,0,0,0,"- ","- ",,,"SAN FRANCISCO","SAN FRANCISCO",-122.43164761,37.775767649999999
6997399,2014,2015-08-06,3801,2014-09-04,1048,478,NORTH,4,5,7,3801,0,0,0,,0,3E13A,"LARKIN ST","EDDY ST",0.00,,Y,A,-,N,,,,,,,,,,N,2,0,1,2,A,-,12,21453,A,N,D,G,A,A,H,-,A,A,0,,Y,,,Y,,L,04,1,0,0,0,0,0,1,0,0,"- ","- ",,,"SAN FRANCISCO","SAN FRANCISCO",-122.41751985000001,37.783299909999997
6997505,2014,2015-08-05,3801,2014-09-25,1720,1763,MISSI,4,5,7,3801,0,0,0,,0,3D11D,"DUBOCE AV","VALENCIA ST",0.00,,Y,A,-,N,,,,,,,,,,N,2,0,1,3,A,-,07,21658,A,F,B,C,A,A,H,-,A,A,0,,,Y,,Y,,-,99,1,0,0,0,0,0,0,0,1,"- ","- ",,,"SAN FRANCISCO","SAN FRANCISCO",-122.42235989,37.769869980000003
7006179,2015,2015-09-24,3801,2015-09-16,1304,1794,CENTR,3,5,7,3801,0,0,0,,0,4B1E,"LEAVENWORTH ST","PINE ST",4.00,W,N,B,-,N,,,,,,,,,,Y,1,1,0,2,A,-,10,21950,A,N,G,B,B,A,H,-,A,A,0,Y,,,,Y,,A,07,0,0,0,1,0,0,0,0,0,"- ","- ",,,"SAN FRANCISCO","SAN FRANCISCO",-122.41556221,37.790270849999999
7006542,2015,2015-12-30,3801,2015-11-21,1240,2127,TARAV,6,5,7,3801,0,0,0,,0,4B1E,"JOHN MUIR DR","LAKE MERCED BL",3168.00,N,N,A,-,N,,,,,,,,,,Y,1,1,1,2,D,-,00,,,N,G,B,F,A,H,-,A,D,0,Y,,,,Y,,-,"- ",0,0,1,1,0,0,0,0,0,"- ","- ",,,"SAN FRANCISCO","SAN FRANCISCO",-122.49235136999999,37.714730269999997
7009989,2014,2015-08-14,3801,2014-08-20,0003,001533,PARK,3,5,7,3801,0,0,0,,0,3F13E,"OAK ST","DIVISADERO ST",0.00,,Y,A,-,N,,,,,,,,,,N,2,0,1,2,A,-,12,21453,A,N,D,G,A,A,H,-,C,A,0,,Y,,,Y,Y,L,04,1,0,0,0,0,0,1,0,0,"- ","- ",,,"SAN FRANCISCO","SAN FRANCISCO",-122.43742994999999,37.773139929999999
7010032,2014,2015-08-13,3801,2014-08-29,1356,4180,PARK,5,5,7,3801,0,0,0,,0,,"ELLIS ST","PIERCE ST",146.00,E,N,A,-,N,,,,,,,,,,N,2,0,1,2,A,-,17,22517,,N,B,G,A,A,H,-,A,D,0,,Y,,,Y,,A,01,1,0,0,0,0,0,1,0,0,"- ","- ",,,"SAN FRANCISCO","SAN FRANCISCO",-122.43530097999999,37.7820033
7014483,2014,2016-01-21,3801,2014-07-03,0124,879,MISSI,4,5,7,3801,0,0,0,,0,3D14E,"CESAR CHAVEZ ST","YORK ST",57.00,E,N,A,-,N,,,,,,,,,,Y,2,0,3,3,A,-,03,22350,,N,E,E,A,A,H,-,C,A,0,,,,,Y,,A,01,1,1,1,0,0,0,0,0,0,"- ","- ",,,"SAN FRANCISCO","SAN FRANCISCO",-122.40781877000001,37.748402259999999
7014915,2014,2015-08-11,3801,2014-07-23,0642,002172,MISSI,3,5,7,3801,0,0,0,,0,9013D4,"14TH ST","GUERRERO ST",0.00,,Y,B,-,N,,,,,,,,,,N,2,0,1,2,A,-,12,21453,A,F,B,G,A,A,H,-,A,A,0,,Y,,,Y,,A,01,1,0,0,0,0,0,1,0,0,"- ","- ",,,"SAN FRANCISCO","SAN FRANCISCO",-122.42440985,37.768019940000002
7015230,2014,2015-08-13,3801,2014-10-04,0523,002038,COF,6,5,7,3801,0,0,0,,0,3F14E,"FELL ST","MASONIC AV",36.00,E,N,A,-,N,,,,,,,,,,N,2,0,1,2,A,-,11,21955,,N,A,B,D,A,H,-,C,D,0,Y,,,,Y,Y,N,60,1,0,0,0,1,0,0,0,0,"- ","- ",,,"SAN FRANCISCO","SAN FRANCISCO",-122.44579738,37.772997519999997
7015240,2014,2015-08-13,3801,2014-10-22,0817,132,RICHM,3,5,7,3801,0,0,0,,0,4K5G,"BALBOA ST","34TH AV",0.00,,Y,A,-,N,,,,,,,,,,Y,2,0,1,2,A,-,09,21801,A,F,D,G,A,A,H,-,A,A,0,,Y,,,Y,,A,07,1,0,0,0,0,0,1,0,0,"- ","- ",,,"SAN FRANCISCO","SAN FRANCISCO",-122.49412,37.775869980000003
7015262,2014,2015-08-13,3801,2014-10-05,1615,746,NORTH,7,5,7,3801,0,0,0,,0,4CAR,"SUTTER ST","WEBSTER ST",0.00,,Y,A,-,N,,,,,,,,,,N,2,0,1,2,A,-,10,21950,A,N,G,B,B,A,H,-,A,A,0,Y,,,,Y,,A,01,1,0,0,0,1,0,0,0,0,"- ","- ",,,"SAN FRANCISCO","SAN FRANCISCO",-122.43161986,37.786299980000003
7015285,2014,2015-08-12,3801,2014-10-14,0329,00054,,2,5,7,3801,0,0,0,,0,,"OCTAVIA ST","OAK ST",0.00,,Y,A,-,N,,,,,,,,,,Y,2,0,4,2,A,-,12,21453,A,F,D,C,A,A,H,-,C,A,0,,,,,Y,Y,A,01,1,1,2,0,0,0,0,0,0,"- ","- ",,,"SAN FRANCISCO","SAN FRANCISCO",-122.42429995000001,37.77479993
7025531,2015,2015-09-02,3801,2015-04-03,1856,4057,MISSI,5,5,7,3801,0,0,0,,0,3D11D,"MARKET ST","14TH ST",0.00,,Y,A,-,N,,,,,,,,,,N,2,0,2,2,A,-,09,21801,,N,B,C,A,A,H,-,B,A,0,,,,,Y,,-,"- ",1,1,0,0,0,0,0,0,0,"- ","- ",,,"SAN FRANCISCO","SAN FRANCISCO",-122.4288299,37.767709979999999
7025878,2014,2016-01-13,3801,2014-08-23,2020,001660,CENTR,6,5,7,3801,0,0,0,,0,3A14E,"THE EMBARCADERO","GREEN ST",0.00,,Y,A,-,N,,,,,,,,,,N,2,0,1,2,A,-,09,21453,B,N,D,G,A,A,H,-,B,A,0,,Y,,,Y,,A,01,1,0,0,0,0,0,1,0,0,"- ","- ",,,"SAN FRANCISCO","SAN FRANCISCO",-122.39921988,37.800839910000001
7029072,2015,2015-09-23,3801,2015-06-08,1050,01714,COK,1,5,7,3801,0,0,0,,0,4B2A,"3RD ST","MARIPOSA ST",0.00,,Y,A,-,N,,,,,,,,,,Y,2,0,2,2,A,-,12,21453,A,N,D,C,A,A,H,-,A,A,0,,,,,Y,,J,43,1,1,0,0,0,0,0,0,0,"- ","- ",,,"SAN FRANCISCO","SAN FRANCISCO",-122.38895988,37.764319970000003
7029311,2015,2015-08-31,3801,2015-06-19,1500,2440,CENTR,5,5,7,3801,0,0,0,,0,03A,GRANT,PINE,0.00,,Y,A,-,N,,,,,,,,,,N,2,0,1,2,A,-,10,21950,A,N,G,B,B,A,H,-,A,A,0,Y,,,,Y,,-,,1,0,0,0,1,0,0,0,0,"- ","- ",,,"SAN FRANCISCO","SAN FRANCISCO",-122.40571989999999,37.791509959999999
7032919,2015,2015-08-20,3801,2015-05-11,0039,1045,PARK,1,5,7,3801,0,0,0,,0,002,"7TH AV","LAGUNA HONDA BL",0.00,,Y,A,-,N,,,,,,,,,,Y,2,0,3,2,A,-,03,22350,,N,A,C,A,A,H,-,D,D,0,,,,,Y,,A,01,2,0,1,0,0,0,0,0,0,"- ","- ",,,"SAN FRANCISCO","SAN FRANCISCO",-122.4636199,37.754869990000003
7032928,2015,2015-08-19,3801,2015-05-20,0805,97,PARK,3,5,7,3801,0,0,0,,0,3F11A,"GALEWOOD CIR","GALEWOOD CIR 202",114.00,N,N,B,-,N,,,,,,,,,,,2,0,1,2,A,-,03,22350,,N,B,E,A,A,H,-,A,D,0,,,,,Y,,-,,1,0,0,0,0,0,0,0,0,"- ","- ",,,"SAN FRANCISCO","SAN FRANCISCO",,
7032936,2015,2015-08-19,3801,2015-05-31,2336,1400,MISSI,7,5,7,3801,0,0,0,,0,903,"VALENCIA ST","18TH ST",117.00,N,N,A,-,N,,,,,,,,,,Y,2,0,1,4,A,-,01,23152,A,F,C,G,A,A,H,-,C,D,0,,Y,,,Y,Y,A,01,1,0,0,0,0,0,1,0,0,"- ","- ",,,"SAN FRANCISCO","SAN FRANCISCO",-122.42159431,37.762030260000003
7032944,2015,2015-08-19,3801,2015-05-10,0419,000315,SOUTH,7,5,7,3801,0,0,0,,0,3CAR,"6TH ST","MISSION ST",35.00,N,N,A,-,N,,,,,,,,,,Y,2,0,1,2,A,-,03,22350,,N,C,C,A,B,H,-,C,A,0,,,Y,,Y,,C,02,1,0,0,0,0,0,0,0,1,"- ","- ",,,"SAN FRANCISCO","SAN FRANCISCO",-122.40877491000001,37.781048579999997
7034532,2015,2016-10-07,3801,2015-01-01,0019,001324,NORTH,4,5,7,3801,0,0,0,,0,4C4,"RT 101","PIERCE ST",0.00,,Y,A,-,Y,SF,4,101,-,-,7.516,I,5,S,Y,2,0,1,2,A,-,11,21456,B,N,G,B,B,A,H,-,C,A,0,Y,,,,Y,,N,60,1,0,0,0,1,0,0,0,0,"- ","- ",,,"SAN FRANCISCO","SAN FRANCISCO",-122.43935661,37.799405620000002
7034542,2015,2015-08-22,3801,2015-01-01,0405,746,NORTH,4,5,7,3801,0,0,0,,0,3E14E,"GREENWICH ST","GREENWICH ST 2527",0.00,,N,A,-,N,,,,,,,,,,Y,2,0,1,2,A,-,03,22350,,F,E,C,A,A,H,-,C,A,0,,,,,Y,,A,01,1,0,0,0,0,0,0,0,0,"- ","- ",,,"SAN FRANCISCO","SAN FRANCISCO",-122.44128406,37.798248190000002
7034594,2015,2015-08-22,3801,2015-01-31,1946,2294,PARK,6,5,7,3801,0,0,0,,0,3F11D,"MASONIC AV","OAK ST",0.00,,Y,A,-,N,,,,,,,,,,N,2,0,1,2,A,-,09,21801,A,N,D,G,A,A,H,-,C,A,0,,Y,,,Y,,A,01,1,0,0,0,0,0,1,0,0,"- ","- ",,,"SAN FRANCISCO","SAN FRANCISCO",-122.44574996,37.772079900000001
7034618,2015,2015-08-25,3801,2015-01-29,0810,518,TARAV,4,5,7,3801,0,0,0,,0,4K51,"BROTHERHOOD WY","THOMAS MOORE WAY",137.00,E,N,A,-,N,,,,,,,,,,Y,2,0,1,2,A,-,10,21950,A,N,G,B,C,A,H,-,A,D,0,Y,,,,Y,,A,07,1,0,0,0,1,0,0,0,0,"- ","- ",,,"SAN FRANCISCO","SAN FRANCISCO",-122.47232869,37.712716389999997
7034747,2015,2015-08-28,3801,2015-02-13,1048,1161,,5,5,7,3801,0,0,0,,0,,"BOSWORTH ST","ARLINGTON ST",0.00,,Y,A,-,N,,,,,,,,,,Y,2,0,1,2,A,-,06,21755,A,N,D,C,A,A,H,-,A,D,0,,,,,Y,,-,,1,0,0,0,0,0,0,0,0,"- ","- ",,,"SAN FRANCISCO","SAN FRANCISCO",-122.43290991000001,37.733319950000002
7034759,2015,2015-08-22,3801,2015-02-28,0148,2302,RICHM,6,5,7,3801,0,0,0,,0,3G3,"PARK PRESIDIO BL","CROSSOVER DR",0.00,,Y,A,-,N,,,,,,,,,,Y,2,0,1,1,A,-,01,23152,A,N,E,I,A,A,H,-,C,D,0,,,,,Y,Y,A,01,1,0,0,0,0,0,0,0,0,"- ","- ",,,"SAN FRANCISCO","SAN FRANCISCO",-122.47945199999999,37.771182000000003
7035274,2014,2015-08-21,3801,2014-12-29,0825,000707,MISSI,1,5,7,3801,0,0,0,,0,901,"S VAN NESS AV","23RD ST",0.00,,Y,B,-,N,,,,,,,,,,N,2,0,1,2,A,-,09,21453,B,N,G,B,B,A,H,-,A,A,0,Y,,,,Y,,A,01,1,0,0,0,1,0,0,0,0,"- ","- ",,,"SAN FRANCISCO","SAN FRANCISCO",-122.41643992,37.753959969999997
7037403,2015,2016-07-25,3801,2015-07-28,1220,1396,NORTH,2,5,7,3801,0,0,0,,0,3E14C,"SCOTT ST","PAGE ST",113.00,N,N,A,-,N,,,,,,,,,,N,2,0,1,2,A,-,21,22106,,N,D,G,A,A,H,-,A,D,0,,Y,,,Y,,A,01,1,0,0,0,0,0,1,0,0,"- ","- ",,,"SAN FRANCISCO","SAN FRANCISCO",-122.43564394000001,37.772726249999998
7037672,2014,2015-08-26,3801,2014-11-17,1938,1184,TARAV,1,5,7,3801,0,0,0,,0,3I16D,"JUNIPERO SERRA BL","PALMETTO AV",0.00,,Y,A,-,N,,,,,,,,,,Y,2,0,1,2,A,-,07,21658,A,F,B,C,A,A,H,-,C,A,0,,,,,Y,,-,,1,0,0,0,0,0,0,0,0,"- ","- ",,,"SAN FRANCISCO","SAN FRANCISCO",-122.47105989000001,37.710639970000003
7037674,2014,2015-08-26,3801,2014-11-15,1606,A11422,RICHM,6,5,7,3801,0,0,0,,0,3G3D,"ANZA ST","42ND AV",48.00,E,N,A,-,N,,,,,,,,,,Y,2,0,1,2,A,-,03,22350,,N,E,E,A,A,G,-,A,D,0,,,Y,,Y,,C,02,1,0,0,0,0,0,0,0,1,"- ","- ",,,"SAN FRANCISCO","SAN FRANCISCO",-122.50259405,37.777336200000001
7038701,2015,2015-08-31,3801,2015-07-16,0200,912,CENTR,4,5,7,3801,0,0,0,,0,3A11E,"TAYLOR ST","BUSH ST",0.00,,Y,A,-,N,,,,,,,,,,N,2,0,1,2,A,-,17,21712,A,F,G,B,A,A,H,-,C,A,0,,,,,Y,,A,01,1,0,0,0,0,0,0,0,0,"- ","- ",,,"SAN FRANCISCO","SAN FRANCISCO",-122.41206991999999,37.789759910000001