CASE_ID,ACCIDENT_YEAR,PROC_DATE,JURIS,COLLISION_DATE,COLLISION_TIME,OFFICER_ID,REPORTING_DISTRICT,DAY_OF_WEEK,CHP_SHIFT,POPULATION,CNTY_CITY_LOC,SPECIAL_COND,BEAT_TYPE,CHP_BEAT_TYPE,CITY_DIVISION_LAPD,CHP_BEAT_CLASS,BEAT_NUMBER,PRIMARY_RD,SECONDARY_RD,DISTANCE,DIRECTION,INTERSECTION,WEATHER_1,WEATHER_2,STATE_HWY_IND,CALTRANS_COUNTY,CALTRANS_DISTRICT,STATE_ROUTE,ROUTE_SUFFIX,POSTMILE_PREFIX,POSTMILE,LOCATION_TYPE,RAMP_INTERSECTION,SIDE_OF_HWY,TOW_AWAY,COLLISION_SEVERITY,NUMBER_KILLED,NUMBER_INJURED,PARTY_COUNT,PRIMARY_COLL_FACTOR,PCF_CODE_OF_VIOL,PCF_VIOL_CATEGORY,PCF_VIOLATION,PCF_VIOL_SUBSECTION,HIT_AND_RUN,TYPE_OF_COLLISION,MVIW,PED_ACTION,ROAD_SURFACE,ROAD_COND_1,ROAD_COND_2,LIGHTING,CONTROL_DEVICE,CHP_ROAD_TYPE,PEDESTRIAN_ACCIDENT,BICYCLE_ACCIDENT,MOTORCYCLE_ACCIDENT,TRUCK_ACCIDENT,NOT_PRIVATE_PROPERTY,ALCOHOL_INVOLVED,STWD_VEHTYPE_AT_FAULT,CHP_VEHTYPE_AT_FAULT,COUNT_SEVERE_INJ,COUNT_VISIBLE_INJ,COUNT_COMPLAINT_PAIN,COUNT_PED_KILLED,COUNT_PED_INJURED,COUNT_BICYCLIST_KILLED,COUNT_BICYCLIST_INJURED,COUNT_MC_KILLED,COUNT_MC_INJURED,PRIMARY_RAMP,SECONDARY_RAMP,LATITUDE,LONGITUDE,COUNTY,CITY,POINT_X,POINT_Y
7038708,2015,2015-08-27,3801,2015-07-21,2230,004343,COMPA,2,5,7,3801,0,0,0,,0,3D11E,"18TH ST","COLLINGWOOD ST",100.00,E,N,A,-,N,,,,,,,,,,N,2,0,1,2,A,-,11,21955,,N,D,B,D,A,H,-,C,D,0,Y,,,,Y,Y,N,60,1,0,0,0,1,0,0,0,0,"- ","- ",,,"SAN FRANCISCO","SAN FRANCISCO",-122.43575504,37.760841560000003
7038713,2015,2015-08-31,3801,2015-07-15,2205,1936,TARAV,3,5,7,3801,0,0,0,,0,4B71,"LINCOLN WY","43RD AV",0.00,,Y,A,-,N,,,,,,,,,,Y,2,0,1,2,A,-,11,21954,A,N,G,B,E,A,H,-,C,D,0,Y,,,,Y,,N,60,1,0,0,0,1,0,0,0,0,"- ","- ",,,"SAN FRANCISCO","SAN FRANCISCO",-122.50296992,37.764319989999997
7052199,2015,2016-02-18,3801,2015-08-12,1242,1096,SOUTH,3,5,7,3801,0,0,0,,0,1242,"BRANNAN ST","HARRIET ST",0.00,,Y,A,-,N,,,,,,,,,,Y,2,0,1,2,A,-,17,22517,,N,B,G,A,A,H,-,A,A,0,,Y,,,Y,,A,01,1,0,0,0,0,0,1,0,0,"- ","- ",,,"SAN FRANCISCO","SAN FRANCISCO",-122.40150989,37.774399959999997
7052254,2015,2015-09-18,3801,2015-08-12,2145,1396,NORTH,3,5,7,3801,0,0,0,,0,3E11C,"STEINER ST","HAYES ST",10.00,N,N,A,-,N,,,,,,,,,,N,2,0,1,2,A,-,10,21950,A,N,G,B,E,A,H,-,C,D,0,Y,,,,Y,,A,01,1,0,0,0,1,0,0,0,0,"- ","- ",,,"SAN FRANCISCO","SAN FRANCISCO",-122.43283580000001,37.775637080000003
7052260,2015,2017-01-19,3801,2015-08-03,2156,974,I,1,5,7,3801,0,0,0,,0,3I5E,"19TH AV","WINSTON DR",31.00,E,N,A,-,Y,SF,4,1,-,-,1.350,I,5,S,Y,2,0,2,2,A,-,12,21453,A,N,D,C,A,A,H,-,C,A,0,,,,,Y,,-,,1,0,1,0,0,0,0,0,0,"- ","- ",,,"SAN FRANCISCO","SAN FRANCISCO",-122.47507382000001,37.726920159999999
7052332,2015,2015-09-18,3801,2015-08-24,2200,001528,SOUTH,1,5,7,3801,0,0,0,,0,3B14E,"OCTAVIA BL","MARKET ST",0.00,,Y,A,-,N,,,,,,,,,,N,2,0,1,1,A,-,17,21200,,N,E,I,A,A,G,-,C,A,0,,Y,,,Y,,L,04,1,0,0,0,0,0,1,0,0,"- ","- ",,,"SAN FRANCISCO","SAN FRANCISCO",-122.42358993000001,37.771779950000003
7052369,2015,2015-09-21,3801,2015-08-19,0040,2080,NORTH,3,5,7,3801,0,0,0,,0,3E13E,"MCALLISTER ST","VAN NESS AV",0.00,,Y,A,-,N,,,,,,,,,,N,2,0,1,2,A,-,11,21453,D,N,G,B,B,A,H,-,C,A,0,Y,,,,Y,,N,60,1,0,0,0,1,0,0,0,0,"- ","- ",,,"SAN FRANCISCO","SAN FRANCISCO",-122.42032997,37.780049929999997
7052394,2015,2015-09-21,3801,2015-08-15,2105,004282,NORTH,6,5,7,3801,0,0,0,,0,4CAR,"BUSH ST","FILLMORE AV",159.00,E,N,A,-,N,,,,,,,,,,Y,2,0,1,2,A,-,03,22350,,N,B,E,A,A,H,-,C,A,0,,,,,Y,,A,01,1,0,0,0,0,0,0,0,0,"- ","- ",,,"SAN FRANCISCO","SAN FRANCISCO",-122.43290512999999,37.78710169
7067008,2015,2016-09-08,3801,2015-01-14,1820,004256,BAYVI,3,5,7,3801,0,0,0,,0,3C11D,"PENNSYLVANIA ST","RT 280",0.00,,Y,B,-,Y,SF,4,280,-,R,5.761,R,4,S,Y,2,0,1,2,A,-,08,22107,,N,B,C,A,A,H,-,C,D,0,,,Y,,Y,,A,01,1,0,0,0,0,0,0,0,1,"- ",SO,,,"SAN FRANCISCO","SAN FRANCISCO",-122.39160525,37.751869540000001
7089837,2015,2015-10-10,3801,2015-09-24,1854,1729,BAYVI,4,5,7,3801,0,0,0,,0,,"JAMESTOWN AV","3RD ST",0.00,,Y,A,-,N,,,,,,,,,,Y,2,0,1,2,A,-,05,21650,,F,A,C,A,A,H,-,C,A,0,,,,,Y,,A,01,1,0,0,0,0,0,0,0,0,"- ","- ",,,"SAN FRANCISCO","SAN FRANCISCO",-122.39670991,37.720259919999997
7094178,2015,2015-11-20,3801,2015-09-27,0049,2287,,7,5,7,3801,0,0,0,,0,3B60,"FREMONT ST","HOWARD RD",205.00,S,N,A,-,N,,,,,,,,,,Y,2,0,1,2,A,-,11,21950,B,N,G,B,D,A,H,-,C,D,0,Y,,,,Y,Y,N,60,1,0,0,0,1,0,0,0,0,"- ","- ",,,"SAN FRANCISCO","SAN FRANCISCO",-122.39463001999999,37.788838419999998
7100027,2015,2015-10-12,3801,2015-09-11,1300,1572,,5,5,7,3801,0,0,0,,0,,"HARRISON ST","ESSEX ST",0.00,,Y,A,-,N,,,,,,,,,,Y,2,0,1,2,A,-,08,22101,D,N,B,C,A,A,H,-,A,A,0,,,Y,,Y,,A,01,1,0,0,0,0,0,0,0,1,"- ","- ",,,"SAN FRANCISCO","SAN FRANCISCO",-122.39405988,37.785209909999999
7100286,2015,2015-10-08,3801,2015-09-20,1818,244,NORTH,7,5,7,3801,0,0,0,,0,3E11C,"VAN NESS AV","BAY ST",0.00,,Y,A,-,N,,,,,,,,,,N,2,0,1,2,A,-,09,21801,A,N,A,C,A,A,H,-,A,A,0,,,Y,,Y,,A,01,1,0,0,0,0,0,0,0,1,"- ","- ",,,"SAN FRANCISCO","SAN FRANCISCO",-122.42514998999999,37.804129930000002
7100732,2014,2015-12-16,3801,2014-03-26,0030,001478,,3,5,7,3801,0,0,0,,0,,"VAN NESS AV","BEARY BL",0.00,,Y,A,-,N,,,,,,,,,,Y,2,0,5,2,A,-,12,21453,A,F,D,C,A,A,H,-,C,A,0,,,,,Y,Y,A,01,2,2,1,0,0,0,0,0,0,"- ","- ",,,"SAN FRANCISCO","SAN FRANCISCO",-122.4213329,37.78568679
7100739,2014,2015-12-17,3801,2014-02-06,1524,1939,,4,5,7,3801,0,0,0,,0,4B7H,"CALIFORNIA ST","10TH AV",0.00,W,N,B,-,N,,,,,,,,,,N,2,0,1,2,A,-,10,21950,A,N,G,B,B,B,H,-,A,A,0,Y,,,,Y,,A,01,1,0,0,0,1,0,0,0,0,"- ","- ",,,"SAN FRANCISCO","SAN FRANCISCO",-122.46883994,37.784619890000002
7100823,2014,2015-12-16,3801,2014-05-03,1800,001482,BAYVI,6,5,7,3801,0,0,0,,0,3C16D,"GIRARD AV","BACON ST",120.00,S,N,A,-,N,,,,,,,,,,Y,2,0,1,2,A,-,09,21804,A,N,D,E,A,A,H,-,A,A,0,,,Y,,Y,,C,03,1,0,0,0,0,0,0,0,1,"- ","- ",,,"SAN FRANCISCO","SAN FRANCISCO",-122.40446158,37.727066530000002
7100843,2014,2015-12-17,3801,2014-03-26,2004,000395,,3,5,7,3801,0,0,0,,0,3160,"INGALLS ST","GILMAN AV",0.00,,Y,A,-,,,,,,,,,,,Y,2,0,4,3,A,-,12,22450,A,N,D,C,F,A,H,-,C,A,0,Y,,,,Y,,A,01,1,0,3,0,1,0,0,0,0,"- ","- ",,,"SAN FRANCISCO","SAN FRANCISCO",-122.39187996,37.720339940000002
7100986,2014,2015-12-24,3801,2014-12-05,1905,2138,CENTR,5,5,7,3801,0,0,0,,0,3A12D,"KEARRY ST","CLAY ST",30.00,N,N,B,-,N,,,,,,,,,,N,2,0,1,2,A,-,12,21453,A,N,D,G,A,B,H,-,C,A,0,,Y,,,Y,,L,04,1,0,0,0,0,0,1,0,0,"- ","- ",,,"SAN FRANCISCO","SAN FRANCISCO",-122.40480021,37.79453084
7101001,2014,2015-12-23,3801,2014-06-13,1956,02239,SOUTH,5,5,7,3801,0,0,0,,0,3B13D,"4TH ST","MISSION ST",0.00,,Y,A,-,N,,,,,,,,,,N,2,0,1,2,A,-,11,21453,D,N,G,B,B,A,H,-,A,A,0,Y,,,,Y,Y,N,60,1,0,0,0,1,0,0,0,0,"- ","- ",,,"SAN FRANCISCO","SAN FRANCISCO",-122.40425995,37.78451991
7101188,2014,2015-12-17,3801,2014-11-15,1756,001994,COD,6,5,7,3801,0,0,0,,0,4K8E,"UTAH ST","25TH ST",7.00,N,N,A,-,N,,,,,,,,,,Y,2,0,1,2,A,-,10,21950,A,N,A,B,B,A,H,-,C,A,0,Y,,,,Y,,D,22,1,0,0,0,1,0,0,0,0,"- ","- ",,,"SAN FRANCISCO","SAN FRANCISCO",-122.4052018,37.751819179999998
7101418,2015,2016-01-11,3801,2015-11-04,0828,000845,NORTH,3,5,7,3801,0,0,0,,0,4B2C,"BAY ST","BUCHANAN AV",0.00,,Y,A,-,N,,,,,,,,,,Y,2,0,2,3,A,-,01,23152,A,N,G,B,B,A,H,-,A,D,0,Y,,,,Y,Y,A,01,2,0,0,0,2,0,0,0,0,"- ","- ",,,"SAN FRANCISCO","SAN FRANCISCO",-122.43332986999999,37.803069989999997
7101711,2015,2016-01-14,3801,2015-12-02,2336,001663,,3,5,7,3801,0,0,0,,0,3H15E,"OCEAN AV","SAN JOSE AV",0.00,,Y,A,-,N,,,,,,,,,,N,2,0,1,1,A,-,03,22350,,N,H,A,A,A,G,-,C,A,0,,Y,,,Y,,L,04,1,0,0,0,0,0,1,0,0,"- ","- ",,,"SAN FRANCISCO","SAN FRANCISCO",-122.44480986000001,37.722929890000003
7110733,2015,2015-11-16,3801,2015-10-23,1734,000302,NORTH,5,5,7,3801,0,0,0,,0,3E14D,"POST ST","LAGUNA ST",0.00,,Y,A,-,N,,,,,,,,,,Y,2,0,5,2,A,-,12,21453,A,N,D,C,A,A,H,-,A,A,0,,,,,Y,,A,07,2,0,3,0,0,0,0,0,0,"- ","- ",,,"SAN FRANCISCO","SAN FRANCISCO",-122.42815998,37.785799910000001
7110744,2015,2015-11-16,3801,2015-10-20,1732,004302,BAYVI,2,5,7,3801,0,0,0,,0,3C11D,"CESAR CHAVEZ ST","KANSAS ST",0.00,,Y,A,-,N,,,,,,,,,,N,2,0,1,2,A,-,07,21658,A,F,B,G,A,A,H,-,A,A,0,,Y,,,Y,,A,01,1,0,0,0,0,0,1,0,0,"- ","- ",,,"SAN FRANCISCO","SAN FRANCISCO",-122.40205987,37.749389909999998
7157926,2014,2016-01-19,3801,2014-07-03,0125,001290,,4,5,7,3801,0,0,0,,0,,"CESAR CHAVEZ ST","HARRISON ST",80.00,E,N,A,-,N,,,,,,,,,,Y,2,0,3,3,A,-,03,22350,,F,B,E,A,A,H,-,C,D,0,,,,,Y,,A,01,3,0,0,0,0,0,0,0,0,"- ","- ",,,"SAN FRANCISCO","SAN FRANCISCO",-122.41124343,37.748308469999998
7157950,2014,2016-01-19,3801,2014-07-06,2050,4178,TARAV,7,5,7,3801,0,0,0,,0,4K71,"SUNSET BL","MORAGA ST",6.00,S,N,B,-,N,,,,,,,,,,N,2,0,2,3,A,-,10,21950,A,N,G,B,B,A,H,-,C,D,0,Y,,,,Y,Y,A,01,1,0,1,0,2,0,0,0,0,"- ","- ",,,"SAN FRANCISCO","SAN FRANCISCO",-122.49544883999999,37.755263540000001
7157952,2014,2016-01-15,3801,2014-07-18,0900,1947,NORTH,5,5,7,3801,0,0,0,,0,3E12A,"MCALLISTER ST","WEBSTER ST",0.00,,Y,B,-,N,,,,,,,,,,N,2,0,1,2,A,-,09,21801,A,N,A,G,A,B,H,-,A,A,0,,Y,,,Y,,A,01,1,0,0,0,0,0,1,0,0,"- ","- ",,,"SAN FRANCISCO","SAN FRANCISCO",-122.43010988,37.778840000000002
7157978,2014,2016-01-15,3801,2014-07-31,0211,4172,901,4,5,7,3801,0,0,0,,0,3D11E,"DUBOCE AV","VALENCIA ST",0.00,,Y,A,-,N,,,,,,,,,,N,2,0,1,2,A,-,12,21453,A,N,D,G,A,A,H,-,C,A,0,,Y,,,Y,Y,L,04,1,0,0,0,0,0,1,0,0,"- ","- ",,,"SAN FRANCISCO","SAN FRANCISCO",-122.42235989,37.769869980000003
7161130,2014,2016-01-15,3801,2014-09-18,1902,1531,MISSI,4,5,7,3801,0,0,0,,0,3D13D,"18TH ST","BRYANT ST",0.00,,Y,A,-,N,,,,,,,,,,Y,2,0,3,5,A,-,"- ",,,N,D,C,A,A,H,-,A,A,0,,,,,Y,,A,01,2,0,1,0,0,0,0,0,0,"- ","- ",,,"SAN FRANCISCO","SAN FRANCISCO",-122.41014989,37.76174992
7161159,2014,2016-01-22,3801,2014-09-07,2008,000995,,7,5,7,3801,0,0,0,,0,3H16D,"ALEMANY BL","CONGDON ST",0.00,,Y,A,-,N,,,,,,,,,,Y,2,0,4,2,A,-,08,22107,,N,D,C,A,A,H,-,C,A,0,,,,,Y,,A,01,1,2,1,0,0,0,0,0,0,"- ","- ",,,"SAN FRANCISCO","SAN FRANCISCO",-122.42618988,37.731169940000001
7173399,2016,2016-02-12,3801,2016-01-19,2036,2286,PARK,2,5,7,3801,0,0,0,,0,4B8F,"FELL ST","CLAYTON ST",0.00,,Y,B,-,N,,,,,,,,,,Y,2,0,1,2,A,-,11,21456,B,N,G,B,D,A,H,-,C,A,0,Y,,,,Y,,N,60,1,0,0,0,1,0,0,0,0,"- ","- ",,,"SAN FRANCISCO","SAN FRANCISCO",-122.44916997,37.772579970000002
7173558,2015,2016-02-09,3801,2015-12-03,1825,877,PARK,4,5,7,3801,0,0,0,,0,3F13D,"TURK ST","ROSELYN TER",0.00,,Y,A,-,N,,,,,,,,,,N,2,0,1,2,A,-,10,21950,A,N,G,B,B,B,H,-,C,D,0,Y,,,,Y,,A,01,1,0,0,0,1,0,0,0,0,"- ","- ",,,"SAN FRANCISCO","SAN FRANCISCO",-122.44977996,37.778259920000004
7173579,2016,2016-02-12,3801,2016-01-26,1529,1628,PARK,2,5,7,3801,0,0,0,,0,3F12D,"7TH AV","LAWTON ST",576.00,S,N,A,-,N,,,,,,,,,,Y,2,0,1,3,A,-,03,22350,,N,C,C,A,A,H,-,A,A,0,,,,,Y,,A,01,1,0,0,0,0,0,0,0,0,"- ","- ",,,"SAN FRANCISCO","SAN FRANCISCO",-122.4636964,37.75696121
7173617,2016,2016-02-08,3801,2016-01-11,0835,4036,,1,5,7,3801,0,0,0,,0,4B6C,"FOLSOM ST","21ST ST",132.00,S,N,B,-,N,,,,,,,,,,N,2,0,1,2,A,-,03,22350,,N,D,G,A,A,H,-,A,D,0,,Y,,,Y,,L,04,1,0,0,0,0,0,1,0,0,"- ","- ",37.757449999999999,-122.4147,"SAN FRANCISCO","SAN FRANCISCO",-122.41449023,37.756938150000003
7190032,2016,2018-09-24,3801,2016-02-12,0750,73,INGLE,5,5,7,3801,0,0,0,,0,4B5G,"GENEVA AV","ATHENS ST",4.00,E,N,A,-,N,,,,,,,,,,Y,1,1,0,2,A,-,10,21950,A,N,G,B,B,A,H,-,A,D,0,Y,,,,Y,,A,01,0,0,0,1,0,0,0,0,0,"- ","- ",,,"SAN FRANCISCO","SAN FRANCISCO",-122.43452782999999,37.713464780000002
7190236,2016,2016-08-05,3801,2016-05-20,2145,00936,MISSI,5,5,7,3801,0,0,0,,0,3D14E,"16TH ST","HARRISON ST",0.00,,Y,A,-,N,,,,,,,,,,Y,1,1,0,2,A,-,03,22350,,N,D,C,A,A,H,-,C,A,0,,,Y,,Y,,C,02,0,0,0,0,0,0,0,1,0,"- ","- ",,,"SAN FRANCISCO","SAN FRANCISCO",-122.41314996,37.765449940000003
7190376,2016,2016-09-26,3801,2016-08-01,1608,4214,CENTR,1,5,7,3801,0,0,0,,0,4B8A,"GEARY BL","STOCKTON ST",12.00,W,N,A,-,N,,,,,,,,,,Y,1,1,1,3,A,-,11,21453,D,N,G,B,B,A,D,E,A,A,0,Y,,Y,,Y,,N,60,1,0,0,1,1,0,0,0,0,"- ","- ",,,"SAN FRANCISCO","SAN FRANCISCO",-122.406621,37.787554710000002
7190475,2016,2016-10-11,3801,2016-09-25,2331,4143,1380,7,5,7,3801,0,0,0,,0,001,"W FIELD RD","W CARGO RD",378.00,W,N,A,-,N,,,,,,,,,,N,1,1,0,2,A,-,11,21955,,N,G,B,D,A,E,-,C,D,0,Y,,,,Y,,N,60,0,0,0,1,0,0,0,0,0,"- ","- ",,,"SAN FRANCISCO","SAN FRANCISCO",,
7193222,2016,2016-04-19,3801,2016-03-23,1727,004372,,3,5,7,3801,0,0,0,,0,,"CALIFORNIA ST","BRODERICK ST",0.00,,Y,A,-,N,,,,,,,,,,N,2,0,1,2,A,-,09,21801,A,N,A,C,A,A,H,-,A,A,0,,,Y,,Y,,A,08,1,0,0,0,0,0,0,0,1,"- ","- ",,,"SAN FRANCISCO","SAN FRANCISCO",-122.44207992,37.787849909999998
7193242,2016,2016-04-13,3801,2016-03-25,1941,4254,MISSI,5,5,7,3801,0,0,0,,0,3D13D,"23RD ST","SHOTWELL ST",62.00,E,N,-,-,N,,,,,,,,,,Y,2,0,1,4,A,-,00,20001,A,F,-,B,E,A,H,-,B,D,0,Y,,,,Y,,A,07,1,0,0,0,1,0,0,0,0,"- ","- ",,,"SAN FRANCISCO","SAN FRANCISCO",-122.41511619000001,37.754063860000002
7199712,2016,2018-09-27,3801,2016-03-11,0550,1887,,5,5,7,3801,0,0,0,,0,4B1C,"BROADWAY ST","POWELL ST",10.00,W,N,C,-,N,,,,,,,,,,N,1,1,0,2,A,-,10,21950,A,F,G,B,B,B,H,-,C,A,0,Y,,,,Y,Y,D,22,0,0,0,1,0,0,0,0,0,"- ","- ",,,"SAN FRANCISCO","SAN FRANCISCO",-122.41027398999999,37.79740477
7199916,2017,2017-02-15,3801,2017-01-11,1215,2127,NORTH,3,5,7,3801,0,0,0,,0,4B1A,"UNION ST","BUCHANAN ST",15.00,E,N,A,-,N,,,,,,,,,,N,1,1,0,2,A,-,10,21950,A,N,G,B,B,A,H,-,A,D,0,Y,,,,Y,Y,E,22,0,0,0,1,0,0,0,0,0,"- ","- ",,,"SAN FRANCISCO","SAN FRANCISCO",-122.43214861,37.797515930000003
7200157,2016,2018-09-24,3801,2016-07-06,1332,1766,RICHM,3,5,7,3801,0,0,0,,0,4B103,"32ND AV","CLEMENT ST",42.00,N,N,A,-,N,,,,,,,,,,N,1,1,0,7,C,-,18,,,N,B,E,A,A,H,-,A,A,0,,,,,Y,,-,"- ",0,0,0,0,0,0,0,0,0,"- ","- ",37.781869999999998,-122.49213,"SAN FRANCISCO","SAN FRANCISCO",-122.49235843,37.781775189999998
7200158,2016,2017-06-23,3801,2016-09-01,1000,1171,INGLE,4,5,7,3801,0,0,0,,0,4B1D,"SANTOS ST","VELASCO AV",178.00,S,N,B,-,N,,,,,,,,,,Y,1,1,0,4,A,-,01,23152,A,N,G,B,E,A,H,-,-,C,0,Y,,,,Y,,A,01,0,0,0,1,0,0,0,0,0,"- ","- ",,,"SAN FRANCISCO","SAN FRANCISCO",-122.41957767,37.709496899999998
7202009,2016,2016-03-07,3801,2016-02-01,0824,723,INGLE,1,5,7,3801,0,0,0,,0,`5CAR,"ALEMANY BL","LAWRENCE AV",0.00,,Y,A,-,N,,,,,,,,,,N,2,0,1,2,A,-,10,21950,A,N,G,B,B,A,H,-,A,A,0,Y,,,,Y,,A,01,1,0,0,0,1,0,0,0,0,"- ","- ",,,"SAN FRANCISCO","SAN FRANCISCO",-122.45318997,37.711269940000001
7202023,2016,2016-03-07,3801,2016-02-25,1658,979,INGLE,4,5,7,3801,0,0,0,,0,3H13C,"BADEN ST","CIRCULAR AV",0.00,,Y,A,-,N,,,,,,,,,,Y,2,0,2,1,D,-,00,,,N,E,I,A,A,H,-,A,A,0,,,,,Y,Y,-,"- ",2,0,0,0,0,0,0,0,0,"- ","- ",,,"SAN FRANCISCO","SAN FRANCISCO",-122.43969993,37.730299969999997
7203067,2016,2016-03-07,3801,2016-02-29,1317,27,TARAV,1,5,7,3801,0,0,0,,0,3I1A,"KIRKHAM ST","16TH AV",0.00,,Y,A,-,N,,,,,,,,,,N,2,0,1,2,A,-,05,21650,A,N,G,B,B,A,H,-,A,D,0,Y,,,,Y,,A,01,1,0,0,0,1,0,0,0,0,"- ","- ",,,"SAN FRANCISCO","SAN FRANCISCO",-122.47365996000001,37.759969929999997
7203073,2016,2016-03-07,3801,2016-02-09,0854,001081,TARAV,2,5,7,3801,0,0,0,,0,3I11A,"ULLOA ST","20TH AV",0.00,,Y,A,-,N,,,,,,,,,,Y,2,0,1,2,A,-,10,21950,A,N,G,B,B,A,H,-,A,D,0,Y,,,,Y,,A,07,1,0,0,0,1,0,0,0,0,"- ","- ",,,"SAN FRANCISCO","SAN FRANCISCO",-122.47663998,37.741139939999996
8008880,2017,2017-07-25,3801,2017-06-14,2318,1400,CENTR,3,5,7,3801,0,0,0,,0,3A15E,"MARKET ST","NEW MONTGOMERY ST",0.00,,Y,A,-,N,,,,,,,,,,,2,0,1,2,-,-,"- ",,,F,G,B,B,A,H,-,C,A,0,Y,,,,Y,,-,"- ",1,0,0,0,1,0,0,0,0,"- ","- ",,,"SAN FRANCISCO","SAN FRANCISCO",-122.40198992000001,37.788769899999998
8016504,2016,2016-04-13,3801,2016-03-03,1927,546,NORTH,4,5,7,3801,0,0,0,,0,4B7H,"LARKIN ST","FULTON ST",105.00,S,N,B,-,N,,,,,,,,,,Y,2,0,1,3,A,-,07,21658,A,N,B,E,A,A,H,-,B,A,0,,,Y,,Y,,A,01,1,0,0,0,0,0,0,0,1,"- ","- ",37.779620000000001,-122.4169,"SAN FRANCISCO","SAN FRANCISCO",-122.41670485,37.779304949999997
8020329,2016,2016-05-25,3801,2016-03-21,1500,1110,RICHM,1,5,7,3801,0,0,0,,0,3G4D,"PARKER AV","GEARY BL",92.00,S,N,A,-,N,,,,,,,,,,Y,1,1,1,1,A,-,03,22350,,N,A,I,A,A,-,-,A,D,0,,,,,Y,,A,01,0,1,0,0,0,0,0,0,0,"- ","- ",,,"SAN FRANCISCO","SAN FRANCISCO",-122.45411129,37.781410289999997
8038222,2016,2016-05-17,3801,2016-04-26,1702,2427,NORTH,2,5,7,3801,0,0,0,,0,3E16D,"FRANKLIN ST","TURK ST",0.00,,Y,A,G,N,,,,,,,,,,Y,2,0,1,2,A,-,"- ",,,N,B,C,A,A,H,-,A,A,0,,,Y,Y,Y,,F,26,1,0,0,0,0,0,0,0,1,"- ","- ",,,"SAN FRANCISCO","SAN FRANCISCO",-122.42224991000001,37.781729890000001
8052344,2016,2016-08-29,3801,2016-05-15,1745,001375,COI,7,5,7,3801,0,0,0,,0,3I13D,"GREAT HWY","SLOAT BL",740.00,S,N,G,-,N,,,,,,,,,,Y,2,0,1,2,A,-,04,21703,,N,E,C,A,A,B,G,A,D,0,,,Y,,Y,,A,07,1,0,0,0,0,0,0,0,1,"- ","- ",,,"SAN FRANCISCO","SAN FRANCISCO",-122.50712092000001,37.733539039999997
8052533,2016,2016-06-07,3801,2016-02-19,1726,2328,MISSI,5,5,7,3801,0,0,0,,0,3D74,"GUERRERO ST","26TH ST",0.00,,Y,A,-,N,,,,,,,,,,N,2,0,1,2,A,-,09,21801,A,N,D,C,A,A,H,-,A,A,0,,,Y,,Y,,A,07,1,0,0,0,0,0,0,0,1,"- ","- ",,,"SAN FRANCISCO","SAN FRANCISCO",-122.42256990999999,37.748789940000002
8052699,2016,2016-06-07,3801,2016-05-17,1814,4214,CENTR,2,5,7,3801,0,0,0,,0,4B8A,"MASON ST","NORTHPOINT ST",0.00,,Y,A,-,N,,,,,,,,,,Y,2,0,1,2,A,-,12,21453,A,N,H,G,A,A,H,-,A,A,0,,Y,,,Y,,L,04,1,0,0,0,0,0,1,0,0,"- ","- ",,,"SAN FRANCISCO","SAN FRANCISCO",-122.41377900000001,37.806578999999999
8052718,2016,2016-06-08,3801,2016-05-27,1655,004285,SOUTH,5,5,7,3801,0,0,0,,0,3B62,"BRANNAN ST","333 BRANNAN ST",0.00,,Y,A,-,N,,,,,,,,,,N,2,0,1,2,A,-,11,21954,A,N,G,B,D,A,H,-,A,A,0,Y,,,,Y,,N,60,1,0,0,0,1,0,0,0,0,"- ","- ",,,"SAN FRANCISCO","SAN FRANCISCO",-122.39283979,37.781214640000002
8053958,2016,2017-01-03,3801,2016-05-28,1030,1065,J,6,5,7,3801,0,0,0,,0,005,"OFARRELL ST","TAYLOR ST",115.00,W,N,-,-,N,,,,,,,,,,Y,2,0,1,3,D,-,00,,,N,-,-,A,-,-,-,-,-,0,,,Y,,Y,,-,"- ",1,0,0,0,0,0,0,0,1,"- ","- ",,,"SAN FRANCISCO","SAN FRANCISCO",-122.41171226,37.78596623
8055922,2016,2016-06-07,3801,2016-05-31,2116,1593,PARK,2,5,7,3801,0,0,0,,0,3F1,"7TH AV","IRVING ST",0.00,,Y,A,-,N,,,,,,,,,,N,2,0,1,2,A,-,11,21453,D,N,G,B,B,A,H,-,C,A,0,Y,,,,Y,,N,60,1,0,0,0,1,0,0,0,0,"- ","- ",,,"SAN FRANCISCO","SAN FRANCISCO",-122.46415987,37.764159980000002
8067263,2017,2017-07-20,3801,2017-06-01,2036,642,NORTH,4,5,7,3801,0,0,0,,0,005,"SCOTT ST","MARINA BL",7.00,N,N,A,-,N,,,,,,,,,,N,2,0,1,2,A,-,10,21950,A,N,D,G,A,A,H,-,B,A,0,,Y,,,Y,,A,01,1,0,0,0,0,0,1,0,0,"- ","- ",,,"SAN FRANCISCO","SAN FRANCISCO",-122.44225294,37.805799090000001
8078545,2016,2016-07-18,3801,2016-04-12,1558,256,TENDE,2,5,7,3801,0,0,0,,0,4B8H,"HYDE ST","MCALLISTER ST",0.00,,Y,-,-,N,,,,,,,,,,N,2,0,1,2,A,-,12,21453,A,N,G,B,B,A,H,-,A,A,0,Y,,,,Y,,A,01,1,0,0,0,1,0,0,0,0,"- ","- ",37.780729999999998,-122.41542,"SAN FRANCISCO","SAN FRANCISCO",-122.4153199,37.780739930000003