CASE_ID,ACCIDENT_YEAR,PROC_DATE,JURIS,COLLISION_DATE,COLLISION_TIME,OFFICER_ID,REPORTING_DISTRICT,DAY_OF_WEEK,CHP_SHIFT,POPULATION,CNTY_CITY_LOC,SPECIAL_COND,BEAT_TYPE,CHP_BEAT_TYPE,CITY_DIVISION_LAPD,CHP_BEAT_CLASS,BEAT_NUMBER,PRIMARY_RD,SECONDARY_RD,DISTANCE,DIRECTION,INTERSECTION,WEATHER_1,WEATHER_2,STATE_HWY_IND,CALTRANS_COUNTY,CALTRANS_DISTRICT,STATE_ROUTE,ROUTE_SUFFIX,POSTMILE_PREFIX,POSTMILE,LOCATION_TYPE,RAMP_INTERSECTION,SIDE_OF_HWY,TOW_AWAY,COLLISION_SEVERITY,NUMBER_KILLED,NUMBER_INJURED,PARTY_COUNT,PRIMARY_COLL_FACTOR,PCF_CODE_OF_VIOL,PCF_VIOL_CATEGORY,PCF_VIOLATION,PCF_VIOL_SUBSECTION,HIT_AND_RUN,TYPE_OF_COLLISION,MVIW,PED_ACTION,ROAD_SURFACE,ROAD_COND_1,ROAD_COND_2,LIGHTING,CONTROL_DEVICE,CHP_ROAD_TYPE,PEDESTRIAN_ACCIDENT,BICYCLE_ACCIDENT,MOTORCYCLE_ACCIDENT,TRUCK_ACCIDENT,NOT_PRIVATE_PROPERTY,ALCOHOL_INVOLVED,STWD_VEHTYPE_AT_FAULT,CHP_VEHTYPE_AT_FAULT,COUNT_SEVERE_INJ,COUNT_VISIBLE_INJ,COUNT_COMPLAINT_PAIN,COUNT_PED_KILLED,COUNT_PED_INJURED,COUNT_BICYCLIST_KILLED,COUNT_BICYCLIST_INJURED,COUNT_MC_KILLED,COUNT_MC_INJURED,PRIMARY_RAMP,SECONDARY_RAMP,LATITUDE,LONGITUDE,COUNTY,CITY,POINT_X,POINT_Y
8079139,2016,2016-07-12,3801,2016-06-21,0744,1053,TARAV,2,5,7,3801,0,0,0,,0,3I16A,"ALEMANY BL","ST CHARLES AV",8.00,E,N,A,-,N,,,,,,,,,,N,2,0,1,2,A,-,10,21950,A,N,G,B,B,A,H,-,A,A,0,Y,,,,Y,,A,08,1,0,0,0,1,0,0,0,0,"- ","- ",,,"SAN FRANCISCO","SAN FRANCISCO",-122.46928529,37.710629879999999
8083289,2016,2016-07-15,3801,2016-05-31,0816,2127,TENDE,2,5,7,3801,0,0,0,,0,4B1A,"POLK ST","MYRTLE ST",61.00,S,N,A,-,N,,,,,,,,,,N,2,0,1,2,A,-,11,21955,,N,G,B,D,A,H,-,A,D,0,Y,,Y,,Y,,N,60,1,0,0,0,1,0,0,0,0,"- ","- ",,,"SAN FRANCISCO","SAN FRANCISCO",-122.41960760000001,37.785264410000003
8083661,2016,2016-07-26,3801,2016-03-25,0837,2291,SOUTH,5,5,7,3801,0,0,0,,0,004,"MARKET ST","GOUGH ST",0.00,,Y,A,-,N,,,,,,,,,,Y,2,0,2,2,A,-,12,21453,A,N,D,C,A,A,H,-,A,A,0,,,Y,,Y,,C,02,1,0,1,0,0,0,0,0,1,"- ","- ",,,"SAN FRANCISCO","SAN FRANCISCO",-122.42220992999999,37.772869960000001
8098284,2016,2016-08-17,3801,2016-07-22,0124,488,IGLSD,5,5,7,3801,0,0,0,,0,3H13E,"ALEMANY BL","ELLSWORTH ST",520.00,W,N,A,-,N,,,,,,,,,,N,2,0,1,2,A,-,11,21956,A,N,G,B,E,A,H,-,C,D,0,Y,,,,Y,,N,60,1,0,0,0,1,0,0,0,0,"- ","- ",,,"SAN FRANCISCO","SAN FRANCISCO",-122.42081524,37.732179289999998
8101338,2016,2016-08-17,3801,2016-07-19,2122,001660,3B12E,2,5,7,3801,0,0,0,,0,901,"BRANNAN ST","4TH ST",0.00,,Y,A,-,N,,,,,,,,,,Y,2,0,1,2,A,-,05,21460,A,N,A,G,A,A,H,-,C,A,0,,Y,,,Y,,L,04,1,0,0,0,0,0,1,0,0,"- ","- ",,,"SAN FRANCISCO","SAN FRANCISCO",-122.39653988000001,37.778329929999998
8101353,2016,2016-10-07,3801,2016-07-21,2022,195,NORTH,4,5,7,3801,0,0,0,,0,3E14D,DIVISADERO,SACRAMENTO,65.00,S,N,A,-,N,,,,,,,,,,N,2,0,1,2,A,-,08,22107,,N,B,D,A,A,H,-,A,D,0,,,Y,,Y,,A,01,1,0,0,0,0,0,0,0,1,"- ","- ",,,"SAN FRANCISCO","SAN FRANCISCO",-122.4405939,37.78880375
8101436,2016,2016-08-17,3801,2016-07-05,1615,1438,INGLE,2,5,7,3801,0,0,0,,0,3CAR,"WILDE AV","GOETTINGEN ST",345.00,W,N,A,-,N,,,,,,,,,,N,2,0,1,1,A,-,21,22106,,N,A,I,A,A,H,-,A,D,0,,,,,Y,,A,07,1,0,0,0,0,0,0,0,0,"- ","- ",,,"SAN FRANCISCO","SAN FRANCISCO",-122.40313424999999,37.716512559999998
8102466,2016,2016-08-17,3801,2016-07-19,2139,1730,RCMND,2,5,7,3801,0,0,0,,0,4B8G,"POINT LOBOS AV","43RD AV",22.00,W,N,A,-,N,,,,,,,,,,Y,2,0,4,2,A,-,03,22350,,N,B,C,A,A,H,-,C,A,0,,,,,Y,,A,01,1,0,3,0,0,0,0,0,0,"- ","- ",37.779629999999997,-122.50404,"SAN FRANCISCO","SAN FRANCISCO",-122.50408566,37.77972682
8122034,2016,2016-09-14,3801,2016-08-18,1656,1420,NORTH,4,5,7,3801,0,0,0,,0,4B107,"FRANKLIN ST","HAYES ST",49.00,N,N,A,-,N,,,,,,,,,,N,2,0,1,2,A,-,11,21954,A,N,G,B,E,-,H,-,A,A,0,Y,,,,Y,Y,N,60,1,0,0,0,1,0,0,0,0,"- ","- ",37.776989999999998,-122.42122999999999,"SAN FRANCISCO","SAN FRANCISCO",-122.42136271,37.777213400000001
8122241,2016,2016-09-14,3801,2016-07-16,2127,2028,CNTRL,6,5,7,3801,0,0,0,,0,3A13,"HYDE ST","FILBERT ST",60.00,N,N,A,-,N,,,,,,,,,,N,2,0,1,2,A,-,05,21651,A,N,B,F,A,A,H,-,D,A,0,,,,,Y,,A,01,1,0,0,0,0,0,0,0,0,"- ","- ",,,"SAN FRANCISCO","SAN FRANCISCO",-122.41928153000001,37.80030292
8122702,2016,2016-09-15,3801,2016-08-02,2105,298,BAYVI,2,5,7,3801,0,0,0,,0,3C13D,"DORMITORY RD","NORTHRIDGE RD",0.00,,Y,A,-,N,,,,,,,,,,Y,2,0,1,2,A,-,08,22107,,M,-,E,A,A,H,-,C,D,0,,,,,Y,,A,01,1,0,0,0,0,0,0,0,0,"- ","- ",,,"SAN FRANCISCO","SAN FRANCISCO",-122.37429987,37.730219949999999
8132515,2016,2016-10-11,3801,2016-09-08,1502,373,MISSI,4,5,7,3801,0,0,0,,0,0D5,"MISSION ST","16TH ST",297.00,N,N,A,-,N,,,,,,,,,,Y,2,0,1,7,A,-,01,23152,E,N,C,E,E,A,H,-,A,D,0,Y,,,,Y,,A,07,1,0,0,0,1,0,0,0,0,"- ","- ",37.765279999999997,-122.41961999999999,"SAN FRANCISCO","SAN FRANCISCO",-122.41974465,37.765863750000001
8137483,2016,2016-12-05,3801,2016-09-29,0812,585,INGLE,4,5,7,3801,0,0,0,,0,3H1A,"CRESCENT AV","ANDOVER ST",0.00,,Y,A,-,N,,,,,,,,,,N,2,0,1,2,A,-,11,21950,B,N,G,B,B,A,H,-,A,A,0,Y,,,,Y,,N,60,1,0,0,0,1,0,0,0,0,"- ","- ",,,"SAN FRANCISCO","SAN FRANCISCO",-122.41683999,37.734919920000003
8137511,2016,2016-11-10,3801,2016-09-03,1355,2328,MISSI,6,5,7,3801,0,0,0,,0,3D74,"20TH ST","GUERRERO ST",0.00,,Y,A,-,N,,,,,,,,,,Y,2,0,1,2,A,-,09,21801,,N,B,C,A,A,H,-,A,A,0,,,Y,,Y,,A,01,1,0,0,0,0,0,0,0,1,"- ","- ",,,"SAN FRANCISCO","SAN FRANCISCO",-122.42346993,37.758359980000002
8144788,2016,2016-12-23,3801,2016-11-02,1714,4214,TENDE,3,5,7,3801,0,0,0,,0,4B4C,"MCALLISTER ST","HYDE ST",0.00,,Y,A,-,N,,,,,,,,,,N,2,0,1,2,A,-,11,21456,B,N,G,B,B,A,H,-,A,A,0,Y,,,,Y,,N,60,1,0,0,0,1,0,0,0,0,"- ","- ",37.780729999999998,-122.41542,"SAN FRANCISCO","SAN FRANCISCO",-122.4153199,37.780739930000003
8166063,2016,2016-11-16,3801,2016-10-20,0909,2726,NORTH,4,5,7,3801,0,0,0,,0,3E11A,"BUSH ST","SCOTT ST",0.00,,Y,A,-,N,,,,,,,,,,N,2,0,1,2,A,-,10,21950,A,N,G,B,B,A,H,-,A,A,0,Y,,,,Y,,A,01,1,0,0,0,1,0,0,0,0,"- ","- ",,,"SAN FRANCISCO","SAN FRANCISCO",-122.43836997,37.786399969999998
8166138,2016,2016-11-17,3801,2016-10-13,1740,546,INGLE,4,5,7,3801,0,0,0,,0,4B7H,"MONTEREY BL","EDNA ST",95.00,W,N,A,-,N,,,,,,,,,,Y,2,0,1,3,A,-,00,21760,B,F,B,G,A,A,H,-,A,D,0,,,,,Y,,A,01,1,0,0,0,0,0,0,0,0,"- ","- ",,,"SAN FRANCISCO","SAN FRANCISCO",-122.44759858,37.731557119999998
8166298,2016,2016-11-15,3801,2016-10-02,1710,685,NORTH,7,5,7,3801,0,0,0,,0,E60,"HAYES ST","WEBSTER ST",0.00,,Y,A,-,N,,,,,,,,,,N,2,0,1,2,A,-,08,22107,,N,G,B,E,A,H,-,A,A,0,Y,,,,Y,,A,01,1,0,0,0,1,0,0,0,0,"- ","- ",,,"SAN FRANCISCO","SAN FRANCISCO",-122.42953998999999,37.776039990000001
8166346,2016,2016-12-19,3801,2016-10-19,1823,1396,SOUTH,3,5,7,3801,0,0,0,,0,3B61,"3RD ST","HOWARD ST",216.00,S,N,A,-,N,,,,,,,,,,N,2,0,1,2,A,-,21,22106,,N,G,B,D,A,H,-,B,D,0,Y,,,,Y,,A,01,1,0,0,0,1,0,0,0,0,"- ","- ",,,"SAN FRANCISCO","SAN FRANCISCO",-122.39996979999999,37.78459162
8166459,2016,2016-12-23,3801,2016-09-09,1528,1387,CENTR,5,5,7,3801,0,0,0,,0,3A40C,"BUSH ST","MONTGOMERY ST",129.00,E,N,A,-,N,,,,,,,,,,N,2,0,1,2,A,-,07,21658,A,N,D,C,A,A,H,-,A,D,0,,,Y,,Y,,A,01,1,0,0,0,0,0,0,0,1,"- ","- ",,,"SAN FRANCISCO","SAN FRANCISCO",-122.40192017,37.791031289999999
8167171,2018,2018-06-06,3801,2018-04-17,0900,1043,TARAV,2,5,7,3801,0,0,0,,0,4B2D,"OCEAN AV","VICTORIA ST",0.00,,Y,A,-,N,,,,,,,,,,Y,1,1,0,2,A,-,10,21950,A,N,G,B,B,A,H,-,A,A,0,Y,,,,Y,,D,22,0,0,0,1,0,0,0,0,0,"- ","- ",,,"SAN FRANCISCO","SAN FRANCISCO",-122.46424865722656,37.726020812988281
8183537,2016,2016-12-09,3801,2016-11-16,1740,358,COE,3,5,7,3801,0,0,0,,0,3E11D,"STEINER ST","HAIGHT ST",86.00,S,N,A,-,N,,,,,,,,,,N,2,0,1,2,A,-,11,21954,A,N,D,B,E,A,H,-,C,D,0,Y,,,,Y,,N,60,1,0,0,0,1,0,0,0,0,"- ","- ",,,"SAN FRANCISCO","SAN FRANCISCO",-122.43203333,37.771656669999999
8183589,2016,2016-12-09,3801,2016-11-08,1900,926,INGLE,2,5,7,3801,0,0,0,,0,3H13D,"GENEVA AV","PRAGUE ST",320.00,E,N,A,-,N,,,,,,,,,,N,2,0,1,2,A,-,11,21954,A,N,G,B,D,A,H,-,C,D,0,Y,,,,Y,,N,60,1,0,0,0,1,0,0,0,0,"- ","- ",,,"SAN FRANCISCO","SAN FRANCISCO",-122.43089261999999,37.712553450000001
8184121,2016,2016-12-13,3801,2016-11-26,1758,926,INGLE,6,5,7,3801,0,0,0,,0,3H11D,"MISSION ST","30TH ST",0.00,,Y,C,-,N,,,,,,,,,,N,2,0,2,3,A,-,10,21950,A,N,G,B,B,B,H,-,C,A,0,Y,,,,Y,,A,01,1,0,1,0,2,0,0,0,0,"- ","- ",,,"SAN FRANCISCO","SAN FRANCISCO",-122.42195984999999,37.742389920000001
8184276,2016,2016-12-12,3801,2016-11-04,0224,2737,SOUTH,5,5,7,3801,0,0,0,,0,3B13E,"8TH ST","HOWARD ST",0.00,,Y,A,-,N,,,,,,,,,,Y,2,0,1,2,A,-,12,21453,A,F,D,C,A,A,H,-,C,A,0,,,Y,,Y,,A,01,1,0,0,0,0,0,0,0,1,"- ","- ",,,"SAN FRANCISCO","SAN FRANCISCO",-122.41158998,37.776229950000001
8194849,2016,2017-01-19,3801,2016-12-06,1218,2718,SOUTH,2,5,7,3801,0,0,0,,0,3B13A,"MISSION ST","8TH ST",0.00,,Y,A,-,N,,,,,,,,,,N,2,0,1,2,A,-,11,21453,D,N,G,J,D,A,H,-,A,A,0,Y,,,,Y,,N,60,1,0,0,0,1,0,0,0,0,"- ","- ",,,"SAN FRANCISCO","SAN FRANCISCO",-122.41315999,37.777459970000002
8200854,2016,2017-03-29,3801,2016-12-19,1900,13,TENDE,1,5,7,3801,0,0,0,,0,4B4E,"MARKET ST","3RD ST",11.00,E,N,A,-,N,,,,,,,,,,N,2,0,1,2,A,-,11,21954,A,N,G,B,D,A,H,-,C,A,0,Y,,,,Y,,N,60,1,0,0,0,1,0,0,0,0,"- ","- ",,,"SAN FRANCISCO","SAN FRANCISCO",-122.40343233,37.787680760000001
8200920,2017,2017-03-16,3801,2017-02-16,0839,585,INGLE,4,5,7,3801,0,0,0,,0,3H1A,ALEMANY,"ONONDAGA ST",0.00,,Y,A,-,N,,,,,,,,,,N,2,0,1,2,A,-,10,21950,A,N,G,B,-,A,H,-,A,A,0,Y,,,,Y,,A,07,1,0,0,0,1,0,0,0,0,"- ","- ",,,"SAN FRANCISCO","SAN FRANCISCO",-122.43870986,37.721649900000003
8200932,2017,2017-03-16,3801,2017-02-20,2110,776,TARAV,1,5,7,3801,0,0,0,,0,3115D,"19TH AV","SLOAT BL",0.00,,Y,B,-,N,,,,,,,,,,Y,2,0,3,2,A,-,08,22101,D,N,-,C,A,B,H,-,C,A,0,,,,,Y,,A,01,1,0,2,0,0,0,0,0,0,"- ","- ",,,"SAN FRANCISCO","SAN FRANCISCO",-122.4751299,37.734719910000003
8201024,2017,2017-03-15,3801,2017-02-02,1626,4119,INGLE,4,5,7,3801,0,0,0,,0,6CAR,"CAMBRIDGE ST","GLADSTONE DR",66.00,W,N,B,-,N,,,,,,,,,,N,2,0,1,2,A,-,11,21954,A,N,G,B,D,B,H,-,A,D,0,Y,,,,Y,,N,60,1,0,0,0,1,0,0,0,0,"- ","- ",37.731499999999997,-122.42025,"SAN FRANCISCO","SAN FRANCISCO",-122.42039638,37.73143658
8201104,2017,2017-03-15,3801,2017-02-15,1807,2095,MISSI,3,5,7,3801,0,0,0,,0,3D63,"18TH ST","SOUTH VAN NESS",87.00,W,N,A,-,N,,,,,,,,,,Y,2,0,1,3,A,-,09,21804,A,N,D,C,A,A,H,-,C,D,0,,,Y,,Y,,A,01,1,0,0,0,0,0,0,0,1,"- ","- ",,,"SAN FRANCISCO","SAN FRANCISCO",-122.4175003,37.761933159999998
8201137,2017,2017-03-17,3801,2017-02-07,2230,2379,CENTR,2,5,7,3801,0,0,0,,0,3A12E,"KEARRY ST","SUTTER ST",0.00,,Y,B,C,N,,,,,,,,,,N,2,0,2,3,A,-,10,21950,A,F,G,B,B,B,H,-,C,A,0,Y,,,,Y,,A,01,1,1,0,0,2,0,0,0,0,"- ","- ",,,"SAN FRANCISCO","SAN FRANCISCO",-122.40383989999999,37.789829939999997
8205526,2016,2017-01-12,3801,2016-12-15,1733,2725,BAYVI,4,5,7,3801,0,0,0,,0,903,"FITZGERALD AV","KEITH ST",200.00,E,N,C,-,N,,,,,,,,,,N,2,0,1,2,A,-,11,21954,A,N,G,B,D,B,H,-,C,D,0,Y,,,,Y,,N,60,1,0,0,0,1,0,0,0,0,"- ","- ",,,"SAN FRANCISCO","SAN FRANCISCO",-122.39447641,37.722731459999999
8205585,2016,2017-01-31,3801,2016-11-27,1655,256,TARAV,7,5,7,3801,0,0,0,,0,4B81,"PORTOLA DR","SAN PABLO AV",0.00,,Y,A,-,N,,,,,,,,,,Y,2,0,1,2,A,-,03,22350,,N,D,C,A,A,H,-,B,D,0,,,Y,,Y,,C,02,1,0,0,0,0,0,0,0,1,"- ","- ",37.74051,-122.461,"SAN FRANCISCO","SAN FRANCISCO",-122.46110996,37.740349930000001
8205843,2016,2017-01-17,3801,2016-12-22,2009,2456,BAYVI,4,5,7,3801,0,0,0,,0,3C16D,"PENNSYLVANIA AV","CESAR CHAVEZ BL",10.00,N,N,A,-,N,,,,,,,,,,N,2,0,1,2,A,-,11,21453,D,N,G,B,D,A,H,-,C,A,0,Y,,,,Y,,N,60,1,0,0,0,1,0,0,0,0,"- ","- ",,,"SAN FRANCISCO","SAN FRANCISCO",-122.39242243,37.750077400000002
8280066,2016,2017-01-17,3801,2016-12-02,2109,172,NORTH,5,5,7,3801,0,0,0,,0,3E12D,"POLK ST","EDDY ST",10.00,S,N,A,-,N,,,,,,,,,,N,2,0,1,2,A,-,10,21950,A,F,G,B,B,A,H,-,C,A,0,Y,,,,Y,,D,22,1,0,0,0,1,0,0,0,0,"- ","- ",,,"SAN FRANCISCO","SAN FRANCISCO",-122.41917463,37.783052859999998
8280260,2016,2017-01-13,3801,2016-12-30,1133,328,NORTH,5,5,7,3801,0,0,0,,0,3E11,"BROADWAY ST","VAN NESS AV",0.00,,Y,A,-,N,,,,,,,,,,Y,2,0,1,2,A,-,09,21801,A,N,A,C,A,A,H,-,A,A,0,,,Y,,Y,,A,01,1,0,0,0,0,0,0,0,1,"- ","- ",,,"SAN FRANCISCO","SAN FRANCISCO",-122.42349987999999,37.79572993
8280279,2016,2017-01-13,3801,2016-12-11,0845,991,SOUTH,7,5,7,3801,0,0,0,,0,4B2B,"HARRISON ST","8TH ST",0.00,,Y,B,-,N,,,,,,,,,,N,2,0,1,2,A,-,12,21453,A,N,D,G,A,A,H,-,A,A,0,,Y,,,Y,,L,04,1,0,0,0,0,0,1,0,0,"- ","- ",37.773809999999997,-122.40825,"SAN FRANCISCO","SAN FRANCISCO",-122.40852993999999,37.77375997
8305163,2017,2017-02-15,3801,2017-01-05,0715,1081,TARAV,4,5,7,3801,0,0,0,,0,3112A,"IRVING ST","34TH AV",141.00,W,N,A,-,N,,,,,,,,,,N,2,0,1,2,A,-,08,22107,,N,B,G,A,A,H,-,B,D,0,,Y,,,Y,,A,01,1,0,0,0,0,0,1,0,0,"- ","- ",,,"SAN FRANCISCO","SAN FRANCISCO",-122.49367739,37.762821950000003
8305392,2017,2017-02-15,3801,2017-01-05,1821,899,INGLE,4,5,7,3801,0,0,0,,0,4B3E,SUNNYDALE,"BRITTON ST",77.00,W,N,A,-,N,,,,,,,,,,N,2,0,1,3,A,-,03,22350,,F,C,C,E,A,H,-,C,D,0,Y,,,,Y,,A,01,1,0,0,0,1,0,0,0,0,"- ","- ",,,"SAN FRANCISCO","SAN FRANCISCO",-122.41348028,37.711188069999999
8305555,2017,2017-02-21,3801,2017-01-19,1100,580,SOUTH,4,5,7,3801,0,0,0,,0,3B12,"BRYANT ST","MORRIS ST",0.00,,Y,B,-,N,,,,,,,,,,Y,2,0,1,2,A,-,08,22100,B,N,D,C,A,B,H,-,A,D,0,,,Y,,Y,,A,01,1,0,0,0,0,0,0,0,1,"- ","- ",,,"SAN FRANCISCO","SAN FRANCISCO",-122.40194993,37.776479889999997
8305583,2017,2017-02-21,3801,2017-01-15,0115,215,MISSI,7,5,7,3801,0,0,0,,0,3D15E,"VALENCIA ST","15TH ST",7.00,N,N,A,-,N,,,,,,,,,,N,2,0,1,2,A,-,03,22350,,N,B,G,A,A,H,-,C,A,0,,Y,,,Y,Y,L,04,1,0,0,0,0,0,1,0,0,"- ","- ",,,"SAN FRANCISCO","SAN FRANCISCO",-122.42203167,37.766549179999998
8327458,2017,2017-03-21,3801,2017-01-08,1409,4214,INGLE,7,5,7,3801,0,0,0,,0,4B4C,"ALEMANY BL","NAGLEE AV",0.00,,Y,C,G,N,,,,,,,,,,Y,2,0,2,2,A,-,09,21802,A,N,D,C,A,B,H,-,A,A,0,,,,,Y,,A,07,2,0,0,0,0,0,0,0,0,"- ","- ",37.71387,-122.44880000000001,"SAN FRANCISCO","SAN FRANCISCO",-122.44900995,37.713940000000001
8343044,2017,2017-04-13,3801,2017-03-14,1041,573,CENTR,2,5,7,3801,0,0,0,,0,4B2F,"DRUMM ST","WASHINGTON ST",0.00,,Y,A,-,N,,,,,,,,,,Y,2,0,1,2,A,-,17,21657,,F,D,G,A,A,H,-,A,A,0,,Y,,,Y,,L,04,1,0,0,0,0,0,1,0,0,"- ","- ",37.796399999999998,-122.39695,"SAN FRANCISCO","SAN FRANCISCO",-122.39697999000001,37.79636996
8343139,2017,2017-04-13,3801,2017-03-04,1905,256,TARAV,6,5,7,3801,0,0,0,,0,4B8I,"SAN JOSE AV","GOETHE ST",0.00,,Y,C,-,N,,,,,,,,,,Y,2,0,1,2,A,-,10,21950,A,N,G,B,B,B,H,-,C,D,0,Y,,,,Y,,A,01,1,0,0,0,1,0,0,0,0,"- ","- ",37.708590000000001,-122.45882,"SAN FRANCISCO","SAN FRANCISCO",-122.45884989,37.708439920000004
8360004,2017,2017-05-11,3801,2017-04-13,1706,2095,COD,4,5,7,3801,0,0,0,,0,901,"21ST ST","BARTLETT ST",6.00,W,N,A,-,N,,,,,,,,,,N,2,0,1,2,A,-,10,21950,A,N,G,B,B,A,H,-,A,A,0,Y,,,,Y,,D,22,1,0,0,0,1,0,0,0,0,"- ","- ",,,"SAN FRANCISCO","SAN FRANCISCO",-122.42001075,37.756959389999999
8375831,2017,2017-07-31,3801,2017-05-16,2350,1426,TENDE,2,5,7,3801,0,0,0,,0,3J11E,"MCALLISTER ST","LARKIN ST",0.00,,Y,A,-,N,,,,,,,,,,N,2,0,1,2,A,-,12,21453,A,N,D,G,A,A,H,-,C,A,0,,Y,,,Y,,L,04,1,0,0,0,0,0,1,0,0,"- ","- ",,,"SAN FRANCISCO","SAN FRANCISCO",-122.41693994000001,37.780499919999997
8382142,2017,2017-06-14,3801,2017-05-20,1610,1420,TARA,6,5,7,3801,0,0,0,,0,,"LINCOLN WAY","27TH AV",0.00,,Y,A,-,N,,,,,,,,,,Y,2,0,1,2,A,-,09,21801,A,N,D,C,A,A,H,-,A,D,0,,,Y,,Y,Y,A,01,1,0,0,0,0,0,0,0,1,"- ","- ",,,"SAN FRANCISCO","SAN FRANCISCO",-122.48584987,37.76507994
8382171,2017,2017-06-13,3801,2017-05-17,2052,282,TARAV,3,5,7,3801,0,0,0,,0,3I12D,"LINCOLN WY","24TH AV",0.00,,Y,A,-,N,,,,,,,,,,Y,2,0,1,2,A,-,03,22350,,N,-,C,A,A,H,-,C,D,0,,,Y,,Y,,C,02,1,0,0,0,0,0,0,0,1,"- ","- ",,,"SAN FRANCISCO","SAN FRANCISCO",-122.48261988,37.765199889999998
8382239,2017,2017-06-13,3801,2017-05-19,1711,002342,NORTH,5,5,7,3801,0,0,0,,0,3E13D,"FRANKLIN ST","GEARY ST",0.00,,Y,A,-,N,,,,,,,,,,Y,2,0,1,2,A,-,04,21703,,N,C,C,A,A,H,-,A,D,0,,,Y,,Y,,C,02,1,0,0,0,0,0,0,0,1,"- ","- ",,,"SAN FRANCISCO","SAN FRANCISCO",-122.42301989000001,37.785479889999998
8386449,2017,2018-03-22,3801,2017-05-16,0825,300,,2,5,7,3801,0,0,0,,0,3H11A,"RANDALL ST","SAN JOSE AV",0.00,,Y,A,-,N,,,,,,,,,,N,2,0,1,2,A,-,08,22107,,N,G,B,B,A,H,-,A,A,0,Y,,,,Y,Y,A,01,1,0,0,0,1,0,0,0,0,"- ","- ",,,"SAN FRANCISCO","SAN FRANCISCO",-122.42425994,37.73985991
8404368,2017,2017-07-28,3801,2017-06-20,1734,1730,INGLE,2,5,7,3801,0,0,0,,0,4B4D,"ALEMANY BL","SILVER AV",0.00,,Y,A,-,N,,,,,,,,,,Y,1,1,0,2,A,-,05,21650,1,N,-,G,A,A,H,-,A,A,0,,Y,,,Y,,L,04,0,0,0,0,0,1,0,0,0,"- ","- ",37.72983,-122.43319,"SAN FRANCISCO","SAN FRANCISCO",-122.43337993,37.729849960000003
8404551,2017,2017-09-20,3801,2017-08-01,1902,4214,BAYVI,2,5,7,3801,0,0,0,,0,4B4C,"HARNEY WY","EXECUTIVE PARK BL",219.00,W,N,A,-,N,,,,,,,,,,Y,1,1,1,2,A,-,03,22350,,N,G,B,F,A,H,-,A,D,0,Y,,,,Y,,A,01,0,1,0,1,0,0,0,0,0,"- ","- ",37.710389999999997,-122.39121,"SAN FRANCISCO","SAN FRANCISCO",-122.39147767,37.710055539999999
8408717,2017,2017-08-03,3801,2017-06-09,2150,A10868,SOUTH,5,5,7,3801,0,0,0,,0,3B14E,"13TH ST","11TH ST",0.00,,Y,A,-,N,,,,,,,,,,Y,2,0,1,2,A,-,09,21801,A,N,D,D,A,A,H,-,C,A,0,,,Y,,Y,,A,01,1,0,0,0,0,0,0,0,1,"- ","- ",,,"SAN FRANCISCO","SAN FRANCISCO",-122.41098315000001,37.769448259999997
8413927,2017,2017-08-09,3801,2017-06-21,1051,73,RICHM,3,5,7,3801,0,0,0,,0,4B6D,"CROSSOVER DR","TRANSVERSE DR",0.00,,Y,A,-,N,,,,,,,,,,Y,2,0,1,2,A,-,03,22350,,N,D,C,A,A,H,-,A,D,0,,,Y,,Y,,C,03,1,0,0,0,0,0,0,0,1,"- ","- ",37.771900000000002,-122.48181,"SAN FRANCISCO","SAN FRANCISCO",-122.48176988,37.771879939999998
8421735,2017,2017-09-06,3801,2017-07-01,1820,664,RICHM,6,5,7,3801,0,0,0,,0,0G3,"FULTON ST","23RD AV",93.00,E,N,A,-,N,,,,,,,,,,N,2,0,2,2,A,-,21,22106,,N,D,C,A,A,H,-,A,A,0,,,,,Y,,A,01,1,0,1,0,0,0,0,0,0,"- ","- ",,,"SAN FRANCISCO","SAN FRANCISCO",-122.48173834000001,37.772689020000001
8423479,2017,2018-05-10,3801,2017-07-28,1134,2375,RICHM,5,5,7,3801,0,0,0,,0,3G60,"PARK PRESIDIO BL","GEARY BL",2.00,N,N,B,-,Y,SF,4,1,-,-,5.500,I,5,S,Y,2,0,1,2,A,-,11,21453,D,N,G,B,B,A,H,-,A,A,0,Y,,,,Y,,N,60,1,0,0,0,1,0,0,0,0,"- ","- ",,,"SAN FRANCISCO","SAN FRANCISCO",-122.47241226,37.780563139999998
8423899,2017,2017-08-09,3801,2017-07-18,1550,4026,NORTH,2,5,7,3801,0,0,0,,0,3E61,"PINE ST","SCOTT ST",30.00,W,N,A,-,N,,,,,,,,,,N,2,0,1,2,A,-,09,21804,,N,B,C,A,A,H,-,A,A,0,,,Y,,Y,,A,01,1,0,0,0,0,0,0,0,1,"- ","- ",,,"SAN FRANCISCO","SAN FRANCISCO",-122.43867256999999,37.787317100000003
8445851,2017,2017-09-14,3801,2017-08-21,1505,518,INGLE,1,5,7,3801,0,0,0,,0,4B6H,"OSHAUGHNESSY BL","PORTOLA DR",360.00,S,N,A,-,N,,,,,,,,,,N,2,0,1,2,A,-,11,21954,A,N,G,B,D,A,H,-,A,D,0,Y,,,,Y,,N,60,1,0,0,0,1,0,0,0,0,"- ","- ",37.745530000000002,-122.45177,"SAN FRANCISCO","SAN FRANCISCO",-122.45091256000001,37.74466202