CASE_ID,ACCIDENT_YEAR,PROC_DATE,JURIS,COLLISION_DATE,COLLISION_TIME,OFFICER_ID,REPORTING_DISTRICT,DAY_OF_WEEK,CHP_SHIFT,POPULATION,CNTY_CITY_LOC,SPECIAL_COND,BEAT_TYPE,CHP_BEAT_TYPE,CITY_DIVISION_LAPD,CHP_BEAT_CLASS,BEAT_NUMBER,PRIMARY_RD,SECONDARY_RD,DISTANCE,DIRECTION,INTERSECTION,WEATHER_1,WEATHER_2,STATE_HWY_IND,CALTRANS_COUNTY,CALTRANS_DISTRICT,STATE_ROUTE,ROUTE_SUFFIX,POSTMILE_PREFIX,POSTMILE,LOCATION_TYPE,RAMP_INTERSECTION,SIDE_OF_HWY,TOW_AWAY,COLLISION_SEVERITY,NUMBER_KILLED,NUMBER_INJURED,PARTY_COUNT,PRIMARY_COLL_FACTOR,PCF_CODE_OF_VIOL,PCF_VIOL_CATEGORY,PCF_VIOLATION,PCF_VIOL_SUBSECTION,HIT_AND_RUN,TYPE_OF_COLLISION,MVIW,PED_ACTION,ROAD_SURFACE,ROAD_COND_1,ROAD_COND_2,LIGHTING,CONTROL_DEVICE,CHP_ROAD_TYPE,PEDESTRIAN_ACCIDENT,BICYCLE_ACCIDENT,MOTORCYCLE_ACCIDENT,TRUCK_ACCIDENT,NOT_PRIVATE_PROPERTY,ALCOHOL_INVOLVED,STWD_VEHTYPE_AT_FAULT,CHP_VEHTYPE_AT_FAULT,COUNT_SEVERE_INJ,COUNT_VISIBLE_INJ,COUNT_COMPLAINT_PAIN,COUNT_PED_KILLED,COUNT_PED_INJURED,COUNT_BICYCLIST_KILLED,COUNT_BICYCLIST_INJURED,COUNT_MC_KILLED,COUNT_MC_INJURED,PRIMARY_RAMP,SECONDARY_RAMP,LATITUDE,LONGITUDE,COUNTY,CITY,POINT_X,POINT_Y
8445882,2017,2017-09-14,3801,2017-08-17,1849,4175,INGLE,4,5,7,3801,0,0,0,,0,4B3B,"FOERSTER ST","JOOST AV",0.00,,Y,A,-,N,,,,,,,,,,N,2,0,1,3,A,-,00,21954,,N,G,B,D,A,D,-,A,D,0,Y,,,,Y,,N,60,1,0,0,0,1,0,0,0,0,"- ","- ",37.732340000000001,-122.44902,"SAN FRANCISCO","SAN FRANCISCO",-122.44887996999999,37.73231998
8445900,2017,2017-09-14,3801,2017-08-11,0356,2038,COF,5,5,7,3801,0,0,0,,0,3F14E,"CHURCH ST","14TH ST",75.00,N,N,A,-,N,,,,,,,,,,N,2,0,1,2,A,-,11,21955,,F,B,B,D,A,H,-,A,D,0,Y,,,,Y,,N,60,1,0,0,0,1,0,0,0,0,"- ","- ",,,"SAN FRANCISCO","SAN FRANCISCO",-122.42896802999999,37.767915539999997
8445907,2017,2017-09-14,3801,2017-08-13,2340,2452,RICHM,7,5,7,3801,0,0,0,,0,3G13E,"5TH AV","GEARY BL",0.00,,Y,C,-,N,,,,,,,,,,N,2,0,1,1,C,-,18,,,N,E,I,A,B,H,-,C,D,0,,,Y,,Y,,-,"- ",1,0,0,0,0,0,0,0,1,"- ","- ",,,"SAN FRANCISCO","SAN FRANCISCO",-122.46322993,37.78113991
8446082,2017,2017-10-13,3801,2017-07-05,1215,677,,3,5,7,3801,0,0,0,,0,3C62,"SAN BRUNO AV","FELTON ST",0.00,,Y,A,-,N,,,,,,,,,,Y,2,0,1,2,A,-,06,21750,,M,B,C,A,A,H,-,A,A,0,,,,,Y,,A,01,1,0,0,0,0,0,0,0,0,"- ","- ",,,"SAN FRANCISCO","SAN FRANCISCO",-122.40461987,37.730029960000003
8446186,2017,2017-09-26,3801,2017-07-05,1218,677,BAYVI,3,5,7,3801,0,0,0,,0,3C62,"SAN BRUNO AV","FELTON ST",0.00,,Y,A,-,N,,,,,,,,,,Y,2,0,1,2,A,-,06,21750,,M,B,C,A,A,H,-,A,A,0,,,,,Y,,A,01,1,0,0,0,0,0,0,0,0,"- ","- ",,,"SAN FRANCISCO","SAN FRANCISCO",-122.40461987,37.730029960000003
8464091,2017,2017-10-19,3801,2017-09-21,0952,1870,BAYVI,4,5,7,3801,0,0,0,,0,BAYVIE,"HUDSON AV","MENDELL ST",0.00,,Y,A,-,N,,,,,,,,,,N,2,0,1,2,A,-,10,21950,A,F,H,B,B,A,H,-,A,A,0,Y,,,,Y,,-,,1,0,0,0,1,0,0,0,0,"- ","- ",,,"SAN FRANCISCO","SAN FRANCISCO",-122.38639997,37.738969949999998
8464153,2017,2017-10-12,3801,2017-09-26,0443,A22034,BAYVI,2,5,7,3801,0,0,0,,0,0443,"DAKOTA ST","23RD ST",32.00,E,N,A,-,N,,,,,,,,,,Y,2,0,2,4,A,-,03,22350,,F,B,E,A,A,H,-,C,D,0,,,,,Y,,A,01,1,0,1,0,0,0,0,0,0,"- ","- ",,,"SAN FRANCISCO","SAN FRANCISCO",-122.39658495,37.754648860000003
8465872,2019,2019-06-24,3801,2019-03-05,1029,76,TRAFF,2,5,7,3801,0,0,0,,0,3B2H,"LEAVENWORTH ST","GOLDEN GATE AV",14.00,N,N,C,-,N,,,,,,,,,,Y,1,1,0,2,A,-,10,21954,B,N,-,B,D,B,H,-,A,A,0,Y,,,,Y,,A,01,0,0,0,1,0,0,0,0,0,"- ","- ",,,"SAN FRANCISCO","SAN FRANCISCO",-122.41386413574219,37.781906127929688
8465873,2019,2019-06-24,3801,2019-03-15,1816,1994,TRAFF,5,5,7,3801,0,0,0,,0,4B3G,"JOHN MUIR DR","SKYLINE BL",1450.00,E,N,A,-,N,,,,,,,,,,Y,1,1,1,3,A,-,10,21950,A,N,G,B,C,A,H,-,A,D,0,Y,,,,Y,,A,01,0,0,1,1,1,0,0,0,0,"- ","- ",,,"SAN FRANCISCO","SAN FRANCISCO",-122.49668121337891,37.716533660888672
8465874,2019,2019-06-24,3801,2019-03-31,0304,443,TRAFF,7,5,7,3801,0,0,0,,0,4C1,"BAY SHORE BL","CESAR CHAVEZ ST",0.00,,Y,A,-,N,,,,,,,,,,Y,1,1,0,2,A,-,03,22350,,N,E,I,A,A,H,-,C,D,0,,,,,Y,,A,01,0,0,0,0,0,0,0,0,0,"- ","- ",,,"SAN FRANCISCO","SAN FRANCISCO",-122.40567016601562,37.749008178710938
8465878,2019,2019-06-26,3801,2019-05-01,2500,2305,TRAFF,3,5,7,3801,0,0,0,,0,4B1H,"SUTTER ST","DIVISADERO ST",0.00,,Y,A,-,N,,,,,,,,,,Y,1,1,0,2,A,-,10,21950,A,N,G,B,B,A,H,-,A,A,0,Y,,,,Y,,A,01,0,0,0,1,0,0,0,0,0,"- ","- ",,,"SAN FRANCISCO","SAN FRANCISCO",-122.43985748291016,37.785251617431641
8465911,2019,2019-07-09,3801,2019-04-23,1216,1114,TRAFF,2,5,7,3801,0,0,0,,0,4C3,"7TH ST","NATOMA ST",36.00,W,N,A,-,N,,,,,,,,,,Y,1,1,0,2,A,-,17,21203,,N,G,B,E,A,H,-,A,D,0,Y,,,Y,Y,,N,60,0,0,0,1,0,0,0,0,0,"- ","- ",,,"SAN FRANCISCO","SAN FRANCISCO",-122.40998840332031,37.778469085693359
8467269,2017,2017-10-12,3801,2017-09-10,1223,A22875,INGLE,7,5,7,3801,0,0,0,,0,3H13C,"MISSION ST","PARK ST",0.00,,Y,A,-,N,,,,,,,,,,Y,2,0,3,3,A,-,09,21801,A,F,D,C,A,A,H,-,A,D,0,,,,,Y,,A,07,2,0,1,0,0,0,0,0,0,"- ","- ",,,"SAN FRANCISCO","SAN FRANCISCO",-122.42422992,37.7366399
8468944,2017,2018-05-17,3801,2017-09-25,1718,626,CENTR,1,5,7,3801,0,0,0,,0,3A14C,"NORTH POINT ST","POLK ST",12.00,N,N,A,-,N,,,,,,,,,,N,2,0,1,1,A,-,03,22350,,N,H,A,A,A,H,-,A,D,0,,Y,,,Y,,L,04,1,0,0,0,0,0,1,0,0,"- ","- ",,,"SAN FRANCISCO","SAN FRANCISCO",-122.42359899,37.80530529
8485236,2017,2017-12-04,3801,2017-10-17,1558,2422,BAYVI,2,5,7,3801,0,0,0,,0,3C13B,"3RD ST","GILMAN ST",25.00,S,N,A,-,N,,,,,,,,,,Y,2,0,1,1,A,-,03,22350,,N,A,I,A,A,H,-,A,A,0,,,,,Y,,A,01,1,0,0,0,0,0,0,0,0,"- ","- ",,,"SAN FRANCISCO","SAN FRANCISCO",-122.39560075999999,37.722305810000002
8491432,2017,2018-01-18,3801,2017-10-10,1155,235,CENTR,2,5,7,3801,0,0,0,,0,3A13A,"LOMBARD ST","LEAVENWORTH ST",10.00,E,N,A,-,N,,,,,,,,,,N,2,0,1,2,A,-,11,21956,A,N,A,B,E,A,H,-,A,A,0,Y,,,,Y,,N,60,1,0,0,0,1,0,0,0,0,"- ","- ",,,"SAN FRANCISCO","SAN FRANCISCO",-122.4179458,37.802204279999998
8496493,2017,2017-11-18,3801,2017-10-30,1900,459,,1,5,7,3801,0,0,0,,0,3G2D,"ARGUELLO BL","CORNWALL ST",0.00,,Y,A,-,N,,,,,,,,,,N,2,0,1,2,A,-,09,21801,A,N,B,G,A,A,H,-,C,D,0,,Y,,,Y,,A,01,1,0,0,0,0,0,1,0,0,"- ","- ",,,"SAN FRANCISCO","SAN FRANCISCO",-122.45916,37.785059889999999
8498584,2017,2018-01-17,3801,2017-10-17,2127,397,SOUTH,2,5,7,3801,0,0,0,,0,3B4,"11TH ST","HARRISON ST",0.00,,Y,A,-,N,,,,,,,,,,Y,2,0,1,2,A,-,09,21801,A,N,A,C,A,A,H,-,C,A,0,,,Y,,Y,,A,01,1,0,0,0,0,0,0,0,1,"- ","- ",,,"SAN FRANCISCO","SAN FRANCISCO",-122.41246993,37.770629909999997
8515452,2017,2017-12-20,3801,2017-11-19,0432,2373,MISSI,7,5,7,3801,0,0,0,,0,3D16E,"16TH ST","S VAN NESS AV",95.00,W,N,B,-,N,,,,,,,,,,N,2,0,1,2,A,-,03,22350,,F,G,B,E,A,H,-,C,A,0,Y,,,,Y,Y,A,01,1,0,0,0,1,0,0,0,0,"- ","- ",,,"SAN FRANCISCO","SAN FRANCISCO",-122.41781772,37.765159330000003
8515556,2017,2017-12-22,3801,2017-11-03,2306,1006,BAYVI,5,5,7,3801,0,0,0,,0,3C11D,"23RD ST","ARKANSAS ST",78.00,E,N,A,-,N,,,,,,,,,,Y,2,0,1,1,A,-,01,23153,,N,E,I,A,A,H,-,C,D,0,,,,,Y,Y,A,01,1,0,0,0,0,0,0,0,0,"- ","- ",,,"SAN FRANCISCO","SAN FRANCISCO",-122.39747011999999,37.754820000000002
8515652,2017,2017-12-20,3801,2017-11-15,1300,A20849,CENTR,3,5,7,3801,0,0,0,,0,3A40B,"NORTH POINT ST","POWELL ST",0.00,,Y,B,-,N,,,,,,,,,,N,2,0,1,2,A,-,11,21453,D,N,G,B,B,A,H,-,A,A,0,Y,,,,Y,Y,N,60,1,0,0,0,1,0,0,0,0,"- ","- ",,,"SAN FRANCISCO","SAN FRANCISCO",-122.41212997,37.806759939999999
8539920,2017,2018-02-13,3801,2017-12-30,1101,299,RICHM,6,5,7,3801,0,0,0,,0,3G13A,"FULTON ST","ARGUELLO BL",0.00,,Y,A,-,N,,,,,,,,,,Y,2,0,6,2,A,-,12,21453,A,N,D,C,A,A,H,-,A,A,0,,,,,Y,,A,07,2,2,2,0,0,0,0,0,0,"- ","- ",,,"SAN FRANCISCO","SAN FRANCISCO",-122.45834993,37.774289899999999
8552844,2018,2018-02-14,3801,2018-01-09,1959,2050,NORTH,2,5,7,3801,0,0,0,,0,3E14D,FRANKLIN,PACIFIC,0.00,,Y,A,-,N,,,,,,,,,,N,2,0,1,2,A,-,10,21950,A,N,G,B,B,A,H,-,C,A,0,Y,,,,Y,,A,01,1,0,0,0,1,0,0,0,0,"- ","- ",,,"SAN FRANCISCO","SAN FRANCISCO",-122.42485046386719,37.794609069824219
8552847,2018,2018-02-14,3801,2018-01-10,1755,819,TENDE,3,5,7,3801,0,0,0,,0,3J14D,"MARKET ST","8TH ST",190.00,E,N,C,-,N,,,,,,,,,,N,2,0,1,1,A,-,03,22350,,N,H,A,A,B,G,-,C,A,0,,Y,,,Y,,L,04,1,0,0,0,0,0,1,0,0,"- ","- ",,,"SAN FRANCISCO","SAN FRANCISCO",-122.41429138183594,37.779071807861328
8552885,2018,2018-03-06,3801,2018-01-24,1951,28,MISSI,3,5,7,3801,0,0,0,,0,006,"DIVISION ST","10TH ST",30.00,W,N,C,-,N,,,,,,,,,,N,2,0,1,1,A,-,03,22350,A,N,E,I,A,B,H,-,C,D,0,,,Y,,Y,,C,02,1,0,0,0,0,0,0,0,1,"- ","- ",,,"SAN FRANCISCO","SAN FRANCISCO",-122.408447265625,37.769195556640625
8553165,2018,2018-02-14,3801,2018-01-10,1540,14102,E,3,5,7,3801,0,0,0,,0,3E12C,"VALENCIA ST","CESAR CHAVEZ ST",180.00,N,N,C,-,N,,,,,,,,,,N,2,0,1,2,A,-,17,22517,,F,H,G,A,B,H,-,A,D,0,,Y,,,Y,,A,01,1,0,0,0,0,0,1,0,0,"- ","- ",,,"SAN FRANCISCO","SAN FRANCISCO",-122.42031097412109,37.748611450195312
8553189,2018,2018-02-13,3801,2018-01-14,2108,2353,NORTH,7,5,7,3801,0,0,0,,0,1CAR,"DIVISADERO AV","OAK ST",0.00,,Y,A,-,N,,,,,,,,,,N,2,0,1,2,A,-,00,72133,B,N,D,J,A,A,H,-,C,B,0,,,,,Y,,-,,1,0,0,0,0,0,0,0,0,"- ","- ",,,"SAN FRANCISCO","SAN FRANCISCO",-122.43743133544922,37.773139953613281
8553201,2018,2018-02-15,3801,2018-01-14,2217,737,NORTH,7,5,7,3801,0,0,0,,0,3E11E,"OCTAVIA ST","HAIGHT ST",100.00,S,N,A,-,N,,,,,,,,,,Y,2,0,1,2,A,-,03,22350,,N,C,C,A,A,H,-,C,A,0,,,Y,,Y,,C,02,1,0,0,0,0,0,0,0,1,"- ","- ",,,"SAN FRANCISCO","SAN FRANCISCO",-122.42387390136719,37.772689819335938
8555570,2018,2018-02-16,3801,2018-01-01,0842,2375,RICHM,1,5,7,3801,0,0,0,,0,6G60,"FULTON ST","12TH AV",0.00,,Y,B,-,N,,,,,,,,,,Y,2,0,2,2,A,-,03,22350,,N,D,C,A,A,H,-,A,A,0,,,Y,,Y,,C,02,1,1,0,0,0,0,0,0,1,"- ","- ",,,"SAN FRANCISCO","SAN FRANCISCO",-122.47016906738281,37.773208618164062
8572546,2018,2018-04-19,3801,2018-02-28,0800,979,BAYVI,3,5,7,3801,0,0,0,,0,3C15A,"22ND ST","TENNESSEE ST",0.00,,Y,A,-,N,,,,,,,,,,N,2,0,1,3,A,-,03,22350,,N,A,G,A,A,H,-,A,A,0,,Y,,,Y,,L,04,1,0,0,0,0,0,1,0,0,"- ","- ",,,"SAN FRANCISCO","SAN FRANCISCO",-122.38925170898438,37.757888793945312
8572816,2018,2018-03-14,3801,2018-02-04,1806,2095,COD,7,5,7,3801,0,0,0,,0,901,"DIAMOND ST","19TH ST",187.00,N,N,A,-,N,,,,,,,,,,N,2,0,1,2,A,-,03,22350,,N,B,G,A,A,H,-,C,D,0,,Y,,,Y,,L,04,1,0,0,0,0,0,1,0,0,"- ","- ",,,"SAN FRANCISCO","SAN FRANCISCO",-122.43707275390625,37.759662628173828
8572844,2018,2018-03-14,3801,2018-02-05,1956,2268,TARAV,1,5,7,3801,0,0,0,,0,3I11D,"JUDAH ST","20TH AV",0.00,,Y,A,-,N,,,,,,,,,,N,2,0,1,2,A,-,10,21950,A,F,G,B,B,A,H,-,C,A,0,Y,,,,Y,,A,01,1,0,0,0,1,0,0,0,0,"- ","- ",,,"SAN FRANCISCO","SAN FRANCISCO",-122.47808837890625,37.761650085449219
8573795,2018,2018-03-14,3801,2018-02-26,1649,892,SOUTH,1,5,7,3801,0,0,0,,0,3B15D,"7TH ST","MISSION BAY DR",0.00,,Y,A,-,N,,,,,,,,,,N,2,0,1,2,A,-,10,21950,A,N,G,B,B,A,H,-,A,A,0,Y,,,,Y,,A,01,1,0,0,0,1,0,0,0,0,"- ","- ",,,"SAN FRANCISCO","SAN FRANCISCO",-122.39868927001953,37.769420623779297
8594562,2018,2018-04-20,3801,2018-03-12,1528,1400,CENTE,1,5,7,3801,0,0,0,,0,3A15C,"LEAVENWORTH ST","BEACH ST",0.00,,Y,B,-,N,,,,,,,,,,Y,2,0,1,3,A,-,03,22350,A,F,D,C,A,A,H,-,A,D,0,,,,,Y,,-,"- ",1,0,0,0,0,0,0,0,0,"- ","- ",,,"SAN FRANCISCO","SAN FRANCISCO",-122.41892242431641,37.806869506835938
8594866,2018,2018-04-23,3801,2018-03-23,1742,1782,J,5,5,7,3801,0,0,0,,0,3J12D,"MARKET ST","5TH ST",0.00,,Y,A,-,N,,,,,,,,,,N,2,0,1,1,A,-,08,22107,,N,H,A,A,A,H,-,A,A,0,,Y,,,Y,,L,04,1,0,0,0,0,0,1,0,0,"- ","- ",,,"SAN FRANCISCO","SAN FRANCISCO",-122.40805816650391,37.784000396728516
8597265,2018,2018-04-18,3801,2018-03-03,2045,885,INGLE,6,5,7,3801,0,0,0,,0,3H16D,"MISSION ST","PERSIA AV",10.00,S,N,B,-,N,,,,,,,,,,Y,2,0,1,3,A,-,10,21950,A,N,G,B,B,B,H,-,C,A,0,Y,,,,Y,,A,01,1,0,0,0,1,0,0,0,0,"- ","- ",,,"SAN FRANCISCO","SAN FRANCISCO",-122.43598937988281,37.723117828369141
8602887,2018,2018-05-22,3801,2018-03-20,0620,1057,INGLE,2,5,7,3801,0,0,0,,0,4B102,GENEVA,"SAN JOSE",6.00,W,N,C,-,N,,,,,,,,,,N,2,0,1,2,A,-,11,21453,D,N,G,B,B,B,H,-,C,A,0,Y,,,,Y,,N,60,1,0,0,0,1,0,0,0,0,"- ","- ",,,"SAN FRANCISCO","SAN FRANCISCO",-122.44664764404297,37.720737457275391
8603052,2018,2018-05-22,3801,2018-04-20,1040,A20301,SOUTH,5,5,7,3801,0,0,0,,0,,"S VAN NESS AV","MISSION ST",18.00,N,N,A,-,N,,,,,,,,,,N,2,0,1,2,A,-,08,22107,,N,B,G,A,A,H,-,A,A,0,,Y,,,Y,,A,01,1,0,0,0,0,0,1,0,0,"- ","- ",,,"SAN FRANCISCO","SAN FRANCISCO",-122.41864013671875,37.773159027099609
8619253,2018,2018-05-21,3801,2018-04-25,2259,A22368,TARAV,3,5,7,3801,0,0,0,,0,005,"SKYLINE BL","JOHN MUIR DR",865.00,N,N,A,-,N,,,,,,,,,,Y,2,0,1,2,A,-,03,22350,,N,F,I,A,A,H,-,C,D,0,,,,,Y,,A,01,1,0,0,0,0,0,0,0,0,"- ","- ",,,"SAN FRANCISCO","SAN FRANCISCO",-122.50095367431641,37.721233367919922
8620714,2018,2018-05-21,3801,2018-04-02,1133,2439,CENTR,1,5,7,3801,0,0,0,,0,3A11A,"GRANT AV","BROADWAY AV",0.00,,Y,A,-,N,,,,,,,,,,N,2,0,1,2,A,-,10,21950,C,F,G,B,B,A,D,-,A,A,0,Y,,,,Y,,-,,1,0,0,0,1,0,0,0,0,"- ","- ",,,"SAN FRANCISCO","SAN FRANCISCO",-122.40699005126953,37.797859191894531
8636226,2018,2018-06-26,3801,2018-05-02,1741,564,NORTH,3,5,7,3801,0,0,0,,0,3E60,"CALIFORNIA ST","WEBSTER ST",0.00,,Y,A,-,N,,,,,,,,,,Y,2,0,1,2,A,-,08,22100,B,N,D,C,A,A,H,-,A,A,0,,,Y,,Y,,-,,1,0,0,0,0,0,0,0,1,"- ","- ",,,"SAN FRANCISCO","SAN FRANCISCO",-122.43218994140625,37.789100646972656
8636817,2018,2018-06-22,3801,2018-05-12,2211,1364,NORTH,6,5,7,3801,0,0,0,,0,3E14E,"POST ST","BUCHANAN ST",64.00,W,N,A,-,N,,,,,,,,,,N,2,0,2,3,A,-,11,21955,,N,G,B,D,A,H,-,C,D,0,Y,,,,Y,Y,N,60,2,0,0,0,2,0,0,0,0,"- ","- ",,,"SAN FRANCISCO","SAN FRANCISCO",-122.42997741699219,37.785552978515625
8636950,2018,2018-06-21,3801,2018-05-21,1310,2209,3801,1,5,7,3801,0,0,0,,0,3D11C,"MARKET ST","MARKET ST 2143",0.00,,N,A,-,N,,,,,,,,,,N,2,0,1,2,A,-,17,21235,G,N,A,J,F,A,H,-,A,D,0,Y,,,,Y,,-,,1,0,0,0,1,0,0,0,0,"- ","- ",,,"SAN FRANCISCO","SAN FRANCISCO",-122.42878,37.767543000000003
8636953,2018,2018-06-25,3801,2018-05-18,2307,33,RICHM,5,5,7,3801,0,0,0,,0,003,"FULTON ST","7TH AV",21.00,W,N,A,-,N,,,,,,,,,,N,2,0,1,2,A,-,11,21950,B,N,G,B,E,A,H,-,C,D,0,Y,,,,Y,Y,N,60,1,0,0,0,1,0,0,0,0,"- ","- ",,,"SAN FRANCISCO","SAN FRANCISCO",-122.46490478515625,37.773483276367188
8637006,2018,2018-06-21,3801,2018-05-25,1645,459,RICHM,5,5,7,3801,0,0,0,,0,3G12D,"CABRILLO ST","22ND AV",132.00,W,N,A,-,N,,,,,,,,,,Y,2,0,1,3,A,-,03,22350,,N,C,E,A,A,H,-,A,D,0,,,,,Y,,A,01,1,0,0,0,0,0,0,0,0,"- ","- ",,,"SAN FRANCISCO","SAN FRANCISCO",-122.48157501220703,37.774566650390625
8637035,2018,2018-06-22,3801,2018-05-05,1610,2737,PAR,6,5,7,3801,0,0,0,,0,3F13D,"BAKER ST","FELL ST",0.00,,Y,B,-,N,,,,,,,,,,N,2,0,1,2,D,-,00,,,F,C,-,A,A,H,-,A,A,0,,Y,,,Y,,-,"- ",1,0,0,0,0,0,1,0,0,"- ","- ",,,"SAN FRANCISCO","SAN FRANCISCO",-122.44093322753906,37.77362060546875
8639082,2018,2018-08-15,3801,2018-05-05,0110,2084,NORTH,6,5,7,3801,0,0,0,,0,3E15E,"LOMBARD ST","BUCHANAN ST",0.00,,Y,A,-,Y,SF,4,101,-,-,7.156,I,5,N,N,2,0,1,2,A,-,11,21453,D,N,G,B,-,A,H,-,C,A,0,Y,,,,Y,Y,N,60,1,0,0,0,1,0,0,0,0,"- ","- ",,,"SAN FRANCISCO","SAN FRANCISCO",-122.43280029296875,37.800327301025391
8644569,2018,2018-06-26,3801,2018-03-26,0836,219,"CO C",1,5,7,3801,0,0,0,,0,3C11A,"3RD ST","20TH ST",0.00,,Y,A,-,N,,,,,,,,,,N,2,0,1,2,D,-,00,,,N,G,B,E,A,H,-,A,A,0,Y,,,,Y,,-,"- ",1,0,0,0,1,0,0,0,0,"- ","- ",,,"SAN FRANCISCO","SAN FRANCISCO",-122.388671875,37.760459899902344
8648648,2019,2019-02-28,3801,2019-01-01,1805,917,TRAFF,2,5,7,3801,0,0,0,,0,4B4E,"HAIGHT ST","STANYAN ST",124.00,E,N,A,-,N,,,,,,,,,,N,1,1,0,2,A,-,11,21955,,N,G,B,D,A,H,-,C,D,0,Y,,,,Y,,N,60,0,0,0,1,0,0,0,0,0,"- ","- ",,,"SAN FRANCISCO","SAN FRANCISCO",-122.45310974121094,37.769203186035156
8656315,2018,2018-07-26,3801,2018-06-05,1448,4292,BAYVI,2,5,7,3801,0,0,0,,0,3C77,"WOOLSEY ST","BOWDOIN ST",188.00,W,N,A,-,N,,,,,,,,,,N,2,0,1,2,A,-,11,21955,,N,G,B,D,A,H,-,A,A,0,Y,,,,Y,,N,60,1,0,0,0,1,0,0,0,0,"- ","- ",,,"SAN FRANCISCO","SAN FRANCISCO",-122.41015625,37.723270416259766
8656316,2018,2018-07-30,3801,2018-06-20,0245,2452,RICHM,3,5,7,3801,0,0,0,,0,3G14E,"ARGUELLO BL","CLEMENT ST",0.00,,Y,A,-,N,,,,,,,,,,N,2,0,1,1,D,-,00,,,N,H,J,A,A,H,-,C,A,0,,,,,Y,,-,"- ",1,0,0,0,0,0,0,0,0,"- ","- ",,,"SAN FRANCISCO","SAN FRANCISCO",-122.45902252197266,37.783191680908203
8660760,2018,2018-11-02,3801,2018-07-06,2338,1078,NORTH,5,5,7,3801,0,0,0,,0,3E11E,"VAN NESS AV","HAYES ST",0.00,,Y,A,-,Y,SF,4,101,-,T,5.010,I,5,S,Y,2,0,3,2,A,-,08,22101,D,N,D,C,A,A,D,-,C,A,0,,,,,Y,,A,01,1,0,2,0,0,0,0,0,0,"- ","- ",,,"SAN FRANCISCO","SAN FRANCISCO",-122.41978454589844,37.777305603027344
8661276,2018,2018-07-30,3801,2018-06-15,2123,2101,COH,5,5,7,3801,0,0,0,,0,3H4,"PORTOLA DR","LAGUNA HONDA BL",0.00,,Y,A,-,N,,,,,,,,,,Y,2,0,6,2,A,-,03,22350,,N,C,C,A,A,H,-,C,A,0,,,,,Y,,D,22,1,1,4,0,0,0,0,0,0,"- ","- ",,,"SAN FRANCISCO","SAN FRANCISCO",-122.45548248291016,37.743198394775391
8667393,2018,2018-07-23,3801,2018-06-08,0606,219,COC,5,5,7,3801,0,0,0,,0,0C2,"BAYSHORE BL","LIGHT POLE",79.00,S,N,A,-,N,,,,,,,,,,Y,2,0,1,1,A,-,03,22350,,N,F,I,A,A,H,-,A,D,0,,,,,Y,,A,01,1,0,0,0,0,0,0,0,0,"- ","- ",,,"SAN FRANCISCO","SAN FRANCISCO",,
8667421,2018,2018-07-23,3801,2018-06-24,0324,863,NORTH,7,5,7,3801,0,0,0,,0,3E11E,"OCTAVIA ST","HAIGHT ST",0.00,,Y,A,-,N,,,,,,,,,,N,2,0,1,2,A,-,11,21453,D,N,G,B,D,A,-,-,C,A,0,Y,,,,Y,,N,60,1,0,0,0,1,0,0,0,0,"- ","- ",,,"SAN FRANCISCO","SAN FRANCISCO",-122.42392730712891,37.772960662841797
8683723,2018,2018-08-31,3801,2018-07-21,2347,182,CENTR,6,5,7,3801,0,0,0,,0,3A14E,"UNION ST","COLUMBUS AV",0.00,,Y,B,-,N,,,,,,,,,,N,2,0,1,2,A,-,11,21453,D,N,A,B,B,A,H,-,C,A,0,Y,,,,Y,Y,N,60,1,0,0,0,1,0,0,0,0,"- ","- ",,,"SAN FRANCISCO","SAN FRANCISCO",-122.41017150878906,37.800308227539062
8683813,2018,2018-09-05,3801,2018-07-09,0821,2214,MISSI,1,5,7,3801,0,0,0,,0,3D14A,"FLORIDA ST","24TH ST",254.00,S,N,A,-,N,,,,,,,,,,N,2,0,1,2,A,-,11,21954,A,N,G,J,E,A,H,-,A,D,0,Y,Y,,,Y,,N,60,1,0,0,0,1,0,0,0,0,"- ","- ",,,"SAN FRANCISCO","SAN FRANCISCO",-122.40997314453125,37.752063751220703
8685913,2018,2018-09-06,3801,2018-07-01,0213,1347,MISSI,7,5,7,3801,0,0,0,,0,3D14E,"SOUTH VAN NESS AV","26TH ST",0.00,,Y,A,-,N,,,,,,,,,,N,2,0,1,2,A,-,11,21453,D,F,G,B,B,A,H,-,C,A,0,Y,,,,Y,Y,N,60,1,0,0,0,1,0,0,0,0,"- ","- ",,,"SAN FRANCISCO","SAN FRANCISCO",-122.41600036621094,37.749168395996094
8690297,2018,2018-08-31,3801,2018-05-28,1305,917,BAYVI,1,5,7,3801,0,0,0,,0,4B4E,"EVANS AV","SELBY ST",141.00,E,N,A,-,N,,,,,,,,,,Y,2,0,1,2,A,-,09,21804,A,N,D,G,A,A,H,-,A,D,0,,Y,,,Y,Y,L,04,1,0,0,0,0,0,1,0,0,"- ","- ",,,"SAN FRANCISCO","SAN FRANCISCO",-122.39398956298828,37.746131896972656
8693138,2018,2018-09-27,3801,2018-08-25,1843,529,CENRA,6,5,7,3801,0,0,0,,0,3A13C,"THE EMBARCADERO","CHESTNUT ST",100.00,N,N,A,-,N,,,,,,,,,,N,2,0,1,1,A,-,03,22350,,N,-,A,A,A,H,-,A,D,0,,Y,,,Y,Y,L,04,1,0,0,0,0,0,1,0,0,"- ","- ",,,"SAN FRANCISCO","SAN FRANCISCO",-122.40374755859375,37.805271148681641