CASE_ID,ACCIDENT_YEAR,PROC_DATE,JURIS,COLLISION_DATE,COLLISION_TIME,OFFICER_ID,REPORTING_DISTRICT,DAY_OF_WEEK,CHP_SHIFT,POPULATION,CNTY_CITY_LOC,SPECIAL_COND,BEAT_TYPE,CHP_BEAT_TYPE,CITY_DIVISION_LAPD,CHP_BEAT_CLASS,BEAT_NUMBER,PRIMARY_RD,SECONDARY_RD,DISTANCE,DIRECTION,INTERSECTION,WEATHER_1,WEATHER_2,STATE_HWY_IND,CALTRANS_COUNTY,CALTRANS_DISTRICT,STATE_ROUTE,ROUTE_SUFFIX,POSTMILE_PREFIX,POSTMILE,LOCATION_TYPE,RAMP_INTERSECTION,SIDE_OF_HWY,TOW_AWAY,COLLISION_SEVERITY,NUMBER_KILLED,NUMBER_INJURED,PARTY_COUNT,PRIMARY_COLL_FACTOR,PCF_CODE_OF_VIOL,PCF_VIOL_CATEGORY,PCF_VIOLATION,PCF_VIOL_SUBSECTION,HIT_AND_RUN,TYPE_OF_COLLISION,MVIW,PED_ACTION,ROAD_SURFACE,ROAD_COND_1,ROAD_COND_2,LIGHTING,CONTROL_DEVICE,CHP_ROAD_TYPE,PEDESTRIAN_ACCIDENT,BICYCLE_ACCIDENT,MOTORCYCLE_ACCIDENT,TRUCK_ACCIDENT,NOT_PRIVATE_PROPERTY,ALCOHOL_INVOLVED,STWD_VEHTYPE_AT_FAULT,CHP_VEHTYPE_AT_FAULT,COUNT_SEVERE_INJ,COUNT_VISIBLE_INJ,COUNT_COMPLAINT_PAIN,COUNT_PED_KILLED,COUNT_PED_INJURED,COUNT_BICYCLIST_KILLED,COUNT_BICYCLIST_INJURED,COUNT_MC_KILLED,COUNT_MC_INJURED,PRIMARY_RAMP,SECONDARY_RAMP,LATITUDE,LONGITUDE,COUNTY,CITY,POINT_X,POINT_Y
8698152,2018,2018-10-05,3801,2018-08-21,0540,2728,MISSI,2,5,7,3801,0,0,0,,0,3D3,"VALENCIA ST","HILL ST",0.00,,Y,B,E,N,,,,,,,,,,N,2,0,1,2,A,-,03,22350,,F,C,G,A,B,H,-,C,D,0,,Y,,,Y,,-,,1,0,0,0,0,0,1,0,0,"- ","- ",,,"SAN FRANCISCO","SAN FRANCISCO",-122.42104339599609,37.756099700927734
8698217,2018,2018-10-01,3801,2018-08-19,1714,2207,CENTR,7,5,7,3801,0,0,0,,0,3A11D,"THE EMBARCADERO","BAY ST",0.00,,Y,A,-,N,,,,,,,,,,N,2,0,2,2,A,-,03,22350,A,N,B,C,A,A,H,-,A,A,0,,,Y,,Y,,C,02,1,0,1,0,0,0,0,0,2,"- ","- ",,,"SAN FRANCISCO","SAN FRANCISCO",-122.40596771240234,37.806629180908203
8699736,2018,2018-10-08,3801,2018-08-30,1825,1190,TARAV,4,5,7,3801,0,0,0,,0,3I13D,"BROTHERHOOD WY","CHUMASERO DR",5.00,E,N,A,-,N,,,,,,,,,,Y,2,0,1,2,A,-,21,22106,,N,C,C,A,A,H,-,A,A,0,,,Y,,Y,,A,01,1,0,0,0,0,0,0,0,1,"- ","- ",,,"SAN FRANCISCO","SAN FRANCISCO",-122.47270202636719,37.712974548339844
8708141,2018,2018-10-09,3801,2018-08-22,1808,2419,RICHM,3,5,7,3801,0,0,0,,0,0G3,"PARK PRESIDIO BL","FULTON ST",0.00,,Y,A,-,N,,,,,,,,,,N,2,0,1,2,A,-,07,21658,A,N,B,C,A,A,H,-,A,A,0,,,Y,,Y,,A,01,1,0,0,0,0,0,0,0,1,"- ","- ",,,"SAN FRANCISCO","SAN FRANCISCO",-122.47177886962891,37.773128509521484
8716462,2018,2018-11-09,3801,2018-09-24,1956,713,CENTR,1,5,7,3801,0,0,0,,0,3A14D,"BROADWAY ST","COLUMBUS AV",75.00,E,N,A,-,N,,,,,,,,,,N,2,0,1,2,A,-,11,21954,A,N,G,B,D,A,H,-,C,D,0,Y,,,,Y,,N,60,1,0,0,0,1,0,0,0,0,"- ","- ",,,"SAN FRANCISCO","SAN FRANCISCO",-122.40637969970703,37.797920227050781
8716471,2018,2018-10-22,3801,2018-09-15,0252,2158,CENTR,6,5,7,3801,0,0,0,,0,3A15E,"TELEGRAPH HILL BL","COIT TOWER STAIRS",0.00,,Y,A,-,N,,,,,,,,,,Y,2,0,2,1,A,-,16,26708,A,N,E,I,A,A,H,-,C,A,0,,,,,Y,Y,A,01,2,0,0,0,0,0,0,0,0,"- ","- ",,,"SAN FRANCISCO","SAN FRANCISCO",,
8716487,2018,2018-10-19,3801,2018-09-19,0215,4020,TARAV,3,5,7,3801,0,0,0,,0,3I12E,"BROTHERHOOD WY","CHUMASERO DR",0.00,,Y,A,-,N,,,,,,,,,,N,2,0,1,2,A,-,11,21954,A,F,G,B,D,A,H,-,C,A,0,Y,,,,Y,,N,60,1,0,0,0,1,0,0,0,0,"- ","- ",,,"SAN FRANCISCO","SAN FRANCISCO",-122.47271728515625,37.712978363037109
8721536,2018,2018-10-18,3801,2018-09-25,2324,1514,MISSI,2,5,7,3801,0,0,0,,0,004,"24TH ST","MISSION ST",32.00,E,N,A,-,N,,,,,,,,,,Y,2,0,1,2,A,-,08,22102,,N,D,C,A,A,H,-,C,D,0,,,Y,,Y,,A,01,1,0,0,0,0,0,0,0,1,"- ","- ",,,"SAN FRANCISCO","SAN FRANCISCO",-122.41838073730469,37.752262115478516
8754781,2018,2018-12-11,3801,2018-10-09,0230,A22887,CENTR,2,5,7,3801,0,0,0,,0,3A60,"LARKIN ST","POST ST",0.00,,Y,A,-,N,,,,,,,,,,Y,2,0,1,2,A,-,12,21453,A,N,D,C,A,A,H,-,C,A,0,,,Y,,Y,,C,02,1,0,0,0,0,0,0,0,1,"- ","- ",,,"SAN FRANCISCO","SAN FRANCISCO",-122.41826629638672,37.787040710449219
8758252,2018,2019-01-22,3801,2018-11-07,1515,1994,SOUTH,3,5,7,3801,0,0,0,,0,4B3G,"NATOMA ST","7TH ST",4.00,E,N,A,-,N,,,,,,,,,,Y,2,0,1,2,A,-,03,22350,,F,G,B,E,A,H,-,A,D,0,Y,,,,Y,,A,01,1,0,0,0,1,0,0,0,0,"- ","- ",,,"SAN FRANCISCO","SAN FRANCISCO",-122.40988922119141,37.778408050537109
8758262,2018,2019-04-02,3801,2018-11-13,1136,2714,BAYVI,2,5,7,3801,0,0,0,,0,3C12A,"ARMSTRONG AV","3RD ST",0.00,,Y,A,-,N,,,,,,,,,,N,1,1,0,2,A,-,21,22106,,N,G,B,E,A,H,-,A,D,0,Y,,,,Y,,A,01,0,0,0,1,0,0,0,0,0,"- ","- ",,,"SAN FRANCISCO","SAN FRANCISCO",-122.39366912841797,37.727039337158203
8758310,2018,2019-02-19,3801,2018-11-26,1513,1133,TARAV,1,5,7,3801,0,0,0,,0,,"TARAVAL ST","24TH AV",0.00,,Y,A,-,N,,,,,,,,,,Y,2,0,2,2,A,-,03,22350,,N,H,I,A,A,H,-,A,A,0,,,,,Y,,A,01,1,0,1,0,0,0,0,0,0,"- ","- ",,,"SAN FRANCISCO","SAN FRANCISCO",-122.48105621337891,37.742801666259766
8764680,2018,2018-12-21,3801,2018-10-26,1555,427,BAYVI,5,5,7,3801,0,0,0,,0,3C13D,"3RD ST","PAUL AV",0.00,,Y,A,-,N,,,,,,,,,,N,2,0,1,2,A,-,11,21453,D,N,G,B,B,A,H,-,A,A,0,Y,,,,Y,,N,60,1,0,0,0,1,0,0,0,0,"- ","- ",,,"SAN FRANCISCO","SAN FRANCISCO",-122.395751953125,37.722408294677734
8776996,2018,2019-02-12,3801,2018-08-10,2129,1364,NORTH,5,5,7,3801,0,0,0,,0,3E11E,"OAK ST","STEINER ST",48.00,W,N,A,-,N,,,,,,,,,,Y,2,0,1,2,A,-,08,22107,,N,B,C,A,A,-,-,C,-,0,,,Y,,Y,,C,02,1,0,0,0,0,0,0,0,1,"- ","- ",,,"SAN FRANCISCO","SAN FRANCISCO",-122.43262481689453,37.773727416992188
8777084,2018,2019-01-25,3801,2018-12-09,0221,2457,SOTHE,7,5,7,3801,0,0,0,,0,3B13E,"HOWARD ST","2ND ST",400.00,W,N,A,-,N,,,,,,,,,,N,2,0,1,3,A,-,03,22350,,F,C,G,A,A,H,-,E,D,0,,Y,Y,,Y,,-,,1,0,0,0,0,0,1,0,0,"- ","- ",,,"SAN FRANCISCO","SAN FRANCISCO",-122.39923095703125,37.786014556884766
8777250,2018,2019-01-25,3801,2018-12-15,0251,2713,TARAV,6,5,7,3801,0,0,0,,0,3I16E,"GRANADA AV","LAKEVIEW AV",0.00,,Y,A,C,N,,,,,,,,,,Y,2,0,1,3,A,-,03,22350,,M,D,E,A,B,H,-,C,D,0,,,,,Y,Y,A,08,1,0,0,0,0,0,0,0,0,"- ","- ",,,"SAN FRANCISCO","SAN FRANCISCO",-122.4571533203125,37.718231201171875
8777283,2018,2019-01-29,3801,2018-12-28,1648,2342,NORTH,5,5,7,3801,0,0,0,,0,3E16D,"FRANKLIN ST","JACKSON ST",0.00,,Y,A,-,N,,,,,,,,,,Y,2,0,1,3,A,-,03,22350,,N,B,E,A,A,H,-,A,D,0,,,Y,,Y,,C,02,1,0,0,0,0,0,0,0,1,"- ","- ",,,"SAN FRANCISCO","SAN FRANCISCO",-122.4246826171875,37.793731689453125
8777316,2018,2019-01-29,3801,2018-12-02,2247,649,INGLE,7,5,7,3801,0,0,0,,0,3H14E,"MISSION ST","BOSWORTH ST",0.00,,Y,A,-,N,,,,,,,,,,Y,2,0,3,2,A,-,04,21703,,F,C,C,A,A,H,-,C,A,0,,,,,Y,,A,01,1,0,2,0,0,0,0,0,0,"- ","- ",,,"SAN FRANCISCO","SAN FRANCISCO",-122.42643737792969,37.733669281005859
8777328,2018,2019-01-29,3801,2018-12-01,2351,1861,TARAV,6,5,7,3801,0,0,0,,0,3I12D,"IRVING ST","31ST AV",0.00,,Y,A,-,N,,,,,,,,,,N,2,0,1,2,A,-,17,21200,A,N,D,G,A,A,H,-,C,A,0,,Y,,,Y,,L,04,1,0,0,0,0,0,1,0,0,"- ","- ",,,"SAN FRANCISCO","SAN FRANCISCO",-122.48998260498047,37.76300048828125
8780730,2018,2019-02-19,3801,2018-11-09,1347,1923,INGLE,5,5,7,3801,0,0,0,,0,3C78,"MANSELL ST","GOETTINGEN ST",0.00,,Y,A,-,N,,,,,,,,,,Y,2,0,2,2,A,-,09,21802,A,N,D,C,A,A,H,-,A,A,0,,,,,Y,,J,48,1,1,0,0,0,0,0,0,0,"- ","- ",,,"SAN FRANCISCO","SAN FRANCISCO",-122.40406036376953,37.720859527587891
8787863,2018,2019-02-13,3801,2018-12-12,0932,1507,NORTH,3,5,7,3801,0,0,0,,0,001,"HICKORY ST","BUCHANAN ST",219.00,W,N,A,-,N,,,,,,,,,,Y,2,0,3,3,A,-,01,23153,A,N,E,J,E,A,H,-,A,D,0,Y,,,,Y,Y,A,07,1,1,1,0,1,0,0,0,0,"- ","- ",,,"SAN FRANCISCO","SAN FRANCISCO",-122.42835998535156,37.774757385253906
8804185,2018,2019-03-01,3801,2018-12-29,1835,1353,TRAFF,6,5,7,3801,0,0,0,,0,4B4K,"PORTOLA DR","CLIPPER ST",0.00,,Y,A,-,N,,,,,,,,,,Y,2,0,1,2,A,-,09,21801,A,N,A,C,A,A,H,-,C,A,0,,,Y,,Y,,A,01,1,0,0,0,0,0,0,0,1,"- ","- ",,,"SAN FRANCISCO","SAN FRANCISCO",-122.44483947753906,37.746940612792969
8804193,2018,2019-03-01,3801,2018-12-16,1943,4214,SOUTH,7,5,7,3801,0,0,0,,0,4B4G,"CLARENDON AV","PG&E POWER POLE #110015163",0.00,,-,C,-,N,,,,,,,,,,Y,2,0,1,1,A,-,03,22350,,N,E,I,A,B,H,-,C,D,0,,,,,Y,,A,01,1,0,0,0,0,0,0,0,0,"- ","- ",,,"SAN FRANCISCO","SAN FRANCISCO",,
8808008,2019,2019-03-27,3801,2019-02-09,0721,1493,INGLE,6,5,7,3801,0,0,0,,0,4B2C,"BAYSHORE BL","BLANKEN ST",19.00,N,N,B,-,N,,,,,,,,,,Y,1,1,0,1,A,-,08,22107,,N,-,I,A,B,H,-,A,A,0,,,,,Y,,A,01,0,0,0,0,0,0,0,0,0,"- ","- ",,,"SAN FRANCISCO","SAN FRANCISCO",-122.40152740478516,37.712558746337891
8817633,2019,2019-03-21,3801,2019-02-08,0644,1887,TRAFF,5,5,7,3801,0,0,0,,0,4B101,"CESAR CHAVEZ ST","MISSISSIPPI ST",0.00,,Y,B,-,N,,,,,,,,,,Y,2,0,2,2,A,-,09,21801,A,N,A,-,A,A,H,-,A,D,0,,,Y,,Y,,A,01,1,0,1,0,0,0,0,0,1,"- ","- ",,,"SAN FRANCISCO","SAN FRANCISCO",-122.39335632324219,37.749931335449219
8817653,2019,2019-03-21,3801,2019-02-08,1906,4326,SOUTH,5,5,7,3801,0,0,0,,0,0B1,"HARRISON ST","MAIN ST",0.00,,Y,A,-,N,,,,,,,,,,Y,2,0,1,2,A,-,09,21801,A,N,D,C,A,B,H,-,C,A,0,,,Y,,Y,,-,"- ",1,0,0,0,0,0,0,0,1,"- ","- ",,,"SAN FRANCISCO","SAN FRANCISCO",-122.39031982421875,37.788150787353516
8817782,2019,2019-04-02,3801,2019-02-19,1145,4333,NORTH,2,5,7,3801,0,0,0,,0,3E11A,"FELL ST","STEINER ST",0.00,,Y,A,-,N,,,,,,,,,,Y,2,0,2,4,A,-,03,22350,,N,H,E,A,A,H,-,A,A,0,,,Y,,Y,,C,02,2,0,0,0,0,0,0,0,2,"- ","- ",,,"SAN FRANCISCO","SAN FRANCISCO",-122.43264770507812,37.774681091308594
8845155,2019,2019-05-03,3801,2019-03-04,1121,104,TRAFF,1,5,7,3801,0,0,0,,0,002,"W PORTAL",VICENTE,0.00,,Y,B,-,N,,,,,,,,,,N,2,0,1,2,A,-,10,21950,A,N,G,B,B,A,H,-,A,A,0,Y,,,,Y,,I,19,1,0,0,0,1,0,0,0,0,"- ","- ",,,"SAN FRANCISCO","SAN FRANCISCO",-122.46701812744141,37.739738464355469
8845762,2019,2019-04-30,3801,2019-03-12,1838,11,CENTR,2,5,7,3801,0,0,0,,0,03D,"SACRAMENTO ST","JONES ST",0.00,,Y,A,-,N,,,,,,,,,,N,2,0,2,3,A,-,10,21950,,N,G,B,B,A,H,-,A,A,0,Y,,,,Y,Y,A,01,1,0,1,0,2,0,0,0,0,"- ","- ",,,"SAN FRANCISCO","SAN FRANCISCO",-122.41429901123047,37.792350769042969
8845816,2019,2019-04-30,3801,2019-03-30,1214,2122,SOUTH,6,5,7,3801,0,0,0,,0,3B2B,"5TH ST","FOLSOM ST",0.00,,Y,A,-,N,,,,,,,,,,Y,2,0,2,2,A,-,09,21804,B,N,D,C,A,A,H,-,A,A,0,,,,,Y,,A,01,1,0,1,0,0,0,0,0,0,"- ","- ",,,"SAN FRANCISCO","SAN FRANCISCO",-122.40339660644531,37.780269622802734
8852997,2019,2019-04-30,3801,2019-03-12,1148,1462,RICHM,2,5,7,3801,0,0,0,,0,3G14C,"GEARY BL","6TH AV",5.00,E,N,A,-,N,,,,,,,,,,N,2,0,1,2,A,-,10,21950,A,N,G,B,B,A,H,-,A,A,0,Y,,,,Y,,A,01,1,0,0,0,1,0,0,0,0,"- ","- ",,,"SAN FRANCISCO","SAN FRANCISCO",-122.46427154541016,37.781089782714844
8857977,2019,2019-05-21,3801,2019-04-11,0719,2374,INGLE,4,5,7,3801,0,0,0,,0,0H3,"CRESCENT AV","FOLSOM ST",0.00,,Y,B,-,N,,,,,,,,,,N,2,0,1,2,A,-,12,22450,A,N,D,G,A,A,H,-,A,D,0,,Y,,,Y,,L,04,1,0,0,0,0,0,1,0,0,"- ","- ",,,"SAN FRANCISCO","SAN FRANCISCO",-122.41371917724609,37.734748840332031
8857980,2019,2019-07-17,3801,2019-04-13,1440,2203,TENDE,6,5,7,3801,0,0,0,,0,3J51C,"MCALLISTER ST","LEAVENWORTH ST",0.00,,Y,A,-,N,,,,,,,,,,N,2,0,1,2,A,-,05,21651,B,N,-,G,A,A,H,-,A,A,0,,Y,,,Y,,A,01,1,0,0,0,0,0,1,0,0,"- ","- ",,,"SAN FRANCISCO","SAN FRANCISCO",-122.41368865966797,37.780929565429688
8878185,2019,2019-06-20,3801,2019-05-26,1844,1544,CENTR,7,5,7,3801,0,0,0,,0,3A5,"THE EMBARCADERO NORTH","WASHINGTON ST",345.00,N,N,A,-,N,,,,,,,,,,Y,2,0,1,8,A,-,03,22350,A,F,C,C,A,A,H,-,A,D,0,,,Y,,Y,,A,01,1,0,0,0,0,0,0,0,1,"- ","- ",,,"SAN FRANCISCO","SAN FRANCISCO",-122.396240234375,37.797416687011719
8892060,2019,2019-10-31,3801,2019-09-17,1823,786,TARAV,2,5,7,3801,0,0,0,,0,3I15D,"CAMBON DR","FONT BL",40.00,N,N,A,-,N,,,,,,,,,,Y,2,0,1,1,A,-,03,22350,,N,E,I,A,A,H,-,A,D,0,,,,,Y,,A,01,1,0,0,0,0,0,0,0,0,"- ","- ",,,"SAN FRANCISCO","SAN FRANCISCO",-122.47425842285156,37.716079711914062
8899286,2019,2019-07-25,3801,2019-06-16,0115,2494,SOUTH,7,5,7,3801,0,0,0,,0,3B12E,"4TH ST","KING ST",0.00,,Y,B,-,N,,,,,,,,,,Y,2,0,2,2,A,-,01,23153,A,F,D,I,A,A,H,-,C,A,0,,,,,Y,Y,A,01,1,0,1,0,0,0,0,0,0,"- ","- ",,,"SAN FRANCISCO","SAN FRANCISCO",-122.39414978027344,37.77642822265625
8899297,2019,2019-07-26,3801,2019-06-20,2200,141,INGLE,4,5,7,3801,0,0,0,,0,3H16E,"ALEMANY BL","STONEYBROOK AV",1000.00,N,N,A,-,N,,,,,,,,,,Y,2,0,2,2,A,-,07,21658,A,F,C,C,A,A,H,-,C,A,0,,,,,Y,,A,07,2,0,0,0,0,0,0,0,0,"- ","- ",,,"SAN FRANCISCO","SAN FRANCISCO",-122.4183349609375,37.731647491455078
8899343,2019,2019-07-29,3801,2019-06-08,1117,1357,SOUTH,6,5,7,3801,0,0,0,,0,3B14A,"MARKET ST","LAGUNA ST",0.00,,Y,A,-,N,,,,,,,,,,N,2,0,1,1,C,-,18,,,N,A,I,A,A,H,-,A,A,0,,Y,,,Y,,-,"- ",1,0,0,0,0,0,1,0,0,"- ","- ",,,"SAN FRANCISCO","SAN FRANCISCO",-122.42485809326172,37.770748138427734
8911439,2020,2022-06-18,3801,2020-03-01,0727,1887,TRAFF,7,5,7,3801,0,0,0,,0,,"GEARY ST","TAYLOR ST",13.00,W,N,B,-,N,,,,,,,,,,Y,1,1,0,2,A,-,10,21950,A,N,G,B,B,A,H,-,A,A,0,Y,,,,Y,,D,22,0,0,0,1,0,0,0,0,0,"- ","- ",,,"SAN FRANCISCO","SAN FRANCISCO",-122.41155242919922,37.786945343017578
8911449,2020,2022-06-18,3801,2020-06-18,1635,76,TRAFF,4,5,7,3801,0,0,0,,0,4B3B,"CROSSOER DR","MARTIN LUTHER KING JR DR",797.00,N,N,A,-,Y,SF,4,1,-,-,4.260,H,-,N,Y,1,1,0,3,A,-,03,22350,,N,C,C,A,A,H,-,A,D,0,,,Y,,Y,,C,02,0,0,0,0,0,0,0,1,0,"- ","- ",,,"SAN FRANCISCO","SAN FRANCISCO",-122.47821807861328,37.768138885498047
8911450,2020,2022-06-18,3801,2020-07-10,2128,2310,NORTH,5,5,7,3801,0,0,0,,0,3E13E,"VAN NESS AV","GROVE ST",17.00,S,N,A,-,Y,SF,4,1,-,T,5.070,H,-,S,Y,1,1,0,2,A,-,11,21456,C,N,G,B,D,A,D,-,C,A,0,Y,,,,Y,,N,60,0,0,0,1,0,0,0,0,0,"- ","- ",,,"SAN FRANCISCO","SAN FRANCISCO",-122.41995239257812,37.778205871582031
8913734,2019,2019-12-17,3801,2019-07-27,0200,426,NORTH,6,5,7,3801,0,0,0,,0,3E13E,"TURK ST","VAN NESS AV",0.00,,Y,A,-,Y,SF,4,101,-,-,5.352,I,5,N,,2,0,1,2,A,-,10,21950,A,F,G,B,B,A,H,-,C,A,0,Y,,,,Y,Y,A,07,1,0,0,0,1,0,0,0,0,"- ","- ",,,"SAN FRANCISCO","SAN FRANCISCO",-122.42055511474609,37.781963348388672
8916828,2019,2019-09-19,3801,2019-07-11,1825,221,PARK,4,5,7,3801,0,0,0,,0,3F14D,"ASHBURY ST","FREDERICK ST",192.00,N,N,A,-,N,,,,,,,,,,,2,0,1,1,D,-,00,,,N,H,A,A,A,H,-,A,D,0,,Y,,,Y,,-,"- ",1,0,0,0,0,0,1,0,0,"- ","- ",,,"SAN FRANCISCO","SAN FRANCISCO",-122.44647216796875,37.767742156982422
8919617,2019,2019-08-23,3801,2019-07-08,2304,412,TENDE,1,5,7,3801,0,0,0,,0,2100,"LARKIN ST","ELLIS ST",0.00,,Y,A,-,N,,,,,,,,,,N,2,0,1,2,A,-,12,21453,A,N,G,B,B,A,-,-,C,A,0,Y,,,,Y,,A,01,1,0,0,0,1,0,0,0,0,"- ","- ",,,"SAN FRANCISCO","SAN FRANCISCO",-122.41771697998047,37.784248352050781
8919622,2019,2019-08-22,3801,2019-07-02,1112,76,TRAFF,2,5,7,3801,0,0,0,,0,SOUTH,"DIVISION ST","VERMONT ST",0.00,,Y,A,-,N,,,,,,,,,,Y,2,0,2,2,A,-,09,21801,A,N,A,C,A,A,H,-,A,D,0,,,Y,,Y,,A,01,1,0,1,0,0,0,0,0,1,"- ","- ",,,"SAN FRANCISCO","SAN FRANCISCO",-122.40496826171875,37.769741058349609
8919624,2019,2019-08-22,3801,2019-07-18,2307,1823,SOUTH,4,5,7,3801,0,0,0,,0,3B12E,"NATOMA ST","5TH ST",0.00,,Y,A,-,N,,,,,,,,,,N,2,0,1,2,A,-,10,21950,A,F,D,G,A,A,H,-,C,D,0,,Y,,,Y,,A,01,1,0,0,0,0,0,1,0,0,"- ","- ",,,"SAN FRANCISCO","SAN FRANCISCO",-122.40545654296875,37.781948089599609
8936665,2019,2019-10-08,3801,2019-08-29,1432,2065,NORTH,4,5,7,3801,0,0,0,,0,3E13A,"FERN ST","LARKIN ST",0.00,,Y,A,-,N,,,,,,,,,,N,2,0,1,2,A,-,17,21663,,N,G,B,F,A,H,-,A,D,0,Y,,,,Y,,I,09,1,0,0,0,1,0,0,0,0,"- ","- ",,,"SAN FRANCISCO","SAN FRANCISCO",-122.41857147216797,37.788421630859375
8936956,2019,2019-09-30,3801,2019-08-21,0852,2749,RICHM,3,5,7,3801,0,0,0,,0,3G3A,"GEARY BL","ARGUELLO BL",0.00,,-,A,-,N,,,,,,,,,,N,2,0,1,2,A,-,09,21804,A,N,D,G,A,A,H,-,A,A,0,,Y,,,Y,,-,,1,0,0,0,0,0,1,0,0,"- ","- ",,,"SAN FRANCISCO","SAN FRANCISCO",-122.45887756347656,37.781330108642578
8936987,2019,2019-09-20,3801,2019-08-12,0125,1066,MISSI,1,5,7,3801,0,0,0,,0,001,"MARKET ST","CASTRO ST",300.00,E,N,A,-,N,,,,,,,,,,N,2,0,1,2,A,-,11,21955,,N,A,B,D,A,H,-,A,D,0,Y,,,,Y,Y,N,60,1,0,0,0,1,0,0,0,0,"- ","- ",,,"SAN FRANCISCO","SAN FRANCISCO",-122.4344482421875,37.763233184814453
8937001,2019,2019-09-23,3801,2019-08-08,2130,4314,RICHM,4,5,7,3801,0,0,0,,0,0G3,"FULTON ST","12TH AV",0.00,,Y,A,-,N,,,,,,,,,,Y,2,0,3,4,A,-,03,22350,,N,D,C,A,A,H,-,C,A,0,,,Y,,Y,,C,03,1,2,0,0,0,0,0,0,3,"- ","- ",,,"SAN FRANCISCO","SAN FRANCISCO",-122.47016906738281,37.773208618164062
8943264,2019,2019-09-20,3801,2019-08-04,1525,1062,TARAV,7,5,7,3801,0,0,0,,0,"3 I13D","GREAT HWY","VICENTE ST",35.00,S,N,A,-,N,,,,,,,,,,N,2,0,1,2,A,-,00,23103,A,M,C,C,A,A,H,-,A,A,0,,,Y,,Y,,C,02,1,0,0,0,0,0,0,0,1,"- ","- ",,,"SAN FRANCISCO","SAN FRANCISCO",-122.50644683837891,37.737865447998047
8960293,2019,2019-11-06,3801,2019-09-11,1525,1398,TRAFF,3,5,7,3801,0,0,0,,0,"PARK D","15TH ST","SANCHEZ ST",91.00,W,N,A,-,N,,,,,,,,,,N,2,0,1,3,A,-,08,22105,,N,A,C,A,A,H,-,A,D,0,,,,,Y,,A,01,1,0,0,0,0,0,0,0,0,"- ","- ",,,"SAN FRANCISCO","SAN FRANCISCO",-122.43132781982422,37.765964508056641
8969994,2019,2019-12-12,3801,2019-10-10,0825,1478,NORTH,4,5,7,3801,0,0,0,,0,0E4,"BUCHANAN ST","CALIFORNIA ST",0.00,,Y,A,-,N,,,,,,,,,,Y,2,0,1,2,A,-,09,21801,A,N,-,C,A,A,H,-,A,A,0,,,,,Y,,A,01,1,0,0,0,0,0,0,0,0,"- ","- ",,,"SAN FRANCISCO","SAN FRANCISCO",-122.4305419921875,37.789310455322266
8975368,2019,2020-11-18,3801,2019-10-25,2352,1286,TARAV,5,5,7,3801,0,0,0,,0,3115E,"19TH AV","WINSTON DR",0.00,,Y,A,-,Y,SF,4,101,-,-,1.350,I,5,S,Y,2,0,3,2,A,-,00,23104,A,N,D,C,A,A,H,-,C,A,0,,,,,Y,,A,01,2,0,1,0,0,0,0,0,0,"- ","- ",,,"SAN FRANCISCO","SAN FRANCISCO",-122.40262603759766,37.726951599121094
8981230,2019,2020-01-03,3801,2019-11-05,2034,1351,INGLE,2,5,7,3801,0,0,0,,0,3H15D,"OCEAN AV","HOWTH ST",48.00,E,N,A,-,N,,,,,,,,,,Y,2,0,2,2,A,-,03,22350,,N,D,C,A,A,H,-,C,A,0,,,,Y,Y,,A,01,1,1,0,0,0,0,0,0,0,"- ","- ",,,"SAN FRANCISCO","SAN FRANCISCO",-122.44941711425781,37.72296142578125
8981447,2019,2020-01-14,3801,2019-11-07,1226,2108,TENDE,4,5,7,3801,0,0,0,,0,3J52C,"MARKET ST","7TH ST",380.00,E,N,A,-,N,,,,,,,,,,N,2,0,1,1,A,-,03,22350,,N,E,J,A,A,H,-,A,A,0,,Y,,,Y,,L,04,1,0,0,0,0,0,1,0,0,"- ","- ",,,"SAN FRANCISCO","SAN FRANCISCO",-122.41158294677734,37.781223297119141
8981467,2019,2020-01-14,3801,2019-11-30,1838,427,BAYVI,6,5,7,3801,0,0,0,,0,901,"BOYLSTON ST","SWEENY ST",40.00,N,N,C,-,N,,,,,,,,,,Y,2,0,1,6,A,-,03,22350,,F,A,C,A,B,H,-,C,D,0,,,,,Y,,A,01,1,0,0,0,0,0,0,0,0,"- ","- ",,,"SAN FRANCISCO","SAN FRANCISCO",-122.41095733642578,37.732147216796875
8981573,2019,2020-01-10,3801,2019-11-22,0430,2091,NORTH,5,5,7,3801,0,0,0,,0,901,"OAK ST","DIVISADERO ST",0.00,,Y,A,-,N,,,,,,,,,,Y,2,0,2,2,A,-,12,21453,A,N,D,C,A,A,H,-,C,A,0,,,,,Y,,A,01,1,0,1,0,0,0,0,0,0,"- ","- ",,,"SAN FRANCISCO","SAN FRANCISCO",-122.43743133544922,37.773139953613281
8981632,2019,2020-01-14,3801,2019-11-15,0752,2368,SOUTH,5,5,7,3801,0,0,0,,0,3B12A,"MINNA ST","MARY ST",96.00,E,N,A,-,N,,,,,,,,,,Y,2,0,1,2,A,-,10,21950,A,F,G,B,D,A,H,-,A,D,0,Y,,Y,,Y,,C,03,1,0,0,0,1,0,0,0,0,"- ","- ",,,"SAN FRANCISCO","SAN FRANCISCO",-122.40647888183594,37.781871795654297