CASE_ID,ACCIDENT_YEAR,PROC_DATE,JURIS,COLLISION_DATE,COLLISION_TIME,OFFICER_ID,REPORTING_DISTRICT,DAY_OF_WEEK,CHP_SHIFT,POPULATION,CNTY_CITY_LOC,SPECIAL_COND,BEAT_TYPE,CHP_BEAT_TYPE,CITY_DIVISION_LAPD,CHP_BEAT_CLASS,BEAT_NUMBER,PRIMARY_RD,SECONDARY_RD,DISTANCE,DIRECTION,INTERSECTION,WEATHER_1,WEATHER_2,STATE_HWY_IND,CALTRANS_COUNTY,CALTRANS_DISTRICT,STATE_ROUTE,ROUTE_SUFFIX,POSTMILE_PREFIX,POSTMILE,LOCATION_TYPE,RAMP_INTERSECTION,SIDE_OF_HWY,TOW_AWAY,COLLISION_SEVERITY,NUMBER_KILLED,NUMBER_INJURED,PARTY_COUNT,PRIMARY_COLL_FACTOR,PCF_CODE_OF_VIOL,PCF_VIOL_CATEGORY,PCF_VIOLATION,PCF_VIOL_SUBSECTION,HIT_AND_RUN,TYPE_OF_COLLISION,MVIW,PED_ACTION,ROAD_SURFACE,ROAD_COND_1,ROAD_COND_2,LIGHTING,CONTROL_DEVICE,CHP_ROAD_TYPE,PEDESTRIAN_ACCIDENT,BICYCLE_ACCIDENT,MOTORCYCLE_ACCIDENT,TRUCK_ACCIDENT,NOT_PRIVATE_PROPERTY,ALCOHOL_INVOLVED,STWD_VEHTYPE_AT_FAULT,CHP_VEHTYPE_AT_FAULT,COUNT_SEVERE_INJ,COUNT_VISIBLE_INJ,COUNT_COMPLAINT_PAIN,COUNT_PED_KILLED,COUNT_PED_INJURED,COUNT_BICYCLIST_KILLED,COUNT_BICYCLIST_INJURED,COUNT_MC_KILLED,COUNT_MC_INJURED,PRIMARY_RAMP,SECONDARY_RAMP,LATITUDE,LONGITUDE,COUNTY,CITY,POINT_X,POINT_Y
8981903,2019,2019-12-10,3801,2019-10-22,1423,1251,SOUTH,2,5,7,3801,0,0,0,,0,3B14A,"BRYANT ST","10TH ST",9.00,E,N,A,-,N,,,,,,,,,,N,2,0,1,2,A,-,10,21950,A,N,G,B,B,A,H,-,A,A,0,Y,,,,Y,,A,01,1,0,0,0,1,0,0,0,0,"- ","- ",,,"SAN FRANCISCO","SAN FRANCISCO",-122.40972137451172,37.770359039306641
8981917,2019,2020-01-03,3801,2019-10-31,0903,4333,NORTH,4,5,7,3801,0,0,0,,0,3E11A,"PAGE ST","OCTAVIA ST",0.00,,Y,A,-,N,,,,,,,,,,N,2,0,1,2,A,-,08,22107,,N,D,G,A,A,H,-,A,A,0,,Y,,,Y,,A,01,1,0,0,0,0,0,1,0,0,"- ","- ",,,"SAN FRANCISCO","SAN FRANCISCO",-122.42411041259766,37.773880004882812
8981937,2019,2019-11-25,3801,2019-10-21,0857,1463,PARK,1,5,7,3801,0,0,0,,0,0F3,"MASONIC AV","HAYES ST",0.00,,Y,A,-,N,,,,,,,,,,N,2,0,1,2,D,-,00,,,N,G,B,B,A,H,-,A,A,0,Y,,,,Y,,-,"- ",1,0,0,0,1,0,0,0,0,"- ","- ",,,"SAN FRANCISCO","SAN FRANCISCO",-122.44611358642578,37.773941040039062
8981943,2019,2020-01-14,3801,2019-10-17,1915,1505,NORTH,4,5,7,3801,0,0,0,,0,,"RICHARDSON AV","CHESTNUT ST",50.00,E,N,A,-,N,,,,,,,,,,N,2,0,1,2,A,-,00,23107,,F,B,C,A,A,H,-,C,A,0,,,Y,,Y,,A,01,1,0,0,0,0,0,0,0,1,"- ","- ",,,"SAN FRANCISCO","SAN FRANCISCO",-122.44584655761719,37.799491882324219
8981950,2019,2019-11-26,3801,2019-10-25,1010,1657,BAYVI,5,5,7,3801,0,0,0,,0,3C15A,"YOSEMITE AV","3RD ST",231.00,E,N,A,-,N,,,,,,,,,,Y,2,0,1,3,A,-,07,21658,A,N,B,E,A,A,H,-,A,D,0,,,,,Y,Y,A,01,1,0,0,0,0,0,0,0,0,"- ","- ",,,"SAN FRANCISCO","SAN FRANCISCO",-122.39266204833984,37.727436065673828
8995609,2019,2019-12-31,3801,2019-10-14,0834,2376,SOUTH,1,5,7,3801,0,0,0,,0,3B15A,"9TH ST","HARRISON ST",0.00,,Y,A,-,N,,,,,,,,,,Y,2,0,1,2,A,-,12,21453,A,N,B,C,A,A,H,-,A,A,0,,,Y,,Y,,-,"- ",1,0,0,0,0,0,0,0,1,"- ","- ",,,"SAN FRANCISCO","SAN FRANCISCO",-122.41004943847656,37.772529602050781
90017314,2015,2015-10-19,9335,2015-09-04,1435,019631,,5,2,7,3801,0,1,1,,1,081,"I-80 W/B","CENTER ANCHORAGE (WEST EDGE)",400.00,W,N,A,-,Y,,,,,,,,,,Y,2,0,1,2,C,-,18,,,N,E,I,A,A,H,-,A,D,0,,,,,Y,,-,"- ",1,0,0,0,0,0,0,0,0,"- ","- ",37.47486,-122.2247,"SAN FRANCISCO","SAN FRANCISCO",,
90037911,2015,2015-10-26,9335,2015-09-20,2249,020889,,7,3,7,3801,0,1,2,,2,013,"US-101S/B TO THIRD ST.","HARKNESS AVE PED. OVERCROSSING",155.00,N,N,A,-,Y,,,101,,,,R,,,Y,2,0,1,2,A,-,08,22107,,N,H,G,A,A,H,-,C,D,0,,Y,,,Y,,L,04,1,0,0,0,0,0,1,0,0,"- ","- ",37.718409999999999,-122.39993,"SAN FRANCISCO","SAN FRANCISCO",-122.39993,37.718409999999999
90085527,2015,2015-12-30,9335,2015-12-18,0745,018688,,5,1,7,3801,0,1,1,,2,080,"I-80 W/B","4TH ST ON RAMP PHYSICAL GORE",108.00,E,N,A,-,Y,,,,,,,,,,Y,2,0,1,2,A,-,03,22350,,N,F,A,A,B,H,-,A,D,0,,,Y,,Y,,C,02,1,0,0,0,0,0,0,0,1,"- ","- ",,,"SAN FRANCISCO","SAN FRANCISCO",,
90114749,2016,2016-02-15,9335,2016-02-07,1150,021125,,7,1,7,3801,0,1,2,,2,015,"US-101 N/B","10TH ST. U/C",5.00,N,N,A,-,Y,,,101,,,,,,N,Y,2,0,1,1,A,-,08,22107,,N,E,I,A,A,H,-,A,D,0,,,Y,,Y,,C,02,1,0,0,0,0,0,0,0,1,"- ","- ",37.769869999999997,-122.40895999999999,"SAN FRANCISCO","SAN FRANCISCO",-122.40895691,37.76985689
90171104,2016,2016-05-03,9335,2016-02-24,2254,018829,,3,3,7,3801,0,1,1,,2,023,"I-280 N/B","MISSION STREET OVERCROSSING",335.00,S,N,B,-,Y,,,280,,,,,,N,Y,1,1,0,3,A,-,11,21954,A,F,G,B,E,A,H,-,D,D,0,Y,,,,Y,,N,60,0,0,0,1,0,0,0,0,0,"- ","- ",37.732089999999999,-122.42955000000001,"SAN FRANCISCO","SAN FRANCISCO",-122.42954718999999,37.732107910000003
90239008,2016,2016-08-08,9335,2016-07-27,1735,019521,,3,2,7,3801,0,1,1,,2,080,"I-80 W/B TO 5TH ST","4TH ST",53.00,W,N,A,-,Y,,,80,,,,R,,W,Y,2,0,1,3,A,-,07,21658,A,N,B,C,A,A,H,-,A,D,0,,,Y,,Y,,A,01,1,0,0,0,0,0,0,0,1,"- ","- ",37.780110000000001,-122.3991,"SAN FRANCISCO","SAN FRANCISCO",-122.3991,37.780110000000001
90264492,2016,2016-09-09,9335,2016-08-26,1500,020157,,5,2,7,3801,0,1,1,,1,083,"I-80 E/B","YERBA BUENA ISLAND TUNNEL",200.00,E,N,A,-,Y,,,80,,,,,,E,N,2,0,1,2,A,-,03,22350,,N,B,C,A,A,H,-,A,D,0,,,Y,,Y,,C,02,1,0,0,0,0,0,0,0,1,"- ","- ",37.811070000000001,-122.36411,"SAN FRANCISCO","SAN FRANCISCO",-122.36423526999999,37.811195329999997
90335238,2016,2017-03-16,9335,2016-05-20,0216,020892,,5,3,7,3801,0,1,1,,1,083,"I-80 E/B","YERBA BUENA TUNNEL",1295.00,W,N,A,-,Y,,,80,,,,,,E,Y,1,1,1,2,A,-,03,22350,,N,C,C,A,A,H,-,C,D,0,,,Y,,Y,Y,A,01,0,1,0,0,0,0,0,1,0,"- ","- ",37.806449999999998,-122.36912,"SAN FRANCISCO","SAN FRANCISCO",-122.36902852,37.80634989
9035545,2019,2020-01-30,3801,2019-12-10,0906,1463,PARK,2,5,7,3801,0,0,0,,0,0F2,"COLE ST","FREDERICK ST",136.00,N,N,B,-,N,,,,,,,,,,Y,2,0,1,4,A,-,21,22106,,N,A,E,A,A,H,-,A,D,0,,,,,Y,,A,01,1,0,0,0,0,0,0,0,0,"- ","- ",,,"SAN FRANCISCO","SAN FRANCISCO",-122.45023345947266,37.767108917236328
9035638,2019,2020-02-05,3801,2019-12-23,1735,A22028,CENTR,1,5,7,3801,0,0,0,,0,3A11D,"TAYLOR ST","PINE ST",12.00,N,N,A,-,N,,,,,,,,,,N,2,0,1,1,A,-,03,22350,,N,H,A,A,A,H,-,A,D,0,,,,,Y,,M,95,1,0,0,0,0,0,0,0,0,"- ","- ",,,"SAN FRANCISCO","SAN FRANCISCO",-122.41225433349609,37.790691375732422
9035669,2019,2020-01-29,3801,2019-12-02,0100,101,INGLE,1,5,7,3801,0,0,0,,0,3H13E,"MISSION ST","TRUMBULL ST",0.00,,Y,C,-,N,,,,,,,,,,N,2,0,1,2,A,-,00,21954,,F,G,B,E,B,H,-,C,D,0,Y,,,,Y,,N,60,1,0,0,0,1,0,0,0,0,"- ","- ",,,"SAN FRANCISCO","SAN FRANCISCO",-122.42925262451172,37.730781555175781
90362739,2016,2017-01-06,9335,2016-12-26,1730,019987,,1,2,7,3801,0,1,2,,2,015,"US-101 S/B","HARRISON STREET",100.00,S,N,B,-,Y,,,101,,,,,,S,Y,2,0,2,3,A,-,03,22350,,N,C,C,A,A,H,-,D,D,0,,,,,Y,,A,01,1,0,1,0,0,0,0,0,0,"- ","- ",37.769199999999998,-122.4104,"SAN FRANCISCO","SAN FRANCISCO",-122.41039231000001,37.769248140000002
90377807,2017,2017-01-26,9335,2017-01-16,1330,021424,,1,1,7,3801,0,1,1,,2,024,"I-280 S/B","23RD ST",27.00,S,N,A,-,Y,,,280,,,,,,S,Y,2,0,2,1,C,-,18,,,N,E,I,A,A,H,-,A,D,0,,,,,Y,,-,"- ",1,1,0,0,0,0,0,0,0,"- ","- ",37.754980000000003,-122.39224,"SAN FRANCISCO","SAN FRANCISCO",-122.39214346999999,37.755013730000002
90388630,2017,2017-02-08,9335,2017-01-30,2011,021455,,1,2,7,3801,0,1,1,,2,024,"I-280 S/B","INNES AVENUE UNDER-CROSSING",158.00,N,N,A,-,Y,,,280,,,,,,S,Y,2,0,1,1,C,-,18,,,N,E,J,A,A,H,-,D,D,0,,,Y,,Y,,-,"- ",1,0,0,0,0,0,0,0,1,"- ","- ",37.74409,-122.39591,"SAN FRANCISCO","SAN FRANCISCO",-122.39593572,37.744113329999998
90414963,2017,2017-03-20,9350,2017-03-12,1256,021520,,7,1,7,3801,0,1,2,,1,120,"US-101 S/B (GGB WEST SIDEWALK)","GOLDEN GATE BRIDGE SOUTH TOWER",295.00,S,N,A,-,N,,,101,,,,,,S,N,2,0,1,1,B,-,22,,,N,H,I,A,A,H,-,A,D,0,,Y,,,Y,,L,04,1,0,0,0,0,0,1,0,0,"- ","- ",37.81315,-122.47794,"SAN FRANCISCO","SAN FRANCISCO",-122.47795444,37.813148310000003
9047559,2020,2020-03-06,3801,2020-01-02,1801,4314,RICHM,4,5,7,3801,0,0,0,,0,3G61,"FULTON ST","43RD AV",10.00,E,N,A,-,N,,,,,,,,,,Y,2,0,1,2,A,-,11,21456,C,N,G,B,B,A,H,-,C,A,0,Y,,,,Y,,N,60,1,0,0,0,1,0,0,0,0,"- ","- ",,,"SAN FRANCISCO","SAN FRANCISCO",-122.50342559814453,37.771682739257812
90522122,2017,2017-08-14,9350,2017-08-03,1130,019150,,4,1,7,3801,0,1,2,,1,120,"GGB EAST SIDEWALK","GGB TOLL PLAZA",560.00,N,N,B,-,N,,,,,,,,,,Y,2,0,2,2,B,-,22,,,N,G,B,E,A,H,-,A,D,0,Y,Y,,,Y,,L,04,1,1,0,0,1,0,1,0,0,"- ","- ",37.808489999999999,-122.47671,"SAN FRANCISCO","SAN FRANCISCO",,
90603183,2017,2017-11-27,9335,2017-11-11,0420,021474,,6,3,7,3801,0,1,1,,2,080,"I-80 W/B TO US-101 S/B","16TH ST. U/C",310.00,E,N,A,-,Y,,,80,,,,R,,W,Y,2,0,1,1,A,-,01,23152,A,N,E,I,A,A,H,-,D,D,0,,,,,Y,Y,A,01,1,0,0,0,0,0,0,0,0,"- ","- ",37.76679,-122.40525,"SAN FRANCISCO","SAN FRANCISCO",-122.40525,37.76679
90734855,2018,2018-05-25,9335,2018-05-16,0635,021736,,3,1,7,3801,0,1,1,,2,022,"I-280 N/B","HAVELOCK ST",130.00,N,N,A,-,Y,,,280,,,,,,N,Y,2,0,1,2,A,-,07,21658,A,N,C,C,A,A,H,-,A,D,0,,,Y,,Y,,C,02,1,0,0,0,0,0,0,0,1,"- ","- ",37.726768493652344,-122.44532775878906,"SAN FRANCISCO","SAN FRANCISCO",-122.44534301757812,37.726783752441406
90744584,2018,2018-06-11,9335,2018-05-31,0333,021424,,4,3,7,3801,0,1,2,,2,014,"US-101 N/B TO VERMONT STREET","VERMONT ST",89.00,S,N,A,-,Y,,,101,,,,R,,N,Y,2,0,1,1,A,-,03,22350,,N,E,I,A,A,H,-,C,D,0,,,Y,,Y,,C,02,1,0,0,0,0,0,0,0,1,"- ","- ",37.763420104980469,-122.40480041503906,"SAN FRANCISCO","SAN FRANCISCO",-122.40480041503906,37.763420104980469
9074994,2020,2020-05-15,3801,2020-02-08,0556,1300,INGLE,6,5,7,3801,0,0,0,,0,3H15E,"GENEVA AV","MISSION ST",12.00,E,N,A,-,N,,,,,,,,,,N,2,0,1,2,A,-,10,21950,A,N,G,B,B,A,H,-,C,A,0,Y,,,,Y,,A,07,1,0,0,0,1,0,0,0,0,"- ","- ",,,"SAN FRANCISCO","SAN FRANCISCO",-122.44096374511719,37.716373443603516
9075161,2020,2020-05-18,3801,2020-02-09,0315,1286,TARAV,7,5,7,3801,0,0,0,,0,3115E,"19TH AV","JUNIPERO SERRA BL",0.00,,Y,A,-,N,,,,,,,,,,Y,2,0,1,2,A,-,11,21954,A,N,G,B,D,A,H,-,C,A,0,Y,,,,Y,Y,N,60,1,0,0,0,1,0,0,0,0,"- ","- ",,,"SAN FRANCISCO","SAN FRANCISCO",-122.47271728515625,37.717178344726562
90866246,2018,2018-11-26,9335,2018-11-10,1909,021886,,6,2,7,3801,0,1,2,,2,014,"US-101 N/B","22ND ST PED O/C",1300.00,N,N,A,-,Y,,,101,,,,,,N,Y,2,0,2,3,C,-,18,,,N,C,C,A,A,H,-,D,D,0,,,,,Y,,-,"- ",1,0,1,0,0,0,0,0,0,"- ","- ",37.759761810302734,-122.40619659423828,"SAN FRANCISCO","SAN FRANCISCO",-122.40617370605469,37.759769439697266
9087240,2020,2020-07-10,3801,2020-03-14,2033,4178,TRAFF,6,5,7,3801,0,0,0,,0,4B3A,"TURK ST","LARKIN ST",11.00,W,N,B,-,N,,,,,,,,,,N,2,0,2,3,A,-,10,21950,A,N,G,B,B,B,H,-,C,A,0,Y,,,,Y,,A,08,1,0,1,0,2,0,0,0,0,"- ","- ",,,"SAN FRANCISCO","SAN FRANCISCO",-122.41738128662109,37.782375335693359
90898980,2019,2019-01-07,9335,2019-01-01,0253,022024,,2,3,7,3801,0,1,1,,2,080,"I-80 E/B","SEVENTH ST. UNDERCROSSING",1056.00,W,N,A,-,Y,,,80,,,,,,E,Y,2,0,3,4,A,-,01,23153,A,N,C,C,A,A,H,-,B,D,0,,,,,Y,Y,A,01,1,2,0,0,0,0,0,0,0,"- ","- ",37.771770477294922,-122.40632629394531,"SAN FRANCISCO","SAN FRANCISCO",-122.40628051757812,37.771800994873047
9092195,2020,2021-08-03,3801,2020-02-01,1034,1730,TRAFF,6,5,7,3801,0,0,0,,0,4B1H,"RIVERA ST","42ND AV",0.00,,Y,A,-,N,,,,,,,,,,N,2,0,1,2,A,-,09,21802,B,N,D,G,A,A,H,-,A,A,0,,Y,,,Y,,-,,1,0,0,0,0,0,1,0,0,"- ","- ",,,"SAN FRANCISCO","SAN FRANCISCO",-122.50057983398438,37.745689392089844
9092369,2020,2020-07-24,3801,2020-03-23,0721,1043,TRAFF,1,5,7,3801,0,0,0,,0,4B2C2,"10TH ST","HARRISON ST",70.00,N,N,A,-,N,,,,,,,,,,Y,2,0,3,2,A,-,17,21657,,N,A,C,A,A,H,-,A,A,0,,,,,Y,,A,01,2,1,0,0,0,0,0,0,0,"- ","- ",,,"SAN FRANCISCO","SAN FRANCISCO",-122.41142272949219,37.771736145019531
90952032,2019,2019-03-25,9335,2019-03-11,1537,021649,,1,2,7,3801,0,1,1,,2,022,"I-280 S/B","SAN JOSE AVE",166.00,S,N,A,-,Y,,,280,,,,,,S,Y,2,0,1,2,A,-,07,21658,A,N,B,C,A,A,H,-,A,D,0,,,,,Y,,A,01,1,0,0,0,0,0,0,0,0,"- ","- ",37.717929840087891,-122.44859313964844,"SAN FRANCISCO","SAN FRANCISCO",-122.44863891601562,37.717937469482422
90977253,2019,2019-04-29,9335,2019-04-25,0740,021700,,4,1,7,3801,0,1,2,,2,015,"US-101 S/B TO I-80 E/B","BRANNAN ST",460.00,N,N,A,-,Y,,,101,,,,R,,S,Y,2,0,1,1,A,-,08,22107,,N,E,I,A,A,H,-,A,D,0,,,Y,,Y,,C,02,1,0,0,0,0,0,0,0,1,"- ","- ",37.769699096679688,-122.40538787841797,"SAN FRANCISCO","SAN FRANCISCO",-122.40538787841797,37.769699096679688
90992691,2019,2019-05-21,9350,2019-05-12,1452,021893,,7,2,7,3801,0,1,2,,1,120,"US-101 S/B","GGB TOLL PLAZA",2640.00,N,N,A,-,Y,,,101,,,,,,S,N,2,0,1,1,A,-,03,22350,,N,E,I,A,A,H,-,A,D,0,,Y,,,Y,,L,04,1,0,0,0,0,0,1,0,0,"- ","- ",37.819248199462891,-122.47855377197266,"SAN FRANCISCO","SAN FRANCISCO",-122.47872161865234,37.819229125976562
91021381,2019,2019-07-01,9335,2019-06-26,1040,020658,,3,1,7,3801,0,1,1,,1,081,"I-80 W/B","SFOBB EAST TOWER",1901.00,E,N,A,-,Y,,,80,,,,,,W,Y,2,0,1,2,A,-,03,22350,,N,C,C,A,A,H,-,A,D,0,,,Y,,Y,,C,02,1,0,0,0,0,0,0,0,1,"- ","- ",37.818248748779297,-122.353271484375,"SAN FRANCISCO","SAN FRANCISCO",-122.35329437255859,37.818309783935547
91050809,2019,2019-08-13,9335,2019-08-04,2143,022040,,7,2,7,3801,0,1,1,,1,083,"I-80 E/B","MAIN STREET",51.00,E,N,B,-,Y,,,80,,,,,,E,Y,2,0,1,2,A,-,01,23152,F,N,B,C,A,A,H,-,C,D,0,,,,,Y,,D,22,1,0,0,0,0,0,0,0,0,"- ","- ",37.787651062011719,-122.38934326171875,"SAN FRANCISCO","SAN FRANCISCO",-122.38915252685547,37.787445068359375
91073327,2019,2019-09-12,9335,2019-09-03,1755,020068,,2,2,7,3801,0,1,2,,2,014,"US-101 S/B","23RD ST PED O/C",63.00,N,N,A,-,Y,,,101,,,,,,S,Y,2,0,1,1,A,-,08,22107,,N,F,A,A,A,H,-,A,D,0,,,Y,,Y,,C,02,1,0,0,0,0,0,0,0,1,"- ","- ",37.752498626708984,-122.40290069580078,"SAN FRANCISCO","SAN FRANCISCO",-122.40301513671875,37.752510070800781
91097846,2019,2019-10-15,9335,2019-07-04,1705,021700,,4,2,7,3801,0,1,1,,2,022,"I-280 N/B","SAN JOSE AVE. O/C",452.00,N,N,B,-,Y,,,280,,,,,,N,N,1,1,0,2,A,-,11,21954,A,N,G,B,E,A,H,-,A,D,0,Y,,,,Y,,N,60,0,0,0,1,0,0,0,0,0,"- ","- ",37.719890594482422,-122.44819641113281,"SAN FRANCISCO","SAN FRANCISCO",-122.44823455810547,37.719894409179688
9111061,2020,2020-11-02,3801,2020-05-08,2135,402,CENTR,5,5,7,3801,0,0,0,,0,3A12E,"GRANT AVE","CLAY ST",0.00,,Y,A,-,N,,,,,,,,,,Y,2,0,1,2,A,-,03,22350,,N,E,C,A,A,H,-,C,A,0,,,Y,,Y,,C,02,1,0,0,0,0,0,0,0,1,"- ","- ",,,"SAN FRANCISCO","SAN FRANCISCO",-122.40625762939453,37.794281005859375
91118230,2019,2019-11-12,9335,2019-02-03,0233,021754,,7,3,7,3801,0,1,2,,2,013,"US-101 NB","ALEMANY BOULEVARD U/C SOUTH RD EDGE",465.00,S,N,A,-,Y,,,101,,,,,,N,Y,1,2,9,5,A,-,01,23152,A,N,A,C,A,B,H,-,C,D,0,,,,,Y,Y,A,01,3,3,3,0,0,0,0,0,0,"- ","- ",37.73651123046875,-122.40747833251953,"SAN FRANCISCO","SAN FRANCISCO",-122.40743255615234,37.736530303955078
91138223,2019,2019-12-10,9335,2019-11-29,0755,022241,,5,1,7,3801,0,1,1,,2,023,"I-280 N/B TO US-101 N/B","THE ALEMANY BOULVEARD OVERCROSSING",1497.00,N,N,A,-,Y,,,280,,,,R,,N,Y,2,0,3,2,A,-,08,22107,,N,E,I,A,A,H,-,A,D,0,,,,,Y,,A,07,1,1,1,0,0,0,0,0,0,"- ","- ",37.734199523925781,-122.4097900390625,"SAN FRANCISCO","SAN FRANCISCO",-122.4097900390625,37.734199523925781
91143922,2019,2019-12-16,9335,2019-12-05,2310,021672,,4,3,7,3801,0,1,1,,1,081,"I-80 W/B","YBI TUNNEL WEST EDGE",6653.00,W,N,A,-,Y,,,80,,,,,,W,Y,2,0,1,3,A,-,07,21658,A,M,B,C,E,A,H,-,C,D,0,Y,,,,Y,,A,01,1,0,0,0,1,0,0,0,0,"- ","- ",37.795459747314453,-122.38091278076172,"SAN FRANCISCO","SAN FRANCISCO",-122.38089752197266,37.795444488525391
91168252,2020,2020-01-20,9335,2020-01-10,0123,022416,,5,3,7,3801,0,1,2,,2,013,"US-101 S/B","SILVER AVENUE",1795.00,N,N,A,-,Y,,,101,,,,,,S,Y,2,0,2,2,A,-,01,23152,A,N,D,C,A,A,H,-,D,D,0,,,,,Y,Y,A,07,1,1,0,0,0,0,0,0,0,"- ","- ",37.737258911132812,-122.40794372558594,"SAN FRANCISCO","SAN FRANCISCO",-122.40788269042969,37.737274169921875
91170402,2020,2020-02-03,9335,2020-01-11,1430,022241,,6,2,7,3801,0,1,2,,2,013,"US-101 N/B","THE PAUL AVENUE UNDERCROSSING",147.00,N,N,A,-,Y,,,101,,,,,,N,Y,1,1,3,3,A,-,03,22350,,N,C,C,A,A,H,-,A,D,0,,,,,Y,,A,01,0,1,2,0,0,0,0,0,0,"- ","- ",37.724170684814453,-122.40126800537109,"SAN FRANCISCO","SAN FRANCISCO",-122.40126037597656,37.724170684814453
91191593,2020,2020-02-24,9335,2020-02-16,2230,022096,,7,3,7,3801,0,1,1,,2,023,"I-280 N/B","JUSTIN DR",606.00,N,N,A,-,Y,,,280,,,,,,N,Y,2,0,1,1,A,-,01,23152,A,N,E,I,A,A,H,-,C,D,0,,,,,Y,Y,A,01,1,0,0,0,0,0,0,0,0,"- ","- ",37.731441497802734,-122.42400360107422,"SAN FRANCISCO","SAN FRANCISCO",-122.42400360107422,37.731349945068359
91192675,2020,2020-02-25,9335,2020-02-15,2215,022348,,6,3,7,3801,0,1,1,,1,083,"I-80 E/B FROM ESSEX STREET","BEALE STREET",670.00,W,N,A,-,Y,,,80,,,,R,,E,Y,2,0,5,1,A,-,01,23152,A,N,E,I,A,A,H,-,C,D,0,,,,,Y,Y,A,01,2,2,1,0,0,0,0,0,0,"- ","- ",37.785411834716797,-122.39201354980469,"SAN FRANCISCO","SAN FRANCISCO",-122.39201354980469,37.785411834716797
9120749,2020,2020-08-26,3801,2020-06-11,1358,899,TENDE,4,5,7,3801,0,0,0,,0,3J54C,"TURK ST","LARKIN ST",0.00,,Y,A,-,N,,,,,,,,,,Y,2,0,1,3,A,-,17,21663,,F,G,B,B,A,H,-,A,A,0,Y,,,,Y,,A,01,1,0,0,0,1,0,0,0,0,"- ","- ",,,"SAN FRANCISCO","SAN FRANCISCO",-122.41734313964844,37.782379150390625
9120891,2020,2020-08-27,3801,2020-06-07,0924,1394,PARK,7,5,7,3801,0,0,0,,0,3F12A,"TWIN PEAKS BL","BURNETT AV",0.00,,Y,A,-,N,,,,,,,,,,N,2,0,1,1,A,-,03,22350,,N,H,A,A,A,H,-,A,D,0,,,Y,,Y,,C,02,1,0,0,0,0,0,0,0,1,"- ","- ",,,"SAN FRANCISCO","SAN FRANCISCO",-122.44692993164062,37.75653076171875
91211679,2020,2020-03-19,9335,2020-03-09,0843,020509,,1,1,7,3801,0,1,1,,2,080,"I-80 WESTBOUND","2ND ST U/C",347.00,E,N,A,-,Y,,,80,,,,,,W,Y,2,0,1,1,C,-,18,,,N,E,I,A,A,H,-,A,D,0,,,,,Y,,-,"- ",1,0,0,0,0,0,0,0,0,"- ","- ",37.784221649169922,-122.39321899414062,"SAN FRANCISCO","SAN FRANCISCO",-122.39338684082031,37.784641265869141
91218093,2020,2020-03-30,9335,2020-03-24,1424,021424,,2,2,7,3801,0,1,2,,2,013,"US-101 S/B","BACON ST",100.00,N,N,A,-,Y,,,101,,,,,,S,Y,2,0,1,2,A,-,03,22350,,N,C,C,A,A,H,-,A,D,0,,,,,Y,,A,01,1,0,0,0,0,0,0,0,0,"- ","- ",37.727828979492188,-122.40299987792969,"SAN FRANCISCO","SAN FRANCISCO",-122.40299224853516,37.727832794189453
91228366,2019,2020-04-22,9335,2019-10-03,0024,021957,,4,3,7,3801,0,1,2,,2,013,"US-101 NORTHBOUND","3RD STREET OVERCROSSING NORTH ROAD EDGE",50.00,N,N,A,-,Y,,,101,,,,,,N,Y,1,4,0,2,A,-,05,21651,B,N,A,C,A,A,H,-,C,D,0,,,,,Y,,A,01,0,0,0,0,0,0,0,0,0,"- ","- ",37.716159820556641,-122.39852905273438,"SAN FRANCISCO","SAN FRANCISCO",-122.39856719970703,37.716140747070312
91231250,2020,2020-04-30,9335,2020-04-24,2220,022348,,5,3,7,3801,0,1,2,,2,015,"US-101 S/B FROM SOUTH VAN NESS AVE","SOUTH VAN NESS AVENUE",195.00,S,N,A,-,Y,,,101,,,,R,,S,N,2,0,1,2,A,-,11,21954,A,F,G,B,D,A,H,-,C,D,0,Y,,,,Y,,N,60,1,0,0,0,1,0,0,0,0,"- ","- ",37.768871307373047,-122.41850280761719,"SAN FRANCISCO","SAN FRANCISCO",-122.41850280761719,37.768871307373047