CASE_ID,ACCIDENT_YEAR,PROC_DATE,JURIS,COLLISION_DATE,COLLISION_TIME,OFFICER_ID,REPORTING_DISTRICT,DAY_OF_WEEK,CHP_SHIFT,POPULATION,CNTY_CITY_LOC,SPECIAL_COND,BEAT_TYPE,CHP_BEAT_TYPE,CITY_DIVISION_LAPD,CHP_BEAT_CLASS,BEAT_NUMBER,PRIMARY_RD,SECONDARY_RD,DISTANCE,DIRECTION,INTERSECTION,WEATHER_1,WEATHER_2,STATE_HWY_IND,CALTRANS_COUNTY,CALTRANS_DISTRICT,STATE_ROUTE,ROUTE_SUFFIX,POSTMILE_PREFIX,POSTMILE,LOCATION_TYPE,RAMP_INTERSECTION,SIDE_OF_HWY,TOW_AWAY,COLLISION_SEVERITY,NUMBER_KILLED,NUMBER_INJURED,PARTY_COUNT,PRIMARY_COLL_FACTOR,PCF_CODE_OF_VIOL,PCF_VIOL_CATEGORY,PCF_VIOLATION,PCF_VIOL_SUBSECTION,HIT_AND_RUN,TYPE_OF_COLLISION,MVIW,PED_ACTION,ROAD_SURFACE,ROAD_COND_1,ROAD_COND_2,LIGHTING,CONTROL_DEVICE,CHP_ROAD_TYPE,PEDESTRIAN_ACCIDENT,BICYCLE_ACCIDENT,MOTORCYCLE_ACCIDENT,TRUCK_ACCIDENT,NOT_PRIVATE_PROPERTY,ALCOHOL_INVOLVED,STWD_VEHTYPE_AT_FAULT,CHP_VEHTYPE_AT_FAULT,COUNT_SEVERE_INJ,COUNT_VISIBLE_INJ,COUNT_COMPLAINT_PAIN,COUNT_PED_KILLED,COUNT_PED_INJURED,COUNT_BICYCLIST_KILLED,COUNT_BICYCLIST_INJURED,COUNT_MC_KILLED,COUNT_MC_INJURED,PRIMARY_RAMP,SECONDARY_RAMP,LATITUDE,LONGITUDE,COUNTY,CITY,POINT_X,POINT_Y
91262722,2020,2020-07-03,9335,2020-06-24,0217,022188,,3,3,7,3801,0,1,1,,1,081,"I-80 W/B","YERBA BUENA ISLAND TUNNEL",677.00,W,N,A,-,Y,,,80,,,,,,W,Y,2,0,3,1,A,-,08,22107,,N,E,I,A,A,H,-,C,D,0,,,,,Y,,A,07,1,2,0,0,0,0,0,0,0,"- ","- ",37.807399749755859,-122.36750030517578,"SAN FRANCISCO","SAN FRANCISCO",-122.36768341064453,37.807586669921875
91268778,2020,2020-07-15,9335,2020-07-07,1510,021756,,2,2,7,3801,0,1,2,,2,014,"US-101 N/B","VERMONT ST",109.00,S,N,A,-,Y,,,101,,,,,,N,Y,2,0,1,1,A,-,03,22350,,N,E,I,A,A,H,-,A,D,0,,,Y,,Y,,C,02,1,0,0,0,0,0,0,0,1,"- ","- ",37.763389587402344,-122.40486907958984,"SAN FRANCISCO","SAN FRANCISCO",-122.40502166748047,37.763435363769531
91282680,2020,2020-08-10,9335,2020-05-05,1922,021886,,2,2,7,3801,0,1,1,,2,022,"I-280 N/B","HAVELOCK ST. PED O/C",885.00,N,N,A,-,Y,,,280,,,,,,N,Y,2,0,2,1,A,-,08,22107,,M,E,I,A,A,H,-,A,D,0,,,,,Y,,A,01,1,1,0,0,0,0,0,0,0,"- ","- ",37.727241516113281,-122.44461822509766,"SAN FRANCISCO","SAN FRANCISCO",-122.44470977783203,37.72735595703125
91284053,2020,2020-08-11,9335,2020-08-07,2030,022241,,5,2,7,3801,0,1,1,,1,081,"I-80 W/B TO HARRISON STREET","BEALE STREET UNDERCROSSING",1173.00,W,N,A,-,Y,,,80,,,,R,,W,Y,2,0,1,1,A,-,08,22107,,N,E,I,A,A,H,-,B,D,0,,,,,Y,,A,08,1,0,0,0,0,0,0,0,0,"- ","- ",37.784431457519531,-122.39331817626953,"SAN FRANCISCO","SAN FRANCISCO",-122.39331817626953,37.784431457519531
91288882,2020,2020-08-28,9335,2020-08-13,0700,019581,,4,1,7,3801,0,1,1,,1,083,"I-80 E/B","YERBA BUENA TUNNEL",1300.00,E,N,A,-,Y,,,80,,,,,,E,Y,2,0,2,4,A,-,03,22350,,N,C,C,A,A,H,-,A,D,0,,,Y,,Y,,A,01,2,0,0,0,0,0,0,0,0,"- ","- ",37.806190490722656,-122.3692626953125,"SAN FRANCISCO","SAN FRANCISCO",-122.36923217773438,37.806159973144531
91341360,2020,2020-11-09,9335,2020-10-30,0250,022486,,5,3,7,3801,0,1,2,,2,013,"US-101 S/B FROM CESAR CHAVEZ ST","CESAR CHAVEZ ST",495.00,S,N,A,-,Y,,,101,,,,R,,S,Y,2,0,1,1,A,-,08,22107,,N,E,I,A,A,H,-,C,D,0,,,Y,,Y,,C,02,1,0,0,0,0,0,0,0,1,"- ","- ",37.748500823974609,-122.40473937988281,"SAN FRANCISCO","SAN FRANCISCO",-122.40473937988281,37.748500823974609
9136995,2020,2020-09-17,3801,2020-07-09,0915,1887,TRAFF,4,5,7,3801,0,0,0,,0,4B1B,"MISSION ST","08TH ST",30.00,W,N,A,-,N,,,,,,,,,,N,2,0,1,2,A,-,11,21955,,N,G,B,D,A,H,-,A,D,0,Y,,,,Y,,N,60,1,0,0,0,1,0,0,0,0,"- ","- ",,,"SAN FRANCISCO","SAN FRANCISCO",,
9137456,2020,2020-09-23,3801,2020-07-12,1712,2229,NORTH,7,5,7,3801,0,0,0,,0,,"VAN NESS AV","FELL ST",0.00,,Y,A,-,N,,,,,,,,,,Y,2,0,2,2,A,-,12,21453,A,N,D,C,A,A,H,-,A,A,0,,,,,Y,,A,01,1,1,0,0,0,0,0,0,0,"- ","- ",,,"SAN FRANCISCO","SAN FRANCISCO",-122.41950225830078,37.776378631591797
9138930,2020,2020-10-09,3801,2020-07-31,2116,2457,SOUTH,5,5,7,3801,0,0,0,,0,SECTOR,"MARKET ST","VALENCIA ST",0.00,,Y,A,-,N,,,,,,,,,,N,2,0,2,2,A,-,05,21651,B,N,A,G,A,A,H,-,C,A,0,,Y,,,Y,,-,,1,1,0,0,0,0,1,0,0,"- ","- ",,,"SAN FRANCISCO","SAN FRANCISCO",-122.42262268066406,37.772548675537109
9145187,2020,2020-10-13,3801,2020-08-13,2202,983,BAYVI,4,5,7,3801,0,0,0,,0,3C13E,"CARGO WY","MENDELL ST",54.00,W,N,A,-,N,,,,,,,,,,N,2,0,1,2,D,-,00,,,F,H,G,A,A,H,-,E,A,0,,Y,,,Y,,-,"- ",1,0,0,0,0,0,1,0,0,"- ","- ",,,"SAN FRANCISCO","SAN FRANCISCO",-122.38329315185547,37.743995666503906
9145219,2020,2020-10-12,3801,2020-08-14,2053,1994,TRAFF,5,5,7,3801,0,0,0,,0,4B1G,"PALOU AV","CRISP AV",29.00,E,N,A,-,N,,,,,,,,,,N,2,0,1,2,A,-,03,22350,,F,G,B,D,A,G,-,E,D,0,Y,,,,Y,,A,01,1,0,0,0,1,0,0,0,0,"- ","- ",,,"SAN FRANCISCO","SAN FRANCISCO",-122.37981414794922,37.727714538574219
91468005,2020,2021-05-07,9335,2020-09-05,2349,021672,,6,3,7,3801,0,1,2,,2,013,"US-101 N/B TO I-280","SILVER AVENUE",778.00,S,N,A,-,Y,,,101,,,,R,,N,Y,1,1,0,2,A,-,03,22350,,N,C,C,A,A,H,-,C,D,0,,,Y,Y,Y,,C,02,0,0,0,0,0,0,0,1,0,"- ","- ",37.730701446533203,-122.40380096435547,"SAN FRANCISCO","SAN FRANCISCO",-122.40380096435547,37.730701446533203
91468695,2021,2021-05-10,9335,2021-05-02,1730,021736,,7,2,7,3801,0,1,1,,2,023,"I-280 S/B","MISSION ST",235.00,N,N,A,-,Y,,,280,,,,,,S,Y,2,0,1,1,A,-,08,22107,,N,E,I,A,A,H,-,A,D,0,,,Y,,Y,,C,02,1,0,0,0,0,0,0,0,1,"- ","- ",37.73175048828125,-122.42722320556641,"SAN FRANCISCO","SAN FRANCISCO",-122.42720031738281,37.731830596923828
91484857,2021,2021-11-05,9335,2021-05-15,1238,019631,,6,1,7,3801,0,1,1,,1,083,"I-80 E/B","TREASURE ISLAND TUNNEL (WEST EDGE)",80.00,W,N,B,-,Y,,,80,,,,,,E,Y,2,0,2,4,A,-,03,22350,,M,C,C,A,A,H,-,A,D,0,,,Y,,Y,,C,02,1,1,0,0,0,0,0,0,1,"- ","- ",37.808578491210938,-122.36686706542969,"SAN FRANCISCO","SAN FRANCISCO",-122.36676788330078,37.808479309082031
9151441,2020,2020-10-13,3801,2020-08-23,2238,4104,TENDE,7,5,7,3801,0,0,0,,0,3J11E,"GOLDEN GATE AV","HYDE ST",0.00,,Y,A,-,N,,,,,,,,,,N,2,0,1,2,A,-,03,22350,,F,G,B,D,A,H,-,C,A,0,Y,,,,Y,,-,,1,0,0,0,1,0,0,0,0,"- ","- ",,,"SAN FRANCISCO","SAN FRANCISCO",-122.41549682617188,37.781650543212891
9151444,2020,2020-10-13,3801,2020-08-22,2105,1750,BAYVI,6,5,7,3801,0,0,0,,0,0C2,"PALOU AV","QUINT ST",22.00,E,N,A,-,N,,,,,,,,,,Y,2,0,1,1,A,-,08,22107,,N,E,I,A,A,H,-,C,D,0,,,Y,,Y,,C,03,1,0,0,0,0,0,0,0,1,"- ","- ",,,"SAN FRANCISCO","SAN FRANCISCO",-122.39645385742188,37.737171173095703
91585661,2021,2021-10-01,9335,2021-09-17,1755,022186,,5,2,7,3801,0,1,1,,2,023,"I-280 N/B","SAN JOSE AVENUE O/C",22.00,S,N,B,-,Y,,,280,,,,,,N,Y,2,0,1,4,A,-,03,22350,,N,C,C,A,A,H,-,A,D,0,,,,,Y,,A,01,1,0,0,0,0,0,0,0,0,"- ","- ",37.718448638916016,-122.44828796386719,"SAN FRANCISCO","SAN FRANCISCO",-122.44841003417969,37.718463897705078
91612083,2021,2021-11-01,9335,2021-09-04,2333,022271,,6,3,7,3801,0,1,1,,2,022,"I-280 N/B","GENEVA AVENUE",980.00,S,N,B,-,Y,,,280,,,,,,N,Y,2,0,2,2,A,-,01,23152,A,N,A,C,A,A,H,-,C,A,0,,,,,Y,Y,A,01,2,0,0,0,0,0,0,0,0,"- ","- ",37.718498229980469,-122.44837951660156,"SAN FRANCISCO","SAN FRANCISCO",-122.44840240478516,37.718502044677734
91657028,2021,2022-01-21,9335,2021-12-10,1200,022596,,5,1,7,3801,0,1,2,,2,014,"US-101 S/B","23RD STREET OVERCROSSING",14.00,N,N,A,-,Y,,,101,,,,,,S,Y,2,0,1,4,A,-,07,21658,A,N,B,C,A,A,H,-,A,D,0,,,Y,,Y,,A,01,1,0,0,0,0,0,0,0,1,"- ","- ",37.754470825195312,-122.40319061279297,"SAN FRANCISCO","SAN FRANCISCO",-122.40313720703125,37.754474639892578
9169213,2020,2020-11-17,3801,2020-09-18,0022,1371,NORTH,5,5,7,3801,0,0,0,,0,006,"GOUGH ST","GREEN ST",0.00,,Y,A,-,N,,,,,,,,,,Y,2,0,1,2,A,-,12,22450,A,N,D,C,A,A,H,-,C,A,0,,,Y,,Y,,C,02,1,0,0,0,0,0,0,0,1,"- ","- ",,,"SAN FRANCISCO","SAN FRANCISCO",-122.42707824707031,37.797199249267578
91750200,2021,2022-04-18,9335,2021-09-10,2300,022596,,5,3,7,3801,0,1,2,,2,014,"US-101 N/B","CESAR CHAVEZ OVERCROSSING",480.00,N,N,A,-,Y,,,101,,,,,,N,N,1,1,0,2,A,-,08,22107,,F,G,B,E,A,H,-,D,D,0,Y,,,,Y,Y,-,99,0,0,0,1,0,0,0,0,0,"- ","- ",37.750839233398438,-122.40309143066406,"SAN FRANCISCO","SAN FRANCISCO",-122.40313720703125,37.7508544921875
91784711,2022,2022-05-31,9335,2022-05-21,0101,022468,,6,3,7,3801,0,1,1,,1,083,"I-80 E/B","CECTER ANCHORAGE",1056.00,W,N,A,-,Y,SF,,80,,,6.548,H,,R,Y,2,0,3,2,A,-,01,23152,A,N,A,C,A,A,H,-,C,D,0,,,,,Y,Y,A,01,1,0,2,0,0,0,0,0,0,"- ","- ",37.795810699462891,-122.38017272949219,"SAN FRANCISCO","SAN FRANCISCO",-122.38023376464844,37.795852661132812
91788502,2021,2022-06-06,9335,2021-03-26,0450,021754,,5,3,7,3801,0,1,2,,2,013,"US-101 NB TO I-280 NB","ELMIRA ST",10.00,N,N,A,-,Y,,,,,,,,,,Y,2,0,1,2,A,-,11,21954,A,N,G,B,E,A,H,-,D,D,0,Y,,,,Y,,N,60,1,0,0,0,1,0,0,0,0,"- ","- ",37.736408233642578,-122.40377807617188,"SAN FRANCISCO","SAN FRANCISCO",,
91808926,2022,2022-07-01,9335,2022-05-14,0618,019434,,6,1,7,3801,0,1,1,,2,080,"I-80 W/B TO 8TH STREET","8TH STREET",340.00,E,N,A,-,Y,,,,,,,,,,Y,2,0,3,2,A,-,01,23152,A,N,B,C,A,A,H,-,A,D,0,,,,,Y,Y,A,01,2,1,0,0,0,0,0,0,0,"- ","- ",37.774158477783203,-122.40721130371094,"SAN FRANCISCO","SAN FRANCISCO",-122.40721130371094,37.774158477783203
91872295,2022,2022-09-23,9350,2022-09-20,1720,021696,,2,2,7,3801,0,1,2,,1,120,"US-101 N/B (GGB EAST SIDEWALK)","GOLDEN GATE BRIDGE SOUTH TOWER",40.00,S,N,A,-,Y,,,,,,,,,,N,2,0,1,1,A,-,21,22106,,N,E,A,A,A,H,-,A,D,0,,Y,,,Y,,L,04,1,0,0,0,0,0,1,0,0,"- ","- ",37.813980102539062,-122.47775268554688,"SAN FRANCISCO","SAN FRANCISCO",-122.47794342041016,37.813953399658203
91874373,2022,2022-09-27,9335,2022-09-18,1210,023078,,7,1,7,3801,0,1,1,,2,023,"I-280 N/B","BADEN ST",400.00,S,N,C,-,Y,SF,,280,,R,2.438,H,,R,Y,2,0,1,2,A,-,03,22350,,N,B,C,A,B,H,-,A,D,0,,,,,Y,,A,01,1,0,0,0,0,0,0,0,0,"- ","- ",37.729869842529297,-122.43984985351562,"SAN FRANCISCO","SAN FRANCISCO",-122.43982696533203,37.729824066162109
91885281,2022,2022-10-07,9335,2022-09-30,1400,023065,,5,2,7,3801,0,1,1,,2,024,"I-280 SOUTHBOUND","THE SOUTH ROAD EDGE OF EVANS AVENUE UNDERCROSSING",900.00,S,N,A,-,Y,SF,,280,,R,5.179,H,,L,Y,2,0,3,1,A,-,08,22107,,N,E,I,A,A,H,-,A,D,0,,,,,Y,,A,01,2,1,0,0,0,0,0,0,0,"- ","- ",37.74407958984375,-122.39592742919922,"SAN FRANCISCO","SAN FRANCISCO",-122.39595031738281,37.744094848632812
91886024,2022,2022-10-10,9335,2022-09-29,2357,022897,,4,3,7,3801,0,1,2,,2,015,"US-101 N/B","10TH STREET",20.00,W,N,A,-,Y,SF,,101,,R,4.619,H,,R,Y,2,0,1,1,A,-,03,22350,,N,E,I,A,A,H,-,C,A,0,,,Y,,Y,,C,02,1,0,0,0,0,0,0,0,1,"- ","- ",37.769851684570312,-122.40910339355469,"SAN FRANCISCO","SAN FRANCISCO",-122.40907287597656,37.769824981689453
9194299,2020,2021-01-20,3801,2020-11-03,1749,1666,PARK,2,5,7,3801,0,0,0,,0,4CAR,"WALLER ST","WEBSTER ST",0.00,,Y,A,-,N,,,,,,,,,,N,2,0,2,2,A,-,12,22450,A,F,D,C,A,A,H,-,C,A,0,,,,,Y,Y,A,01,2,0,0,0,0,0,0,0,0,"- ","- ",,,"SAN FRANCISCO","SAN FRANCISCO",-122.42861175537109,37.771389007568359
92009005,2023,2023-03-03,9335,2023-02-20,1155,023063,,1,1,7,3801,0,1,1,,2,080,"I-80 EASTBOUND","5TH STREET",215.00,W,N,A,-,Y,SF,,80," "," ",4.787,H,,R,Y,2,0,1,2,A,-,03,22350,,N,C,C,A,A,H,-,A,D,0,,,Y,,Y,,C,02,1,0,0,0,0,0,0,0,1,"- ","- ",37.777881622314453,-122.40160369873047,"SAN FRANCISCO","SAN FRANCISCO",-122.40156555175781,37.777843475341797
9211510,2020,2021-01-21,3801,2020-10-14,0418,1114,TRAFF,3,5,7,3801,0,0,0,,0,4C3,"MASONIC AV","HAYES ST",0.00,,Y,A,-,N,,,,,,,,,,Y,1,1,0,2,D,-,00,,,F,D,C,A,A,H,-,C,A,0,,,Y,,Y,,-,"- ",0,0,0,0,0,0,0,1,0,"- ","- ",,,"SAN FRANCISCO","SAN FRANCISCO",-122.44611358642578,37.773941040039062
9211539,2020,2021-01-28,3801,2020-12-01,1857,2286,,2,5,7,3801,0,0,0,,0,4B4H,"GEARY BL","38TH AV",6.00,W,N,A,-,N,,,,,,,,,,Y,1,1,0,2,A,-,10,21950,A,N,G,B,B,A,H,-,C,D,0,Y,,,,Y,,A,01,0,0,0,1,0,0,0,0,0,"- ","- ",,,"SAN FRANCISCO","SAN FRANCISCO",-122.4986572265625,37.779468536376953
9211992,2020,2021-01-07,3801,2020-11-08,1721,1994,,7,5,7,3801,0,0,0,,0,4B3G,"GOUGH ST","EDDY ST",0.00,,Y,A,-,N,,,,,,,,,,Y,2,0,1,2,A,-,12,21453,A,N,D,C,A,A,H,-,C,A,0,,,Y,,Y,,C,03,1,0,0,0,0,0,0,0,1,"- ","- ",,,"SAN FRANCISCO","SAN FRANCISCO",-122.42411804199219,37.782470703125
9212103,2020,2021-01-14,3801,2020-11-19,0327,202,TRAFF,4,5,7,3801,0,0,0,,0,4B1D,"WALLER ST","FILLMORE ST",0.00,,Y,B,-,N,,,,,,,,,,Y,2,0,3,5,A,-,12,22450,A,N,D,C,A,-,H,-,A,A,0,,,,,Y,,-,"- ",1,2,0,0,0,0,0,0,0,"- ","- ",,,"SAN FRANCISCO","SAN FRANCISCO",-122.43023681640625,37.771190643310547
9213256,2020,2021-02-10,3801,2020-12-28,1526,577,TRAVA,1,5,7,3801,0,0,0,,0,0I1,"IRVING ST","24TH AV",134.00,W,N,A,-,N,,,,,,,,,,N,2,0,1,3,A,-,06,21751,,N,A,C,A,A,H,-,A,D,0,,,Y,,Y,,C,03,1,0,0,0,0,0,0,0,1,"- ","- ",,,"SAN FRANCISCO","SAN FRANCISCO",-122.48295593261719,37.763309478759766
92140388,2023,2023-08-10,9335,2023-07-30,2245,022860,,7,3,7,3801,0,1,2,,2,014,"US-101 S/B","15TH STREET UNDERCROSSING",150.00,N,N,A,-,Y,SF,,101," ",R,4.347,H,,L,N,2,0,1,1,A,-,03,22350,,N,E,I,A,A,H,-,C,D,0,,,Y,,Y,,C,02,1,0,0,0,0,0,0,0,1,"- ","- ",37.767681121826172,-122.40556335449219,"SAN FRANCISCO","SAN FRANCISCO",-122.40559387207031,37.767665863037109
9215567,2020,2021-02-24,3801,2020-12-07,0755,245,PARK,1,5,7,3801,0,0,0,,0,03C,"HAIGHT ST","BRODERICK ST",66.00,W,N,A,-,N,,,,,,,,,,N,2,0,1,1,C,-,18,,,N,H,A,A,A,H,-,A,D,0,,Y,,,Y,,-,"- ",1,0,0,0,0,0,1,0,0,"- ","- ",,,"SAN FRANCISCO","SAN FRANCISCO",-122.43894195556641,37.771022796630859
9215589,2020,2021-02-27,3801,2020-12-20,1337,1602,NORTH,7,5,7,3801,0,0,0,,0,3E12C,"FRANKLIN ST","OAK ST",38.00,S,N,A,-,N,,,,,,,,,,N,2,0,1,1,C,-,18,,,N,F,A,A,A,H,-,A,A,0,,,Y,,Y,,-,"- ",1,0,0,0,0,0,0,0,1,"- ","- ",,,"SAN FRANCISCO","SAN FRANCISCO",-122.42092895507812,37.775108337402344
9215910,2020,2021-02-10,3801,2020-12-06,1534,4119,TARAV,7,5,7,3801,0,0,0,,0,4B3K,"TARAVAL ST","25TH ST",5.00,E,N,A,-,N,,,,,,,,,,Y,2,0,1,2,A,-,01,23153,A,F,B,C,A,A,H,-,A,A,0,,,Y,,Y,Y,D,22,1,0,0,0,0,0,0,0,1,"- ","- ",,,"SAN FRANCISCO","SAN FRANCISCO",-122.48212432861328,37.742759704589844
9223337,2020,2021-02-18,3801,2020-11-04,1136,673,CENTR,3,5,7,3801,0,0,0,,0,,"MARKET ST","FRONT ST",0.00,,Y,-,-,N,,,,,,,,,,,2,0,1,1,C,-,18,,,N,-,-,A,A,H,-,A,A,0,,Y,,,Y,,-,"- ",1,0,0,0,0,0,1,0,0,"- ","- ",,,"SAN FRANCISCO","SAN FRANCISCO",-122.39833831787109,37.791690826416016
9223899,2021,2021-06-02,3801,2021-01-29,1420,1833,BAYVI,5,5,7,3801,0,0,0,,0,001,"25TH AV","PENNSYLVANIA AV",0.00,,Y,A,-,N,,,,,,,,,,N,2,0,1,2,A,-,10,21950,A,N,D,B,B,A,H,-,A,D,0,Y,,,,Y,,A,01,1,0,0,0,1,0,0,0,0,"- ","- ",,,"SAN FRANCISCO","SAN FRANCISCO",-122.39266204833984,37.752544403076172
9223908,2021,2021-03-22,3801,2021-01-27,0104,2494,INGLE,3,5,7,3801,0,0,0,,0,3H11E,"SAN JOSE AV","MILTON ST",0.00,,Y,C,G,N,,,,,,,,,,Y,2,0,1,1,A,-,03,22350,,F,E,I,A,B,H,-,C,D,0,,,,,Y,,A,08,1,0,0,0,0,0,0,0,0,"- ","- ",,,"SAN FRANCISCO","SAN FRANCISCO",-122.42958068847656,37.734317779541016
9223918,2021,2021-03-22,3801,2021-01-22,1836,2723,INGLE,5,5,7,3801,0,0,0,,0,3H15D,"FRANCE AV","VIENNA ST",0.00,,Y,F,-,N,,,,,,,,,,N,2,0,1,2,A,-,12,22450,A,N,D,C,A,A,H,-,C,A,0,,,Y,,Y,,C,03,1,0,0,0,0,0,0,0,1,"- ","- ",,,"SAN FRANCISCO","SAN FRANCISCO",-122.43276214599609,37.717353820800781
9227538,2021,2021-04-12,3801,2021-02-23,1200,156,BAYVI,2,5,7,3801,0,0,0,,0,3C60,"CESAR CHAVEZ ST","CONNECTICUT ST",158.00,E,N,A,-,N,,,,,,,,,,Y,2,0,1,2,A,-,05,21650,,N,B,C,A,A,H,-,A,D,0,,,Y,,Y,,C,02,1,0,0,0,0,0,0,0,1,"- ","- ",,,"SAN FRANCISCO","SAN FRANCISCO",-122.39572143554688,37.749782562255859
9227554,2021,2021-04-13,3801,2021-02-25,1420,1246,MISSI,4,5,7,3801,0,0,0,,0,,"DOLORES ST","24TH ST",10.00,S,N,A,-,N,,,,,,,,,,N,2,0,1,2,A,-,11,21453,D,N,G,B,B,A,H,-,A,A,0,Y,,,,Y,,N,60,1,0,0,0,1,0,0,0,0,"- ","- ",,,"SAN FRANCISCO","SAN FRANCISCO",-122.42522430419922,37.751811981201172
9227593,2021,2021-03-27,3801,2021-02-13,1956,668,NORTH,6,5,7,3801,0,0,0,,0,,"VAN NESS AV","GEARY ST",0.00,,Y,A,-,N,,,,,,,,,,N,2,0,1,2,A,-,03,22350,,F,C,C,A,A,H,-,C,A,0,,,,,Y,,A,01,1,0,0,0,0,0,0,0,0,"- ","- ",,,"SAN FRANCISCO","SAN FRANCISCO",-122.42131805419922,37.785697937011719
9228204,2021,2021-03-23,3801,2021-02-23,1406,319,CENTR,2,5,7,3801,0,0,0,,0,3A11A,"SUTTER ST","LARKIN ST",0.00,,Y,A,-,N,,,,,,,,,,N,2,0,1,2,A,-,03,22350,A,F,B,B,B,A,H,-,A,A,0,Y,Y,,,Y,,L,04,1,0,0,0,1,0,0,0,0,"- ","- ",,,"SAN FRANCISCO","SAN FRANCISCO",-122.41846466064453,37.787967681884766
92304132,2024,2024-02-02,9335,2024-01-05,1100,023312,,5,1,7,3801,0,1,2,,2,013,"US-101 S/B","SILVER AVE O/C",86.00,N,N,A,-,Y,SF,,101," "," ",1.797,H,,L,N,2,0,1,2,A,-,11,21954,A,N,G,B,E,A,H,-,A,D,0,Y,,,,Y,,N,60,1,0,0,0,1,0,0,0,0,"- ","- ",37.73291015625,-122.40554046630859,"SAN FRANCISCO","SAN FRANCISCO",-122.40550231933594,37.732925415039062
92311077,2024,2024-02-12,9335,2024-02-04,"206 ",023111,,7,3,7,3801,0,1,2,,2,013,"US-101 S/B","22ND STREET PEDESTRIAN OVERCROSSING",15.00,S,N,C,-,Y,SF,,101," "," ",3.514,H,,L,Y,2,0,3,4,A,-,01,23152,A,N,C,C,E,B,H,-,C,D,0,Y,,,,Y,Y,A,01,1,2,0,0,1,0,0,0,0,"- ","- ",37.756801605224609,-122.40351104736328,"SAN FRANCISCO","SAN FRANCISCO",-122.40354919433594,37.756790161132812
92321379,2023,2024-02-23,9335,2023-08-27,"735 ",018399,,7,1,7,3801,0,1,1,,1,081,"I-80 W/B","CECTER ANCHORAGE",752.00,E,N,A,-,Y,,,,,,,,,,N,2,0,3,3,A,-,03,22350,,N,C,C,A,A,H,-,C,D,0,,,,,Y,,A,01,1,1,1,0,0,0,0,0,0,"- ","- ",37.800498962402344,-122.37563323974609,"SAN FRANCISCO","SAN FRANCISCO",-122.37551116943359,37.800369262695312
92345403,2023,2024-03-25,9335,2023-12-10,"357 ",022860,,7,3,7,3801,0,1,1,,1,083,"I-80 E/B","TREASURE ISLAND ROAD",3000.00,W,N,A,-,Y,SF,,80," "," ",7.126,H,,R,Y,2,0,3,3,C,-,18,,,N,E,C,E,A,H,-,D,D,0,Y,,,,Y,,-,"- ",2,1,0,0,1,0,0,0,0,"- ","- ",37.802330017089844,-122.37332153320312,"SAN FRANCISCO","SAN FRANCISCO",-122.37325286865234,37.802284240722656
9239143,2021,2021-04-20,3801,2021-03-25,1905,335,TARAV,4,5,7,3801,0,0,0,,0,3I16D,"OCEAN AV","KEYSTONE WY",102.00,E,N,A,-,N,,,,,,,,,,Y,2,0,1,2,A,-,08,22107,,N,D,C,A,A,H,-,A,D,0,,,Y,,Y,,A,01,1,0,0,0,0,0,0,0,1,"- ","- ",,,"SAN FRANCISCO","SAN FRANCISCO",-122.46253204345703,37.725372314453125
92420607,2024,2024-06-21,9335,2024-05-11,"627 ",023474,,6,1,7,3801,0,1,1,,2,021,"I-280 N/B","JOHN DALY OVERCROSSING",523.00,S,N,A,-,Y,SM,,280," ",M,27.061,H,,R,N,2,0,1,1,A,-,08,22107,,M,E,I,A,A,H,-,B,D,0,,,,,Y,,A,01,1,0,0,0,0,0,0,0,0,"- ","- ",37.703548431396484,-122.4713134765625,"SAN FRANCISCO","SAN FRANCISCO",-122.47127532958984,37.703548431396484
9247474,2021,2021-04-17,3801,2021-03-16,1917,4012,TARAV,2,5,7,3801,0,0,0,,0,3I11D,"19TH AV","ULLOA ST",0.00,,Y,A,-,N,,,,,,,,,,Y,2,0,1,2,A,-,12,21453,A,N,D,C,A,A,H,-,B,A,0,,,,,Y,,A,01,1,0,0,0,0,0,0,0,0,"- ","- ",,,"SAN FRANCISCO","SAN FRANCISCO",-122.47557067871094,37.741195678710938