CASE_ID,ACCIDENT_YEAR,PROC_DATE,JURIS,COLLISION_DATE,COLLISION_TIME,OFFICER_ID,REPORTING_DISTRICT,DAY_OF_WEEK,CHP_SHIFT,POPULATION,CNTY_CITY_LOC,SPECIAL_COND,BEAT_TYPE,CHP_BEAT_TYPE,CITY_DIVISION_LAPD,CHP_BEAT_CLASS,BEAT_NUMBER,PRIMARY_RD,SECONDARY_RD,DISTANCE,DIRECTION,INTERSECTION,WEATHER_1,WEATHER_2,STATE_HWY_IND,CALTRANS_COUNTY,CALTRANS_DISTRICT,STATE_ROUTE,ROUTE_SUFFIX,POSTMILE_PREFIX,POSTMILE,LOCATION_TYPE,RAMP_INTERSECTION,SIDE_OF_HWY,TOW_AWAY,COLLISION_SEVERITY,NUMBER_KILLED,NUMBER_INJURED,PARTY_COUNT,PRIMARY_COLL_FACTOR,PCF_CODE_OF_VIOL,PCF_VIOL_CATEGORY,PCF_VIOLATION,PCF_VIOL_SUBSECTION,HIT_AND_RUN,TYPE_OF_COLLISION,MVIW,PED_ACTION,ROAD_SURFACE,ROAD_COND_1,ROAD_COND_2,LIGHTING,CONTROL_DEVICE,CHP_ROAD_TYPE,PEDESTRIAN_ACCIDENT,BICYCLE_ACCIDENT,MOTORCYCLE_ACCIDENT,TRUCK_ACCIDENT,NOT_PRIVATE_PROPERTY,ALCOHOL_INVOLVED,STWD_VEHTYPE_AT_FAULT,CHP_VEHTYPE_AT_FAULT,COUNT_SEVERE_INJ,COUNT_VISIBLE_INJ,COUNT_COMPLAINT_PAIN,COUNT_PED_KILLED,COUNT_PED_INJURED,COUNT_BICYCLIST_KILLED,COUNT_BICYCLIST_INJURED,COUNT_MC_KILLED,COUNT_MC_INJURED,PRIMARY_RAMP,SECONDARY_RAMP,LATITUDE,LONGITUDE,COUNTY,CITY,POINT_X,POINT_Y
9252267,2021,2021-04-27,3801,2021-03-15,1420,1364,NORTH,1,5,7,3801,0,0,0,,0,,"GOUGH ST","HAYES ST",0.00,,Y,A,-,N,,,,,,,,,,N,2,0,1,2,A,-,11,21453,D,N,D,B,-,A,H,-,A,A,0,Y,,,,Y,,N,60,1,0,0,0,1,0,0,0,0,"- ","- ",,,"SAN FRANCISCO","SAN FRANCISCO",-122.42296600341797,37.776878356933594
9262704,2021,2021-05-11,3801,2021-04-20,1916,1389,BAYVI,2,5,7,3801,0,0,0,,0,3C90,"INGALLS ST","ROSIE LEE LN",0.00,,Y,A,-,N,,,,,,,,,,Y,2,0,1,3,A,-,01,23152,A,N,B,I,A,A,H,-,C,-,0,,,,,Y,,A,01,1,0,0,0,0,0,0,0,0,"- ","- ",,,"SAN FRANCISCO","SAN FRANCISCO",-122.37934112548828,37.731681823730469
9262716,2021,2021-05-19,3801,2021-04-27,0705,728,TARAV,2,5,7,3801,0,0,0,,0,3I13A,"ULLOA ST","44TH AV",0.00,,Y,A,-,N,,,,,,,,,,N,2,0,1,2,A,-,10,21950,A,N,G,B,D,A,H,-,A,D,0,Y,,,,Y,,A,01,1,0,0,0,1,0,0,0,0,"- ","- ",,,"SAN FRANCISCO","SAN FRANCISCO",-122.50234985351562,37.739997863769531
9262741,2021,2021-05-11,3801,2021-04-16,1250,1237,CENTR,5,5,7,3801,0,0,0,,0,3A46C,"BUSH ST","GRANT AV",151.00,E,N,A,-,N,,,,,,,,,,N,2,0,1,1,A,-,03,22350,,N,F,J,A,A,-,-,A,D,0,,Y,,,Y,,L,04,1,0,0,0,0,0,1,0,0,"- ","- ",,,"SAN FRANCISCO","SAN FRANCISCO",-122.40502166748047,37.790634155273438
9262913,2021,2021-05-14,3801,2021-04-05,0155,2437,BAYVI,1,5,7,3801,0,0,0,,0,3C15E,"HUNTERS POINT EXPY","DONNER AV",391.00,S,N,A,-,N,,,,,,,,,,Y,2,0,2,3,A,-,03,22350,,M,B,E,A,A,H,-,C,D,0,,,,,Y,,A,01,1,0,1,0,0,0,0,0,0,"- ","- ",,,"SAN FRANCISCO","SAN FRANCISCO",,
9262919,2021,2021-05-17,3801,2021-04-04,0139,2479,NORTH,7,5,7,3801,0,0,0,,0,3E15E,"LOMBARD ST","FILLMORE ST",0.00,,Y,B,G,N,,,,,,,,,,N,2,0,1,2,A,-,03,22350,,F,G,B,D,A,H,-,C,A,0,Y,,,,Y,Y,A,08,1,0,0,0,1,0,0,0,0,"- ","- ",,,"SAN FRANCISCO","SAN FRANCISCO",-122.43605041503906,37.799846649169922
9275088,2021,2021-07-06,3801,2021-05-07,1719,9,CENTR,5,5,7,3801,0,0,0,,0,3A13D,"MARKET ST","FRONT ST",0.00,,Y,A,-,N,,,,,,,,,,N,2,0,1,1,A,-,03,22350,,N,E,I,A,A,H,-,A,A,0,,,Y,,Y,,C,02,1,0,0,0,0,0,0,0,1,"- ","- ",,,"SAN FRANCISCO","SAN FRANCISCO",-122.39833831787109,37.791694641113281
9275093,2021,2021-07-06,3801,2021-05-17,1200,640,MISSI,1,5,7,3801,0,0,0,,0,3D15C,"FOLSOM ST","15TH ST",0.00,,Y,A,-,N,,,,,,,,,,N,2,0,1,2,A,-,03,22411,,N,D,J,A,A,H,-,A,A,0,,,,,Y,,M,94,1,0,0,0,0,0,0,0,0,"- ","- ",,,"SAN FRANCISCO","SAN FRANCISCO",-122.41545867919922,37.766933441162109
9275107,2021,2021-07-02,3801,2021-05-06,1212,2229,SOUTH,4,5,7,3801,0,0,0,,0,3B15C,"HARRISON ST","4TH ST",0.00,,Y,A,-,N,,,,,,,,,,N,2,0,1,2,A,-,05,21202,A,N,D,G,A,A,H,-,A,A,0,,Y,,,Y,,L,04,1,0,0,0,0,0,1,0,0,"- ","- ",,,"SAN FRANCISCO","SAN FRANCISCO",-122.39962768554688,37.780776977539062
9275170,2021,2021-07-08,3801,2021-05-27,0810,1418,TARAV,4,5,7,3801,0,0,0,,0,03I,"8TH AV","LINCOLN WY",8.00,S,N,A,-,N,,,,,,,,,,N,2,0,1,2,A,-,05,21650,1,N,D,G,A,A,H,-,A,A,0,,,,,Y,,A,01,1,0,0,0,0,0,0,0,0,"- ","- ",,,"SAN FRANCISCO","SAN FRANCISCO",-122.46534729003906,37.765956878662109
92800154,2024,2024-07-29,9335,2024-07-15,"148 ",023483,,1,3,7,3801,0,1,2,,2,013,"US-101 N/B FROM THIRD ST.","US-101 N/B FROM THIRD STREET PHYSICAL GOREPOINT",25.00,N,N,A,-,Y,SF,,101," "," ",0.655,H,,R,N,2,0,1,2,A,-,11,21954,A,F,G,B,E,A,H,-,C,D,0,Y,,,,Y,Y,N,60,1,0,0,0,1,0,0,0,0,"- ","- ",37.717338562011719,-122.39878082275391,"SAN FRANCISCO","SAN FRANCISCO",-122.39899444580078,37.717304229736328
9281569,2021,2021-08-10,3801,2021-06-17,2108,2100,MISSI,4,5,7,3801,0,0,0,,0,3D11D,"DOLORES ST","19TH ST",0.00,,Y,A,-,N,,,,,,,,,,N,2,0,1,2,A,-,10,21950,A,N,G,B,B,A,H,-,C,A,0,Y,,,,Y,,A,01,1,0,0,0,1,0,0,0,0,"- ","- ",,,"SAN FRANCISCO","SAN FRANCISCO",-122.42600250244141,37.759849548339844
9285703,2021,2021-07-01,3801,2021-05-25,1806,746,INGLE,2,5,7,3801,0,0,0,,0,3H3D,"SAN JOSE AV","SAN JUAN AV",0.00,,Y,A,-,N,,,,,,,,,,N,2,0,1,2,A,-,11,21950,B,N,G,B,D,A,H,-,A,D,0,Y,,,,Y,,N,60,1,0,0,0,1,0,0,0,0,"- ","- ",,,"SAN FRANCISCO","SAN FRANCISCO",-122.44145202636719,37.726982116699219
9285720,2021,2021-07-01,3801,2021-05-01,1452,4314,RICHM,6,5,7,3801,0,0,0,,0,0G3,"GEARY BL","6TH AV",0.00,,Y,B,-,N,,,,,,,,,,N,2,0,1,2,A,-,12,21453,A,N,D,C,A,A,H,-,A,A,0,,,Y,,Y,,C,02,1,0,0,0,0,0,0,0,1,"- ","- ",,,"SAN FRANCISCO","SAN FRANCISCO",-122.46429443359375,37.781089782714844
9293052,2021,2021-08-09,3801,2021-06-05,1521,1961,SOUTH,6,5,7,3801,0,0,0,,0,0B5,"3RD ST","TERRY A FRANCOIS BL",0.00,,Y,A,-,N,,,,,,,,,,Y,2,0,2,1,A,-,03,22350,,N,E,I,A,A,H,-,A,C,0,,,,,Y,,A,01,1,0,1,0,0,0,0,0,0,"- ","- ",,,"SAN FRANCISCO","SAN FRANCISCO",-122.39002227783203,37.776294708251953
9294557,2021,2021-08-06,3801,2021-06-24,1530,637,SOUTH,4,5,7,3801,0,0,0,,0,3CAR,"MISSION ST","6TH ST",0.00,,Y,A,-,N,,,,,,,,,,N,2,0,1,2,A,-,11,21453,D,N,D,B,B,A,-,-,A,A,0,Y,,,,Y,,N,60,1,0,0,0,1,0,0,0,0,"- ","- ",,,"SAN FRANCISCO","SAN FRANCISCO",-122.40869140625,37.780982971191406
9301715,2021,2021-10-07,3801,2021-08-15,0150,1371,NORTH,7,5,7,3801,0,0,0,,0,002,"GEARY BL","STEINER ST",0.00,,Y,A,-,N,,,,,,,,,,Y,1,1,0,1,A,-,05,21651,A,N,E,I,A,A,H,-,C,A,0,,,Y,,Y,,C,02,0,0,0,0,0,0,0,1,0,"- ","- ",,,"SAN FRANCISCO","SAN FRANCISCO",-122.43457794189453,37.784320831298828
9301840,2021,2021-10-05,3801,2021-05-18,1859,1435,NORTH,2,5,7,3801,0,0,0,,0,4B4I,"POLK ST","HAYES ST",0.00,,Y,A,-,N,,,,,,,,,,Y,1,1,5,4,A,-,12,21453,A,F,D,C,B,A,H,-,A,A,0,Y,,,,Y,,A,07,1,2,2,1,1,0,0,0,0,"- ","- ",,,"SAN FRANCISCO","SAN FRANCISCO",-122.41803741455078,37.777507781982422
9308287,2021,2021-08-27,3801,2021-07-24,1639,4041,TARAV,6,5,7,3801,0,0,0,,0,3I11D,"15TH AV","LINCOLN WY",0.00,,Y,A,-,N,,,,,,,,,,N,2,0,1,2,A,-,11,21950,B,N,G,B,B,A,H,-,A,D,0,Y,,,,Y,,N,60,1,0,0,0,1,0,0,0,0,"- ","- ",,,"SAN FRANCISCO","SAN FRANCISCO",-122.47291564941406,37.765636444091797
9313242,2021,2021-09-09,3801,2021-07-17,2200,2745,BAYVI,6,5,7,3801,0,0,0,,0,3C105,"EVANS AV","RANKIN ST",55.00,W,N,A,-,N,,,,,,,,,,N,2,0,1,2,A,-,11,21453,D,N,G,B,D,A,H,-,C,A,0,Y,,,,Y,,N,60,1,0,0,0,1,0,0,0,0,"- ","- ",,,"SAN FRANCISCO","SAN FRANCISCO",-122.39235687255859,37.745197296142578
9313269,2021,2021-09-03,3801,2021-07-04,0127,1454,NORTH,7,5,7,3801,0,0,0,,0,3E15E,"LOMBARD ST","WEBSTER ST",0.00,,Y,A,-,N,,,,,,,,,,N,2,0,1,2,A,-,11,21453,D,N,G,B,B,B,H,-,C,A,0,Y,,,,Y,,N,60,1,0,0,0,1,0,0,0,0,"- ","- ",,,"SAN FRANCISCO","SAN FRANCISCO",-122.43438720703125,37.800064086914062
9313484,2021,2021-09-16,3801,2021-07-01,1000,1179,TENDE,4,5,7,3801,0,0,0,,0,3J15D,"EDDY ST","TAYLOR ST",0.00,,Y,B,-,N,,,,,,,,,,N,2,0,1,2,A,-,11,21955,,F,G,B,D,A,H,-,A,A,0,Y,,,,Y,,N,60,1,0,0,0,1,0,0,0,0,"- ","- ",,,"SAN FRANCISCO","SAN FRANCISCO",-122.41094970703125,37.784160614013672
9315086,2021,2021-09-13,3801,2021-07-29,1720,386,MISSI,4,5,7,3801,0,0,0,,0,3D14D,"13TH ST","HARRISON ST",0.00,,Y,A,-,N,,,,,,,,,,N,2,0,1,2,A,-,12,21453,A,N,D,J,A,A,H,-,A,A,0,,,,,Y,,M,94,1,0,0,0,0,0,0,0,0,"- ","- ",,,"SAN FRANCISCO","SAN FRANCISCO",-122.41340637207031,37.769454956054688
9341094,2021,2021-10-08,3801,2021-08-31,1430,905,MISSI,2,5,7,3801,0,0,0,,0,3D13C,"VALENCIA ST","17TH ST",0.00,,Y,A,-,N,,,,,,,,,,N,2,0,1,2,A,-,06,21750,A,N,C,J,A,A,H,-,A,A,0,,,,,Y,,M,94,1,0,0,0,0,0,0,0,0,"- ","- ",,,"SAN FRANCISCO","SAN FRANCISCO",-122.42173767089844,37.763298034667969
9343132,2021,2021-10-08,3801,2021-08-01,1941,1994,TRAFF,7,5,7,3801,0,0,0,,0,4B3G,"VALENCIA ST","18TH ST",0.00,,Y,A,-,N,,,,,,,,,,Y,2,0,1,2,A,-,12,21453,A,N,D,C,A,A,H,-,A,A,0,,,,,Y,,M,94,1,0,0,0,0,0,0,0,0,"- ","- ",,,"SAN FRANCISCO","SAN FRANCISCO",-122.42156219482422,37.761714935302734
9343159,2021,2021-10-07,3801,2021-08-13,1858,4118,MISSI,5,5,7,3801,0,0,0,,0,0D1,"VALENCIA ST","18TH ST",0.00,,Y,B,-,N,,,,,,,,,,N,2,0,2,2,A,-,03,22350,,N,G,B,E,A,H,-,B,A,0,Y,,,,Y,,-,,1,0,1,0,1,0,0,0,0,"- ","- ",,,"SAN FRANCISCO","SAN FRANCISCO",-122.42156219482422,37.761714935302734
9343173,2021,2021-10-13,3801,2021-08-12,0632,4301,NORTH,4,5,7,3801,0,0,0,,0,3E13A,"POLK ST","MYRTLE ST",0.00,,Y,A,-,N,,,,,,,,,,N,2,0,1,2,-,-,"- ",,B,F,A,C,A,-,H,-,A,A,0,,,Y,,Y,,A,01,1,0,0,0,0,0,0,0,1,"- ","- ",,,"SAN FRANCISCO","SAN FRANCISCO",-122.41963958740234,37.785427093505859
9343338,2021,2021-10-12,3801,2021-08-08,2335,524,INGLE,7,5,7,3801,0,0,0,,0,3H11E,"GENEVA AV","ALEMANY BL",0.00,,Y,A,-,N,,,,,,,,,,N,2,0,1,2,A,-,00,23109,,F,G,B,C,A,H,-,C,A,0,Y,,,,Y,,A,01,1,0,0,0,1,0,0,0,0,"- ","- ",,,"SAN FRANCISCO","SAN FRANCISCO",-122.43374633789062,37.713130950927734
9343966,2021,2021-10-12,3801,2021-08-29,0127,1240,TENDE,7,5,7,3801,0,0,0,,0,3J13E,"LARKIN ST","EDDY ST",0.00,,Y,A,-,N,,,,,,,,,,Y,2,0,2,2,A,-,12,21453,A,N,D,C,A,A,H,-,C,A,0,,,,,Y,Y,A,01,1,0,1,0,0,0,0,0,0,"- ","- ",,,"SAN FRANCISCO","SAN FRANCISCO",-122.41751861572266,37.783294677734375
9345611,2021,2021-10-30,3801,2021-09-13,1634,4041,TARAV,1,5,7,3801,0,0,0,,0,3I11D,"14TH AV","TARAVAL ST",0.00,,Y,A,-,N,,,,,,,,,,N,2,0,2,3,D,-,00,,,N,G,B,B,A,H,-,A,D,0,Y,,,,Y,,-,"- ",1,1,0,0,2,0,0,0,0,"- ","- ",,,"SAN FRANCISCO","SAN FRANCISCO",-122.47023010253906,37.743289947509766
9345624,2021,2021-10-29,3801,2021-09-23,2303,2220,MISSI,4,5,7,3801,0,0,0,,0,,"GUERRERO ST","17TH ST",0.00,,Y,A,-,N,,,,,,,,,,N,2,0,1,2,A,-,"- ",,,N,D,-,F,A,H,-,C,A,0,Y,Y,,,Y,,L,04,1,0,0,0,1,0,0,0,0,"- ","- ",,,"SAN FRANCISCO","SAN FRANCISCO",-122.42392730712891,37.763172149658203
9347343,2021,2021-10-28,3801,2021-09-27,0011,A23182,INGLE,1,5,7,3801,0,0,0,,0,3H15E,"EDINBURGH ST","EDINBURGH ST 710",0.00,,Y,F,-,N,,,,,,,,,,Y,2,0,2,3,A,-,01,23153,B,N,B,J,E,B,H,-,C,D,0,Y,,,,Y,Y,A,01,1,1,0,0,1,0,0,0,0,"- ","- ",,,"SAN FRANCISCO","SAN FRANCISCO",,
9362542,2021,2021-11-30,3801,2021-10-25,0920,156,BAYVI,1,5,7,3801,0,0,0,,0,3C60,"3RD ST","3RD ST  6619",9.00,W,N,A,-,N,,,,,,,,,,Y,2,0,1,1,A,-,05,21650,,M,A,I,A,A,H,-,A,D,0,,,,,Y,,A,01,1,0,0,0,0,0,0,0,0,"- ","- ",,,"SAN FRANCISCO","SAN FRANCISCO",,
9362844,2021,2021-12-01,3801,2021-10-01,0842,1487,TRAFF,5,5,7,3801,0,0,0,,0,4B2C,"SAN JOSE AV","PAULDING ST",3.00,N,N,A,-,N,,,,,,,,,,Y,2,0,1,2,A,-,10,21950,A,N,G,B,B,A,H,-,A,A,0,Y,,,,Y,,A,07,1,0,0,0,1,0,0,0,0,"- ","- ",,,"SAN FRANCISCO","SAN FRANCISCO",-122.44114685058594,37.72747802734375
9362848,2021,2021-12-01,3801,2021-10-09,1338,2312,BAYVI,6,5,7,3801,0,0,0,,0,903,"UNNAMED ST","AMADOR ST",0.00,,Y,A,-,N,,,,,,,,,,Y,2,0,1,1,C,-,18,,,N,E,J,A,A,H,-,A,D,0,,,,,Y,,-,"- ",1,0,0,0,0,0,0,0,0,"- ","- ",,,"SAN FRANCISCO","SAN FRANCISCO",,
9362853,2021,2021-12-01,3801,2021-10-01,0909,4313,RICHM,5,5,7,3801,0,0,0,,0,,"MAYFAIR DR","SPRUCE ST",0.00,,Y,A,-,N,,,,,,,,,,N,2,0,1,2,A,-,11,21954,A,N,G,B,D,A,H,-,A,D,0,Y,,,,Y,,N,60,1,0,0,0,1,0,0,0,0,"- ","- ",,,"SAN FRANCISCO","SAN FRANCISCO",-122.45364379882812,37.785636901855469
9362858,2021,2021-12-01,3801,2021-10-07,0958,1448,MISSI,4,5,7,3801,0,0,0,,0,3D11A,"GUERRERO ST","14TH ST",40.00,S,N,A,-,N,,,,,,,,,,N,2,0,1,2,A,-,08,22107,,N,F,A,A,A,H,-,A,D,0,,,Y,,Y,,A,01,1,0,0,0,0,0,0,0,1,"- ","- ",,,"SAN FRANCISCO","SAN FRANCISCO",-122.42440032958984,37.767910003662109
9366728,2021,2021-12-24,3801,2021-11-23,2155,4314,RICHM,2,5,7,3801,0,0,0,,0,0G4,"CALIFORNIA ST","22ND AV",75.00,W,N,A,-,N,,,,,,,,,,N,2,0,1,1,A,-,03,22350,,N,F,I,A,A,H,-,C,D,0,,,,,Y,,M,94,1,0,0,0,0,0,0,0,0,"- ","- ",,,"SAN FRANCISCO","SAN FRANCISCO",-122.4820556640625,37.784011840820312
9366739,2021,2021-12-24,3801,2021-11-15,1800,469,MISSI,1,5,7,3801,0,0,0,,0,3D16D,"SOUTH VAN NESS AV","16TH ST",178.00,S,N,A,-,N,,,,,,,,,,N,2,0,1,2,A,-,11,21955,,F,G,B,D,A,H,-,C,D,0,Y,,,,Y,,N,60,1,0,0,0,1,0,0,0,0,"- ","- ",,,"SAN FRANCISCO","SAN FRANCISCO",-122.41744995117188,37.764690399169922
9369312,2021,2021-12-20,3801,2021-11-16,1440,2481,SOUTH,2,5,7,3801,0,0,0,,0,00B,"HOWARD ST","FREMONT ST",0.00,,Y,A,-,N,,,,,,,,,,N,2,0,1,2,D,-,00,,,N,G,B,B,A,H,-,A,A,0,Y,,,,Y,,-,"- ",1,0,0,0,1,0,0,0,0,"- ","- ",,,"SAN FRANCISCO","SAN FRANCISCO",-122.3951416015625,37.789226531982422
9372351,2021,2021-12-06,3801,2021-10-27,1900,2107,NORTH,3,5,7,3801,0,0,0,,0,3E12D,"FULTON ST","PIECE ST",0.00,,Y,A,-,N,,,,,,,,,,N,2,0,1,2,A,-,11,21950,B,N,D,B,B,A,H,-,C,A,0,Y,,,,Y,,N,60,1,0,0,0,1,0,0,0,0,"- ","- ",,,"SAN FRANCISCO","SAN FRANCISCO",-122.43484497070312,37.777294158935547
9372369,2021,2021-12-04,3801,2021-10-19,1846,327,MISSI,2,5,7,3801,0,0,0,,0,3D15C,"16TH ST","CAPP ST",0.00,,Y,A,-,N,,,,,,,,,,N,2,0,1,2,A,-,08,22107,,N,A,C,A,A,H,-,C,A,0,,,,,Y,,A,01,1,0,0,0,0,0,0,0,0,"- ","- ",,,"SAN FRANCISCO","SAN FRANCISCO",-122.418701171875,37.765098571777344
9375873,2021,2021-12-27,3801,2021-11-03,0700,2339,PARK,3,5,7,3801,0,0,0,,0,3F14A,"CASTRO ST","15TH ST",70.00,N,N,A,-,N,,,,,,,,,,Y,2,0,1,3,C,-,18,,,N,C,C,A,A,H,-,C,D,0,,,,Y,Y,,-,"- ",1,0,0,0,0,0,0,0,0,"- ","- ",,,"SAN FRANCISCO","SAN FRANCISCO",-122.43547821044922,37.765911102294922
9376235,2021,2021-12-30,3801,2021-11-07,0150,2164,INGLE,7,5,7,3801,0,0,0,,0,3H15E,"MISSION ST","29TH ST",0.00,,Y,A,-,N,,,,,,,,,,Y,2,0,1,2,A,-,12,21453,A,F,C,C,A,A,H,-,C,-,0,,,Y,,Y,Y,A,01,1,0,0,0,0,0,0,0,1,"- ","- ",,,"SAN FRANCISCO","SAN FRANCISCO",-122.42092132568359,37.744083404541016
9376241,2021,2021-12-30,3801,2021-11-05,1823,334,BAYVI,5,5,7,3801,0,0,0,,0,0C5,"QUESADA AV","3RD ST",52.00,E,N,A,-,N,,,,,,,,,,N,2,0,1,2,A,-,03,22350,,F,G,B,D,A,H,-,B,A,0,Y,,,,Y,,A,01,1,0,0,0,1,0,0,0,0,"- ","- ",,,"SAN FRANCISCO","SAN FRANCISCO",-122.39117431640625,37.733196258544922
9377045,2021,2022-01-05,3801,2021-11-25,1943,1994,TRAFF,4,5,7,3801,0,0,0,,0,4B3G,"KING ST","5TH ST",8.00,W,N,A,-,N,,,,,,,,,,Y,2,0,1,2,A,-,11,21456,C,N,G,B,B,A,H,-,C,A,0,Y,,,,Y,Y,N,60,1,0,0,0,1,0,0,0,0,"- ","- ",,,"SAN FRANCISCO","SAN FRANCISCO",-122.39636993408203,37.774646759033203
9377242,2021,2021-12-21,3801,2021-09-20,1440,441,TRAFF,1,5,7,3801,0,0,0,,0,NORTHE,"HAYES ST","GOUGH ST",0.00,,Y,A,-,N,,,,,,,,,,N,2,0,1,2,A,-,17,21657,,F,D,C,A,A,H,-,A,A,0,,,,,Y,,M,94,1,0,0,0,0,0,0,0,0,"- ","- ",,,"SAN FRANCISCO","SAN FRANCISCO",-122.42296600341797,37.776878356933594
9380650,2021,2022-01-26,3801,2021-12-23,1612,1033,TENDE,4,5,7,3801,0,0,0,,0,3J13D,"LARKIN ST","TURK ST",70.00,N,N,A,-,N,,,,,,,,,,N,2,0,1,2,A,-,08,22107,,F,B,C,A,B,H,-,A,D,0,,,Y,,Y,,A,07,1,0,0,0,0,0,0,0,1,"- ","- ",,,"SAN FRANCISCO","SAN FRANCISCO",-122.41737365722656,37.782569885253906
9382395,2021,2021-12-29,3801,2021-11-21,2108,2498,SOUTH,7,5,7,3801,0,0,0,,0,3B14E,"MISSION ST","7TH ST",0.00,,Y,A,-,N,,,,,,,,,,N,2,0,1,2,A,-,12,21453,A,F,G,B,B,A,H,-,C,A,0,Y,,,,Y,,A,01,1,0,0,0,1,0,0,0,0,"- ","- ",,,"SAN FRANCISCO","SAN FRANCISCO",-122.41089630126953,37.779209136962891
9396425,2022,2022-06-14,3801,2022-05-17,1848,1160,SOUTH,2,5,7,3801,0,0,0,,0,0B1,"HOWARD ST","BEALE ST",0.00,,Y,A,-,N,,,,,,,,,,Y,2,0,2,2,A,-,12,21453,A,N,D,C,A,A,H,-,A,C,0,,,Y,,Y,,-,"- ",1,0,1,0,0,0,0,0,1,"- ","- ",,,"SAN FRANCISCO","SAN FRANCISCO",-122.39427947998047,37.789920806884766
9396460,2022,2022-06-16,3801,2022-05-24,0425,1350,BAYVI,2,5,7,3801,0,0,0,,0,3C12E,"PALOU AV","RANKIN ST",25.00,W,N,A,-,N,,,,,,,,,,Y,2,0,1,1,A,-,03,22350,,N,E,I,A,A,H,-,C,A,0,,,Y,,Y,,C,02,1,0,0,0,0,0,0,0,1,"- ","- ",,,"SAN FRANCISCO","SAN FRANCISCO",-122.39845275878906,37.738258361816406
9396468,2022,2022-06-15,3801,2022-05-12,1611,1766,PARK,4,5,7,3801,0,0,0,,0,4B103,"HAYES ST","BRODERICK ST",226.00,W,N,A,-,N,,,,,,,,,,N,2,0,1,1,D,-,00,,,N,H,-,A,A,H,-,A,D,0,,Y,,,Y,,-,"- ",1,0,0,0,0,0,1,0,0,"- ","- ",,,"SAN FRANCISCO","SAN FRANCISCO",-122.44024658203125,37.774665832519531
9403762,2022,2022-03-21,3801,2022-02-19,0318,A23187,CENTR,6,5,7,3801,0,0,0,,0,3A11E,"POST ST","LEAVENWORTH ST",0.00,,Y,A,-,N,,,,,,,,,,N,2,0,1,2,A,-,08,22107,,N,B,C,A,A,H,-,C,A,0,,,,,Y,,A,01,1,0,0,0,0,0,0,0,0,"- ","- ",,,"SAN FRANCISCO","SAN FRANCISCO",-122.41499328613281,37.787452697753906
9405563,2021,2022-02-28,3801,2021-12-31,1439,1936,TRAFF,5,5,7,3801,0,0,0,,0,4B1D,"MASONIC AV","FREDERICK ST",212.00,N,N,A,-,N,,,,,,,,,,N,2,0,1,2,A,-,06,21755,A,N,D,G,A,A,H,-,A,A,0,,Y,,,Y,,L,04,1,0,0,0,0,0,1,0,0,"- ","- ",,,"SAN FRANCISCO","SAN FRANCISCO",-122.44485473632812,37.76800537109375
9410020,2022,2022-03-17,3801,2022-02-04,1406,2481,SOUTH,5,5,7,3801,0,0,0,,0,004,"FOLSOM ST","13TH ST",0.00,,-,A,-,N,,,,,,,,,,N,2,0,1,2,A,-,08,22107,,N,A,C,A,A,H,-,A,A,0,,,Y,,Y,,A,01,1,0,0,0,0,0,0,0,1,"- ","- ",,,"SAN FRANCISCO","SAN FRANCISCO",-122.41558837890625,37.769515991210938
9410053,2022,2022-03-17,3801,2022-02-08,0634,892,SOUTH,2,5,7,3801,0,0,0,,0,0B3,"6TH ST","SHIPLEY ST",0.00,,Y,A,-,N,,,,,,,,,,N,2,0,1,2,A,-,11,21955,,N,G,B,D,A,H,-,B,A,0,Y,,,,Y,,N,60,1,0,0,0,1,0,0,0,0,"- ","- ",,,"SAN FRANCISCO","SAN FRANCISCO",-122.40505218505859,37.778057098388672
9410117,2022,2022-03-14,3801,2022-01-31,1818,1286,SOUTH,1,5,7,3801,0,0,0,,0,3B2,"5TH ST","FOLSOM ST",93.00,S,N,A,-,N,,,,,,,,,,N,2,0,1,2,A,-,05,21650,1,N,A,-,A,A,H,-,C,A,0,,Y,,,Y,,L,04,1,0,0,0,0,0,1,0,0,"- ","- ",,,"SAN FRANCISCO","SAN FRANCISCO",-122.40317535400391,37.780086517333984
9420286,2022,2022-04-18,3801,2022-02-27,1754,2465,TARAV,7,5,7,3801,0,0,0,,0,3I16D,"BROTHERHOOD WY","ARCH ST",0.00,,Y,A,-,N,,,,,,,,,,N,2,0,1,2,A,-,08,22103,,F,H,A,A,A,H,-,A,A,0,,,Y,,Y,,A,01,1,0,0,0,0,0,0,0,1,"- ","- ",,,"SAN FRANCISCO","SAN FRANCISCO",-122.46707916259766,37.712368011474609
9421314,2022,2022-03-25,3801,2022-02-02,1446,2493,PARK,3,5,7,3801,0,0,0,,0,3F13C,"STANYAN ST","HAYES ST",135.00,N,N,A,-,N,,,,,,,,,,N,2,0,1,2,A,-,03,22350,,N,C,C,A,A,-,-,A,A,0,,,Y,,Y,Y,C,02,1,0,0,0,0,0,0,0,1,"- ","- ",,,"SAN FRANCISCO","SAN FRANCISCO",-122.45436859130859,37.773235321044922
9427338,2022,2022-04-19,3801,2022-03-02,0609,156,BAYVI,3,5,7,3801,0,0,0,,0,3C60,"3RD ST","KIRKWOOD AV",0.00,,Y,A,-,N,,,,,,,,,,Y,2,0,1,1,A,-,07,21658,A,N,-,I,A,A,H,-,B,D,0,,,,,Y,,A,01,1,0,0,0,0,0,0,0,0,"- ","- ",,,"SAN FRANCISCO","SAN FRANCISCO",-122.38967895507812,37.737998962402344