CASE_ID,ACCIDENT_YEAR,PROC_DATE,JURIS,COLLISION_DATE,COLLISION_TIME,OFFICER_ID,REPORTING_DISTRICT,DAY_OF_WEEK,CHP_SHIFT,POPULATION,CNTY_CITY_LOC,SPECIAL_COND,BEAT_TYPE,CHP_BEAT_TYPE,CITY_DIVISION_LAPD,CHP_BEAT_CLASS,BEAT_NUMBER,PRIMARY_RD,SECONDARY_RD,DISTANCE,DIRECTION,INTERSECTION,WEATHER_1,WEATHER_2,STATE_HWY_IND,CALTRANS_COUNTY,CALTRANS_DISTRICT,STATE_ROUTE,ROUTE_SUFFIX,POSTMILE_PREFIX,POSTMILE,LOCATION_TYPE,RAMP_INTERSECTION,SIDE_OF_HWY,TOW_AWAY,COLLISION_SEVERITY,NUMBER_KILLED,NUMBER_INJURED,PARTY_COUNT,PRIMARY_COLL_FACTOR,PCF_CODE_OF_VIOL,PCF_VIOL_CATEGORY,PCF_VIOLATION,PCF_VIOL_SUBSECTION,HIT_AND_RUN,TYPE_OF_COLLISION,MVIW,PED_ACTION,ROAD_SURFACE,ROAD_COND_1,ROAD_COND_2,LIGHTING,CONTROL_DEVICE,CHP_ROAD_TYPE,PEDESTRIAN_ACCIDENT,BICYCLE_ACCIDENT,MOTORCYCLE_ACCIDENT,TRUCK_ACCIDENT,NOT_PRIVATE_PROPERTY,ALCOHOL_INVOLVED,STWD_VEHTYPE_AT_FAULT,CHP_VEHTYPE_AT_FAULT,COUNT_SEVERE_INJ,COUNT_VISIBLE_INJ,COUNT_COMPLAINT_PAIN,COUNT_PED_KILLED,COUNT_PED_INJURED,COUNT_BICYCLIST_KILLED,COUNT_BICYCLIST_INJURED,COUNT_MC_KILLED,COUNT_MC_INJURED,PRIMARY_RAMP,SECONDARY_RAMP,LATITUDE,LONGITUDE,COUNTY,CITY,POINT_X,POINT_Y
9431501,2022,2022-04-18,3801,2022-02-11,0041,1688,BAYVI,5,5,7,3801,0,0,0,,0,3C12E,"3RD ST","FAIRFAX AV",14.00,N,N,A,-,N,,,,,,,,,,N,2,0,1,2,A,-,06,21760,B,F,C,G,A,A,H,-,C,D,0,,Y,,,Y,,A,01,1,0,0,0,0,0,1,0,0,"- ","- ",,,"SAN FRANCISCO","SAN FRANCISCO",-122.38827514648438,37.742008209228516
9431567,2022,2022-04-15,3801,2022-03-04,0928,1605,NORTH,5,5,7,3801,0,0,0,,0,3E15A,"OCTAVIA ST","PAGE ST",0.00,,Y,A,-,N,,,,,,,,,,N,2,0,2,2,A,-,12,21453,A,N,D,G,A,B,-,-,A,A,0,,Y,,,Y,,L,04,1,1,0,0,0,0,2,0,0,"- ","- ",,,"SAN FRANCISCO","SAN FRANCISCO",-122.42411041259766,37.773883819580078
9434253,2022,2022-05-09,3801,2022-03-03,0730,2376,SOUTH,4,5,7,3801,0,0,0,,0,3B15A,"16TH ST","4TH ST",0.00,,Y,A,-,N,,,,,,,,,,N,2,0,1,2,A,-,08,22107,,N,D,-,A,A,H,-,A,A,0,,Y,,,Y,,A,01,1,0,0,0,0,0,1,0,0,"- ","- ",,,"SAN FRANCISCO","SAN FRANCISCO",-122.39083099365234,37.766845703125
9435245,2022,2022-04-28,3801,2022-03-13,1239,724,INGLE,7,5,7,3801,0,0,0,,0,3H13C,"MISSION ST","HIGHLAND AV",0.00,,Y,A,-,N,,,,,,,,,,N,2,0,1,2,A,-,12,21453,A,F,G,B,B,A,H,-,A,A,0,Y,,,,Y,Y,-,,1,0,0,0,1,0,0,0,0,"- ","- ",,,"SAN FRANCISCO","SAN FRANCISCO",-122.42404174804688,37.737358093261719
9437212,2022,2022-05-16,3801,2022-04-03,0136,2094,SOUTH,7,5,7,3801,0,0,0,,0,3B14E,"10TH ST","HARRISON ST",107.00,S,N,A,-,N,,,,,,,,,,Y,2,0,1,2,A,-,09,21804,A,N,B,G,A,A,H,-,C,A,0,,Y,,,Y,,L,04,1,0,0,0,0,0,1,0,0,"- ","- ",,,"SAN FRANCISCO","SAN FRANCISCO",-122.41099548339844,37.771389007568359
9441200,2022,2022-05-20,3801,2022-04-07,2146,1994,TRAFF,4,5,7,3801,0,0,0,,0,4B3D,"CAPP ST","16TH ST",126.00,N,N,A,-,N,,,,,,,,,,N,2,0,1,2,A,-,11,21955,,F,G,B,D,A,H,-,C,D,0,Y,,,,Y,,N,60,1,0,0,0,1,0,0,0,0,"- ","- ",,,"SAN FRANCISCO","SAN FRANCISCO",-122.418701171875,37.765098571777344
94427803,2024,2024-10-11,9335,2024-09-22,"203 ",023536,,7,3,7,3801,0,1,1,,1,081,"I-80 WB","SAN FRANCISCO OAKLAND BAY BRIDGE (SFOBB) TOWER",2000.00,E,N,A,-,Y,SF,,80," ",R,8.750,H,,L,Y,2,0,2,2,A,-,01,23152,A,N,A,C,A,A,H,-,C,A,0,,,,,Y,Y,A,01,1,1,0,0,0,0,0,0,0,"- ","- ",37.818790435791016,-122.35182189941406,"SAN FRANCISCO","SAN FRANCISCO",-122.35182952880859,37.818809509277344
9453829,2022,2022-07-19,3801,2022-06-09,2228,2740,TARAV,4,5,7,3801,0,0,0,,0,3I16E,"GRAFTON AV","CAPITOL AV",0.00,,Y,A,-,N,,,,,,,,,,N,2,0,1,2,A,-,11,21954,A,N,D,J,A,A,H,-,C,A,0,,,,,Y,Y,-,,1,0,0,0,0,0,0,0,0,"- ","- ",,,"SAN FRANCISCO","SAN FRANCISCO",-122.45921325683594,37.720016479492188
9453970,2022,2023-02-09,3801,2022-06-23,0802,9,CENTR,4,5,7,3801,0,0,0,,0,,"NORTH POINT ST","JONES ST",64.00,E,N,A,-,N,,,,,,,,,,N,1,1,0,1,A,-,03,22350,,N,B,I,A,A,B,-,A,A,0,,Y,,,Y,,L,04,0,0,0,0,0,1,0,0,0,"- ","- ",,,"SAN FRANCISCO","SAN FRANCISCO",-122.41687774658203,37.806179046630859
9459055,2022,2022-06-09,3801,2022-05-25,1255,"1394\",MISSI,3,5,7,3801,0,0,0,,0,MISSIO,"DUBOCE AV","MISSION ST",0.00,,Y,A,-,N,,,,,,,,,,N,2,0,1,2,A,-,12,21453,A,N,D,J,A,A,H,-,A,A,0,,,,,Y,,M,94,1,0,0,0,0,0,0,0,0,"- ","- ",,,"SAN FRANCISCO","SAN FRANCISCO",-122.42018127441406,37.769992828369141
94595118,2025,2025-03-03,9335,2025-02-25,"840 ",024042,,2,1,7,3801,0,1,1,,1,081,"I-80 W/B","I-80 W/B TO HARRISON STREET PHYSICAL GORE POINT",194.00,W,N,A,-,Y,SF,,80," "," ",5.498,H,,L,N,2,0,1,1,A,-,08,22107,,N,E,J,A,A,H,-,A,D,0,,,Y,,Y,,C,02,1,0,0,0,0,0,0,0,1,"- ","- ",37.784469604492188,-122.39327239990234,"SAN FRANCISCO","SAN FRANCISCO",-122.39337921142578,37.784645080566406
9464408,2022,2022-09-20,3801,2022-06-21,0436,262,TRAFF,2,5,7,3801,0,0,0,,0,4B2G,"SOUTH VAN NESS","16TH ST",0.00,,Y,A,-,N,,,,,,,,,,N,1,1,0,3,A,-,03,22350,,F,G,B,B,A,H,-,B,A,0,Y,,,,Y,,A,01,0,0,0,1,0,0,0,0,0,"- ","- ",,,"SAN FRANCISCO","SAN FRANCISCO",-122.41748809814453,37.765178680419922
9469534,2023,2023-10-02,3801,2023-08-25,1923,2355,TARAV,5,5,7,3801,0,0,0,,0,0I2,"ORTEGA ST","30TH AV",0.00,,Y,B,-,N,,,,,,,,,,N,2,0,2,3,A,-,10,21950,A,N,G,B,B,A,H,-,A,A,0,Y,,,,Y,,A,01,2,0,0,0,2,0,0,0,0,"- ","- ",,,"SAN FRANCISCO","SAN FRANCISCO",-122.48812103271484,37.751857757568359
9472030,2022,2022-07-13,3801,2022-06-16,1038,2196,MISSI,4,5,7,3801,0,0,0,,0,3D2A,"CHURCH ST","HILL ST",41.00,S,N,A,-,N,,,,,,,,,,N,2,0,1,1,A,-,03,22350,,N,A,I,A,A,H,-,A,D,0,,Y,,,Y,,L,04,1,0,0,0,0,0,1,0,0,"- ","- ",,,"SAN FRANCISCO","SAN FRANCISCO",-122.42781066894531,37.755577087402344
94725703,2025,2025-06-16,9335,2025-06-04,1515,024322,,3,2,7,3801,0,1,1,,2,080,"I-80 E/B","2ND STREET",60.00,W,N,A,-,Y,SF,,80," "," ",5.395,H,,R,N,2,0,1,4,A,-,03,22350,,F,B,C,A,A,H,-,A,D,0,,,Y,,Y,,C,02,1,0,0,0,0,0,0,0,1,"- ","- ",37.783531188964844,-122.39460754394531,"SAN FRANCISCO","SAN FRANCISCO",-122.39460754394531,37.783527374267578
94733257,2025,2025-06-20,9335,2025-03-25,1057,018371,,2,1,7,3801,0,1,1,,1,081,"W/B INTERSTATE 80 TO HARRISION ST","HARRISON ST",500.00,E,N,A,-,Y,SF,,80," "," ",5.622,H,,R,Y,2,0,2,3,A,-,01,23152,A,M,B,C,A,A,H,-,A,A,0,,,,,Y,Y,D,22,1,1,0,0,0,0,0,0,0,"- ","- ",37.785541534423828,-122.39141082763672,"SAN FRANCISCO","SAN FRANCISCO",-122.39147186279297,37.785594940185547
9478978,2022,2022-08-10,3801,2022-07-01,2353,2140,MISSI,5,5,7,3801,0,0,0,,0,3D11E,"MARKET ST","CHURCH ST",0.00,,Y,B,-,N,,,,,,,,,,N,2,0,1,2,A,-,11,21453,D,N,G,B,B,B,H,-,C,A,0,Y,,,,Y,,N,60,1,0,0,0,1,0,0,0,0,"- ","- ",,,"SAN FRANCISCO","SAN FRANCISCO",-122.42893981933594,37.767608642578125
9497063,2022,2022-09-01,3801,2022-03-12,2322,1207,TENDE,6,5,7,3801,0,0,0,,0,0J4,"TURK ST","LEAVENWORTH ST",108.00,E,N,B,-,N,,,,,,,,,,Y,2,0,1,2,A,-,03,22350,,F,A,B,E,A,H,-,C,D,0,Y,,,,Y,Y,A,01,1,0,0,0,1,0,0,0,0,"- ","- ",,,"SAN FRANCISCO","SAN FRANCISCO",-122.41367340087891,37.782844543457031
9503086,2022,2022-09-21,3801,2022-08-15,1700,2725,RICHM,1,5,7,3801,0,0,0,,0,,"GEARY BL","STANYAN ST",0.00,,Y,A,-,N,,,,,,,,,,Y,2,0,1,2,A,-,09,21801,,N,D,C,A,A,H,-,A,A,0,,,Y,,Y,,A,01,1,0,0,0,0,0,0,0,1,"- ","- ",,,"SAN FRANCISCO","SAN FRANCISCO",-122.45630645751953,37.781440734863281
9503097,2022,2022-09-21,3801,2022-08-05,1628,2419,RICHM,5,5,7,3801,0,0,0,,0,908,"CLAY ST","LYON ST",194.00,W,N,A,-,N,,,,,,,,,,N,2,0,1,1,A,-,03,22350,,N,H,A,A,A,G,-,A,D,0,,Y,,,Y,,L,04,1,0,0,0,0,0,1,0,0,"- ","- ",,,"SAN FRANCISCO","SAN FRANCISCO",-122.44643402099609,37.789157867431641
9503224,2022,2022-09-21,3801,2022-08-05,0830,2088,INGLE,5,5,7,3801,0,0,0,,0,3H2C,"CESAR CHAVEZ ST","HARRISTON ST",0.00,,Y,A,-,N,,,,,,,,,,N,2,0,1,1,D,-,00,,,N,H,-,A,A,H,-,A,A,0,,Y,,,Y,,-,"- ",1,0,0,0,0,0,1,0,0,"- ","- ",,,"SAN FRANCISCO","SAN FRANCISCO",-122.41151428222656,37.748359680175781
9503261,2022,2022-10-07,3801,2022-08-24,2023,4046,INGLE,3,5,7,3801,0,0,0,,0,3H15D,"ALEMANY BL","ADMIRAL AV",58.00,W,N,A,-,N,,,,,,,,,,Y,2,0,2,1,A,-,03,22350,,F,A,I,A,A,H,-,C,A,0,,,,,Y,,A,07,1,1,0,0,0,0,0,0,0,"- ","- ",,,"SAN FRANCISCO","SAN FRANCISCO",-122.43115234375,37.730567932128906
9503267,2022,2022-09-21,3801,2022-08-26,1407,677,SOUTH,5,5,7,3801,0,0,0,,0,3B11C,"BERRY ST","3RD ST",100.00,W,N,A,-,N,,,,,,,,,,N,2,0,1,3,A,-,08,22107,,N,D,C,A,A,H,-,A,A,0,,,,,Y,,A,01,1,0,0,0,0,0,0,0,0,"- ","- ",,,"SAN FRANCISCO","SAN FRANCISCO",-122.391357421875,37.777336120605469
9503428,2022,2022-09-23,3801,2022-06-14,1120,917,TRAFF,2,5,7,3801,0,0,0,,0,4B21,"HYDE ST","CHESTNUT ST",0.00,,Y,A,-,N,,,,,,,,,,N,2,0,1,2,A,-,00,21954,D,N,G,B,E,A,H,-,A,D,0,Y,,,,Y,,A,01,1,0,0,0,1,0,0,0,0,"- ","- ",,,"SAN FRANCISCO","SAN FRANCISCO",-122.41983032226562,37.802932739257812
9504054,2022,2022-10-26,3801,2022-09-06,0456,202,TRAFF,2,5,7,3801,0,0,0,,0,4B2D,"5TH ST","BRYANT ST",158.00,N,N,A,-,Y,,,,,,,,,,N,1,1,0,2,A,-,10,21954,B,F,G,B,D,A,H,-,C,D,0,Y,,,,Y,,A,01,0,0,0,1,0,0,0,0,0,"- ","- ",,,"SAN FRANCISCO","SAN FRANCISCO",-122.40068054199219,37.778106689453125
9505126,2022,2022-10-10,3801,2022-06-14,1748,426,NORTH,2,5,7,3801,0,0,0,,0,3E13D,"POLK ST","SUTTER ST",0.00,,Y,A,-,N,,,,,,,,,,N,2,0,1,2,A,-,12,21453,,N,D,G,A,A,H,-,A,A,0,,Y,,,Y,,L,04,1,0,0,0,0,0,1,0,0,"- ","- ",,,"SAN FRANCISCO","SAN FRANCISCO",-122.42010498046875,37.787761688232422
9505775,2022,2022-11-14,3801,2022-09-02,1619,1994,TRAFF,5,5,7,3801,0,0,0,,0,4B3G,"PORTOLA DR","FOWLER AV",4.00,E,N,A,-,N,,,,,,,,,,Y,2,0,1,1,C,-,18,,,N,-,I,A,A,H,-,A,A,0,,,,,Y,,-,"- ",1,0,0,0,0,0,0,0,0,"- ","- ",,,"SAN FRANCISCO","SAN FRANCISCO",-122.45336151123047,37.744525909423828
9505795,2022,2022-11-18,3801,2022-09-28,1840,1810,MISSI,3,5,7,3801,0,0,0,,0,3D13D,GUERRERO,"22ND ST",132.00,N,N,A,-,N,,,,,,,,,,Y,2,0,1,2,A,-,01,23152,A,M,A,I,A,A,H,-,A,A,0,,,,,Y,Y,A,01,1,0,0,0,0,0,0,0,0,"- ","- ",,,"SAN FRANCISCO","SAN FRANCISCO",-122.4232177734375,37.755542755126953
9505796,2022,2022-11-18,3801,2022-09-30,1305,4132,MISSI,5,5,7,3801,0,0,0,,0,1CAR,"15TH ST","ALBION ST",40.00,E,N,A,-,N,,,,,,,,,,N,2,0,1,2,A,-,"- ",,,N,D,B,F,A,H,-,A,D,0,Y,Y,,,Y,,L,04,1,0,0,0,1,0,0,0,0,"- ","- ",,,"SAN FRANCISCO","SAN FRANCISCO",-122.42311859130859,37.766460418701172
9505827,2022,2022-11-15,3801,2022-10-12,1304,327,MISSI,3,5,7,3801,0,0,0,,0,3D14C,"CESAR CHAVEZ ST","FOLSOM ST",0.00,,Y,A,-,N,,,,,,,,,,N,2,0,1,2,A,-,06,21755,A,N,D,C,A,A,H,-,A,A,0,,,Y,,Y,,C,02,1,0,0,0,0,0,0,0,1,"- ","- ",,,"SAN FRANCISCO","SAN FRANCISCO",-122.41368103027344,37.748313903808594
9506324,2022,2022-10-19,3801,2022-09-16,2115,2150,RICHM,5,5,7,3801,0,0,0,,0,0G4,"21ST AV","CALIFORNIA ST",0.00,,Y,A,-,N,,,,,,,,,,N,2,0,2,3,A,-,10,21950,A,N,G,B,B,A,H,-,C,A,0,Y,,,,Y,,A,01,1,0,1,0,2,0,0,0,0,"- ","- ",,,"SAN FRANCISCO","SAN FRANCISCO",-122.48072052001953,37.784069061279297
9506341,2022,2022-10-11,3801,2022-09-03,1658,577,TARAV,6,5,7,3801,0,0,0,,0,0I5,"JUNIPERO SERRA BL","WINSTON DR",0.00,,Y,A,-,N,,,,,,,,,,Y,2,0,2,2,A,-,12,21453,A,F,D,C,A,A,H,-,A,A,0,,,,,Y,,A,01,2,0,0,0,0,0,0,0,0,"- ","- ",,,"SAN FRANCISCO","SAN FRANCISCO",-122.47236633300781,37.726837158203125
9506481,2022,2022-11-18,3801,2022-09-13,0800,BASS,SOUTH,2,5,7,3801,0,0,0,,0,3B14A,"9TH ST","CLEMENTINA ST",0.00,,N,A,-,N,,,,,,,,,,Y,2,0,2,3,A,-,03,22350,,N,C,C,A,A,H,-,A,D,0,,,Y,,Y,,C,02,1,0,1,0,0,0,0,0,1,"- ","- ",,,"SAN FRANCISCO","SAN FRANCISCO",-122.41216278076172,37.774188995361328
9506490,2022,2022-10-10,3801,2022-09-13,1726,4041,TARAV,2,5,7,3801,0,0,0,,0,3I13D,"UPPER GREAT HWY","JUDAH ST",0.00,,Y,A,-,N,,,,,,,,,,N,2,0,1,2,A,-,09,21804,A,N,D,G,A,A,H,-,A,A,0,,Y,,,Y,,L,04,1,0,0,0,0,0,1,0,0,"- ","- ",,,"SAN FRANCISCO","SAN FRANCISCO",-122.50994110107422,37.760246276855469
9506575,2022,2022-10-10,3801,2022-08-18,2219,1833,NORTH,4,5,7,3801,0,0,0,,0,3E12E,"MCALLISTER ST","DIVISADERO ST",0.00,,Y,A,-,N,,,,,,,,,,N,2,0,1,2,A,-,11,21950,B,N,G,B,B,A,H,-,C,A,0,Y,,,,Y,,N,60,1,0,0,0,1,0,0,0,0,"- ","- ",,,"SAN FRANCISCO","SAN FRANCISCO",-122.4383544921875,37.777786254882812
9509978,2022,2022-12-21,3801,2022-11-27,1703,1582,CENTR,7,5,7,3801,0,0,0,,0,3A14D,"STOCKTON ST","WASHINGTON ST",24.00,N,N,A,-,N,,,,,,,,,,,2,0,1,2,A,-,03,22350,,F,H,B,E,A,H,-,C,A,0,Y,Y,,,Y,,L,04,1,0,0,0,1,0,0,0,0,"- ","- ",,,"SAN FRANCISCO","SAN FRANCISCO",-122.40804290771484,37.795024871826172
9510304,2022,2022-12-08,3801,2022-09-26,1006,2746,RICHM,1,5,7,3801,0,0,0,,0,3G14A,"FULTON ST","17TH AV",0.00,,Y,A,-,N,,,,,,,,,,Y,2,0,2,4,A,-,05,21460,A,N,A,C,A,A,-,-,A,A,0,,,,,Y,,-,"- ",1,0,1,0,0,0,0,0,0,"- ","- ",,,"SAN FRANCISCO","SAN FRANCISCO",-122.47563171386719,37.772945404052734
9520019,2022,2022-11-04,3801,2022-09-28,2321,2157,RICHM,3,5,7,3801,0,0,0,,0,3G13E,"12TH AV","FULTON ST",84.00,S,N,A,-,N,,,,,,,,,,Y,1,1,0,1,A,-,03,22350,,N,E,I,A,A,H,-,C,D,0,,,,,Y,,A,01,0,0,0,0,0,0,0,0,0,"- ","- ",,,"SAN FRANCISCO","SAN FRANCISCO",-122.47016906738281,37.773208618164062
9520237,2022,2023-03-06,3801,2022-09-08,0515,707,TRAFF,4,5,7,3801,0,0,0,,0,4B1C,"RT 101","STEINER ST",4.00,W,N,A,-,Y,SF,4,101,-,-,7.420,H,-,S,Y,1,1,0,2,A,-,11,21456,C,N,G,B,B,A,H,-,C,A,0,Y,,,,Y,,N,60,0,0,0,1,0,0,0,0,0,"- ","- ",,,"SAN FRANCISCO","SAN FRANCISCO",-122.43751525878906,37.799636840820312
9520819,2023,2023-08-14,3801,2023-05-24,1636,1435,TRAFF,3,5,7,3801,0,0,0,,0,4B4C,"LAGUNA ST","FRANCISCO ST",15.00,N,N,A,-,N,,,,,,,,,,N,1,1,0,2,A,-,21,22106,,N,G,B,B,A,H,-,A,A,0,Y,,,,Y,,A,01,0,0,0,1,0,0,0,0,0,"- ","- ",,,"SAN FRANCISCO","SAN FRANCISCO",-122.43149566650391,37.802410125732422
9522327,2022,2023-01-06,3801,2022-11-10,1732,830,MISSI,4,5,7,3801,0,0,0,,0,3D16C,"S VAN NESS AV","13TH ST",50.00,S,N,A,-,Y,SF,4,101,-,T,4.430,H,-,S,N,2,0,1,2,A,-,08,22107,,F,B,C,A,A,-,-,C,A,0,,,Y,,Y,,-,99,1,0,0,0,0,0,0,0,1,"- ","- ",,,"SAN FRANCISCO","SAN FRANCISCO",-122.41790008544922,37.769432067871094
9522345,2022,2022-12-19,3801,2022-11-06,1920,1766,TRAFF,7,5,7,3801,0,0,0,,0,4B103,"MANSELL ST","BRAZIL ST",550.00,E,N,A,-,N,,,,,,,,,,Y,2,0,2,3,A,-,05,21460,A,F,A,C,A,B,H,-,C,D,0,,,,,Y,,A,01,1,0,1,0,0,0,0,0,0,"- ","- ",,,"SAN FRANCISCO","SAN FRANCISCO",-122.42092132568359,37.718704223632812
9522386,2022,2022-12-12,3801,2022-10-10,1740,34,TRAFF,1,5,7,3801,0,0,0,,0,4B4A,"S VAN NESS AV","18TH ST",0.00,,Y,A,-,N,,,,,,,,,,N,2,0,1,2,A,-,12,21453,A,F,G,B,B,A,H,-,A,A,0,Y,,,,Y,,A,01,1,0,0,0,1,0,0,0,0,"- ","- ",,,"SAN FRANCISCO","SAN FRANCISCO",-122.41719818115234,37.761947631835938
9543103,2022,2023-02-07,3801,2022-12-14,1954,2008,MISSI,3,5,7,3801,0,0,0,,0,3D15D,"DOLORES ST","14TH ST",0.00,,Y,A,-,N,,,,,,,,,,Y,2,0,2,2,A,-,09,21801,A,N,D,C,A,A,H,-,C,A,0,,,,,Y,,A,01,1,0,1,0,0,0,0,0,0,"- ","- ",,,"SAN FRANCISCO","SAN FRANCISCO",-122.42677307128906,37.767879486083984
9543382,2022,2023-01-17,3801,2022-10-31,1338,555,MISSI,1,5,7,3801,0,0,0,,0,3D11A,"15TH ST","GUERRERO ST",0.00,,Y,A,-,N,,,,,,,,,,Y,2,0,1,2,A,-,12,21453,,N,D,C,A,A,H,-,A,A,0,,,Y,,Y,,C,02,1,0,0,0,0,0,0,0,1,"- ","- ",,,"SAN FRANCISCO","SAN FRANCISCO",-122.42424011230469,37.766403198242188
9545233,2022,2023-02-10,3801,2022-12-09,1956,1994,TRAFF,5,5,7,3801,0,0,0,,0,4B3D,"EVANS AV","SELBY ST",24.00,W,N,B,-,N,,,,,,,,,,N,2,0,1,2,A,-,11,21954,A,F,G,B,E,A,H,-,C,D,0,Y,,,Y,Y,Y,N,60,1,0,0,0,1,0,0,0,0,"- ","- ",,,"SAN FRANCISCO","SAN FRANCISCO",-122.39412689208984,37.746208190917969
9545444,2023,2023-03-01,3801,2023-01-09,2121,2741,TENDE,1,5,7,3801,0,0,0,,0,901,"TAYLOR ST","TURK ST",0.00,,Y,A,-,N,,,,,,,,,,N,2,0,1,2,D,-,00,,,N,G,B,B,A,H,-,C,A,0,Y,,,,Y,,-,"- ",1,0,0,0,1,0,0,0,0,"- ","- ",,,"SAN FRANCISCO","SAN FRANCISCO",-122.41078186035156,37.783206939697266
9545538,2023,2023-02-25,3801,2023-01-13,2141,2359,TARAV,5,5,7,3801,0,0,0,,0,0I6,"OCEAN AV","PLYMOUTH AV",0.00,,Y,A,-,N,,,,,,,,,,Y,2,0,2,3,A,-,01,23152,A,N,D,C,A,A,H,-,C,A,0,,,,,Y,Y,A,01,1,1,0,0,0,0,0,0,0,"- ","- ",,,"SAN FRANCISCO","SAN FRANCISCO",-122.45653533935547,37.723976135253906
9553665,2023,2023-03-16,3801,2023-01-27,"909 ",380,CENTR,5,5,7,3801,0,0,0,,0,,"JACKSON ST","DAVIS CT",0.00,,-,A,-,N,,,,,,,,,,N,2,0,1,2,C,-,18,,,N,H,A,A,A,H,-,A,D,0,,,,,Y,,-,"- ",1,0,0,0,0,0,0,0,0,"- ","- ",,,"SAN FRANCISCO","SAN FRANCISCO",-122.39833068847656,37.797084808349609
9553672,2023,2023-03-21,3801,2023-01-22,"209 ",4375,TRAFF,7,5,7,3801,0,0,0,,0,4B1F,"16TH ST","CAPP ST",132.00,W,N,A,-,N,,,,,,,,,,Y,2,0,6,5,A,-,01,23152,A,F,-,D,F,A,D,-,C,A,0,Y,,,,Y,Y,A,07,2,2,2,0,2,0,0,0,0,"- ","- ",,,"SAN FRANCISCO","SAN FRANCISCO",-122.41919708251953,37.76507568359375
9553959,2023,2023-04-11,3801,2023-02-04,"50  ",1216,NORTH,6,5,7,3801,0,0,0,,0,3E16E,"LOMBARD ST","VAN NESS AV",250.00,W,N,A,-,N,,,,,,,,,,N,2,0,1,2,A,-,03,22350,,F,C,G,A,A,H,-,C,-,0,,Y,,,Y,,-,99,1,0,0,0,0,0,1,0,0,"- ","- ",37.801151275634766,-122.425537109375,"SAN FRANCISCO","SAN FRANCISCO",-122.42554473876953,37.801162719726562
9554107,2023,2023-03-16,3801,2023-02-15,2300,2142,NORTH,3,5,7,3801,0,0,0,,0,3E12E,"DIVISADERO ST","GROVE ST",0.00,,Y,A,-,N,,,,,,,,,,Y,2,0,1,2,A,-,00,21740,,N,B,C,A,A,H,-,C,A,0,,,Y,,Y,,C,02,1,0,0,0,0,0,0,0,1,"- ","- ",,,"SAN FRANCISCO","SAN FRANCISCO",-122.43798065185547,37.775932312011719
9554145,2023,2023-03-25,3801,2023-02-18,2356,679,NORTH,6,5,7,3801,0,0,0,,0,0E5,"LOMBARD ST","FILLMORE ST",0.00,,Y,A,-,N,,,,,,,,,,N,2,0,1,2,A,-,12,21453,,F,G,B,B,A,H,-,C,A,0,Y,,,,Y,,A,01,1,0,0,0,1,0,0,0,0,"- ","- ",,,"SAN FRANCISCO","SAN FRANCISCO",-122.43605041503906,37.799846649169922
9557572,2023,2023-06-13,3801,2023-05-10,"550 ",4375,TRAFF,3,5,7,3801,0,0,0,,0,4B1F,"5TH AV","GEARY BL",0.00,,Y,A,-,N,,,,,,,,,,Y,2,0,1,2,A,-,08,22101,D,N,D,C,A,A,H,-,B,A,0,,,,,Y,,D,22,1,0,0,0,0,0,0,0,0,"- ","- ",,,"SAN FRANCISCO","SAN FRANCISCO",-122.46322631835938,37.781135559082031
9561276,2023,2023-04-08,3801,2023-03-18,1227,1442,NORTH,6,5,7,3801,0,0,0,,0,3E13A,"LOMBARD ST","SCOTT ST",0.00,,Y,A,-,N,,,,,,,,,,,2,0,1,2,A,-,09,21801,A,N,D,C,A,A,H,-,A,A,0,,,,,Y,,A,01,1,0,0,0,0,0,0,0,0,"- ","- ",,,"SAN FRANCISCO","SAN FRANCISCO",-122.44100189208984,37.799209594726562
9561288,2023,2023-04-12,3801,2023-02-09,1037,1936,TRAFF,4,5,7,3801,0,0,0,,0,4B1D,"FREMONT ST","MISSION ST",0.00,,Y,A,-,N,,,,,,,,,,Y,2,0,1,2,A,-,06,21750,,N,B,C,A,A,B,D,A,A,0,,,Y,Y,Y,,C,02,1,0,0,0,0,0,0,0,1,"- ","- ",,,"SAN FRANCISCO","SAN FRANCISCO",-122.39669036865234,37.790470123291016
9561326,2023,2023-04-19,3801,2023-03-14,1357,359,TARAV,2,5,7,3801,0,0,0,,0,312D,"LINCOLN WY","30TH AV",0.00,,Y,A,-,N,,,,,,,,,,Y,2,0,3,2,A,-,08,22107,,N,D,B,A,A,H,-,A,A,0,,,,,Y,,I,09,2,0,1,0,0,0,0,0,0,"- ","- ",,,"SAN FRANCISCO","SAN FRANCISCO",-122.48904418945312,37.764934539794922
9565823,2023,2023-04-10,3801,2023-03-21,1553,34,TRAFF,2,5,7,3801,0,0,0,,0,4B4A,"LAKE MERCED BL","BROTHERHOOD WY",34.00,S,N,C,G,N,,,,,,,,,,Y,2,0,1,1,C,-,18,,,N,E,J,A,B,H,-,A,A,0,,,,,Y,,-,"- ",1,0,0,0,0,0,0,0,0,"- ","- ",,,"SAN FRANCISCO","SAN FRANCISCO",-122.48532104492188,37.714653015136719