CASE_ID,ACCIDENT_YEAR,PROC_DATE,JURIS,COLLISION_DATE,COLLISION_TIME,OFFICER_ID,REPORTING_DISTRICT,DAY_OF_WEEK,CHP_SHIFT,POPULATION,CNTY_CITY_LOC,SPECIAL_COND,BEAT_TYPE,CHP_BEAT_TYPE,CITY_DIVISION_LAPD,CHP_BEAT_CLASS,BEAT_NUMBER,PRIMARY_RD,SECONDARY_RD,DISTANCE,DIRECTION,INTERSECTION,WEATHER_1,WEATHER_2,STATE_HWY_IND,CALTRANS_COUNTY,CALTRANS_DISTRICT,STATE_ROUTE,ROUTE_SUFFIX,POSTMILE_PREFIX,POSTMILE,LOCATION_TYPE,RAMP_INTERSECTION,SIDE_OF_HWY,TOW_AWAY,COLLISION_SEVERITY,NUMBER_KILLED,NUMBER_INJURED,PARTY_COUNT,PRIMARY_COLL_FACTOR,PCF_CODE_OF_VIOL,PCF_VIOL_CATEGORY,PCF_VIOLATION,PCF_VIOL_SUBSECTION,HIT_AND_RUN,TYPE_OF_COLLISION,MVIW,PED_ACTION,ROAD_SURFACE,ROAD_COND_1,ROAD_COND_2,LIGHTING,CONTROL_DEVICE,CHP_ROAD_TYPE,PEDESTRIAN_ACCIDENT,BICYCLE_ACCIDENT,MOTORCYCLE_ACCIDENT,TRUCK_ACCIDENT,NOT_PRIVATE_PROPERTY,ALCOHOL_INVOLVED,STWD_VEHTYPE_AT_FAULT,CHP_VEHTYPE_AT_FAULT,COUNT_SEVERE_INJ,COUNT_VISIBLE_INJ,COUNT_COMPLAINT_PAIN,COUNT_PED_KILLED,COUNT_PED_INJURED,COUNT_BICYCLIST_KILLED,COUNT_BICYCLIST_INJURED,COUNT_MC_KILLED,COUNT_MC_INJURED,PRIMARY_RAMP,SECONDARY_RAMP,LATITUDE,LONGITUDE,COUNTY,CITY,POINT_X,POINT_Y
9566798,2022,2023-05-18,3801,2022-08-19,1200,1442,NORTH,5,5,7,3801,0,0,0,,0,3E12D,"POLK ST","PINE ST",0.00,,Y,A,-,N,,,,,,,,,,N,2,0,1,2,A,-,03,22350,,N,C,G,A,A,H,-,A,A,0,,Y,,,Y,,A,01,1,0,0,0,0,0,1,0,0,"- ","- ",,,"SAN FRANCISCO","SAN FRANCISCO",-122.42050170898438,37.789642333984375
9573236,2023,2023-05-15,3801,2023-04-01,2005,104,EMPTY,6,5,7,3801,0,0,0,,0,4B4F,"THE EMBARCADERO","MARKET ST",73.00,N,N,A,-,N,,,,,,,,,,Y,2,0,1,3,C,-,18,,,N,C,C,A,A,H,-,C,A,0,,,,,Y,,-,"- ",1,0,0,0,0,0,0,0,0,"- ","- ",,,"SAN FRANCISCO","SAN FRANCISCO",-122.39629364013672,37.793525695800781
9573287,2023,2023-05-13,3801,2023-04-26,1420,2091,NORTH,3,5,7,3801,0,0,0,,0,3E15D,"MARINA BL","DIVISADERO ST",45.00,E,N,A,-,N,,,,,,,,,,N,2,0,2,2,A,-,17,21461,A,N,G,B,F,A,H,-,A,D,0,Y,Y,,,Y,,L,04,1,0,1,0,1,0,1,0,0,"- ","- ",,,"SAN FRANCISCO","SAN FRANCISCO",-122.44384765625,37.805606842041016
9573348,2023,2023-05-13,3801,2023-04-17,"614 ",229,MISSI,1,5,7,3801,0,0,0,,0,3D14A,"S VAN NESS AV","17TH ST",43.00,N,N,A,-,N,,,,,,,,,,Y,2,0,1,2,A,-,03,22350,,N,C,-,A,A,H,-,B,A,0,,,Y,,Y,Y,C,02,1,0,0,0,0,0,0,0,1,"- ","- ",,,"SAN FRANCISCO","SAN FRANCISCO",-122.41735076904297,37.763679504394531
9576119,2023,2023-05-10,3801,2023-04-12,1806,4201,TENDE,3,5,7,3801,0,0,0,,0,3J15D,ELLIS,"CYRIL MAGNIN ST",0.00,,Y,A,-,N,,,,,,,,,,N,2,0,1,2,A,-,12,21453,,N,D,G,A,A,H,-,A,A,0,,Y,,,Y,,L,04,1,0,0,0,0,0,1,0,0,"- ","- ",,,"SAN FRANCISCO","SAN FRANCISCO",-122.40866088867188,37.785427093505859
9578723,2023,2023-05-15,3801,2023-04-27,1600,1015,PARK,4,5,7,3801,0,0,0,,0,"3 CAR","MASONIC AV","FULTON ST",0.00,,Y,A,-,N,,,,,,,,,,N,2,0,1,2,A,-,08,22107,,F,B,G,A,A,H,-,A,A,0,,Y,,,Y,,A,01,1,0,0,0,0,0,1,0,0,"- ","- ",,,"SAN FRANCISCO","SAN FRANCISCO",-122.44647216796875,37.775791168212891
9579978,2023,2023-06-16,3801,2023-05-20,1840,2419,RICHM,6,5,7,3801,0,0,0,,0,908,"SACRAMENTO ST","PRESIDIO AV",0.00,,Y,A,-,N,,,,,,,,,,Y,2,0,1,2,A,-,12,21453,A,N,D,C,A,A,H,-,A,A,0,,,Y,,Y,,C,02,1,0,0,0,0,0,0,0,1,"- ","- ",,,"SAN FRANCISCO","SAN FRANCISCO",-122.44696807861328,37.788181304931641
9591618,2023,2023-07-12,3801,2023-06-09,1820,1336,NORTH,5,5,7,3801,0,0,0,,0,0E3,"POLK ST","CEDAR ST",0.00,,Y,A,-,N,,,,,,,,,,Y,2,0,1,2,A,-,03,22350,,F,D,B,-,A,H,-,A,A,0,Y,,,,Y,,D,23,1,0,0,0,1,0,0,0,0,"- ","- ",,,"SAN FRANCISCO","SAN FRANCISCO",-122.41983032226562,37.786373138427734
9591669,2023,2023-07-20,3801,2023-06-03,1206,186,TRAFF,6,5,7,3801,0,0,0,,0,,"HILTON ST","BAYSHORE BL",49.00,W,N,A,-,N,,,,,,,,,,N,2,0,1,3,A,-,10,21950,A,N,G,B,E,A,H,-,A,D,0,Y,,,,Y,,D,22,1,0,0,0,1,0,0,0,0,"- ","- ",,,"SAN FRANCISCO","SAN FRANCISCO",-122.40711212158203,37.738773345947266
9591729,2023,2023-07-12,3801,2023-06-19,"810 ",179,NORTH,1,5,7,3801,0,0,0,,0,3E2A,"FILLMORE ST","FULTON ST",0.00,,Y,A,-,N,,,,,,,,,,Y,2,0,1,4,A,-,12,21453,A,F,D,C,A,A,H,-,A,A,0,,,,,Y,,A,01,1,0,0,0,0,0,0,0,0,"- ","- ",,,"SAN FRANCISCO","SAN FRANCISCO",-122.43155670166016,37.777690887451172
9591840,2023,2023-07-18,3801,2023-05-16,"800 ",654,PARK,2,5,7,3801,0,0,0,,0,,"THE EMBARCADERO","WASHINGTON ST",0.00,,Y,A,-,N,,,,,,,,,,N,2,0,1,2,A,-,12,21453,A,N,D,-,A,A,H,-,A,A,0,,Y,,,Y,,L,04,1,0,0,0,0,0,1,0,0,"- ","- ",,,"SAN FRANCISCO","SAN FRANCISCO",-122.39556121826172,37.796642303466797
9602274,2023,2023-08-10,3801,2023-06-23,2206,1926,NORTH,5,5,7,3801,0,0,0,,0,3E13E,"OFARRELL ST","VAN NESS AV",0.00,,Y,A,-,N,,,,,,,,,,N,2,0,1,3,A,-,12,21453,A,F,D,B,B,A,H,-,C,-,0,Y,,,,Y,,A,01,1,0,0,0,1,0,0,0,0,"- ","- ",,,"SAN FRANCISCO","SAN FRANCISCO",-122.42111968994141,37.784763336181641
9603693,2023,2023-08-11,3801,2023-07-11,"430 ",255,INGLE,2,5,7,3801,0,0,0,,0,3H16E,"ALEMANY BL","NAGLEE AV",135.00,N,N,A,-,N,,,,,,,,,,N,2,0,1,2,A,-,11,21954,A,F,G,B,D,A,H,-,C,D,0,Y,,,,Y,,N,60,1,0,0,0,1,0,0,0,0,"- ","- ",,,"SAN FRANCISCO","SAN FRANCISCO",-122.44860076904297,37.714118957519531
9608463,2023,2023-08-21,3801,2023-07-15,1720,2017,MISSI,6,5,7,3801,0,0,0,,0,3D11D,"FOLSOM ST","16TH ST",0.00,,Y,A,-,N,,,,,,,,,,Y,2,0,2,2,A,-,08,22107,,N,A,D,A,A,H,-,A,A,0,,,,,Y,,A,01,1,1,0,0,0,0,0,0,0,"- ","- ",,,"SAN FRANCISCO","SAN FRANCISCO",-122.41529846191406,37.765312194824219
9624059,2023,2023-10-17,3801,2023-09-11,"807 ",917,TRAFF,1,5,7,3801,0,0,0,,0,4B2E,"TARAVAL ST","46TH AV",9.00,E,N,A,-,N,,,,,,,,,,N,1,1,0,2,A,-,10,21950,A,N,G,B,B,A,H,-,A,A,0,Y,,,,Y,,A,08,0,0,0,1,0,0,0,0,0,"- ","- ",,,"SAN FRANCISCO","SAN FRANCISCO",-122.50460052490234,37.741771697998047
9624204,2023,2023-11-08,3801,2023-09-12,1536,104,TRAFF,2,5,7,3801,0,0,0,,0,4B4F,"FOLSOM ST","13TH ST",141.00,N,N,A,-,N,,,,,,,,,,Y,1,1,1,3,A,-,09,21801,A,N,C,C,A,A,H,-,A,D,0,,,Y,Y,Y,,A,01,0,0,1,0,0,0,0,1,0,"- ","- ",,,"SAN FRANCISCO","SAN FRANCISCO",-122.41550445556641,37.769901275634766
9625933,2023,2023-10-18,3801,2023-09-11,1800,1447,PARK,1,5,7,3801,0,0,0,,0,003,"HAYES ST","CLAYTON ST",0.00,,Y,A,-,N,,,,,,,,,,N,2,0,1,3,A,-,11,21954,A,N,G,B,E,A,H,-,A,A,0,Y,,,,Y,Y,N,60,1,0,0,0,1,0,0,0,0,"- ","- ",,,"SAN FRANCISCO","SAN FRANCISCO",-122.44936370849609,37.773521423339844
9626180,2023,2023-10-11,3801,2023-09-18,1145,1580,SOUTH,1,5,7,3801,0,0,0,,0,3B14A,"MISSION ST","GRACE ST",0.00,,Y,A,-,N,,,,,,,,,,N,2,0,1,2,A,-,12,22450,A,N,D,J,A,A,H,-,A,A,0,,,,,Y,,A,01,1,0,0,0,0,0,0,0,0,"- ","- ",,,"SAN FRANCISCO","SAN FRANCISCO",-122.41548919677734,37.775611877441406
9626244,2023,2023-10-11,3801,2023-09-08,"608 ",172,NORTH,5,5,7,3801,0,0,0,,0,003,"GROVE ST","POLK ST",0.00,,Y,-,-,N,,,,,,,,,,N,2,0,1,2,A,-,11,21456,B,N,A,B,E,A,G,-,C,A,0,Y,,,,Y,,N,60,1,0,0,0,1,0,0,0,0,"- ","- ",,,"SAN FRANCISCO","SAN FRANCISCO",-122.41822052001953,37.778480529785156
9626253,2023,2023-10-23,3801,2023-09-02,1600,364,SOUTH,6,5,7,3801,0,0,0,,0,3B12D,"5TH ST","CLARA ST",0.00,,N,A,-,N,,,,,,,,,,N,2,0,1,1,A,-,"- ",,,N,E,I,A,A,H,-,A,D,0,,,,,Y,,M,94,1,0,0,0,0,0,0,0,0,"- ","- ",,,"SAN FRANCISCO","SAN FRANCISCO",-122.40238189697266,37.779453277587891
9633752,2023,2023-11-21,3801,2023-10-13,2348,2722,CENTR,5,5,7,3801,0,0,0,,0,3A14E,"HYDE ST","CALIFORNIA AV",0.00,,Y,A,-,N,,,,,,,,,,N,2,0,1,2,A,-,03,22350,,N,G,B,B,A,H,-,C,A,0,Y,,,,Y,Y,A,01,1,0,0,0,1,0,0,0,0,"- ","- ",,,"SAN FRANCISCO","SAN FRANCISCO",-122.41740417480469,37.790992736816406
9633792,2023,2024-01-06,3801,2023-10-06,1725,1544,CENTR,5,5,7,3801,0,0,0,,0,NORTHE,"CALIFORNIA ST","LARKIN ST",48.00,W,N,A,-,N,,,,,,,,,,Y,2,0,1,2,A,-,21,22106,,N,G,B,F,A,H,-,A,D,0,Y,,,,Y,,A,01,1,0,0,0,1,0,0,0,0,"- ","- ",,,"SAN FRANCISCO","SAN FRANCISCO",-122.41920471191406,37.790767669677734
9634245,2023,2023-11-13,3801,2023-09-30,1330,1214,CENTR,6,5,7,3801,0,0,0,,0,3A42C,"BEACH ST","STOCKTON ST",123.00,S,N,A,-,N,,,,,,,,,,N,2,0,1,2,B,-,22,,,N,B,G,A,A,H,-,A,D,0,,Y,,,Y,,L,04,1,0,0,0,0,0,1,0,0,"- ","- ",,,"SAN FRANCISCO","SAN FRANCISCO",-122.41114044189453,37.807857513427734
9634760,2023,2023-12-20,3801,2023-11-10,1816,2392,MISSI,5,5,7,3801,0,0,0,,0,MISSIO,"POTRERO AV","MARIPOSA ST",0.00,,Y,A,-,N,,,,,,,,,,N,2,0,1,2,A,-,11,21453,D,F,G,B,B,A,H,-,C,A,0,Y,,,,Y,Y,N,60,1,0,0,0,1,0,0,0,0,"- ","- ",,,"SAN FRANCISCO","SAN FRANCISCO",-122.40734100341797,37.763206481933594
9634767,2023,2023-12-19,3801,2023-11-11,2312,308,RICHM,6,5,7,3801,0,0,0,,0,3G15E,"GEARY BL","10TH AV",0.00,,Y,A,-,N,,,,,,,,,,Y,2,0,2,2,A,-,12,21453,A,N,D,C,A,A,H,-,C,A,0,,,Y,,Y,,C,02,1,0,1,0,0,0,0,0,1,"- ","- ",,,"SAN FRANCISCO","SAN FRANCISCO",-122.46858215332031,37.780891418457031
9640213,2024,2025-04-29,3801,2024-01-04,1015,1936,TRAFF,4,5,7,3801,0,0,0,,0,4B1D,"S VAN NESS AV","18TH ST",0.00,,Y,A,-,N,,,,,,,,,,Y,2,0,1,3,A,-,07,21658,A,N,C,E,A,A,H,-,A,A,0,,,,,Y,,A,01,1,0,0,0,0,0,0,0,0,"- ","- ",,,"SAN FRANCISCO","SAN FRANCISCO",-122.41719818115234,37.761947631835938
9640225,2023,2024-02-27,3801,2023-12-11,1450,104,TRAFF,1,5,7,3801,0,0,0,,0,4B4F,"13TH ST","TRAINOR ST",89.00,W,N,A,-,N,,,,,,,,,,Y,1,1,1,5,A,-,21,22106,,N,G,B,F,A,H,-,A,D,0,Y,,Y,,Y,,A,01,0,0,1,1,0,0,0,0,0,"- ","- ",,,"SAN FRANCISCO","SAN FRANCISCO",-122.41477966308594,37.769496917724609
9640383,2024,2024-04-26,3801,2024-02-08,"106 ",262,TRAFF,4,5,7,3801,0,0,0,,0,4BIE,"RT 1","CRESPI DR",218.00,S,N,A,-,Y,SF,4,1,-,-,0.840,H,-,S,Y,1,1,0,2,-,-,"- ",,,N,C,E,A,A,H,-,C,D,0,,,,Y,Y,,A,01,0,0,0,0,0,0,0,0,0,"- ","- ",,,"SAN FRANCISCO","SAN FRANCISCO",-122.47505950927734,37.719627380371094
9640780,2024,2024-09-23,3801,2024-06-15,2336,4375,TRAFF,6,5,7,3801,0,0,0,,0,4B1F,BROADWAY,"RT 101",15.00,W,N,A,-,Y,SF,4,101,-,-,6.320,I,5,N,Y,1,1,0,2,A,-,11,21453,D,N,G,B,B,A,H,-,C,A,0,Y,,,,Y,,N,60,0,0,0,1,0,0,0,0,0,"- ","- ",,,"SAN FRANCISCO","SAN FRANCISCO",-122.42333221435547,37.795757293701172
9642045,2023,2024-01-23,3801,2023-11-09,1004,1696,NORTH,4,5,7,3801,0,0,0,,0,3E13A,"TURK ST","POLK ST",0.00,,Y,A,-,N,,,,,,,,,,N,2,0,1,2,A,-,11,21453,D,N,G,B,-,A,H,-,A,A,0,Y,,,,Y,,N,60,1,0,0,0,1,0,0,0,0,"- ","- ",,,"SAN FRANCISCO","SAN FRANCISCO",-122.41899871826172,37.782169342041016
9642049,2023,2024-01-23,3801,2023-11-07,1456,2222,NORTH,2,5,7,3801,0,0,0,,0,3E11D,"LAGUNA ST","GREEN ST",0.00,,Y,A,-,N,,,,,,,,,,N,2,0,1,2,A,-,10,21950,A,F,G,B,B,A,H,-,A,A,0,Y,,,,Y,,A,01,1,0,0,0,1,0,0,0,0,"- ","- ",,,"SAN FRANCISCO","SAN FRANCISCO",-122.43035125732422,37.796787261962891
9642058,2023,2024-01-23,3801,2023-11-03,1330,2735,MISSI,5,5,7,3801,0,0,0,,0,3D13E,"21ST ST","ALABAMA ST",0.00,,Y,A,-,N,,,,,,,,,,N,2,0,1,2,A,-,12,22450,A,N,G,B,B,A,H,-,A,A,0,Y,,,,Y,,A,01,1,0,0,0,1,0,0,0,0,"- ","- ",,,"SAN FRANCISCO","SAN FRANCISCO",-122.41141510009766,37.757503509521484
9646229,2023,2024-01-12,3801,2023-11-25,1450,2088,INGLE,6,5,7,3801,0,0,0,,0,3H2A,"SAN JOSE AV","HIGHLAND AV OVERPASS",250.00,N,N,A,-,N,,,,,,,,,,N,2,0,1,2,A,-,05,21650,,F,A,C,A,A,H,-,A,D,0,,Y,,,Y,,L,04,1,0,0,0,0,0,0,0,0,"- ","- ",,,"SAN FRANCISCO","SAN FRANCISCO",-122.42485046386719,37.738246917724609
9650244,2023,2024-01-11,3801,2023-11-10,1455,1214,CENTR,5,5,7,3801,0,0,0,,0,3A42C,"STOCKTON ST","UNION ST",97.00,N,N,A,-,N,,,,,,,,,,N,2,0,1,2,A,-,10,21950,,N,G,B,D,A,H,-,A,A,0,Y,,,,Y,,N,60,1,0,0,0,1,0,0,0,0,"- ","- ",,,"SAN FRANCISCO","SAN FRANCISCO",-122.40921783447266,37.800693511962891
9658572,2023,2024-02-14,3801,2023-12-28,1748,1707,NORTH,4,5,7,3801,0,0,0,,0,3E13D,"POLK ST","EDDY ST",0.00,,Y,A,-,N,,,,,,,,,,N,2,0,1,2,A,-,10,21950,A,N,-,B,B,A,H,-,C,A,0,Y,,,,Y,Y,A,01,1,0,0,0,1,0,0,0,0,"- ","- ",,,"SAN FRANCISCO","SAN FRANCISCO",-122.41918182373047,37.7830810546875
9658643,2024,2024-04-20,3801,2024-01-04,1126,359,,4,5,7,3801,0,0,0,,0,315B,"SKYLINE BL","ZOO RD",0.00,,Y,A,-,N,,,,,,,,,,N,2,0,1,2,A,-,08,22107,,N,D,-,A,A,H,-,A,A,0,,Y,,,Y,,L,04,1,0,0,0,0,0,1,0,0,"- ","- ",,,"SAN FRANCISCO","SAN FRANCISCO",,
9662822,2023,2024-02-23,3801,2023-01-22,1840,1435,TRAFF,7,5,7,3801,0,0,0,,0,4B4C,"BAY ST","VAN NESS AV",11.00,E,N,A,-,N,,,,,,,,,,N,2,0,1,2,A,-,11,21456,A,F,G,B,B,A,H,-,C,A,0,Y,,,,Y,,N,60,1,0,0,0,1,0,0,0,0,"- ","- ",,,"SAN FRANCISCO","SAN FRANCISCO",-122.42510986328125,37.804134368896484
9671433,2024,2024-03-29,3801,2024-02-17,"53  ",2425,SOUTH,6,5,7,3801,0,0,0,,0,3B14E,"MISSION ST","LASKIE ST",0.00,,Y,A,-,N,,,,,,,,,,Y,2,0,2,3,A,-,01,23152,A,N,G,-,E,A,H,-,C,-,0,Y,,,,Y,Y,A,07,1,0,1,0,1,0,0,0,0,"- ","- ",,,"SAN FRANCISCO","SAN FRANCISCO",-122.41412353515625,37.776718139648438
9673391,2024,2024-04-29,3801,2024-02-11,2115,1113,PARK,7,5,7,3801,0,0,0,,0,3F13E,"STANYAN ST","FULTON ST",0.00,,Y,-,-,N,,,,,,,,,,N,2,0,1,2,A,-,00,21955,A,F,G,B,D,A,H,-,C,A,0,Y,,,,Y,Y,N,60,1,0,0,0,1,0,0,0,0,"- ","- ",,,"SAN FRANCISCO","SAN FRANCISCO",-122.45465850830078,37.774745941162109
9673394,2024,2024-04-29,3801,2024-02-11,1729,2357,TARAV,7,5,7,3801,0,0,0,,0,3I6D,"ALEMANY BL","CHESTER AV",0.00,,Y,A,-,N,,,,,,,,,,Y,2,0,1,1,A,-,03,22350,,N,E,I,A,A,H,-,A,D,0,,,,,Y,,A,01,1,0,0,0,0,0,0,0,0,"- ","- ",,,"SAN FRANCISCO","SAN FRANCISCO",-122.47042083740234,37.709918975830078
9676982,2024,2024-05-30,3801,2024-04-02,1545,364,SOUTH,2,5,7,3801,0,0,0,,0,3B00,"3RD ST","16TH ST",0.00,,Y,A,-,N,,,,,,,,,,N,2,0,1,2,A,-,00,21230,,F,C,B,F,A,H,-,A,D,0,Y,,,,Y,,M,94,1,0,0,0,1,0,0,0,0,"- ","- ",,,"SAN FRANCISCO","SAN FRANCISCO",-122.38920593261719,37.766944885253906
9678244,2024,2024-05-04,3801,2024-02-01,1844,2130,RICHM,4,5,7,3801,0,0,0,,0,3GI1D,"GEARY BL","21ST AV",0.00,,Y,C,-,N,,,,,,,,,,N,2,0,1,2,A,-,11,21453,D,N,G,B,B,B,H,-,C,A,0,Y,,,,Y,Y,N,60,1,0,0,0,1,0,0,0,0,"- ","- ",,,"SAN FRANCISCO","SAN FRANCISCO",-122.48045349121094,37.780342102050781
9691048,2024,2024-05-28,3801,2024-03-06,1734,1857,SOUTH,3,5,7,3801,0,0,0,,0,3B60,"BRANNAN ST","3RD ST",237.00,E,N,A,-,N,,,,,,,,,,N,2,0,1,3,A,-,06,21755,,N,B,C,A,A,H,-,A,D,0,,,Y,,Y,,C,03,1,0,0,0,0,0,0,0,1,"- ","- ",,,"SAN FRANCISCO","SAN FRANCISCO",-122.39370727539062,37.780548095703125
9691107,2024,2024-05-14,3801,2024-03-01,1609,2496,TENDE,5,5,7,3801,0,0,0,,0,005,"ELLIS ST","ELLIS ST 655",0.00,,-,C,-,N,,,,,,,,,,,2,0,1,2,A,-,04,21703,,N,C,G,A,B,F,-,A,D,0,,Y,,,Y,,L,04,1,0,0,0,0,0,1,0,0,"- ","- ",,,"SAN FRANCISCO","SAN FRANCISCO",,
9703963,2024,2024-07-01,3801,2024-05-25,2250,1051,MISSI,6,5,7,3801,0,0,0,,0,3D14E,"26TH ST","FOLSOM ST",0.00,,Y,A,-,N,,,,,,,,,,N,2,0,1,2,A,-,00,20001,A,F,G,B,B,A,H,-,C,D,0,Y,,,,Y,,A,01,1,0,0,0,1,0,0,0,0,"- ","- ",,,"SAN FRANCISCO","SAN FRANCISCO",-122.41378784179688,37.749320983886719
9704028,2024,2024-07-22,3801,2024-05-24,1929,820,TENDE,5,5,7,3801,0,0,0,,0,3J13D,"LARKIN ST","TURK ST",0.00,,Y,B,-,N,,,,,,,,,,Y,2,0,3,2,A,-,12,21453,A,N,D,C,A,A,H,-,B,A,0,,,,,Y,,-,,1,1,1,0,0,0,0,0,0,"- ","- ",,,"SAN FRANCISCO","SAN FRANCISCO",-122.41733551025391,37.782379150390625
9704956,2024,2024-08-08,3801,2024-03-26,1315,1422,TRAFF,2,5,7,3801,0,0,0,,0,,"STOCKTON TUNL","SACRAMENTO ST",506.00,S,N,A,-,N,,,,,,,,,,N,2,0,1,2,A,-,03,22350,,N,C,G,A,A,H,-,C,D,0,,Y,,,Y,,D,82,1,0,0,0,0,0,1,0,0,"- ","- ",,,"SAN FRANCISCO","SAN FRANCISCO",-122.40765380859375,37.792781829833984
9705226,2024,2024-08-01,3801,2024-04-18,1706,2305,TRAFF,4,5,7,3801,0,0,0,,0,4B3F,"GOUGH ST","ELM ST",0.00,,Y,A,-,N,,,,,,,,,,Y,2,0,1,2,C,-,18,,,N,B,C,A,A,H,-,A,A,0,,,,,Y,,-,"- ",1,0,0,0,0,0,0,0,0,"- ","- ",,,"SAN FRANCISCO","SAN FRANCISCO",-122.42383575439453,37.781082153320312
9705268,2024,2024-07-11,3801,2024-04-26,2102,1021,BAYVI,5,5,7,3801,0,0,0,,0,3C2E,"EVANS AV","PHELPS ST",0.00,,Y,A,-,N,,,,,,,,,,Y,2,0,3,2,A,-,12,21453,A,N,D,C,A,A,H,-,C,A,0,,,,,Y,,-,"- ",1,0,2,0,0,0,0,0,0,"- ","- ",,,"SAN FRANCISCO","SAN FRANCISCO",-122.38845062255859,37.742977142333984
9708152,2024,2024-08-15,3801,2024-06-12,"7   ",3B12E,SOUTH,3,5,7,3801,0,0,0,,0,002,"BRANNAN ST","5TH ST",0.00,,Y,A,-,N,,,,,,,,,,Y,2,0,2,2,A,-,01,23153,A,N,D,C,A,A,H,-,C,A,0,,,,,Y,Y,A,01,1,0,1,0,0,0,0,0,0,"- ","- ",,,"SAN FRANCISCO","SAN FRANCISCO",-122.39875793457031,37.776573181152344
9708156,2024,2024-08-27,3801,2024-06-02,1450,4102,SOUTH,7,5,7,3801,0,0,0,,0,3B47,"4TH ST","HARRISON ST",0.00,,Y,A,-,N,,,,,,,,,,N,2,0,1,2,A,-,07,21658,A,F,B,C,A,A,H,-,A,A,0,,,,,Y,,M,94,1,0,0,0,0,0,0,0,0,"- ","- ",,,"SAN FRANCISCO","SAN FRANCISCO",-122.39962768554688,37.780776977539062
9708226,2024,2024-08-07,3801,2024-06-16,1730,1374,TARAV,7,5,7,3801,0,0,0,,0,316D,"SAGAMORE ST","CAPITOL AV",0.00,,Y,A,-,N,,,,,,,,,,N,2,0,2,2,A,-,12,21453,A,N,D,C,A,A,H,-,A,A,0,,,,,Y,,A,01,1,1,0,0,0,0,0,0,0,"- ","- ",,,"SAN FRANCISCO","SAN FRANCISCO",-122.45902252197266,37.711387634277344
9708599,2024,2024-07-12,3801,2024-05-03,2159,1440,SOUTH,5,5,7,3801,0,0,0,,0,,"HARRISON ST","10TH ST",0.00,,Y,A,-,N,,,,,,,,,,Y,2,0,1,3,A,-,05,21650,,N,D,C,A,A,H,-,C,A,0,,Y,,,Y,,L,04,1,0,0,0,0,0,1,0,0,"- ","- ",,,"SAN FRANCISCO","SAN FRANCISCO",-122.41124725341797,37.771595001220703
9708606,2024,2024-07-11,3801,2024-05-31,1330,707,TRAFF,5,5,7,3801,0,0,0,,0,4B3G,"1131 GUERRERO ST","GUERRERO ST 1131",0.00,,Y,A,-,N,,,,,,,,,,N,2,0,1,3,A,-,06,21750,,N,E,G,A,A,H,-,A,D,0,,Y,,,Y,,L,04,1,0,0,0,0,0,1,0,0,"- ","- ",,,"SAN FRANCISCO","SAN FRANCISCO",,
9710168,2024,2024-08-06,3801,2024-05-30,"930 ",2400,BAYVI,4,5,7,3801,0,0,0,,0,3CAR,"NEWHALL ST","FAIRFAX AV",80.00,N,N,A,-,N,,,,,,,,,,N,2,0,1,2,A,-,17,22517,,N,B,G,A,A,H,-,A,D,0,,Y,,,Y,,D,22,1,0,0,0,0,0,1,0,0,"- ","- ",,,"SAN FRANCISCO","SAN FRANCISCO",-122.38699340820312,37.741481781005859
9710178,2024,2024-07-18,3801,2024-05-15,1445,1679,SOUTH,3,5,7,3801,0,0,0,,0,3B14A,"FOLSOM ST","BEALE ST",0.00,,Y,A,-,N,,,,,,,,,,N,2,0,1,2,A,-,12,21453,A,N,D,G,A,A,H,-,A,A,0,,Y,,Y,Y,,L,04,1,0,0,0,0,0,1,0,0,"- ","- ",,,"SAN FRANCISCO","SAN FRANCISCO",-122.39271545410156,37.788715362548828
9711512,2024,2024-09-03,3801,2024-06-16,1550,4119,TRAFF,7,5,7,3801,0,0,0,,0,4B103,"OFARRELL ST","HYDE ST",91.00,W,N,A,-,N,,,,,,,,,,N,2,0,1,1,A,-,03,22350,,N,H,A,A,A,H,-,A,D,0,,,,,Y,Y,M,94,1,0,0,0,0,0,0,0,0,"- ","- ",,,"SAN FRANCISCO","SAN FRANCISCO",-122.41657257080078,37.785346984863281
9721868,2024,2024-08-30,3801,2024-07-23,1000,2390,PARK,2,5,7,3801,0,0,0,,0,3F3A,"STANYAN ST","FELL ST",0.00,,Y,A,-,N,,,,,,,,,,N,2,0,1,2,D,-,00,,,N,D,G,A,A,H,-,A,B,0,,Y,,,Y,,-,"- ",1,0,0,0,0,0,1,0,0,"- ","- ",,,"SAN FRANCISCO","SAN FRANCISCO",-122.45407104492188,37.77197265625
9721897,2024,2024-09-03,3801,2024-07-29,2137,1499,MISSI,1,5,7,3801,0,0,0,,0,3D12E,"26TH ST","MISSION ST",7.00,W,N,A,-,N,,,,,,,,,,N,2,0,1,2,A,-,17,21200,A,F,D,B,F,A,H,-,C,D,0,Y,Y,,,Y,,L,04,1,0,0,0,1,0,0,0,0,"- ","- ",,,"SAN FRANCISCO","SAN FRANCISCO",-122.41816711425781,37.749057769775391
9723513,2024,2024-10-10,3801,2024-09-08,2128,2140,MISSI,7,5,7,3801,0,0,0,,0,3D14E,"CAPP ST","25TH ST",252.00,S,N,A,-,N,,,,,,,,,,N,2,0,1,2,A,-,03,22350,,N,B,C,A,A,H,-,C,D,0,,,Y,,Y,Y,C,02,1,0,0,0,0,0,0,0,1,"- ","- ",,,"SAN FRANCISCO","SAN FRANCISCO",-122.41712951660156,37.750038146972656