CASE_ID,ACCIDENT_YEAR,PROC_DATE,JURIS,COLLISION_DATE,COLLISION_TIME,OFFICER_ID,REPORTING_DISTRICT,DAY_OF_WEEK,CHP_SHIFT,POPULATION,CNTY_CITY_LOC,SPECIAL_COND,BEAT_TYPE,CHP_BEAT_TYPE,CITY_DIVISION_LAPD,CHP_BEAT_CLASS,BEAT_NUMBER,PRIMARY_RD,SECONDARY_RD,DISTANCE,DIRECTION,INTERSECTION,WEATHER_1,WEATHER_2,STATE_HWY_IND,CALTRANS_COUNTY,CALTRANS_DISTRICT,STATE_ROUTE,ROUTE_SUFFIX,POSTMILE_PREFIX,POSTMILE,LOCATION_TYPE,RAMP_INTERSECTION,SIDE_OF_HWY,TOW_AWAY,COLLISION_SEVERITY,NUMBER_KILLED,NUMBER_INJURED,PARTY_COUNT,PRIMARY_COLL_FACTOR,PCF_CODE_OF_VIOL,PCF_VIOL_CATEGORY,PCF_VIOLATION,PCF_VIOL_SUBSECTION,HIT_AND_RUN,TYPE_OF_COLLISION,MVIW,PED_ACTION,ROAD_SURFACE,ROAD_COND_1,ROAD_COND_2,LIGHTING,CONTROL_DEVICE,CHP_ROAD_TYPE,PEDESTRIAN_ACCIDENT,BICYCLE_ACCIDENT,MOTORCYCLE_ACCIDENT,TRUCK_ACCIDENT,NOT_PRIVATE_PROPERTY,ALCOHOL_INVOLVED,STWD_VEHTYPE_AT_FAULT,CHP_VEHTYPE_AT_FAULT,COUNT_SEVERE_INJ,COUNT_VISIBLE_INJ,COUNT_COMPLAINT_PAIN,COUNT_PED_KILLED,COUNT_PED_INJURED,COUNT_BICYCLIST_KILLED,COUNT_BICYCLIST_INJURED,COUNT_MC_KILLED,COUNT_MC_INJURED,PRIMARY_RAMP,SECONDARY_RAMP,LATITUDE,LONGITUDE,COUNTY,CITY,POINT_X,POINT_Y
9728873,2024,2024-09-11,3801,2024-07-09,1040,1826,CENTR,2,5,7,3801,0,0,0,,0,001,"JONES ST","SUTTER ST",91.00,S,N,A,-,N,,,,,,,,,,N,2,0,1,2,A,-,08,22107,,N,B,G,A,A,H,-,A,D,0,,Y,,,Y,,A,01,1,0,0,0,0,0,1,0,0,"- ","- ",,,"SAN FRANCISCO","SAN FRANCISCO",-122.41346740722656,37.788352966308594
9728886,2024,2024-08-30,3801,2024-07-10,2203,1622,NORTH,3,5,7,3801,0,0,0,,0,3E11E,"HAYES ST","WEBSTER ST",0.00,,Y,B,-,N,,,,,,,,,,N,2,0,1,2,A,-,11,21453,D,N,D,B,A,-,H,-,C,A,0,,,,,Y,,-,,1,0,0,0,0,0,0,0,0,"- ","- ",,,"SAN FRANCISCO","SAN FRANCISCO",-122.42953491210938,37.776042938232422
9733958,2024,2024-09-19,3801,2024-08-25,1503,1333,CENTR,7,5,7,3801,0,0,0,,0,3A13C,"THE EMBARCADERO","SANSOME ST",183.00,S,N,A,-,N,,,,,,,,,,N,2,0,1,1,A,-,03,22350,,N,E,I,A,A,H,-,A,D,0,,,,,Y,,-,,1,0,0,0,0,0,0,0,0,"- ","- ",,,"SAN FRANCISCO","SAN FRANCISCO",-122.4029541015625,37.804702758789062
9734929,2024,2024-10-15,3801,2024-09-07,"650 ",4275,TARAV,6,5,7,3801,0,0,0,,0,3I3A,"LINCOLN WY","CHAIN OF LAKES DR",0.00,,Y,-,-,N,,,,,,,,,,Y,2,0,3,5,A,-,12,22450,A,N,A,C,A,A,-,-,B,A,0,,,,,Y,,A,08,1,0,2,0,0,0,0,0,0,"- ","- ",,,"SAN FRANCISCO","SAN FRANCISCO",-122.50084686279297,37.764415740966797
9738756,2024,2024-12-06,3801,2024-08-27,"35  ",2460,SOUTH,2,5,7,3801,0,0,0,,0,3B13E,"VAN NESS AV","MARKET ST",15.00,N,N,A,-,Y,SF,4,101,-,T,4.860,I,5,S,Y,2,0,2,2,A,-,12,21453,A,N,D,G,A,A,H,-,C,A,0,,Y,Y,,Y,,L,04,2,0,0,0,0,0,1,0,1,"- ","- ",,,"SAN FRANCISCO","SAN FRANCISCO",-122.41934204101562,37.775142669677734
9741506,2024,2024-10-10,3801,2024-09-13,1754,2500,CENTR,5,5,7,3801,0,0,0,,0,3A13D,"PINE ST","GRANT AV",0.00,,Y,A,-,N,,,,,,,,,,N,2,0,2,3,A,-,12,21453,A,N,G,B,B,A,H,-,A,A,0,Y,,,,Y,,A,01,1,0,1,0,2,0,0,0,0,"- ","- ",,,"SAN FRANCISCO","SAN FRANCISCO",-122.40571594238281,37.791511535644531
9741525,2024,2024-10-22,3801,2024-09-16,1440,1288,NORTH,1,5,7,3801,0,0,0,,0,3E13D,"VAN NESS AV","UNION ST",174240.00,S,N,A,-,N,,,,,,,,,,N,2,0,1,1,A,-,17,21235,G,N,F,A,A,A,H,-,A,A,0,,,,,Y,,M,94,1,0,0,0,0,0,0,0,0,"- ","- ",,,"SAN FRANCISCO","SAN FRANCISCO",-122.42661285400391,37.808040618896484
9741664,2024,2024-10-09,3801,2024-08-13,"421 ",2150,RICHM,2,5,7,3801,0,0,0,,0,,"FULTON ST","6TH AV",0.00,,Y,A,-,N,,,,,,,,,,N,2,0,1,2,A,-,09,21800,A,N,D,C,A,A,H,-,C,A,0,,,,,Y,,M,94,1,0,0,0,0,0,0,0,0,"- ","- ",,,"SAN FRANCISCO","SAN FRANCISCO",-122.46376037597656,37.773612976074219
9742734,2024,2024-11-06,3801,2024-10-06,2205,917,TRAFF,7,5,7,3801,0,0,0,,0,4B2E,"3RD ST","PAUL AV",10.00,S,N,A,-,N,,,,,,,,,,N,2,0,1,2,A,-,11,21456,A,F,G,B,B,A,H,-,C,A,0,Y,,,,Y,,N,60,1,0,0,0,1,0,0,0,0,"- ","- ",,,"SAN FRANCISCO","SAN FRANCISCO",-122.39575958251953,37.722385406494141
9742808,2024,2024-11-06,3801,2024-10-28,1537,2390,PARK,1,5,7,3801,0,0,0,,0,3F60,"HAYES ST","BAKER ST",252.00,E,N,A,-,N,,,,,,,,,,N,2,0,1,2,A,-,03,22350,,N,C,G,A,A,H,-,A,D,0,,Y,,,Y,,L,04,1,0,0,0,0,0,1,0,0,"- ","- ",,,"SAN FRANCISCO","SAN FRANCISCO",-122.44024658203125,37.774665832519531
9742809,2024,2024-11-06,3801,2024-10-28,1233,1242,CENTR,1,5,7,3801,0,0,0,,0,3A15A,"BUST ST","JONES ST",0.00,,Y,A,-,N,,,,,,,,,,Y,2,0,2,2,A,-,12,21453,A,N,D,C,A,A,H,-,A,A,0,,,,,Y,Y,A,01,1,0,1,0,0,0,0,0,0,"- ","- ",,,"SAN FRANCISCO","SAN FRANCISCO",,
9742845,2024,2024-11-06,3801,2024-10-20,"0   ",715,MISSI,7,5,7,3801,0,0,0,,0,3D14E,"HARRISON ST","24TH ST",0.00,,Y,A,-,N,,,,,,,,,,N,2,0,1,2,A,-,03,22350,,F,H,G,A,A,H,-,C,A,0,,Y,,,Y,,A,01,1,0,0,0,0,0,1,0,0,"- ","- ",,,"SAN FRANCISCO","SAN FRANCISCO",-122.41188812255859,37.752651214599609
9742915,2024,2025-04-10,3801,2024-10-10,"356 ",2400,BAYVI,4,5,7,3801,0,0,0,,0,3CAR,"3RD ST","LA SALLE AV",0.00,,Y,A,-,N,,,,,,,,,,Y,2,0,3,2,A,-,12,21453,A,N,D,C,A,A,H,-,C,A,0,,,,,Y,,A,01,1,0,2,0,0,0,0,0,0,"- ","- ",,,"SAN FRANCISCO","SAN FRANCISCO",-122.38993835449219,37.737216949462891
9742937,2024,2024-11-06,3801,2024-09-28,"29  ",1741,TARAV,6,5,7,3801,0,0,0,,0,901,"JUDAH ST","47TH AV",52.00,E,N,A,-,N,,,,,,,,,,N,2,0,1,1,A,-,01,21221,5,N,A,I,A,A,H,-,E,D,0,,,,,Y,Y,M,95,1,0,0,0,0,0,0,0,0,"- ","- ",,,"SAN FRANCISCO","SAN FRANCISCO",-122.50684356689453,37.760387420654297
9751143,2024,2024-12-13,3801,2024-11-08,"16  ",1136,SOUTH,5,5,7,3801,0,0,0,,0,3B11E,"1ST ST","MINNA ST",0.00,,Y,A,-,N,,,,,,,,,,N,2,0,1,2,A,-,17,21657,,N,A,J,A,A,H,-,C,A,0,,,,,Y,Y,-,,1,0,0,0,0,0,0,0,0,"- ","- ",,,"SAN FRANCISCO","SAN FRANCISCO",-122.39703369140625,37.789371490478516
9751201,2024,2024-12-16,3801,2024-11-12,1415,424,NORTH,2,5,7,3801,0,0,0,,0,3E12A,"FULTON ST","FILLMORE ST",0.00,,Y,A,-,N,,,,,,,,,,,2,0,1,1,C,-,18,,,N,F,-,A,A,D,-,A,A,0,,Y,,,Y,,-,"- ",1,0,0,0,0,0,1,0,0,"- ","- ",,,"SAN FRANCISCO","SAN FRANCISCO",-122.43155670166016,37.777690887451172
9751207,2024,2024-12-16,3801,2024-11-04,2107,1300,PARK,1,5,7,3801,0,0,0,,0,3F13E,"OAK ST","LYON ST",0.00,,Y,A,-,N,,,,,,,,,,N,2,0,1,1,A,-,03,22350,,N,H,A,A,A,H,-,C,A,0,,Y,,,Y,,L,04,1,0,0,0,0,0,1,0,0,"- ","- ",,,"SAN FRANCISCO","SAN FRANCISCO",-122.44235992431641,37.772495269775391
9751240,2024,2024-12-12,3801,2024-11-17,1405,1994,TRAFF,7,5,7,3801,0,0,0,,0,4B3C,"MARKET ST","SANCHEZ ST",0.00,,Y,B,-,N,,,,,,,,,,N,2,0,2,2,A,-,06,21755,A,N,B,C,A,A,H,-,A,A,0,,,Y,,Y,,C,02,1,0,1,0,0,0,0,0,2,"- ","- ",,,"SAN FRANCISCO","SAN FRANCISCO",-122.43100738525391,37.765979766845703
9751353,2024,2025-01-28,3801,2024-03-08,1520,1994,TRAFF,5,5,7,3801,0,0,0,,0,4B3G,"MARTIN LUTHER KING JR DR","MUSIC CONCOURSE DR",11.00,W,N,A,-,N,,,,,,,,,,Y,1,1,0,2,A,-,03,22350,,N,-,I,A,A,H,-,A,D,0,,,Y,,Y,,C,02,0,0,0,0,0,0,0,1,0,"- ","- ",,,"SAN FRANCISCO","SAN FRANCISCO",-122.46840667724609,37.768802642822266
9751357,2024,2025-01-28,3801,2024-07-11,"40  ",917,TRAFF,4,5,7,3801,0,0,0,,0,4B2E,"GENEVA AV","CAYUGA AV",124.00,W,N,A,-,N,,,,,,,,,,Y,1,1,0,2,A,-,11,21954,A,N,G,B,E,A,H,-,C,D,0,Y,,,,Y,Y,N,60,0,0,0,1,0,0,0,0,0,"- ","- ",,,"SAN FRANCISCO","SAN FRANCISCO",-122.44397735595703,37.719161987304688
9751423,2024,2024-12-12,3801,2024-09-21,2332,917,TRAFF,6,5,7,3801,0,0,0,,0,4B2E,"LOMBARD ST (US101)","GOUGH ST",8.00,W,N,A,-,Y,SF,4,101,-,-,6.896,I,5,N,N,1,1,0,2,A,-,11,21456,A,F,G,B,B,A,H,-,C,A,0,Y,,,,Y,,N,60,0,0,0,1,0,0,0,0,0,"- ","- ",,,"SAN FRANCISCO","SAN FRANCISCO",-122.4278564453125,37.800952911376953
9758773,2024,2024-12-18,3801,2024-11-11,1102,1422,TRAFF,1,5,7,3801,0,0,0,,0,,"ALABAMA ST","25TH ST",204.00,S,N,C,-,N,,,,,,,,,,Y,2,0,1,2,C,-,18,,,N,C,E,A,B,H,-,A,D,0,,,,,Y,,-,"- ",1,0,0,0,0,0,0,0,0,"- ","- ",,,"SAN FRANCISCO","SAN FRANCISCO",-122.41073608398438,37.750522613525391
9759505,2024,2025-01-22,3801,2024-11-25,"800 ",4798,NORTH,1,5,7,3801,0,0,0,,0,3E00,"LINCOLN WY","5TH AV",0.00,,Y,B,-,N,,,,,,,,,,N,2,0,1,2,A,-,"- ",,,N,-,C,A,B,H,-,A,-,0,,,,,Y,,A,01,1,0,0,0,0,0,0,0,0,"- ","- ",,,"SAN FRANCISCO","SAN FRANCISCO",-122.462158203125,37.766105651855469
9759535,2024,2025-01-10,3801,2024-11-29,1409,1352,MISSI,5,5,7,3801,0,0,0,,0,3D14C,"PORTOLA DR","MARKET ST",0.00,,Y,A,-,N,,,,,,,,,,Y,2,0,1,1,A,-,03,22350,,N,E,A,A,A,H,-,A,A,0,,,Y,,Y,,C,02,1,0,0,0,0,0,0,0,1,"- ","- ",,,"SAN FRANCISCO","SAN FRANCISCO",-122.44338226318359,37.750057220458984
9759559,2024,2025-01-16,3801,2024-12-20,"807 ",1304,NORTH,5,5,7,3801,0,0,0,,0,,"POLK ST","POST ST",0.00,,Y,A,-,N,,,,,,,,,,N,2,0,1,2,A,-,12,21453,A,N,D,J,A,A,H,-,A,A,0,,,,,Y,,M,94,1,0,0,0,0,0,0,0,0,"- ","- ",,,"SAN FRANCISCO","SAN FRANCISCO",-122.41989898681641,37.786834716796875
9759598,2024,2025-01-14,3801,2024-12-06,"133 ",1207,TENDE,5,5,7,3801,0,0,0,,0,,"MARKET ST","9TH ST",0.00,,Y,A,-,N,,,,,,,,,,Y,2,0,1,2,A,-,10,21950,A,N,G,B,B,A,H,-,C,A,0,Y,,,,Y,,A,01,1,0,0,0,1,0,0,0,0,"- ","- ",,,"SAN FRANCISCO","SAN FRANCISCO",-122.41632843017578,37.777500152587891
9759633,2024,2025-02-03,3801,2024-12-22,1130,863,MISSI,7,5,7,3801,0,0,0,,0,3D11C,"24TH ST","FOLSOM ST",0.00,,Y,A,-,N,,,,,,,,,,Y,2,0,1,3,A,-,10,21950,A,F,G,B,B,A,H,-,A,A,0,Y,,,,Y,,A,01,1,0,0,0,1,0,0,0,0,"- ","- ",,,"SAN FRANCISCO","SAN FRANCISCO",-122.41409301757812,37.752506256103516
9759747,2024,2025-01-14,3801,2024-10-25,"9   ",2279,CENTR,5,5,7,3801,0,0,0,,0,3A14E,"COLUMBUS AV","FILBERT ST",0.00,,Y,A,-,N,,,,,,,,,,Y,2,0,1,2,A,-,03,22350,,F,G,J,E,A,H,-,C,A,0,Y,,,,Y,,A,01,1,0,0,0,1,0,0,0,0,"- ","- ",,,"SAN FRANCISCO","SAN FRANCISCO",-122.41136169433594,37.801116943359375
9769393,2025,2025-02-07,3801,2025-01-25,1122,1297,PARK,6,5,7,3801,0,0,0,,0,3F2A,"JOHN F KENNEDY DR","CONSERVATORY DR W",0.00,,Y,A,-,N,,,,,,,,,,N,2,0,2,2,A,-,10,21950,C,N,C,B,E,A,H,-,A,D,0,Y,Y,,,Y,,L,04,1,1,0,0,1,0,1,0,0,"- ","- ",37.772041320800781,-122.46314239501953,"SAN FRANCISCO","SAN FRANCISCO",-122.46205139160156,37.771766662597656
9769433,2025,2025-02-11,3801,2025-01-08,"855 ",2407,MISSI,3,5,7,3801,0,0,0,,0,3D14D,"FOLSOM ST","SHERMAN ST",0.00,,Y,A,-,N,,,,,,,,,,,2,0,1,2,A,-,08,22107,,N,D,G,A,A,H,-,A,A,0,,Y,,,Y,Y,A,01,1,0,0,0,0,0,1,0,0,"- ","- ",,,"SAN FRANCISCO","SAN FRANCISCO",-122.40702056884766,37.777408599853516
9780137,2025,2025-03-28,3801,2025-02-12,2259,2714,MISSI,3,5,7,3801,0,0,0,,0,3D13E,"26TH ST","CAPP ST",50.00,E,N,C,-,N,,,,,,,,,,Y,2,0,1,4,A,-,01,23152,A,N,F,E,A,B,H,-,C,A,0,,,,,Y,Y,D,22,1,0,0,0,0,0,0,0,0,"- ","- ",,,"SAN FRANCISCO","SAN FRANCISCO",-122.41687774658203,37.749118804931641
9780185,2025,2025-03-18,3801,2025-01-21,"938 ",379,TRAFF,2,5,7,3801,0,0,0,,0,4B2H,"SAN JOSE AV","RANDALL ST",577.00,S,N,A,-,N,,,,,,,,,,Y,2,0,1,2,A,-,06,21750,,N,B,C,A,A,H,-,A,D,0,,,Y,,Y,,I,12,1,0,0,0,0,0,0,0,1,"- ","- ",,,"SAN FRANCISCO","SAN FRANCISCO",-122.4248046875,37.738338470458984
9780323,2025,2025-03-11,3801,2025-02-26,"904 ",2734,NORTH,3,5,7,3801,0,0,0,,0,3E11A,"HAIGHT ST","BUCHANAN ST",262.00,E,N,A,-,N,,,,,,,,,,Y,2,0,2,2,A,-,09,21804,A,N,D,G,A,A,H,-,A,D,0,,Y,,,Y,,L,04,1,0,1,0,0,0,1,0,0,"- ","- ",,,"SAN FRANCISCO","SAN FRANCISCO",-122.42627716064453,37.77264404296875
9780384,2025,2025-03-12,3801,2025-02-08,1921,1857,SOUTH,6,5,7,3801,0,0,0,,0,3B13D,"SOUTH VAN NESS","OTIS ST",0.00,,Y,A,-,N,,,,,,,,,,N,2,0,1,2,A,-,12,21453,A,N,D,G,A,A,H,-,C,A,0,,Y,,,Y,,L,04,1,0,0,0,0,0,1,0,0,"- ","- ",,,"SAN FRANCISCO","SAN FRANCISCO",-122.41863250732422,37.773109436035156
9780485,2025,2025-03-13,3801,2025-01-21,1030,4798,NORTH,2,5,7,3801,0,0,0,,0,3E00,"LAGUNA ST","FULTON ST",0.00,,Y,A,-,N,,,,,,,,,,N,2,0,1,2,A,-,10,21950,,M,G,B,B,A,H,-,A,A,0,Y,,,,Y,,A,01,1,0,0,0,1,0,0,0,0,"- ","- ",,,"SAN FRANCISCO","SAN FRANCISCO",-122.42664337158203,37.778327941894531
9780537,2025,2025-03-17,3801,2025-02-08,2110,1442,NORTH,6,5,7,3801,0,0,0,,0,0E5,"LOMBARD ST","GOUGH ST",0.00,,Y,A,-,N,,,,,,,,,,N,2,0,1,1,C,-,18,,,N,H,J,A,A,G,-,C,A,0,,,Y,,Y,,-,"- ",1,0,0,0,0,0,0,0,1,"- ","- ",,,"SAN FRANCISCO","SAN FRANCISCO",-122.42781829833984,37.800899505615234
9788797,2025,2025-05-13,3801,2025-04-05,1946,1641,CENTR,6,5,7,3801,0,0,0,,0,3E15D,"UNION ST","VARENNES ST",0.00,,Y,A,-,N,,,,,,,,,,N,2,0,1,2,A,-,04,21703,,N,B,C,A,A,H,-,B,D,0,,,Y,,Y,,C,02,1,0,0,0,0,0,0,0,1,"- ","- ",,,"SAN FRANCISCO","SAN FRANCISCO",-122.40682220458984,37.800739288330078
9788825,2025,2025-05-12,3801,2025-04-19,1525,1333,TARAV,6,5,7,3801,0,0,0,,0,3I15D,"19TH AV","JUNIPERO SERRA BL",105.00,W,N,A,-,N,,,,,,,,,,Y,2,0,2,2,A,-,03,22350,,N,C,C,A,A,H,-,A,D,0,,,,,Y,,A,01,1,1,0,0,0,0,0,0,0,"- ","- ",,,"SAN FRANCISCO","SAN FRANCISCO",-122.47294616699219,37.7174072265625
9788874,2025,2025-05-12,3801,2025-04-13,"923 ",1598,RICHM,7,5,7,3801,0,0,0,,0,003,"CABRILLO ST","9TH AV",0.00,,Y,A,-,N,,,,,,,,,,N,2,0,1,2,A,-,08,22107,,N,B,G,A,A,H,-,A,D,0,,Y,,,Y,,A,01,1,0,0,0,0,0,1,0,0,"- ","- ",,,"SAN FRANCISCO","SAN FRANCISCO",-122.46708679199219,37.775222778320312
9789194,2025,2025-03-18,3801,2025-01-25,2127,1994,TRAFF,6,5,7,3801,0,0,0,,0,4B3C,"LINCOLN WY","39TH ST",0.00,,Y,A,-,N,,,,,,,,,,N,2,0,1,2,A,-,09,21801,A,N,D,C,A,A,H,-,C,D,0,,,Y,,Y,,A,01,1,0,0,0,0,0,0,0,1,"- ","- ",,,"SAN FRANCISCO","SAN FRANCISCO",-122.4986572265625,37.764511108398438
9796720,2025,2025-04-15,3801,2025-03-24,1428,1769,BAYVI,1,5,7,3801,0,0,0,,0,3C15A,"EGBERT AV","INGALLS ST",0.00,,Y,A,-,N,,,,,,,,,,N,2,0,1,2,A,-,03,22350,,N,D,C,A,A,H,-,A,D,0,,,Y,,Y,,C,02,1,0,0,0,0,0,0,0,1,"- ","- ",,,"SAN FRANCISCO","SAN FRANCISCO",-122.39076995849609,37.721611022949219
9797073,2025,2025-04-09,3801,2025-03-23,1622,2166,INGLE,7,5,7,3801,0,0,0,,0,3H11D,"MISSION ST","PRECITA AV",76.00,N,N,A,-,N,,,,,,,,,,Y,2,0,4,2,C,-,18,,,N,C,C,A,A,H,-,A,A,0,,,,,Y,,-,"- ",1,0,3,0,0,0,0,0,0,"- ","- ",,,"SAN FRANCISCO","SAN FRANCISCO",-122.41899871826172,37.746944427490234
9797094,2025,2025-04-15,3801,2025-03-16,2027,438,NORTH,7,5,7,3801,0,0,0,,0,3E12D,"DIVISADERO ST","OAK ST",0.00,,Y,C,-,N,,,,,,,,,,Y,2,0,1,2,A,-,09,21801,A,N,D,C,A,B,H,-,C,A,0,,,,,Y,,A,07,1,0,0,0,0,0,0,0,0,"- ","- ",,,"SAN FRANCISCO","SAN FRANCISCO",-122.43743133544922,37.773143768310547
9798733,2025,2025-06-16,3801,2025-05-09,1252,1133,MISSI,5,5,7,3801,0,0,0,,0,06D,"13TH ST","11TH ST",15.00,W,N,A,-,N,,,,,,,,,,N,2,0,1,2,A,-,11,21954,A,N,D,B,-,A,H,-,A,A,0,Y,,,,Y,,N,60,1,0,0,0,1,0,0,0,0,"- ","- ",,,"SAN FRANCISCO","SAN FRANCISCO",,
9816521,2025,2025-06-18,3801,2025-05-25,"450 ",2451,TARAV,7,5,7,3801,0,0,0,,0,3I13E,"SUNSET BL","WAWONA ST",64.00,S,N,A,-,N,,,,,,,,,,Y,2,0,1,1,A,-,03,22350,,N,A,I,A,B,-,-,C,A,0,,,,,Y,,A,01,1,0,0,0,0,0,0,0,0,"- ","- ",,,"SAN FRANCISCO","SAN FRANCISCO",-122.49411773681641,37.736454010009766
9817515,2025,2025-06-13,3801,2025-04-21,2046,798,NORTH,1,5,7,3801,0,0,0,,0,3E12D,"FILLMORE ST","MCALLISTER ST",10.00,S,N,A,-,N,,,,,,,,,,N,2,0,1,2,A,-,10,21950,,N,G,B,B,A,H,-,C,A,0,Y,,,,Y,,A,07,1,0,0,0,1,0,0,0,0,"- ","- ",,,"SAN FRANCISCO","SAN FRANCISCO",-122.43174743652344,37.778614044189453
9866827,2025,2025-08-21,3801,2025-01-04,1730,34,TRAFF,6,5,7,3801,0,0,0,,0,4B4A,"SILVER AV","COLBY ST",5.00,E,N,A,-,N,,,,,,,,,,N,1,1,0,3,A,-,10,21950,A,F,G,B,B,A,H,-,C,D,0,Y,,,,Y,,-,99,0,0,0,1,0,0,0,0,0,"- ","- ",,,"SAN FRANCISCO","SAN FRANCISCO",-122.41456604003906,37.729434967041016
9868869,2025,2025-08-07,3801,2025-06-29,2350,1964,TARAV,7,5,7,3801,0,0,0,,0,3I1E,"19TH AV","JUDAH ST",0.00,,Y,A,-,N,,,,,,,,,,N,2,0,1,1,A,-,03,22350,,N,H,I,A,A,H,-,C,D,0,,,Y,,Y,,C,02,1,0,0,0,0,0,0,0,1,"- ","- ",,,"SAN FRANCISCO","SAN FRANCISCO",-122.47702789306641,37.761695861816406
9868871,2025,2025-08-14,3801,2025-06-28,"158 ",2742,INGLE,6,5,7,3801,0,0,0,,0,3H15E,"MISSION ST","NAGLEE AV",0.00,,Y,A,-,N,,,,,,,,,,N,2,0,1,2,A,-,10,21950,C,N,G,B,B,A,H,-,C,A,0,Y,,,,Y,,A,01,1,0,0,0,1,0,0,0,0,"- ","- ",,,"SAN FRANCISCO","SAN FRANCISCO",-122.44612884521484,37.711601257324219
6290185,2014,2015-12-21,9335,2014-02-15,0155,20461,,6,3,7,3801,0,1,2,,2,015,"RT 101","15TH ST",255.00,N,N,A,-,Y,SF,4,101,-,R,4.350,H,-,S,Y,1,1,0,1,A,-,08,22107,,N,E,I,A,A,H,-,C,D,1,,,Y,,Y,Y,C,02,0,0,0,0,0,0,0,1,0,"- ","- ",37.767940000000003,-122.40573000000001,"SAN FRANCISCO","SAN FRANCISCO",-122.4059635,37.768102919999997
6292207,2015,2015-06-02,3801,2015-03-11,1047,251,RICHM,3,5,7,3801,0,0,0,,0,3G61,"GEARY BL","26TH AV",0.00,,Y,A,-,N,,,,,,,,,,N,1,1,0,2,A,-,10,21950,A,N,G,B,B,A,H,-,A,D,0,Y,,,,Y,,D,22,0,0,0,1,0,0,0,0,0,"- ","- ",,,"SAN FRANCISCO","SAN FRANCISCO",-122.48580997000001,37.780099970000002
6292449,2015,2015-08-03,3801,2015-07-17,2125,000395,MISSI,5,5,7,3801,0,0,0,,0,4B7D,"SOUTH VAN NESS","16TH ST",124.00,S,N,A,-,N,,,,,,,,,,N,1,1,0,2,A,-,11,21955,,N,G,B,D,A,H,-,C,D,0,Y,,,,Y,,N,60,0,0,0,1,0,0,0,0,0,"- ","- ",,,"SAN FRANCISCO","SAN FRANCISCO",-122.41745854,37.764840270000001
6292450,2015,2015-08-03,3801,2015-07-20,1319,1714,COG,1,5,7,3801,0,0,0,,0,4B2A,"33RD AV","CABRILLO ST",15.00,N,N,A,-,N,,,,,,,,,,Y,1,1,0,2,A,-,10,21950,A,N,G,B,B,A,H,-,A,D,0,Y,,,,Y,Y,-,,0,0,0,1,0,0,0,0,0,"- ","- ",,,"SAN FRANCISCO","SAN FRANCISCO",-122.49287396,37.774081090000003
6293010,2016,2017-12-06,3801,2016-06-22,2024,373,SOUTH,3,5,7,3801,0,0,0,,0,0B3,"HOWARD ST","7TH ST",0.00,,Y,A,-,N,,,,,,,,,,Y,1,1,1,2,A,-,12,21453,A,F,D,G,A,A,H,-,A,A,0,,Y,,,Y,,A,01,0,0,1,0,0,1,0,0,0,"- ","- ",37.777900000000002,-122.40956,"SAN FRANCISCO","SAN FRANCISCO",-122.40939992,37.777979969999997
6293023,2016,2017-12-13,3801,2016-11-30,1819,1936,INGLE,3,5,7,3801,0,0,0,,0,4B8A,"OCEAN AV","DELANO AV",0.00,,Y,A,-,N,,,,,,,,,,N,1,1,0,2,A,-,10,21950,A,N,G,B,B,A,H,-,C,A,0,Y,,,,Y,,A,07,0,0,0,1,0,0,0,0,0,"- ","- ",37.723300000000002,-122.44325000000001,"SAN FRANCISCO","SAN FRANCISCO",-122.44324994999999,37.723089960000003
6341104,2014,2016-03-03,9335,2014-01-04,0240,020571,,6,3,7,3801,0,1,2,,2,015,"RT 101","RT 80",400.00,S,N,A,-,Y,SF,4,80,-,L,4.000,H,-,E,Y,2,0,1,1,A,-,01,23152,A,N,E,I,A,A,H,-,C,D,1,,,,,Y,Y,A,01,1,0,0,0,0,0,0,0,0,TO,"- ",37.461300000000001,-122.2437,"SAN FRANCISCO","SAN FRANCISCO",-122.40650359999999,37.768907570000003
6353961,2014,2016-02-12,9335,2014-01-05,1610,20157,,7,2,7,3801,0,1,1,,2,080,"RT 80","5TH ST",220.00,E,N,A,-,Y,SF,4,80,-,-,5.044,R,2,W,Y,2,0,4,1,A,-,08,22107,,N,E,I,A,A,H,-,A,D,1,,,,,Y,,A,01,1,1,2,0,0,0,0,0,0,"- ","- ",37.779229999999998,-122.401,"SAN FRANCISCO","SAN FRANCISCO",-122.39682489,37.782100389999997
6425094,2014,2016-02-12,9335,2014-02-19,1510,13378,,3,2,7,3801,0,1,1,,1,081,"RT 80","YERBA BUENA ISLAND",1100.00,W,N,A,-,Y,SF,4,80,-,-,7.510,H,-,W,Y,2,0,1,2,A,-,03,22350,,N,C,C,A,A,H,-,A,D,4,,,Y,,Y,,C,02,1,0,0,0,0,0,0,0,1,"- ","- ",37.806719999999999,-122.36886,"SAN FRANCISCO","SAN FRANCISCO",-122.36921641000001,37.806178209999999