CASE_ID,ACCIDENT_YEAR,PROC_DATE,JURIS,COLLISION_DATE,COLLISION_TIME,OFFICER_ID,REPORTING_DISTRICT,DAY_OF_WEEK,CHP_SHIFT,POPULATION,CNTY_CITY_LOC,SPECIAL_COND,BEAT_TYPE,CHP_BEAT_TYPE,CITY_DIVISION_LAPD,CHP_BEAT_CLASS,BEAT_NUMBER,PRIMARY_RD,SECONDARY_RD,DISTANCE,DIRECTION,INTERSECTION,WEATHER_1,WEATHER_2,STATE_HWY_IND,CALTRANS_COUNTY,CALTRANS_DISTRICT,STATE_ROUTE,ROUTE_SUFFIX,POSTMILE_PREFIX,POSTMILE,LOCATION_TYPE,RAMP_INTERSECTION,SIDE_OF_HWY,TOW_AWAY,COLLISION_SEVERITY,NUMBER_KILLED,NUMBER_INJURED,PARTY_COUNT,PRIMARY_COLL_FACTOR,PCF_CODE_OF_VIOL,PCF_VIOL_CATEGORY,PCF_VIOLATION,PCF_VIOL_SUBSECTION,HIT_AND_RUN,TYPE_OF_COLLISION,MVIW,PED_ACTION,ROAD_SURFACE,ROAD_COND_1,ROAD_COND_2,LIGHTING,CONTROL_DEVICE,CHP_ROAD_TYPE,PEDESTRIAN_ACCIDENT,BICYCLE_ACCIDENT,MOTORCYCLE_ACCIDENT,TRUCK_ACCIDENT,NOT_PRIVATE_PROPERTY,ALCOHOL_INVOLVED,STWD_VEHTYPE_AT_FAULT,CHP_VEHTYPE_AT_FAULT,COUNT_SEVERE_INJ,COUNT_VISIBLE_INJ,COUNT_COMPLAINT_PAIN,COUNT_PED_KILLED,COUNT_PED_INJURED,COUNT_BICYCLIST_KILLED,COUNT_BICYCLIST_INJURED,COUNT_MC_KILLED,COUNT_MC_INJURED,PRIMARY_RAMP,SECONDARY_RAMP,LATITUDE,LONGITUDE,COUNTY,CITY,POINT_X,POINT_Y
6492675,2014,2014-06-25,3801,2014-05-11,0123,00001,,7,5,7,3801,0,0,0,,0,,"SAN BRUNO AV","15TH ST",0.00,,Y,A,-,N,,,,,,,,,,Y,2,0,1,2,A,-,12,22450,A,N,D,C,A,A,H,-,C,A,0,,,Y,,Y,,C,02,1,0,0,0,0,0,0,0,1,"- ","- ",37.767209999999999,-122.40566,"SAN FRANCISCO","SAN FRANCISCO",-122.40571987,37.767209950000002
6515912,2014,2016-03-30,9335,2014-06-30,1452,018053,,1,2,7,3801,0,1,1,,2,023,"RT 280","ALEMANY BL",80.00,S,N,A,-,Y,SF,4,280,-,R,3.850,H,-,S,Y,2,0,1,2,D,-,00,,,N,C,C,A,A,H,-,A,D,1,,,Y,,Y,,-,"- ",1,0,0,0,0,0,0,0,1,"- ","- ",37.732379999999999,-122.41477999999999,"SAN FRANCISCO","SAN FRANCISCO",-122.41478391,37.732315849999999
6540571,2014,2014-08-07,3801,2014-03-16,0805,2127,SOUTH,7,5,7,3801,0,0,0,,0,4K1E,"7TH ST","MISSION ST",15.00,N,N,A,-,N,,,,,,,,,,Y,2,0,1,2,A,-,10,21950,A,N,G,B,B,A,H,-,A,A,0,Y,,,,Y,Y,I,10,1,0,0,0,1,0,0,0,0,"- ","- ",,,"SAN FRANCISCO","SAN FRANCISCO",-122.41093657,37.779239250000003
6540577,2014,2014-08-13,3801,2014-01-16,1257,1514,SOUTH,4,5,7,3801,0,0,0,,0,3B14C,"11TH ST","HOWARD ST",0.00,,Y,A,-,N,,,,,,,,,,N,2,0,1,2,A,-,04,21703,,N,C,C,A,A,H,-,A,A,0,,,,,Y,,D,22,1,0,0,0,0,0,0,0,0,"- ","- ",,,"SAN FRANCISCO","SAN FRANCISCO",-122.41556991,37.773119880000003
6540636,2014,2014-08-07,3801,2014-03-24,1436,2260,NORTH,1,5,7,3801,0,0,0,,0,3E61,"EDDY ST","FILLMORE AV",89.00,W,N,A,-,N,,,,,,,,,,Y,2,0,1,5,A,-,05,21650,,F,G,A,A,A,D,H,A,A,0,,Y,,,Y,,A,01,1,0,0,0,0,0,1,0,0,"- ","- ",,,"SAN FRANCISCO","SAN FRANCISCO",-122.43262412,37.781381060000001
6546085,2014,2014-07-21,3801,2014-01-24,2210,2375,INGLE,5,5,7,3801,0,0,0,,0,SEC1,"MISSION ST","30TH ST",99.00,N,N,A,-,N,,,,,,,,,,Y,2,0,1,2,A,-,01,23153,A,N,G,B,F,A,H,-,C,D,0,Y,,,,Y,,A,01,1,0,0,0,1,0,0,0,0,"- ","- ",,,"SAN FRANCISCO","SAN FRANCISCO",-122.42181915,37.742637899999998
6546206,2014,2014-07-22,3801,2014-02-27,0741,004341,RICHM,4,5,7,3801,0,0,0,,0,3G60,"CABRILLO ST","26TH AV",10.00,E,N,A,-,N,,,,,,,,,,Y,2,0,1,3,A,-,00,12500,A,F,D,C,A,B,H,-,A,A,0,,,,,Y,,A,01,1,0,0,0,0,0,0,0,0,"- ","- ",,,"SAN FRANCISCO","SAN FRANCISCO",-122.48535545,37.774401619999999
6547455,2014,2014-07-25,3801,2014-02-03,1800,2446,,1,5,7,3801,0,0,0,,0,3D6D,"16TH ST","POTRERO AV",0.00,,Y,A,-,N,,,,,,,,,,N,2,0,2,2,A,-,09,21801,A,N,A,G,A,A,H,-,B,A,0,,Y,Y,,Y,,L,04,1,0,1,0,0,0,1,0,1,"- ","- ",,,"SAN FRANCISCO","SAN FRANCISCO",-122.40755998,37.765769929999998
6547457,2014,2014-07-22,3801,2014-02-28,1801,1685,NORTH,5,5,7,3801,0,0,0,,0,3814D,"BUSH ST","WEBSTER ST",70.00,W,N,B,-,N,,,,,,,,,,N,2,0,1,2,A,-,08,22107,,N,B,C,A,B,H,-,B,D,0,,,Y,,Y,,A,07,1,0,0,0,0,0,0,0,1,"- ","- ",,,"SAN FRANCISCO","SAN FRANCISCO",-122.43202973,37.787202030000003
6547535,2014,2014-07-22,3801,2014-01-31,1917,209,,5,5,7,3801,0,0,0,,0,3E12D,"VAN NESS AV","GROVE ST",0.00,,Y,A,-,N,,,,,,,,,,Y,2,0,1,2,A,-,09,21801,A,N,A,C,A,A,H,-,C,A,0,,,Y,,Y,Y,A,01,1,0,0,0,0,0,0,0,1,"- ","- ",,,"SAN FRANCISCO","SAN FRANCISCO",-122.41995987999999,37.778249930000001
6547536,2014,2014-07-21,3801,2014-02-16,1748,004324,BAYVI,7,5,7,3801,0,0,0,,0,003,"ILLINOIS ST","AMADOR AV",300.00,N,N,A,-,N,,,,,,,,,,Y,2,0,1,1,A,-,03,22350,,N,A,I,A,A,H,-,A,A,0,,,Y,,Y,,C,02,1,0,0,0,0,0,0,0,1,"- ","- ",,,"SAN FRANCISCO","SAN FRANCISCO",-122.38613637,37.746590089999998
6547550,2014,2014-07-22,3801,2014-01-05,1721,000710,TARAV,7,5,7,3801,0,0,0,,0,3116D,"OCEAN AV",PHELAN,0.00,,Y,A,-,N,,,,,,,,,,N,2,0,1,1,A,-,03,22350,,N,E,I,A,A,H,-,A,A,0,,,Y,,Y,,O,05,1,0,0,0,0,0,0,0,1,"- ","- ",,,"SAN FRANCISCO","SAN FRANCISCO",-122.45232991,37.723069889999998
6547558,2014,2014-07-22,3801,2014-01-04,2358,1939,INGLE,6,5,7,3801,0,0,0,,0,4B7H,"MISSION ST","29TH ST",325.00,N,N,A,-,N,,,,,,,,,,N,2,0,1,2,A,-,11,21955,,N,G,B,D,A,H,-,C,D,0,Y,,,,Y,Y,N,60,1,0,0,0,1,0,0,0,0,"- ","- ",,,"SAN FRANCISCO","SAN FRANCISCO",-122.42037789,37.744862120000001
6547572,2014,2014-07-22,3801,2014-01-08,1830,1402,3B,3,5,7,3801,0,0,0,,0,3B11D,"TEHAMA ST","1ST ST",493.00,W,N,A,-,N,,,,,,,,,,N,2,0,1,2,A,-,11,21106,,N,B,C,A,A,H,-,C,D,0,,,,,Y,,-,,1,0,0,0,0,0,0,0,0,"- ","- ",,,"SAN FRANCISCO","SAN FRANCISCO",-122.3966811,37.787160110000002
6556979,2014,2014-07-22,3801,2014-03-15,1405,004335,BAYVI,6,5,7,3801,0,0,0,,0,3C12C,"OAKDALE AV","TOLAND ST",141.00,E,N,A,-,N,,,,,,,,,,Y,2,0,1,2,A,-,07,21658,A,N,A,E,A,A,H,-,A,D,0,,,,,Y,,A,01,1,0,0,0,0,0,0,0,0,"- ","- ",,,"SAN FRANCISCO","SAN FRANCISCO",-122.40114466999999,37.740734570000001
6557046,2014,2014-07-21,3801,2014-03-02,1148,1265,SOUTH,7,5,7,3801,0,0,0,,0,03B,"MARKET ST","5TH ST",72.00,E,N,C,-,N,,,,,,,,,,N,2,0,1,1,A,-,03,22350,,N,H,I,A,B,H,-,A,A,0,,,Y,,Y,,C,03,1,0,0,0,0,0,0,0,1,"- ","- ",,,"SAN FRANCISCO","SAN FRANCISCO",-122.40788121999999,37.784137809999997
6557049,2014,2014-07-21,3801,2014-03-01,1618,1462,BAYVI,6,5,7,3801,0,0,0,,0,3C11D,"3RD ST","THOMAS AV",0.00,,Y,A,-,N,,,,,,,,,,Y,2,0,3,3,A,-,01,23153,A,N,C,I,A,A,H,-,A,A,0,,,,,Y,Y,A,01,1,0,2,0,0,0,0,0,0,"- ","- ",,,"SAN FRANCISCO","SAN FRANCISCO",-122.39216996,37.730849900000003
6557082,2014,2014-07-21,3801,2014-03-20,0847,38,SOUTH,4,5,7,3801,0,0,0,,0,5CAR,"4TH ST","BRYANT ST",22.00,S,N,A,-,N,,,,,,,,,,N,2,0,1,2,A,-,12,21453,A,N,-,C,A,D,D,-,A,A,0,,Y,,,Y,Y,L,04,1,0,0,0,0,0,1,0,0,"- ","- ",,,"SAN FRANCISCO","SAN FRANCISCO",-122.39801687000001,37.779526709999999
6557103,2014,2014-07-21,3801,2014-03-06,2115,004187,NORTH,4,5,7,3801,0,0,0,,0,3E12E,"TURK ST","VAN NESS AV",0.00,,Y,A,-,N,,,,,,,,,,N,2,0,1,2,A,-,11,21453,D,N,G,B,D,A,H,-,C,A,0,Y,,,,Y,,N,60,1,0,0,0,1,0,0,0,0,"- ","- ",,,"SAN FRANCISCO","SAN FRANCISCO",-122.4206999,37.781929949999999
6563698,2014,2014-07-25,3801,2014-04-11,2255,1128,PARK,5,5,7,3801,0,0,0,,0,3F14E,"MCALLISTER ST","PIERCE ST",36.00,W,N,A,-,N,,,,,,,,,,N,2,0,1,2,D,-,00,,,N,B,G,A,A,H,-,C,D,0,,Y,,,Y,,-,"- ",1,0,0,0,0,0,1,0,0,"- ","- ",,,"SAN FRANCISCO","SAN FRANCISCO",-122.43517303,37.778204340000002
6565851,2014,2015-03-09,3801,2014-04-23,0736,4036,TARAV,3,5,7,3801,0,0,0,,0,4B51,"WAWONA ST","20TH AV",5.00,E,N,A,-,N,,,,,,,,,,Y,2,0,1,2,A,-,10,21950,A,N,G,B,B,-,-,-,-,D,0,Y,,,,Y,,A,01,1,0,0,0,1,0,0,0,0,"- ","- ",,,"SAN FRANCISCO","SAN FRANCISCO",-122.47634275,37.737400960000002
6565982,2014,2015-10-23,3801,2014-04-30,1600,2066,BAYVI,3,5,7,3801,0,0,0,,0,3C11D,"TERRY A FRANCOIS BL","CHINA BASIN ST",0.00,,Y,A,-,N,,,,,,,,,,N,2,0,1,2,A,-,09,21801,A,N,B,G,A,A,H,-,A,D,0,,Y,,,Y,,A,01,1,0,0,0,0,0,1,0,0,"- ","- ",,,"SAN FRANCISCO","SAN FRANCISCO",-122.38696991,37.772179899999998
6595510,2014,2016-05-28,9335,2014-08-11,2143,020779,,1,2,7,3801,0,1,2,,2,015,"RT 101","DIVISION ST",36.00,N,N,A,-,Y,SF,4,80,-,L,4.080,H,-,E,Y,2,0,2,1,A,-,08,22107,,N,E,I,A,A,H,-,C,D,1,,,,,Y,,A,01,1,0,1,0,0,0,0,0,0,"- ","- ",37.769840000000002,-122.4054,"SAN FRANCISCO","SAN FRANCISCO",-122.40544214000001,37.76972378
6604210,2014,2016-05-28,9335,2014-08-17,0320,20435,,7,3,7,3801,0,1,1,,2,080,"RT 80","5TH ST",288.00,E,N,A,-,Y,SF,4,80,-,-,5.044,R,2,W,Y,2,0,1,1,A,-,08,22107,,N,E,I,A,A,H,-,C,D,1,,,,,Y,,A,01,1,0,0,0,0,0,0,0,0,"- ","- ",37.778950000000002,-122.40069,"SAN FRANCISCO","SAN FRANCISCO",-122.39682489,37.782100389999997
6606295,2014,2015-12-29,9335,2014-06-15,0150,020563,,7,3,7,3801,0,1,1,,2,080,"RT 80","5TH ST",234.00,E,N,A,-,Y,SF,4,80,-,-,5.044,R,2,W,Y,1,1,1,2,A,-,01,23152,A,N,G,B,F,A,H,-,C,A,1,Y,,,,Y,Y,A,07,0,1,0,1,0,0,0,0,0,TO,"- ",37.464399999999998,-122.24299999999999,"SAN FRANCISCO","SAN FRANCISCO",-122.39682489,37.782100389999997
6718233,2014,2016-01-13,9335,2014-06-25,0303,16108,,3,3,7,3801,0,1,1,,2,080,"RT 80","5TH ST",265.00,E,N,B,-,Y,SF,4,80,-,-,5.044,R,2,W,Y,1,2,0,1,A,-,03,22350,,N,E,I,A,A,H,-,C,A,1,,,,,Y,,A,01,0,0,0,0,0,0,0,0,0,TO,"- ",37.779000000000003,-122.40069,"SAN FRANCISCO","SAN FRANCISCO",-122.39682489,37.782100389999997
6718707,2017,2018-03-02,3801,2017-11-09,1219,319,RICHM,4,5,7,3801,0,0,0,,0,3G13A,"7TH AV","CLEMENT ST",350.00,S,N,A,-,N,,,,,,,,,,N,1,1,0,2,A,-,11,21955,,N,C,B,D,A,H,-,A,D,0,Y,,,,Y,,N,60,0,0,0,1,0,0,0,0,0,"- ","- ",,,"SAN FRANCISCO","SAN FRANCISCO",-122.46541756000001,37.781929410000004
6748272,2014,2016-06-18,9335,2014-12-10,0149,20888,,3,3,7,3801,0,1,2,,2,013,"RT 101","BAYSHORE BL",275.00,S,N,B,-,Y,SF,4,101,-,-,2.910,R,2,S,Y,2,0,1,2,A,-,03,22350,,F,C,C,A,A,H,-,C,D,1,,,Y,,Y,Y,-,99,1,0,0,0,0,0,0,0,1,SO,"- ",37.747950000000003,-122.40443,"SAN FRANCISCO","SAN FRANCISCO",-122.40424409000001,37.748033499999998
6767514,2014,2016-06-18,9335,2014-12-23,1725,20217,,2,2,7,3801,0,1,1,,2,024,"RT 280 N","MARIPOSA ST",500.00,S,N,A,-,Y,SM,4,280,-,R,6.570,H,-,N,Y,2,0,2,2,A,-,03,22350,,N,C,C,A,A,H,-,C,D,1,,,,,Y,,A,01,1,1,0,0,0,0,0,0,0,"- ","- ",37.760759999999998,-122.39233,"SAN FRANCISCO","SAN FRANCISCO",-122.29009384,37.459438990000002
6846276,2015,2016-09-06,9335,2015-02-27,0335,20888,,5,3,7,3801,0,1,1,,1,083,"RT 80","SPEAR ST",40.00,W,N,A,-,Y,SF,4,80,-,-,5.543,R,2,E,,2,0,3,1,A,-,01,23152,A,N,E,I,A,A,H,-,C,D,4,,,,,Y,Y,A,01,1,2,0,0,0,0,0,0,0,EO,"- ",37.788440000000001,-122.38879,"SAN FRANCISCO","SAN FRANCISCO",-122.39053972000001,37.786197319999999
6848813,2015,2016-09-06,9335,2015-03-10,1645,019175,,2,2,7,3801,0,1,1,,1,083,"RT 80","TREASURE ISLAND",1860.00,W,N,A,-,Y,SF,4,80,-,-,7.370,H,-,E,Y,2,0,1,2,A,-,07,21658,A,N,B,C,A,A,H,-,A,D,4,,,Y,,Y,,A,01,1,0,0,0,0,0,0,0,1,"- ","- ",37.563310000000001,-122.01633,"SAN FRANCISCO","SAN FRANCISCO",-122.37075332000001,37.804773779999998
6854100,2014,2015-03-24,3801,2014-07-28,2219,2287,CENTR,1,5,7,3801,0,0,0,,0,3A60,"POST ST","JONES ST",0.00,,Y,A,-,N,,,,,,,,,,Y,1,1,6,5,A,-,01,23152,A,F,D,C,F,A,H,-,C,A,0,Y,,,,Y,Y,A,08,1,3,2,1,2,0,0,0,0,"- ","- ",,,"SAN FRANCISCO","SAN FRANCISCO",-122.41333989,37.787689960000002
6854102,2014,2015-03-23,3801,2014-08-10,1712,1939,BAYVI,7,5,7,3801,0,0,0,,0,4K6C,"LA SALLE AV","CASHMERE ST",522.00,E,N,A,-,N,,,,,,,,,,Y,1,1,0,2,C,-,18,,,N,E,I,A,A,H,-,A,D,0,,,Y,,Y,,-,"- ",0,0,0,0,0,0,0,1,0,"- ","- ",,,"SAN FRANCISCO","SAN FRANCISCO",-122.38599293,37.73463031
6854105,2014,2015-03-23,3801,2014-09-20,0948,2260,CENTR,6,5,7,3801,0,0,0,,0,,"STOCKTON ST","SACRAMENTO ST",13.00,S,N,A,-,N,,,,,,,,,,Y,1,1,0,2,A,-,10,21950,A,N,G,B,B,A,H,-,A,A,0,Y,,Y,,Y,,C,06,0,0,0,1,0,0,0,0,0,"- ","- ",,,"SAN FRANCISCO","SAN FRANCISCO",-122.40769566,37.793154450000003
6854106,2014,2016-01-14,3801,2014-07-18,0149,856,NORTH,5,5,7,3801,0,0,0,,0,003,"VAN NESS AV","SUTTER ST",0.00,,Y,A,-,N,,,,,,,,,,Y,1,1,0,2,A,-,12,21453,A,N,D,C,A,A,H,-,C,A,0,,,Y,,Y,,A,01,0,0,0,0,0,0,0,1,0,"- ","- ",,,"SAN FRANCISCO","SAN FRANCISCO",-122.42183987,37.787529919999997
6854114,2014,2015-03-24,3801,2014-10-20,0657,1584,TARAV,1,5,7,3801,0,0,0,,0,4K2A,"SLOAT BL","43RD AV",110.00,W,N,A,-,N,,,,,,,,,,N,1,1,0,2,A,-,11,21950,B,N,G,B,D,A,H,-,B,D,0,Y,,,,Y,,N,60,0,0,0,1,0,0,0,0,0,"- ","- ",,,"SAN FRANCISCO","SAN FRANCISCO",-122.50147834000001,37.735221500000002
6854254,2014,2016-01-12,3801,2014-01-07,1820,1420,NORTH,2,5,7,3801,0,0,0,,0,4K3A,"VAN NESS AV","GROVE ST",103.00,S,N,A,-,Y,SF,4,101,-,T,5.060,H,-,N,Y,1,1,0,3,A,-,11,21955,,N,G,B,D,A,H,-,C,D,0,Y,,,,Y,Y,N,60,0,0,0,1,0,0,0,0,0,"- ","- ",,,"SAN FRANCISCO","SAN FRANCISCO",-122.4197819,37.778055790000003
6854268,2014,2015-04-20,3801,2014-05-03,0219,00658,MISSI,6,5,7,3801,0,0,0,,0,901,"FOLSOM ST","CESAR CHAVEZ ST",0.00,,Y,A,-,N,,,,,,,,,,Y,1,1,0,3,A,-,12,21453,A,N,D,C,A,A,H,-,C,A,0,,,,,Y,,A,01,0,0,0,0,0,0,0,0,0,"- ","- ",,,"SAN FRANCISCO","SAN FRANCISCO",-122.41367997,37.748269970000003
6854336,2014,2016-01-07,3801,2014-11-06,0608,001324,NORTH,4,5,7,3801,0,0,0,,0,4C4,"VAN NESS AV","RT 101",0.00,,Y,A,-,Y,SF,4,101,-,-,6.710,I,5,N,Y,1,1,0,2,-,-,"- ",,,N,G,B,B,A,H,-,C,A,0,Y,,,,Y,,-,"- ",0,0,0,1,0,0,0,0,0,"- ","- ",,,"SAN FRANCISCO","SAN FRANCISCO",-122.4245025,37.801361649999997
6854498,2014,2015-07-02,3801,2014-11-01,2130,395,BAYVI,6,5,7,3801,0,0,0,,0,4K4E,"3RD ST",ARTHUR,460.00,N,N,A,-,N,,,,,,,,,,Y,1,1,0,2,A,-,11,21950,B,N,G,B,E,A,H,-,C,D,0,Y,,,,Y,,N,60,0,0,0,1,0,0,0,0,0,"- ","- ",,,"SAN FRANCISCO","SAN FRANCISCO",-122.38746854999999,37.747457349999998
6854743,2015,2016-06-02,3801,2015-06-06,2102,578,,6,5,7,3801,0,0,0,,0,51B,"PERSIA AV","SUNNYDALE AV",528.00,N,N,A,-,N,,,,,,,,,,Y,1,1,0,2,A,-,01,21200,5,N,D,G,A,A,H,-,D,D,0,,Y,,,Y,,L,04,0,0,0,0,0,1,0,0,0,"- ","- ",,,"SAN FRANCISCO","SAN FRANCISCO",-122.42742317,37.719042270000003
6854749,2015,2015-09-24,3801,2015-06-10,1456,256,INGLE,3,5,7,3801,0,0,0,,0,4B7H,"MISSION ST","PERSIA ST",50.00,S,N,B,C,N,,,,,,,,,,N,1,1,0,2,A,-,11,21954,A,N,G,B,D,B,H,-,A,A,0,Y,,,,Y,,N,60,0,0,0,1,0,0,0,0,0,"- ","- ",,,"SAN FRANCISCO","SAN FRANCISCO",-122.43606656,37.723026089999998
6854750,2015,2015-07-16,3801,2015-06-12,1225,1967,INGLE,5,5,7,3801,0,0,0,,0,3H12C,"MISSION ST","OLIVER ST",0.00,,Y,A,-,N,,,,,,,,,,N,1,1,0,2,A,-,10,21950,A,N,B,B,B,A,H,-,A,A,0,Y,,,,Y,,A,01,0,0,0,1,0,0,0,0,0,"- ","- ",,,"SAN FRANCISCO","SAN FRANCISCO",-122.45051989,37.70955
6854774,2015,2017-03-29,3801,2015-06-28,0352,796,NORTH,7,5,7,3801,0,0,0,,0,3E62,"VAN NESS AV","HAYES ST",0.00,,Y,A,-,Y,SF,4,101,-,T,5.010,I,5,S,Y,1,1,0,2,A,-,09,21801,A,N,D,C,A,A,H,-,C,A,0,,,Y,,Y,,A,01,0,0,0,0,0,0,0,1,0,"- ","- ",,,"SAN FRANCISCO","SAN FRANCISCO",-122.41978329,37.777307260000001
6905636,2015,2015-05-15,3801,2015-04-20,0620,001714,,1,5,7,3801,0,0,0,,0,4B2A,"41ST AV","PACHECO ST",5.00,N,N,B,-,N,,,,,,,,,,Y,1,1,0,2,A,-,10,21950,A,N,G,B,B,A,H,-,B,D,0,Y,,,,Y,,A,08,0,0,0,1,0,0,0,0,0,"- ","- ",,,"SAN FRANCISCO","SAN FRANCISCO",-122.49979069,37.749473729999998
6907258,2015,2016-12-17,9335,2015-04-26,0303,020889,,7,3,7,3801,0,1,2,,2,015,"RT 101","16TH ST",475.00,N,N,A,-,Y,SF,4,101,-,-,4.330,H,-,S,Y,2,0,1,1,A,-,01,23152,A,N,E,I,A,A,H,-,D,D,1,,,Y,,Y,Y,C,02,1,0,0,0,0,0,0,0,1,"- ","- ",37.767319999999998,-122.40546999999999,"SAN FRANCISCO","SAN FRANCISCO",-122.40573569,37.767880939999998
6918973,2015,2015-11-16,3801,2015-10-09,1500,000868,TARAV,5,5,7,3801,0,0,0,,0,4B8G,"ULLOA ST","18TH AV",8.00,W,N,A,-,N,,,,,,,,,,N,2,0,1,2,A,-,10,21950,A,N,G,B,B,A,H,-,A,A,0,Y,,,,Y,,D,22,1,0,0,0,1,0,0,0,0,"- ","- ",,,"SAN FRANCISCO","SAN FRANCISCO",-122.47452764000001,37.741228970000002
6937768,2014,2015-08-22,3801,2014-12-13,2242,1480,MISSI,6,5,7,3801,0,0,0,,0,901,"DOLORES ST","19TH ST",10.00,S,N,A,-,N,,,,,,,,,,N,2,0,1,1,A,-,17,21200,,N,E,J,A,A,A,-,C,D,0,,Y,,,Y,,L,04,1,0,0,0,0,0,1,0,0,"- ","- ",,,"SAN FRANCISCO","SAN FRANCISCO",-122.42599733,37.759822610000001
6977541,2015,2016-12-17,9335,2015-06-22,1435,017672,,1,2,7,3801,0,1,1,,1,083,"RT 80","TREASURE ISL",1000.00,E,N,A,-,Y,SF,4,80,-,R,8.010,H,-,E,Y,2,0,1,2,A,-,04,21703,,N,C,C,A,A,H,-,A,D,4,,,,Y,Y,,A,01,1,0,0,0,0,0,0,0,0,"- ","- ",,,"SAN FRANCISCO","SAN FRANCISCO",-122.36341759,37.812012629999998
6997307,2014,2015-08-11,3801,2014-09-26,2024,001010,CENTR,5,5,7,3801,0,0,0,,0,3A2D,"SACRAMENTO ST","POWELL ST",120.00,E,N,A,-,N,,,,,,,,,,N,2,0,1,3,A,-,21,22106,,N,G,B,E,A,H,-,C,D,0,Y,,,,Y,,A,01,1,0,0,0,1,0,0,0,0,"- ","- ",,,"SAN FRANCISCO","SAN FRANCISCO",-122.40895092,37.793046910000001
6997425,2014,2015-08-05,3801,2014-05-05,2309,A09861,INGLE,1,5,7,3801,0,0,0,,0,3H11E,"CORTLAND AV","BRADFORD AV",60.00,W,N,A,-,N,,,,,,,,,,Y,2,0,1,2,A,-,03,22350,,F,G,B,D,A,H,-,C,D,0,Y,,Y,,Y,,C,02,1,0,0,0,1,0,0,0,0,"- ","- ",,,"SAN FRANCISCO","SAN FRANCISCO",-122.40983688999999,37.739733209999997
6997429,2014,2015-08-07,3801,2014-05-07,0940,000845,NORTH,3,5,7,3801,0,0,0,,0,4K4A,"FRANKLIN ST","CHESTNUT ST",0.00,,Y,A,-,N,,,,,,,,,,Y,2,0,2,3,A,-,12,21453,A,F,D,C,B,A,H,-,C,A,0,Y,,,,Y,,A,01,1,0,1,0,1,0,0,0,0,"- ","- ",,,"SAN FRANCISCO","SAN FRANCISCO",-122.42637996000001,37.802069940000003
6997434,2014,2015-08-07,3801,2014-05-10,1728,004307,TARAV,6,5,7,3801,0,0,0,,0,3I15D,"LAKE MERCED BL","WINSTON DR",0.00,,Y,A,-,N,,,,,,,,,,N,2,0,1,2,A,-,03,22350,,N,C,C,A,A,H,-,A,D,0,,,Y,,Y,,C,02,1,0,0,0,0,0,0,0,1,"- ","- ",,,"SAN FRANCISCO","SAN FRANCISCO",-122.48396993,37.726999980000002
6997452,2014,2015-08-11,3801,2014-09-07,2007,004373,RICHM,7,5,7,3801,0,0,0,,0,3G13D,"MARTIN LUTHER KING DR","CROSSOVER DR",0.00,,Y,A,-,N,,,,,,,,,,N,2,0,1,2,A,-,12,21453,A,N,D,G,A,A,H,-,C,A,0,,Y,,,Y,,A,01,1,0,0,0,0,0,1,0,0,"- ","- ",,,"SAN FRANCISCO","SAN FRANCISCO",-122.47737995999999,37.766039999999997
6997820,2014,2015-08-10,3801,2014-08-31,1558,01019,MISSI,7,5,7,3801,0,0,0,,0,901,"14TH ST","WOODWARD ST",0.00,,Y,A,-,N,,,,,,,,,,Y,2,0,1,2,A,-,08,22107,,N,B,C,A,A,H,-,A,D,0,,,Y,,Y,,D,22,1,0,0,0,0,0,0,0,1,"- ","- ",,,"SAN FRANCISCO","SAN FRANCISCO",-122.42076985999999,37.768239960000002
6997919,2014,2015-08-04,3801,2014-08-03,2322,004302,COC,7,5,7,3801,0,0,0,,0,3C14E,"SILVER AV","SAN BRUNO AV",26.00,E,N,A,-,N,,,,,,,,,,N,2,0,1,2,A,-,11,21950,B,N,G,B,E,A,H,-,C,A,0,Y,,,,Y,,N,60,1,0,0,0,1,0,0,0,0,"- ","- ",,,"SAN FRANCISCO","SAN FRANCISCO",-122.40554287,37.732486729999998
7004069,2014,2015-09-19,3801,2014-10-21,1645,193100,,2,5,7,3801,0,0,0,,0,3C12D,"ILLINOIS ST","22ND ST",288.00,S,N,A,-,N,,,,,,,,,,N,2,0,1,1,A,-,03,22350,,N,E,I,A,A,H,-,A,D,0,,Y,,,Y,,L,04,1,0,0,0,0,0,1,0,0,"- ","- ",,,"SAN FRANCISCO","SAN FRANCISCO",-122.38727421,37.757190549999997
7006087,2015,2015-09-17,3801,2015-08-02,0023,1881,MISSI,7,5,7,3801,0,0,0,,0,3D117,"S VAN NESS AV","ADAIR ST",127.00,N,N,A,-,N,,,,,,,,,,Y,1,1,0,2,A,-,08,22107,,N,D,C,A,A,H,-,C,A,0,,,Y,,Y,,A,01,0,0,0,0,0,0,0,1,0,"- ","- ",,,"SAN FRANCISCO","SAN FRANCISCO",-122.41757982999999,37.766098079999999
7006293,2015,2015-11-13,3801,2015-10-05,0952,1766,SOUTH,1,5,7,3801,0,0,0,,0,4K5G,"BRANNAN ST","3RD ST",8.00,W,N,A,-,N,,,,,,,,,,N,1,1,0,2,A,-,10,21950,A,N,G,B,B,A,H,-,A,A,0,Y,,,,Y,,A,08,0,0,0,1,0,0,0,0,0,"- ","- ",,,"SAN FRANCISCO","SAN FRANCISCO",-122.39432013,37.780084909999999