CASE_ID,ACCIDENT_YEAR,PROC_DATE,JURIS,COLLISION_DATE,COLLISION_TIME,OFFICER_ID,REPORTING_DISTRICT,DAY_OF_WEEK,CHP_SHIFT,POPULATION,CNTY_CITY_LOC,SPECIAL_COND,BEAT_TYPE,CHP_BEAT_TYPE,CITY_DIVISION_LAPD,CHP_BEAT_CLASS,BEAT_NUMBER,PRIMARY_RD,SECONDARY_RD,DISTANCE,DIRECTION,INTERSECTION,WEATHER_1,WEATHER_2,STATE_HWY_IND,CALTRANS_COUNTY,CALTRANS_DISTRICT,STATE_ROUTE,ROUTE_SUFFIX,POSTMILE_PREFIX,POSTMILE,LOCATION_TYPE,RAMP_INTERSECTION,SIDE_OF_HWY,TOW_AWAY,COLLISION_SEVERITY,NUMBER_KILLED,NUMBER_INJURED,PARTY_COUNT,PRIMARY_COLL_FACTOR,PCF_CODE_OF_VIOL,PCF_VIOL_CATEGORY,PCF_VIOLATION,PCF_VIOL_SUBSECTION,HIT_AND_RUN,TYPE_OF_COLLISION,MVIW,PED_ACTION,ROAD_SURFACE,ROAD_COND_1,ROAD_COND_2,LIGHTING,CONTROL_DEVICE,CHP_ROAD_TYPE,PEDESTRIAN_ACCIDENT,BICYCLE_ACCIDENT,MOTORCYCLE_ACCIDENT,TRUCK_ACCIDENT,NOT_PRIVATE_PROPERTY,ALCOHOL_INVOLVED,STWD_VEHTYPE_AT_FAULT,CHP_VEHTYPE_AT_FAULT,COUNT_SEVERE_INJ,COUNT_VISIBLE_INJ,COUNT_COMPLAINT_PAIN,COUNT_PED_KILLED,COUNT_PED_INJURED,COUNT_BICYCLIST_KILLED,COUNT_BICYCLIST_INJURED,COUNT_MC_KILLED,COUNT_MC_INJURED,PRIMARY_RAMP,SECONDARY_RAMP,LATITUDE,LONGITUDE,COUNTY,CITY,POINT_X,POINT_Y
7006441,2015,2017-04-04,3801,2015-12-14,1015,518,BAYVI,1,5,7,3801,0,0,0,,0,4B6H,"GOETTINGEN ST","WAYLAND ST",150.00,W,N,A,-,N,,,,,,,,,,Y,1,1,0,3,A,-,05,21650,,N,A,G,A,A,H,-,A,D,0,,Y,,,Y,,A,01,0,0,0,0,0,1,0,0,0,"- ","- ",,,"SAN FRANCISCO","SAN FRANCISCO",-122.40622172,37.72605154
7006543,2015,2015-12-30,3801,2015-11-03,0539,1887,CENTR,2,5,7,3801,0,0,0,,0,4B1C,"HYDE ST","POST ST",7.00,N,N,A,-,N,,,,,,,,,,Y,1,1,0,2,A,-,11,21456,B,N,G,B,B,A,H,-,C,A,0,Y,,,,Y,,N,60,0,0,0,1,0,0,0,0,0,"- ","- ",,,"SAN FRANCISCO","SAN FRANCISCO",-122.41662388,37.78726898
7006657,2015,2017-03-30,3801,2015-10-11,1522,001994,CENTR,7,5,7,3801,0,0,0,,0,4B4B,MARKET,"BUSH ST",230.00,W,N,A,-,N,,,,,,,,,,N,1,1,0,2,A,-,17,21208,A,N,B,G,A,A,H,-,A,D,0,,Y,,,Y,Y,L,04,0,0,0,0,0,1,0,0,0,"- ","- ",,,"SAN FRANCISCO","SAN FRANCISCO",-122.39971713,37.790614730000001
7006968,2014,2015-08-11,3801,2014-10-22,0852,615,MISSI,3,5,7,3801,0,0,0,,0,3D11A,"MARKET ST","16TH ST",0.00,,Y,A,-,N,,,,,,,,,,N,2,0,1,3,A,-,17,21451,A,N,H,G,A,A,H,-,A,A,0,,Y,,Y,Y,,L,04,1,0,0,0,0,0,1,0,0,"- ","- ",,,"SAN FRANCISCO","SAN FRANCISCO",-122.43313992,37.764239959999998
7006981,2014,2015-07-31,3801,2014-06-08,2324,1751,06082,7,5,7,3801,0,0,0,,0,2325,"OCEAN AV","ONONDAGA LN",0.00,,Y,A,-,N,,,,,,,,,,N,2,0,1,2,A,-,09,21802,A,N,B,G,A,A,H,-,C,D,0,,Y,,,Y,,A,01,1,0,0,0,0,0,1,0,0,"- ","- ",,,"SAN FRANCISCO","SAN FRANCISCO",-122.44253995,37.723169910000003
7008056,2014,2015-08-06,3801,2014-05-26,1544,000845,PARK,1,5,7,3801,0,0,0,,0,4K4A,"GEARY BL","BAKER ST",0.00,,Y,A,-,N,,,,,,,,,,Y,2,0,2,2,A,-,12,21453,A,N,D,C,A,A,H,-,A,A,0,,,,,Y,,A,01,2,0,0,0,0,0,0,0,0,"- ","- ",,,"SAN FRANCISCO","SAN FRANCISCO",-122.44280992,37.782949889999998
7008118,2014,2015-08-07,3801,2014-05-03,1738,1493,4K4B,6,5,7,3801,0,0,0,,0,SOUTHE,"BRYANT ST","9TH ST",101.00,E,N,A,-,N,,,,,,,,,,N,2,0,1,2,A,-,07,21658,A,N,B,D,A,A,H,-,A,A,0,,,,,Y,,A,01,1,0,0,0,0,0,0,0,0,"- ","- ",,,"SAN FRANCISCO","SAN FRANCISCO",-122.40828033,37.771484190000002
7009981,2014,2015-08-14,3801,2014-08-28,1619,2334,SOUTH,4,5,7,3801,0,0,0,,0,,"MARKET ST","1ST ST",0.00,,Y,A,-,N,,,,,,,,,,N,2,0,1,3,A,-,17,22517,,F,H,G,A,A,H,-,A,D,0,,Y,,,Y,,-,,1,0,0,0,0,0,1,0,0,"- ","- ",,,"SAN FRANCISCO","SAN FRANCISCO",-122.39913993,37.791049889999996
7011781,2015,2017-01-14,9335,2015-07-19,0140,016137,,7,3,7,3801,0,1,1,,2,022,"RT 280","PAULDING ST",350.00,N,N,A,-,Y,SF,4,280,-,R,2.250,H,-,S,Y,2,0,2,3,A,-,03,22350,,N,D,C,E,A,H,-,C,D,1,Y,,,,Y,,A,01,1,1,0,0,1,0,0,0,0,"- ","- ",,,"SAN FRANCISCO","SAN FRANCISCO",-122.44291483000001,37.728693659999998
7014852,2014,2015-08-11,3801,2014-10-24,1609,630,COC,5,5,7,3801,0,0,0,,0,003,"INNES AV","GRIFFITH ST",316.00,W,N,A,-,N,,,,,,,,,,Y,2,0,1,3,A,-,05,21460,A,N,A,E,A,A,H,-,A,A,0,,,,,Y,,A,01,1,0,0,0,0,0,0,0,0,"- ","- ",,,"SAN FRANCISCO","SAN FRANCISCO",-122.37662725,37.732517000000001
7014909,2014,2015-08-11,3801,2014-07-27,2133,004239,"SAN F",7,5,7,3801,0,0,0,,0,901,"BATTERY ST","GREEN ST",0.00,,Y,A,-,N,,,,,,,,,,N,2,0,5,2,A,-,12,22450,A,F,D,C,A,A,H,-,C,A,0,,,,,Y,,A,01,1,0,4,0,0,0,0,0,0,"- ","- ",,,"SAN FRANCISCO","SAN FRANCISCO",-122.40140997,37.800459930000002
7014921,2014,2015-08-12,3801,2014-07-25,1725,000826,,5,5,7,3801,0,0,0,,0,004,EMBARCADERO,"WASHINGTON ST",0.00,,Y,A,-,N,,,,,,,,,,N,2,0,1,2,A,-,03,22350,,N,C,G,A,A,H,-,A,A,0,,Y,,,Y,,L,04,1,0,0,0,0,0,1,0,0,"- ","- ",,,"SAN FRANCISCO","SAN FRANCISCO",-122.39555850000001,37.796633999999997
7015039,2014,2015-08-12,3801,2014-07-08,0552,1939,,2,5,7,3801,0,0,0,,0,4K6C,"MISSION ST","GENEVA AV",16.00,S,N,B,-,N,,,,,,,,,,Y,2,0,1,1,A,-,01,23152,A,N,E,I,A,A,H,-,B,A,0,,,,,Y,Y,A,01,1,0,0,0,0,0,0,0,0,"- ","- ",,,"SAN FRANCISCO","SAN FRANCISCO",-122.44103312999999,37.716354799999998
7015127,2014,2015-08-12,3801,2014-10-15,0800,1591,INGLE,3,5,7,3801,0,0,0,,0,0H5,"ALEMANY BL","FOOTE AV",0.00,,Y,A,-,N,,,,,,,,,,N,2,0,1,2,A,-,10,21950,A,N,G,B,B,A,H,-,A,A,0,Y,,,,Y,,A,01,1,0,0,0,1,0,0,0,0,"- ","- ",,,"SAN FRANCISCO","SAN FRANCISCO",-122.44731993000001,37.714669899999997
7015175,2014,2015-08-12,3801,2014-10-16,1807,2159,NORTH,4,5,7,3801,0,0,0,,0,3E15D,"BUCHANAN ST","FILBERT ST",4.00,S,N,A,-,N,,,,,,,,,,N,2,0,1,2,A,-,10,21950,A,N,G,B,B,A,H,-,A,D,0,Y,,,,Y,,A,01,1,0,0,0,1,0,0,0,0,"- ","- ",,,"SAN FRANCISCO","SAN FRANCISCO",-122.43237790000001,37.798429140000003
7015251,2014,2015-08-11,3801,2014-10-02,0820,001057,,4,5,7,3801,0,0,0,,0,4K1B,"FULTON ST","WILLARD NORTH",0.00,,Y,A,-,N,,,,,,,,,,N,2,0,1,2,A,-,06,21951,,N,G,B,B,A,H,-,A,D,0,Y,,,,Y,,A,01,1,0,0,0,1,0,0,0,0,"- ","- ",,,"SAN FRANCISCO","SAN FRANCISCO",-122.45629996,37.774539959999998
7015264,2014,2015-08-13,3801,2014-10-24,2142,002489,INGLE,5,5,7,3801,0,0,0,,0,3H14E,"ALEMANY BL","SANTA ROSA AV",0.00,,Y,A,-,N,,,,,,,,,,Y,2,0,1,2,A,-,03,22350,,N,D,C,A,A,H,-,C,A,0,,,Y,,Y,,C,02,1,0,0,0,0,0,0,0,1,"- ","- ",,,"SAN FRANCISCO","SAN FRANCISCO",-122.43605999,37.72675993
7015286,2014,2015-08-11,3801,2014-10-02,1657,478,,4,5,7,3801,0,0,0,,0,,"FRANKLIN ST","GEARY BL",0.00,,Y,A,-,N,,,,,,,,,,N,2,0,1,2,A,-,10,21950,A,N,G,B,B,A,H,-,A,A,0,Y,,,,Y,,A,01,1,0,0,0,1,0,0,0,0,"- ","- ",,,"SAN FRANCISCO","SAN FRANCISCO",-122.42301989000001,37.785479889999998
7015313,2014,2015-08-11,3801,2014-10-05,1930,1939,,7,5,7,3801,0,0,0,,0,,"DUBOCE AV","VALENCIA ST",9.00,W,N,A,-,N,,,,,,,,,,Y,2,0,3,2,A,-,11,21456,B,F,G,B,B,A,H,-,C,A,0,Y,,,,Y,Y,N,60,1,2,0,0,1,0,0,0,0,"- ","- ",,,"SAN FRANCISCO","SAN FRANCISCO",-122.42239108,37.769868430000002
7015322,2014,2015-08-11,3801,2014-10-03,1050,002080,,5,5,7,3801,0,0,0,,0,,"BAY ST","BUCHANAN ST",0.00,,Y,A,-,N,,,,,,,,,,N,2,0,1,2,A,-,03,22350,,N,G,B,B,A,H,-,C,A,0,Y,,,,Y,,A,01,1,0,0,0,1,0,0,0,0,"- ","- ",,,"SAN FRANCISCO","SAN FRANCISCO",-122.43332986999999,37.803069989999997
7025226,2015,2015-09-09,3801,2015-03-22,2208,000717,NORTH,7,5,7,3801,0,0,0,,0,3E11E,"HAIGHT ST","FILLMORE ST",63.00,W,N,C,-,N,,,,,,,,,,N,2,0,1,3,A,-,11,21954,A,N,B,B,E,B,H,-,C,A,0,Y,,,,Y,,N,60,1,0,0,0,1,0,0,0,0,"- ","- ",,,"SAN FRANCISCO","SAN FRANCISCO",-122.43066467,37.772089710000003
7025294,2015,2015-08-21,3801,2015-04-29,1432,001994,MISSI,3,5,7,3801,0,0,0,,0,4B4B,"LILAC ST","26TH ST",28.00,N,N,A,-,N,,,,,,,,,,N,2,0,1,2,A,-,11,21954,A,N,G,B,E,A,H,-,A,D,0,Y,,,,Y,,N,60,1,0,0,0,1,0,0,0,0,"- ","- ",,,"SAN FRANCISCO","SAN FRANCISCO",-122.41757715,37.749166709999997
7025345,2015,2015-09-03,3801,2015-04-10,0935,000017,INGLE,5,5,7,3801,0,0,0,,0,3H3,"BRAZIL AV","MISSION ST",48.00,E,N,A,-,N,,,,,,,,,,Y,2,0,1,5,A,-,05,21650,,N,B,C,A,A,H,-,A,D,0,,,Y,,Y,,D,22,1,0,0,0,0,0,0,0,1,"- ","- ",,,"SAN FRANCISCO","SAN FRANCISCO",-122.43468706,37.724632939999999
7025396,2015,2016-04-28,3801,2015-03-13,1030,001387,03132,5,5,7,3801,0,0,0,,0,1030,"8TH ST","FOLSOM ST",0.00,,Y,A,-,N,,,,,,,,,,N,2,0,1,3,A,-,12,21453,A,N,B,G,A,A,H,-,A,A,0,,Y,,,Y,,L,04,1,0,0,0,0,0,1,0,0,"- ","- ",,,"SAN FRANCISCO","SAN FRANCISCO",-122.41004988,37.774989890000001
7025397,2015,2015-08-22,3801,2015-03-14,0525,1075,,6,5,7,3801,0,0,0,,0,3F13E,"BAKER ST","HAIGHT ST",0.00,,Y,A,-,N,,,,,,,,,,N,2,0,1,1,A,-,"- ",,,N,H,A,A,A,A,-,C,D,0,,Y,,,Y,,L,04,1,0,0,0,0,0,1,0,0,"- ","- ",,,"SAN FRANCISCO","SAN FRANCISCO",-122.44031986,37.770849949999999
7025443,2015,2015-08-22,3801,2015-03-13,1408,344,,5,5,7,3801,0,0,0,,0,901,"VALENCIA ST","22ND ST",120.00,N,N,A,-,N,,,,,,,,,,N,2,0,1,2,A,-,21,22106,,F,G,B,E,A,H,-,A,D,0,Y,,,,Y,,A,01,1,0,0,0,1,0,0,0,0,"- ","- ",,,"SAN FRANCISCO","SAN FRANCISCO",-122.42099578,37.755638879999999
7025453,2015,2015-08-22,3801,2015-03-14,1737,000326,INGLE,6,5,7,3801,0,0,0,,0,3H15D,"CORTLAND AV","MISSION ST",0.00,,Y,A,-,N,,,,,,,,,,N,2,0,1,2,A,-,10,21950,A,N,G,B,B,A,H,-,A,A,0,Y,,,,Y,,A,01,1,0,0,0,1,0,0,0,0,"- ","- ",,,"SAN FRANCISCO","SAN FRANCISCO",-122.42283986,37.741009990000002
7025474,2015,2015-08-22,3801,2015-03-04,1346,001523,TARAV,3,5,7,3801,0,0,0,,0,"4 CAR","PORTOLA DR","15TH AV",0.00,,Y,A,-,N,,,,,,,,,,,2,0,1,2,A,-,08,22107,,N,B,G,A,A,G,-,A,A,0,,Y,,,Y,,L,04,1,0,0,0,0,0,1,0,0,"- ","- ",,,"SAN FRANCISCO","SAN FRANCISCO",-122.46992997,37.736149920000003
7025484,2015,2015-08-22,3801,2015-03-27,0830,1887,,5,5,7,3801,0,0,0,,0,4B1C,"HOWARD ST","6TH ST",5.00,E,N,B,-,N,,,,,,,,,,N,2,0,1,2,A,-,11,21453,D,N,G,B,B,A,G,-,A,A,0,Y,,,,Y,,N,60,1,0,0,0,1,0,0,0,0,"- ","- ",,,"SAN FRANCISCO","SAN FRANCISCO",-122.40712784,37.779759769999998
7025502,2015,2015-08-22,3801,2015-03-07,2151,2080,NORTH,6,5,7,3801,0,0,0,,0,3E63,"WEBSTER ST","POST ST",0.00,,Y,A,-,N,,,,,,,,,,N,2,0,1,2,A,-,11,21453,D,N,G,B,D,A,H,-,C,A,0,Y,,,,Y,,N,60,1,0,0,0,1,0,0,0,0,"- ","- ",,,"SAN FRANCISCO","SAN FRANCISCO",-122.43142996,37.785359900000003
7025503,2015,2015-08-22,3801,2015-03-27,0130,1344,,5,5,7,3801,0,0,0,,0,901,"MISSION ST","15TH ST",0.00,,Y,A,-,N,,,,,,,,,,N,2,0,1,2,A,-,03,22350,,F,G,B,F,A,H,-,C,D,0,Y,,,,Y,Y,A,07,1,0,0,0,1,0,0,0,0,"- ","- ",,,"SAN FRANCISCO","SAN FRANCISCO",-122.41981998,37.76666994
7025515,2015,2015-08-22,3801,2015-03-28,2020,004302,,6,5,7,3801,0,0,0,,0,3C2D,"INNES AV","NEWHALL ST",0.00,,Y,A,-,N,,,,,,,,,,Y,2,0,1,2,A,-,12,21453,A,F,D,C,A,A,H,-,C,A,0,,,,,Y,,A,07,1,0,0,0,0,0,0,0,0,"- ","- ",,,"SAN FRANCISCO","SAN FRANCISCO",-122.38881986,37.739419980000001
7025523,2015,2015-08-22,3801,2015-04-27,1635,1942,BAYVI,1,5,7,3801,0,0,0,,0,3C72,"REVERE AV","JENNINGS ST",0.00,,Y,A,-,N,,,,,,,,,,Y,2,0,1,1,A,-,03,22350,,N,F,A,A,A,H,-,A,A,0,,,Y,,Y,,C,02,1,0,0,0,0,0,0,0,1,"- ","- ",,,"SAN FRANCISCO","SAN FRANCISCO",-122.38643,37.729529990000003
7025525,2015,2015-08-22,3801,2015-04-16,1415,27,SANFR,4,5,7,3801,0,0,0,,0,3A2C,"POST ST","GRANT AV",102.00,W,N,A,-,N,,,,,,,,,,N,2,0,1,2,A,-,21,22106,,F,G,B,E,A,H,-,A,D,0,Y,,,,Y,,A,01,1,0,0,0,1,0,0,0,0,"- ","- ",,,"SAN FRANCISCO","SAN FRANCISCO",-122.40558883999999,37.788656680000003
7025528,2015,2015-08-22,3801,2015-04-06,1036,1486,SF,1,5,7,3801,0,0,0,,0,4B2E,"POWELL ST","JACKSON ST",125.00,S,N,A,-,N,,,,,,,,,,Y,2,0,1,2,A,-,06,21756,A,N,G,B,E,A,H,-,A,D,0,Y,,,,Y,,A,01,1,0,0,0,1,0,0,0,0,"- ","- ",,,"SAN FRANCISCO","SAN FRANCISCO",-122.40980277,37.795282120000003
7025567,2015,2016-06-13,3801,2015-04-21,1513,000395,,2,5,7,3801,0,0,0,,0,4B7D,"18TH ST","POTRERO AV",0.00,,Y,A,-,N,,,,,,,,,,Y,2,0,1,4,A,-,03,22350,,N,C,E,A,A,H,-,A,A,0,,,,,Y,Y,A,01,1,0,0,0,0,0,0,0,0,"- ","- ",,,"SAN FRANCISCO","SAN FRANCISCO",-122.40721996000001,37.761929899999998
7025582,2015,2015-08-22,3801,2015-04-26,0645,001968,TENDE,7,5,7,3801,0,0,0,,0,3J12A,"ELLIS ST","LEAVENWORTH ST",78.00,W,N,A,-,N,,,,,,,,,,N,2,0,1,2,A,-,00,20001,A,F,G,B,D,A,H,-,B,D,0,Y,,,,Y,,A,01,1,0,0,0,1,0,0,0,0,"- ","- ",,,"SAN FRANCISCO","SAN FRANCISCO",-122.4146848,37.784628189999999
7027453,2015,2015-08-24,3801,2015-04-15,2357,1840,CENTR,3,5,7,3801,0,0,0,,0,SA12E,"KEARNY ST","BUSH ST",0.00,,Y,A,-,N,,,,,,,,,,N,2,0,1,2,A,-,10,21950,A,N,G,B,B,A,H,-,C,A,0,Y,,,,Y,,A,01,1,0,0,0,1,0,0,0,0,"- ","- ",,,"SAN FRANCISCO","SAN FRANCISCO",-122.4040299,37.790769939999997
7027455,2015,2015-08-24,3801,2015-04-02,1740,000320,PARK,4,5,7,3801,0,0,0,,0,4B7E,"FELL ST","SCOTT ST",92.00,E,N,A,-,N,,,,,,,,,,Y,2,0,3,7,A,-,08,22107,,F,C,C,A,A,H,-,A,A,0,,Y,,,Y,,A,07,1,2,0,0,0,0,3,0,0,"- ","- ",,,"SAN FRANCISCO","SAN FRANCISCO",-122.43562566,37.774310249999999
7027466,2015,2015-08-25,3801,2015-04-18,1024,956,PARK,6,5,7,3801,0,0,0,,0,003,"MASONIC AV","HAIGHT ST",0.00,,Y,A,-,N,,,,,,,,,,Y,2,0,1,2,A,-,12,21453,A,N,D,C,A,A,H,-,A,A,0,,,,,Y,,A,01,1,0,0,0,0,0,0,0,0,"- ","- ",,,"SAN FRANCISCO","SAN FRANCISCO",-122.44534989,37.770209989999998
7027478,2015,2015-08-24,3801,2015-04-17,0855,2254,SOUTH,5,5,7,3801,0,0,0,,0,3B62,"MAIN ST","FOLSOM ST",215.00,S,N,A,-,N,,,,,,,,,,N,2,0,2,2,A,-,05,21460,A,N,D,C,A,A,H,-,A,D,0,,,Y,,Y,,C,02,1,1,0,0,0,0,0,0,2,"- ","- ",,,"SAN FRANCISCO","SAN FRANCISCO",-122.39133993999999,37.788977500000001
7029043,2015,2016-06-13,3801,2015-06-03,2048,001588,INGLE,3,5,7,3801,0,0,0,,0,3HI5D,"MISSION ST","WHITTIER ST",0.00,,Y,A,-,N,,,,,,,,,,Y,2,0,2,2,A,-,12,21453,A,N,D,C,A,A,H,-,C,A,0,,,,,Y,,A,01,1,0,1,0,0,0,0,0,0,"- ","- ",,,"SAN FRANCISCO","SAN FRANCISCO",-122.44836997,37.710349960000002
7029212,2015,2015-08-27,3801,2015-06-19,1408,1939,MISSI,5,5,7,3801,0,0,0,,0,3D60,"DOLORES ST","24TH ST",0.00,,Y,A,-,N,,,,,,,,,,Y,2,0,1,2,A,-,08,22101,D,N,D,C,A,A,H,-,A,A,0,,,Y,,Y,,A,07,1,0,0,0,0,0,0,0,1,"- ","- ",,,"SAN FRANCISCO","SAN FRANCISCO",-122.42522984999999,37.751839930000003
7029279,2015,2015-08-27,3801,2015-06-30,1927,00868,SOUTH,2,5,7,3801,0,0,0,,0,4B108,"STEVENSON ST","6TH ST",195.00,E,N,A,-,N,,,,,,,,,,N,2,0,1,2,A,-,03,22350,,F,H,G,A,A,H,-,A,D,0,,Y,,,Y,,A,01,1,0,0,0,0,0,1,0,0,"- ","- ",,,"SAN FRANCISCO","SAN FRANCISCO",-122.40919464,37.782150289999997
7029285,2015,2015-08-27,3801,2015-06-23,1004,00845,MISSI,2,5,7,3801,0,0,0,,0,4B2F,"14TH ST","S VAN NESS AV",0.00,,Y,A,-,N,,,,,,,,,,Y,2,0,1,3,A,-,09,21801,A,N,D,C,A,A,H,-,A,A,0,,,Y,,Y,,A,01,1,0,0,0,0,0,0,0,1,"- ","- ",,,"SAN FRANCISCO","SAN FRANCISCO",-122.41779990000001,37.768419899999998
7029321,2015,2015-08-26,3801,2015-06-18,0840,04095,MISSI,4,5,7,3801,0,0,0,,0,908,"VALENCIA ST","22ND ST",103.00,S,N,A,-,N,,,,,,,,,,N,2,0,1,2,A,-,00,23123,A,N,D,G,A,A,H,-,A,D,0,,Y,,,Y,,L,04,1,0,0,0,0,0,1,0,0,"- ","- ",,,"SAN FRANCISCO","SAN FRANCISCO",-122.42094116,37.75502797
7032740,2015,2015-08-28,3801,2015-05-02,1203,001766,,6,5,7,3801,0,0,0,,0,4K5G,"OAKDALE AV","NEWHALL ST",26.00,W,N,A,-,N,,,,,,,,,,N,2,0,1,3,A,-,12,22450,A,N,D,E,A,A,H,-,A,A,0,,Y,,,Y,,L,04,1,0,0,0,0,0,1,0,0,"- ","- ",,,"SAN FRANCISCO","SAN FRANCISCO",-122.39225451999999,37.735709989999997
7032882,2015,2015-08-19,3801,2015-05-29,0232,001240,CENTR,5,5,7,3801,0,0,0,,0,3A12E,"GEARY ST","MASON ST",0.00,,Y,B,-,N,,,,,,,,,,N,2,0,1,2,A,-,11,21955,,N,G,B,D,B,H,-,C,A,0,Y,,,,Y,,N,60,1,0,0,0,1,0,0,0,0,"- ","- ",,,"SAN FRANCISCO","SAN FRANCISCO",-122.40985988,37.787169949999999
7032887,2015,2015-08-20,3801,2015-05-06,1614,465,RICHM,3,5,7,3801,0,0,0,,0,3G14D,"25TH AV","CABRILLO ST",17.00,S,N,A,-,N,,,,,,,,,,N,2,0,1,2,A,-,11,21955,,N,G,B,B,A,H,-,A,A,0,Y,,,,Y,,N,60,1,0,0,0,1,0,0,0,0,"- ","- ",,,"SAN FRANCISCO","SAN FRANCISCO",-122.48431708,37.774403360000001
7032888,2015,2016-06-16,3801,2015-05-27,0030,1177,MISSI,3,5,7,3801,0,0,0,,0,3D14E,"MARKET ST","NOE ST",296.00,W,N,A,-,N,,,,,,,,,,Y,2,0,1,2,A,-,11,21955,,N,G,B,D,A,H,-,C,D,0,Y,,,,Y,,N,60,1,0,0,0,1,0,0,0,0,"- ","- ",,,"SAN FRANCISCO","SAN FRANCISCO",-122.43389336,37.763689309999997
7034673,2015,2015-09-01,3801,2015-02-07,1955,001324,MISSI,6,5,7,3801,0,0,0,,0,4C4,"S VAN NESS AV","14TH ST",0.00,,Y,A,-,N,,,,,,,,,,Y,2,0,4,5,A,-,12,21453,A,N,D,C,B,A,H,-,C,A,0,Y,,,,Y,,A,01,2,1,1,0,2,0,0,0,0,"- ","- ",,,"SAN FRANCISCO","SAN FRANCISCO",-122.41779990000001,37.768419899999998
7034701,2015,2015-08-22,3801,2015-02-11,1935,000868,RICHM,3,5,7,3801,0,0,0,,0,4KG8,"TURK ST","STANYAN ST",128.00,E,N,A,-,N,,,,,,,,,,Y,2,0,1,2,A,-,08,22105,,N,D,C,A,A,H,-,C,D,0,,,Y,,Y,,A,07,1,0,0,0,0,0,0,0,1,"- ","- ",,,"SAN FRANCISCO","SAN FRANCISCO",-122.45479214,37.777643519999998
7034769,2015,2015-08-22,3801,2015-02-02,1316,004282,NORTH,1,5,7,3801,0,0,0,,0,2CAR,"VAN NESS AV","GROVE ST",0.00,,Y,A,-,N,,,,,,,,,,N,2,0,1,2,A,-,11,21955,,N,G,B,D,A,H,-,A,A,0,Y,,,,Y,,N,60,1,0,0,0,1,0,0,0,0,"- ","- ",,,"SAN FRANCISCO","SAN FRANCISCO",-122.41995987999999,37.778249930000001
7034789,2015,2015-08-22,3801,2015-02-07,0940,002256,TARAV,6,5,7,3801,0,0,0,,0,3I11B,"JOHN F KENNEDY DR","NANCY PELOSI DR",0.00,,Y,A,-,N,,,,,,,,,,N,2,0,1,3,A,-,08,22107,,N,H,G,A,A,H,-,A,D,0,,Y,,,Y,,-,,1,0,0,0,0,0,1,0,0,"- ","- ",,,"SAN FRANCISCO","SAN FRANCISCO",-122.4591705,37.771298999999999
7035213,2014,2015-08-21,3801,2014-12-05,1805,4345,MISSI,5,5,7,3801,0,0,0,,0,1CAR,"DIAMOND ST","MARKET ST",0.00,,Y,A,-,N,,,,,,,,,,N,2,0,1,2,A,-,10,21950,A,F,G,B,B,B,H,-,C,A,0,Y,,,,Y,,-,99,1,0,0,0,1,0,0,0,0,"- ","- ",,,"SAN FRANCISCO","SAN FRANCISCO",-122.43729992999999,37.761899990000003
7035255,2014,2016-06-24,3801,2014-12-16,0848,100,3E,2,5,7,3801,0,0,0,,0,3E12A,"VAN NESS AV","HAYES ST",0.00,,Y,B,-,Y,SF,4,101,-,T,5.010,I,5,S,Y,2,0,1,2,A,-,09,21801,A,N,A,C,A,A,H,-,A,A,0,,,,,Y,,A,01,1,0,0,0,0,0,0,0,0,"- ","- ",,,"SAN FRANCISCO","SAN FRANCISCO",-122.41978329,37.777307260000001
7035262,2014,2015-08-24,3801,2014-12-15,1125,97,PARK,1,5,7,3801,0,0,0,,0,3F2A,"CASTRO ST","15TH ST",3.00,W,N,C,-,N,,,,,,,,,,Y,2,0,2,2,A,-,21,22106,,N,C,C,A,B,H,-,A,A,0,,,,,Y,,-,,1,0,1,0,0,0,0,0,0,"- ","- ",,,"SAN FRANCISCO","SAN FRANCISCO",-122.43546000000001,37.765720000000002
7035306,2014,2015-08-21,3801,2014-12-18,0543,4246,SOUTH,4,5,7,3801,0,0,0,,0,3B1SA,"BRANNAN ST","4TH ST",22.00,W,N,C,-,N,,,,,,,,,,Y,2,0,1,2,A,-,11,21453,D,N,G,B,D,B,H,-,C,A,0,Y,,,,Y,,N,60,1,0,0,0,1,0,0,0,0,"- ","- ",,,"SAN FRANCISCO","SAN FRANCISCO",-122.39659383999999,37.778287259999999
7035318,2014,2015-08-21,3801,2014-12-15,2240,615,MISSI,1,5,7,3801,0,0,0,,0,3D14E,"MISSION ST","26TH ST",173.00,N,N,C,-,N,,,,,,,,,,N,2,0,1,2,A,-,11,21954,A,N,G,B,D,B,H,-,C,A,0,Y,,,,Y,Y,N,60,1,0,0,0,1,0,0,0,0,"- ","- ",,,"SAN FRANCISCO","SAN FRANCISCO",-122.41818942,37.74953361
7035637,2015,2015-09-08,3801,2015-01-17,2246,004345,MISSI,6,5,7,3801,0,0,0,,0,908,"16TH ST","16TH ST 2300 BLK",0.00,,N,A,-,N,,,,,,,,,,N,2,0,1,2,A,-,03,22350,,F,D,G,A,A,H,-,C,D,0,,Y,,,Y,,A,01,1,0,0,0,0,0,1,0,0,"- ","- ",,,"SAN FRANCISCO","SAN FRANCISCO",,