CASE_ID,ACCIDENT_YEAR,PROC_DATE,JURIS,COLLISION_DATE,COLLISION_TIME,OFFICER_ID,REPORTING_DISTRICT,DAY_OF_WEEK,CHP_SHIFT,POPULATION,CNTY_CITY_LOC,SPECIAL_COND,BEAT_TYPE,CHP_BEAT_TYPE,CITY_DIVISION_LAPD,CHP_BEAT_CLASS,BEAT_NUMBER,PRIMARY_RD,SECONDARY_RD,DISTANCE,DIRECTION,INTERSECTION,WEATHER_1,WEATHER_2,STATE_HWY_IND,CALTRANS_COUNTY,CALTRANS_DISTRICT,STATE_ROUTE,ROUTE_SUFFIX,POSTMILE_PREFIX,POSTMILE,LOCATION_TYPE,RAMP_INTERSECTION,SIDE_OF_HWY,TOW_AWAY,COLLISION_SEVERITY,NUMBER_KILLED,NUMBER_INJURED,PARTY_COUNT,PRIMARY_COLL_FACTOR,PCF_CODE_OF_VIOL,PCF_VIOL_CATEGORY,PCF_VIOLATION,PCF_VIOL_SUBSECTION,HIT_AND_RUN,TYPE_OF_COLLISION,MVIW,PED_ACTION,ROAD_SURFACE,ROAD_COND_1,ROAD_COND_2,LIGHTING,CONTROL_DEVICE,CHP_ROAD_TYPE,PEDESTRIAN_ACCIDENT,BICYCLE_ACCIDENT,MOTORCYCLE_ACCIDENT,TRUCK_ACCIDENT,NOT_PRIVATE_PROPERTY,ALCOHOL_INVOLVED,STWD_VEHTYPE_AT_FAULT,CHP_VEHTYPE_AT_FAULT,COUNT_SEVERE_INJ,COUNT_VISIBLE_INJ,COUNT_COMPLAINT_PAIN,COUNT_PED_KILLED,COUNT_PED_INJURED,COUNT_BICYCLIST_KILLED,COUNT_BICYCLIST_INJURED,COUNT_MC_KILLED,COUNT_MC_INJURED,PRIMARY_RAMP,SECONDARY_RAMP,LATITUDE,LONGITUDE,COUNTY,CITY,POINT_X,POINT_Y
7035638,2015,2015-09-08,3801,2015-01-20,2255,1518,MISSI,2,5,7,3801,0,0,0,,0,,"19TH ST","CAPP ST",0.00,,Y,A,-,N,,,,,,,,,,N,2,0,1,2,A,-,12,22450,A,F,D,G,A,A,H,-,C,A,0,,Y,,,Y,,A,07,1,0,0,0,0,0,1,0,0,"- ","- ",,,"SAN FRANCISCO","SAN FRANCISCO",-122.41810989,37.760289890000003
7035775,2014,2015-08-29,3801,2014-11-26,1840,856,SOTHE,3,5,7,3801,0,0,0,,0,004,"MARKET ST","GUERRERO ST",0.00,,Y,A,-,N,,,,,,,,,,N,2,0,1,2,A,-,10,21950,A,N,G,B,B,A,H,-,C,A,0,Y,,,,Y,,D,22,1,0,0,0,1,0,0,0,0,"- ","- ",,,"SAN FRANCISCO","SAN FRANCISCO",-122.42485991,37.770749879999997
7035864,2014,2015-08-21,3801,2014-11-06,2217,01192,SOUTH,4,5,7,3801,0,0,0,,0,03B,"MARKET ST","NEW MONTGOMERY ST",0.00,,Y,A,-,N,,,,,,,,,,N,2,0,2,2,A,-,11,21453,D,N,G,B,B,A,H,-,C,A,0,Y,,Y,,Y,,N,60,1,0,1,0,1,0,0,0,1,"- ","- ",,,"SAN FRANCISCO","SAN FRANCISCO",-122.40198992000001,37.788769899999998
7035878,2014,2015-08-21,3801,2014-11-21,1003,02179,CENTR,5,5,7,3801,0,0,0,,0,4K5A,"MONTGOMERY ST","CALIFORNIA ST",0.00,,Y,A,-,N,,,,,,,,,,Y,2,0,1,2,C,-,18,,,N,H,J,A,A,H,-,A,A,0,,,,,Y,,-,"- ",1,0,0,0,0,0,0,0,0,"- ","- ",,,"SAN FRANCISCO","SAN FRANCISCO",-122.40276998,37.79288992
7035898,2014,2015-08-24,3801,2014-11-25,1945,1840,,2,5,7,3801,0,0,0,,0,CENTRA,"JEFFERSON ST","TAYLOR ST",0.00,,N,A,-,N,,,,,,,,,,Y,2,0,1,2,A,-,06,21750,,F,B,C,A,A,H,-,C,-,0,,,,,Y,,A,08,1,0,0,0,0,0,0,0,0,"- ","- ",,,"SAN FRANCISCO","SAN FRANCISCO",-122.41578997000001,37.808229879999999
7035939,2014,2015-08-21,3801,2014-11-13,1853,877,SOUTH,4,5,7,3801,0,0,0,,0,3B15D,"MISSION ST","6TH ST",0.00,,Y,A,-,N,,,,,,,,,,Y,2,0,1,2,A,-,11,21956,,N,G,B,D,A,H,-,C,A,0,Y,,,,Y,,N,60,1,0,0,0,1,0,0,0,0,"- ","- ",,,"SAN FRANCISCO","SAN FRANCISCO",-122.40868999,37.78097992
7035999,2014,2015-08-25,3801,2014-11-16,0946,983,BAYVI,7,5,7,3801,0,0,0,,0,3C12A,"PALOU AV","RANKIN ST",38.00,W,N,A,-,N,,,,,,,,,,N,2,0,1,1,A,-,03,22350,,N,H,-,A,A,H,-,A,A,0,,Y,,,Y,,L,04,1,0,0,0,0,0,1,0,0,"- ","- ",,,"SAN FRANCISCO","SAN FRANCISCO",-122.39848732,37.738280279999998
7037391,2015,2015-09-04,3801,2015-07-02,1732,001752,SOUTH,4,5,7,3801,0,0,0,,0,3B11D,"THE EMBARCADERO","DON CHEE WY",0.00,,Y,A,-,N,,,,,,,,,,N,2,0,1,2,A,-,09,21801,A,N,D,G,A,A,H,-,A,A,0,,Y,,,Y,,A,01,1,0,0,0,0,0,1,0,0,"- ","- ",,,"SAN FRANCISCO","SAN FRANCISCO",-122.39325999,37.794239939999997
7037666,2014,2015-08-26,3801,2014-11-07,0648,1696,MISSI,5,5,7,3801,0,0,0,,0,3D16A,"17TH ST","UTAH ST",0.00,,Y,A,-,N,,,,,,,,,,Y,2,0,1,2,A,-,08,22107,,N,D,C,A,A,H,-,A,D,0,,,Y,,Y,,A,01,1,0,0,0,0,0,0,0,1,"- ","- ",,,"SAN FRANCISCO","SAN FRANCISCO",-122.40642986,37.764549899999999
7037677,2014,2015-08-26,3801,2014-11-10,1800,1256,,1,5,7,3801,0,0,0,,0,,"BROADWAY ST","FRONT ST",0.00,,Y,A,-,N,,,,,,,,,,Y,2,0,1,3,A,-,09,21801,A,N,D,C,A,A,H,-,B,A,0,,,Y,,Y,,A,01,1,0,0,0,0,0,0,0,1,"- ","- ",,,"SAN FRANCISCO","SAN FRANCISCO",-122.39985986000001,37.798739980000001
7038569,2015,2015-08-27,3801,2015-07-02,1857,1445,NORTH,4,5,7,3801,0,0,0,,0,3E62,"POLK ST","ELLIS ST",0.00,,Y,A,-,N,,,,,,,,,,N,2,0,1,2,A,-,09,21801,A,N,D,G,A,A,H,-,A,A,0,,Y,,,Y,,A,01,1,0,0,0,0,0,1,0,0,"- ","- ",,,"SAN FRANCISCO","SAN FRANCISCO",-122.41934987,37.784039960000001
7038582,2015,2016-07-25,3801,2015-07-08,1822,00013,,3,5,7,3801,0,0,0,,0,,"MASONIC ST","OAK ST",0.00,,Y,A,-,N,,,,,,,,,,Y,2,0,2,3,A,-,11,21456,B,N,G,B,B,A,H,-,A,A,0,Y,,,,Y,,N,60,1,1,0,0,2,0,0,0,0,"- ","- ",,,"SAN FRANCISCO","SAN FRANCISCO",-122.44574996,37.772079900000001
7038595,2015,2016-07-19,3801,2015-07-18,0216,54,NORTH,6,5,7,3801,0,0,0,,0,3E4E,"OCTAVIA ST","VALLEJO ST",0.00,,Y,A,-,N,,,,,,,,,,Y,2,0,1,2,A,-,12,22450,A,N,D,C,A,A,H,-,C,A,0,,,Y,,Y,Y,C,02,1,0,0,0,0,0,0,0,1,"- ","- ",,,"SAN FRANCISCO","SAN FRANCISCO",-122.42851991000001,37.796069930000002
7038602,2015,2015-08-27,3801,2015-07-01,1135,01114,BAYVI,3,5,7,3801,0,0,0,,0,3C62,"SILVER AV","DARTMOUTH ST",0.00,,Y,A,-,N,,,,,,,,,,N,2,0,1,2,A,-,00,21967,,N,G,B,A,A,H,-,A,D,0,,,,,Y,,-,,1,0,0,0,0,0,0,0,0,"- ","- ",,,"SAN FRANCISCO","SAN FRANCISCO",-122.41326991,37.729899940000003
7038614,2015,2016-07-19,3801,2015-07-05,1411,01387,SOUTH,7,5,7,3801,0,0,0,,0,3B4A,"MARKET ST",GOUGH,0.00,,Y,A,-,N,,,,,,,,,,N,2,0,1,2,A,-,10,21950,A,F,G,B,B,A,H,-,A,A,0,Y,,,,Y,,A,01,1,0,0,0,1,0,0,0,0,"- ","- ",,,"SAN FRANCISCO","SAN FRANCISCO",-122.42220992999999,37.772869960000001
7039927,2015,2015-09-03,3801,2015-07-24,2310,1288,CENTR,5,5,7,3801,0,0,0,,0,3A14E,EMBARCADERO,"WASHINGTON ST",110.00,N,N,A,-,N,,,,,,,,,,N,2,0,1,2,A,-,03,22350,,N,A,B,F,A,H,-,C,D,0,Y,Y,,,Y,,N,60,1,0,0,0,1,0,0,0,0,"- ","- ",,,"SAN FRANCISCO","SAN FRANCISCO",-122.39553452,37.79703447
7040925,2015,2015-09-02,3801,2015-06-21,1551,001325,TENDE,7,5,7,3801,0,0,0,,0,3J12D,"GOLDEN GATE AV","LEAVENWORTH ST",0.00,,Y,A,-,N,,,,,,,,,,N,2,0,2,3,A,-,03,22350,,F,G,B,B,A,H,-,A,A,0,Y,,,,Y,,A,07,1,0,1,0,2,0,0,0,0,"- ","- ",,,"SAN FRANCISCO","SAN FRANCISCO",-122.41385999000001,37.781869919999998
7052319,2015,2015-09-18,3801,2015-08-06,0815,2318,MISSI,4,5,7,3801,0,0,0,,0,901,"14TH ST","VAN NESS AV",25.00,W,N,A,-,N,,,,,,,,,,N,2,0,1,1,A,-,03,22350,,N,H,I,A,A,H,-,A,A,0,,Y,,,Y,,L,04,1,0,0,0,0,0,1,0,0,"- ","- ",,,"SAN FRANCISCO","SAN FRANCISCO",-122.41788621000001,37.768414249999999
7052354,2015,2015-09-21,3801,2015-08-16,2110,0295,MISSI,7,5,7,3801,0,0,0,,0,3D15E,"POTRERO AV","16TH ST",0.00,,Y,A,-,N,,,,,,,,,,Y,2,0,2,2,A,-,08,22107,,N,D,C,A,A,H,-,C,A,0,,,,,Y,,A,01,1,1,0,0,0,0,0,0,0,"- ","- ",,,"SAN FRANCISCO","SAN FRANCISCO",-122.40755998,37.765769929999998
7052388,2015,2015-09-18,3801,2015-08-24,1410,1597,NORTH,1,5,7,3801,0,0,0,,0,3E11C,"BAY ST","BAKER ST",0.00,,Y,A,-,N,,,,,,,,,,N,2,0,1,2,A,-,11,21956,A,N,G,B,D,A,H,-,A,-,0,Y,,,,Y,,N,60,1,0,0,0,1,0,0,0,0,"- ","- ",,,"SAN FRANCISCO","SAN FRANCISCO",-122.44662987,37.801780000000001
7059436,2015,2015-10-08,3801,2015-09-28,0748,1968,TENDE,1,5,7,3801,0,0,0,,0,3J12A,"MARKET ST","7TH ST",105.00,E,N,A,-,N,,,,,,,,,,N,2,0,1,2,D,-,00,,,N,G,B,E,A,H,-,B,A,0,Y,,,,Y,,-,"- ",1,0,0,0,1,0,0,0,0,"- ","- ",,,"SAN FRANCISCO","SAN FRANCISCO",-122.41225584999999,37.780686189999997
7081682,2015,2016-01-13,3801,2015-09-13,0123,2080,NORTH,7,5,7,3801,0,0,0,,0,3E12E,"GEARY BL","GOUGH ST",270.00,W,N,A,-,N,,,,,,,,,,N,2,0,1,2,A,-,11,21955,,F,G,B,D,A,H,-,C,A,0,Y,,,,Y,,N,60,1,0,0,0,1,0,0,0,0,"- ","- ",,,"SAN FRANCISCO","SAN FRANCISCO",-122.42561741,37.785349029999999
7089810,2015,2015-10-10,3801,2015-09-05,1001,2316,SOUTH,6,5,7,3801,0,0,0,,0,0B1,"EMBARCADERO SOUTH","FOLSOM ST",0.00,,Y,A,-,N,,,,,,,,,,N,2,0,1,2,A,-,10,21950,A,N,G,B,B,A,H,-,A,A,0,Y,,,,Y,Y,A,08,1,0,0,0,1,0,0,0,0,"- ","- ",,,"SAN FRANCISCO","SAN FRANCISCO",-122.38993049,37.790920319999998
7094170,2015,2015-11-20,3801,2015-10-02,1102,132,,5,5,7,3801,0,0,0,,0,4B1D,"TERRY FRANCOIS ST","3RD ST",29.00,E,N,A,-,N,,,,,,,,,,Y,2,0,1,1,A,-,03,22350,,N,F,I,A,A,H,-,A,D,0,,,,,Y,,I,11,1,0,0,0,0,0,0,0,0,"- ","- ",,,"SAN FRANCISCO","SAN FRANCISCO",-122.38990903,37.776289239999997
7100038,2015,2015-10-12,3801,2015-09-12,0104,001128,PARK,6,5,7,3801,0,0,0,,0,3F14E,"STANYAN ST","OAK ST",0.00,,Y,A,-,N,,,,,,,,,,Y,2,0,1,2,A,-,12,21453,A,N,D,C,A,A,H,-,C,A,0,,,Y,,Y,,C,02,1,0,0,0,0,0,0,0,1,"- ","- ",,,"SAN FRANCISCO","SAN FRANCISCO",-122.45395999,37.771349890000003
7100243,2015,2016-07-19,3801,2015-09-25,0210,1840,CENTR,5,5,7,3801,0,0,0,,0,3A12E,"BUSH ST","DASHIELL HAMMETT ST",0.00,,Y,A,-,N,,,,,,,,,,Y,2,0,2,2,A,-,07,21658,A,N,B,E,A,A,H,-,C,D,0,,,,,Y,Y,A,01,1,0,1,0,0,0,0,0,0,"- ","- ",,,"SAN FRANCISCO","SAN FRANCISCO",-122.4078799,37.790279939999998
7100307,2015,2015-10-08,3801,2015-09-19,1639,000878,SOUTH,6,5,7,3801,0,0,0,,0,0C1,"ILLINOIS ST","22ND ST",100.00,S,N,A,-,N,,,,,,,,,,N,2,0,1,1,C,-,18,,,N,-,-,A,A,H,-,A,-,0,,,Y,,Y,,-,"- ",1,0,0,0,0,0,0,0,1,"- ","- ",,,"SAN FRANCISCO","SAN FRANCISCO",-122.38731715999999,37.757705880000003
7100757,2014,2015-12-16,3801,2014-02-01,1842,1939,,6,5,7,3801,0,0,0,,0,4B7H,"HUDSON ST","REUEL CT",46.00,N,N,A,-,N,,,,,,,,,,Y,2,0,1,2,A,-,01,23152,A,N,G,B,D,A,H,-,C,D,0,Y,,,,Y,Y,A,08,1,0,0,0,1,0,0,0,0,"- ","- ",,,"SAN FRANCISCO","SAN FRANCISCO",-122.38367919,37.736772479999999
7100847,2014,2015-12-17,3801,2014-03-27,1206,1695,SOUTH,4,5,7,3801,0,0,0,,0,3B52A,"6TH ST","MINNA ST",0.00,,Y,A,-,N,,,,,,,,,,N,2,0,1,2,A,-,10,21950,A,N,G,B,B,A,H,-,A,A,0,Y,,,,Y,,A,01,1,0,0,0,1,0,0,0,0,"- ","- ",,,"SAN FRANCISCO","SAN FRANCISCO",-122.40812986,37.78054994
7100857,2014,2015-12-17,3801,2014-04-15,1500,001763,MISSI,2,5,7,3801,0,0,0,,0,3D14D,"CESAR CHAVEZ ST","FOLSOM ST",150.00,W,N,A,-,N,,,,,,,,,,N,2,0,1,3,A,-,08,21717,,N,D,C,A,A,H,-,A,D,0,,,Y,,Y,,A,07,1,0,0,0,0,0,0,0,1,"- ","- ",,,"SAN FRANCISCO","SAN FRANCISCO",-122.4141985,37.748253980000001
7100894,2014,2015-12-16,3801,2014-06-10,1156,4331,MISSI,2,5,7,3801,0,0,0,,0,3D60,"DOLORES ST","DOLORES ST 555",190.00,S,Y,A,-,N,,,,,,,,,,Y,2,0,1,2,A,-,08,22107,,N,D,C,A,A,H,-,A,D,0,,,Y,,Y,,A,01,1,0,0,0,0,0,0,0,1,"- ","- ",,,"SAN FRANCISCO","SAN FRANCISCO",-122.42588997,37.760508799999997
7100959,2014,2015-12-17,3801,2014-05-29,0800,804,NORTH,4,5,7,3801,0,0,0,,0,3E4A,"FILLMORE ST","BUSH ST",40.00,S,N,A,-,N,,,,,,,,,,N,2,0,1,2,A,-,17,22517,,N,B,G,A,A,H,-,A,D,0,,Y,,,Y,,A,01,1,0,0,0,0,0,1,0,0,"- ","- ",,,"SAN FRANCISCO","SAN FRANCISCO",-122.43342941,37.786931340000002
7101037,2014,2015-12-23,3801,2014-06-12,1940,441,PARK,4,5,7,3801,0,0,0,,0,4K7F,"LAGUNA HONDA BL","7TH AV",374.00,S,N,A,-,N,,,,,,,,,,Y,2,0,6,2,A,-,05,21460,A,N,B,C,A,A,H,-,A,D,0,,,,,Y,,A,01,2,0,4,0,0,0,0,0,0,"- ","- ",,,"SAN FRANCISCO","SAN FRANCISCO",-122.46380377,37.753859060000003
7101089,2014,2015-12-17,3801,2014-11-06,1853,002257,PARK,4,5,7,3801,0,0,0,,0,3F12D,"17TH ST","MARS ST",0.00,,Y,A,-,N,,,,,,,,,,Y,2,0,2,2,A,-,09,21801,A,N,D,C,A,A,H,-,C,D,0,,,Y,,Y,,A,01,1,1,0,0,0,0,0,0,2,"- ","- ",,,"SAN FRANCISCO","SAN FRANCISCO",-122.44429992000001,37.761929930000001
7101150,2015,2016-01-08,3801,2015-11-12,0647,1487,COJ,4,5,7,3801,0,0,0,,0,4B1A,"HYDE ST","OFARRELL ST",0.00,,Y,A,-,N,,,,,,,,,,Y,2,0,1,2,A,-,12,21453,A,N,D,G,A,A,H,-,A,A,0,,Y,,,Y,,L,04,1,0,0,0,0,0,1,0,0,"- ","- ",,,"SAN FRANCISCO","SAN FRANCISCO",-122.41625994,37.785389969999997
7101159,2015,2016-01-08,3801,2015-10-29,1140,002047,RICHM,4,5,7,3801,0,0,0,,0,4D5A,"EUCLID AV","PARKER AV",11.00,E,N,A,-,N,,,,,,,,,,N,2,0,1,4,A,-,10,21950,A,N,G,B,B,A,H,-,A,A,0,Y,,,,Y,,A,01,1,0,0,0,1,0,0,0,0,"- ","- ",,,"SAN FRANCISCO","SAN FRANCISCO",-122.45459194999999,37.784001140000001
7101256,2015,2016-04-13,3801,2015-11-14,1500,2318,MISSI,6,5,7,3801,0,0,0,,0,,"DOLORES ST","18TH ST",0.00,,Y,A,-,N,,,,,,,,,,Y,2,0,1,1,A,-,09,21801,A,N,H,J,A,A,H,-,A,A,0,,,Y,,Y,,C,02,1,0,0,0,0,0,0,0,1,"- ","- ",,,"SAN FRANCISCO","SAN FRANCISCO",-122.42615994000001,37.761439930000002
7101276,2015,2016-01-08,3801,2015-11-12,0652,1693,BAYVI,4,5,7,3801,0,0,0,,0,3C109,"BAY SHORE BL","SILVER AV",5.00,S,N,A,-,N,,,,,,,,,,N,2,0,1,2,A,-,10,21950,A,F,G,B,B,A,H,-,A,A,0,Y,,,,Y,,A,08,1,0,0,0,1,0,0,0,0,"- ","- ",,,"SAN FRANCISCO","SAN FRANCISCO",-122.40464333,37.732947330000002
7101655,2015,2016-01-13,3801,2015-12-03,2019,2124,SOUTH,4,5,7,3801,0,0,0,,0,3B12D,"3RD ST","BRYANT ST",0.00,,Y,A,-,N,,,,,,,,,,Y,2,0,5,3,A,-,01,23152,A,N,D,C,A,A,H,-,C,A,0,,,,,Y,Y,A,01,1,0,4,0,0,0,0,0,0,"- ","- ",,,"SAN FRANCISCO","SAN FRANCISCO",-122.39584993,37.781309890000003
7101664,2015,2017-01-27,3801,2015-12-24,1536,004372,RICHM,4,5,7,3801,0,0,0,,0,3CAR,"PARK PRESIDIO BL","LAKE ST",0.00,,Y,A,-,Y,SF,4,101,-,-,5.870,H,-,N,N,2,0,1,2,A,-,07,21658,A,N,B,C,A,A,H,-,A,A,0,,,Y,,Y,,C,02,1,0,0,0,0,0,0,0,1,"- ","- ",,,"SAN FRANCISCO","SAN FRANCISCO",-122.42204783,37.78943769
7101728,2015,2016-01-26,3801,2015-12-18,1904,1400,,5,5,7,3801,0,0,0,,0,3B13C,"HOWARD ST","HOWARD ST 1040",0.00,,N,C,-,N,,,,,,,,,,N,2,0,1,2,A,-,11,21954,A,F,G,B,D,B,H,-,C,D,0,Y,,,,Y,,N,60,1,0,0,0,1,0,0,0,0,"- ","- ",,,"SAN FRANCISCO","SAN FRANCISCO",-122.40811050000001,37.778984469999997
7101739,2015,2016-01-26,3801,2015-12-24,2333,2325,,4,5,7,3801,0,0,0,,0,3D13E,"POTRERO AV","25TH ST",330.00,S,N,A,-,N,,,,,,,,,,Y,2,0,2,2,A,-,07,21658,A,N,E,I,A,A,H,-,C,-,0,,,,,Y,Y,A,07,1,0,1,0,0,0,0,0,0,"- ","- ",,,"SAN FRANCISCO","SAN FRANCISCO",-122.40609258000001,37.75083935
7101844,2015,2016-01-14,3801,2015-12-21,1429,575,TENDE,1,5,7,3801,0,0,0,,0,3J41C,"TAYLOR ST","OFARRELL ST",0.00,,Y,C,-,N,,,,,,,,,,N,2,0,1,2,A,-,11,21955,,N,G,B,D,B,H,-,A,A,0,Y,,,,Y,,N,60,1,0,0,0,1,0,0,0,0,"- ","- ",,,"SAN FRANCISCO","SAN FRANCISCO",-122.41131996999999,37.786019889999999
7101863,2015,2016-01-14,3801,2015-12-09,1940,2212,INGLE,3,5,7,3801,0,0,0,,0,3H5,"MISSION ST","OTTAWA ST",0.00,,Y,A,-,N,,,,,,,,,,N,2,0,1,2,A,-,10,21950,A,N,G,B,B,A,H,-,C,D,0,Y,,,,Y,,A,07,1,0,0,0,1,0,0,0,0,"- ","- ",,,"SAN FRANCISCO","SAN FRANCISCO",-122.44372989,37.713609939999998
7110698,2015,2015-11-19,3801,2015-11-01,2315,004208,BAYIE,7,5,7,3801,0,0,0,,0,03C,"25TH ST","MISSISSIPPI ST",0.00,,Y,B,C,N,,,,,,,,,,Y,2,0,1,4,A,-,01,23152,A,N,B,E,A,B,H,-,C,D,0,,,,,Y,Y,A,07,1,0,0,0,0,0,0,0,0,"- ","- ",,,"SAN FRANCISCO","SAN FRANCISCO",-122.39362996,37.752489949999998
7110738,2015,2015-11-16,3801,2015-10-11,1601,1420,CENTR,7,5,7,3801,0,0,0,,0,4B7E,ENBARCADERO,SAMSOME,292.00,N,N,A,-,N,,,,,,,,,,N,2,0,1,2,A,-,07,21658,A,N,B,G,A,A,H,-,A,D,0,,Y,,,Y,,L,04,1,0,0,0,0,0,1,0,0,"- ","- ",,,"SAN FRANCISCO","SAN FRANCISCO",-122.40426779000001,37.805630440000002
7110761,2015,2015-11-16,3801,2015-10-26,2242,1718,MISSI,1,5,7,3801,0,0,0,,0,3D14E,"14TH ST","TRAINOR ST",153.00,E,N,A,-,N,,,,,,,,,,Y,2,0,3,2,A,-,01,23152,A,F,G,B,F,A,H,-,C,D,0,Y,,,,Y,Y,A,01,2,1,0,0,1,0,0,0,0,"- ","- ",,,"SAN FRANCISCO","SAN FRANCISCO",-122.41402198999999,37.768621369999998
7110847,2015,2015-11-16,3801,2015-10-07,1714,679,TARAV,3,5,7,3801,0,0,0,,0,016,"ASHTON AV","HEAD ST",0.00,,Y,A,-,N,,,,,,,,,,Y,2,0,1,3,A,-,03,22350,,N,B,C,A,A,H,-,B,D,0,,,Y,,Y,,C,02,1,0,0,0,0,0,0,0,1,"- ","- ",,,"SAN FRANCISCO","SAN FRANCISCO",-122.46227997,37.723029940000004
7110866,2015,2015-11-16,3801,2015-10-15,1641,575,BAYVI,4,5,7,3801,0,0,0,,0,3C14D,"JAMESTOWN AV","3RD ST",160.00,E,N,B,-,N,,,,,,,,,,N,2,0,1,4,A,-,11,21955,,N,G,B,D,A,H,-,A,A,0,Y,,,,Y,,N,60,1,0,0,0,1,0,0,0,0,"- ","- ",,,"SAN FRANCISCO","SAN FRANCISCO",-122.39624922,37.720016870000002
7110902,2015,2015-11-18,3801,2015-10-30,1655,4208,BAYVI,5,5,7,3801,0,0,0,,0,03C,"ILLINOIS ST","23RD AV",60.00,N,N,A,-,N,,,,,,,,,,N,2,0,1,1,C,-,18,,,N,H,A,A,A,C,G,A,D,0,,Y,,,Y,,-,"- ",1,0,0,0,0,0,1,0,0,"- ","- ",,,"SAN FRANCISCO","SAN FRANCISCO",-122.38710824,37.755594189999997
7110920,2015,2015-11-19,3801,2015-10-08,0650,2450,MISSI,4,5,7,3801,0,0,0,,0,3D6C,"DIVISION ST","VERMONT ST",0.00,,Y,A,-,N,,,,,,,,,,N,2,0,1,2,A,-,09,21801,A,N,D,G,A,A,H,-,C,D,0,,Y,,,Y,,A,01,1,0,0,0,0,0,1,0,0,"- ","- ",,,"SAN FRANCISCO","SAN FRANCISCO",-122.40496988,37.76973993
7110927,2015,2015-11-16,3801,2015-10-10,0008,4256,BAYVI,6,5,7,3801,0,0,0,,0,3C12D,"EVANS AV","SELBY ST",178.00,E,N,A,-,N,,,,,,,,,,Y,2,0,1,2,A,-,01,23152,A,N,B,E,A,A,H,-,C,D,0,,,,,Y,Y,D,22,1,0,0,0,0,0,0,0,0,"- ","- ",,,"SAN FRANCISCO","SAN FRANCISCO",-122.39399,37.746130000000001
7110934,2015,2015-11-16,3801,2015-10-06,0854,4246,B,2,5,7,3801,0,0,0,,0,005,"TOWNSEND ST","4TH ST",0.00,,Y,A,-,N,,,,,,,,,,Y,2,0,1,1,A,-,03,22350,,N,H,A,A,A,C,-,A,A,0,,,Y,,Y,,C,02,1,0,0,0,0,0,0,0,1,"- ","- ",,,"SAN FRANCISCO","SAN FRANCISCO",-122.39498995,37.777109969999998
7157916,2015,2016-01-29,3801,2015-12-16,1809,002174,12162,3,5,7,3801,0,0,0,,0,1809,"BACON ST","GIRARD ST",0.00,,Y,A,-,N,,,,,,,,,,N,2,0,1,2,A,-,10,21950,A,N,G,B,B,A,H,-,C,A,0,Y,,,,Y,Y,D,22,1,0,0,0,1,0,0,0,0,"- ","- ",,,"SAN FRANCISCO","SAN FRANCISCO",-122.40458996,37.727379970000001
7157935,2014,2016-02-23,3801,2014-07-10,0922,1689,,4,5,7,3801,0,0,0,,0,026,"GEARY BL","COOK ST",0.00,,Y,A,-,N,,,,,,,,,,N,2,0,1,2,A,-,"- ",,,N,G,B,B,A,H,-,A,-,0,Y,,,,Y,,A,01,1,0,0,0,1,0,0,0,0,"- ","- ",,,"SAN FRANCISCO","SAN FRANCISCO",-122.45215998,37.781919899999998
7161172,2014,2016-03-07,3801,2014-10-16,0948,38,SOUTH,4,5,7,3801,0,0,0,,0,3B14A,"12TH ST","KISSLING ST",10.00,W,N,A,-,N,,,,,,,,,,Y,2,0,1,2,A,-,09,21801,A,F,D,G,A,A,H,-,A,A,0,,Y,,,Y,,A,01,1,0,0,0,0,0,1,0,0,"- ","- ",,,"SAN FRANCISCO","SAN FRANCISCO",-122.4162007,37.771432689999997
7173244,2016,2016-02-10,3801,2016-01-17,2330,2108,NORTH,7,5,7,3801,0,0,0,,0,3E11D,"DIVISADERO ST","OAK ST",0.00,,Y,-,-,N,,,,,,,,,,N,2,0,1,2,A,-,10,21950,A,F,G,B,B,-,H,-,C,A,0,Y,,,,Y,,-,99,1,0,0,0,1,0,0,0,0,"- ","- ",,,"SAN FRANCISCO","SAN FRANCISCO",-122.43742994999999,37.773139929999999
7173279,2016,2016-02-11,3801,2016-01-22,1916,004291,TARAV,5,5,7,3801,0,0,0,,0,3I15D,"19TH AV","SLOAT BL",0.00,,Y,A,-,N,,,,,,,,,,Y,2,0,1,2,D,-,00,,,N,D,C,A,B,H,-,C,A,0,,,,,Y,,-,"- ",1,0,0,0,0,0,0,0,0,"- ","- ",,,"SAN FRANCISCO","SAN FRANCISCO",-122.4751299,37.734719910000003
7173403,2016,2016-02-12,3801,2016-01-28,2113,000891,MISSI,4,5,7,3801,0,0,0,,0,801,"MARKET ST","NOE ST",0.00,,Y,B,-,N,,,,,,,,,,Y,2,0,1,2,A,-,09,21801,A,N,D,C,A,A,H,-,C,A,0,,,Y,,Y,,A,01,1,0,0,0,0,0,0,0,1,"- ","- ",,,"SAN FRANCISCO","SAN FRANCISCO",-122.43313992,37.764239959999998
7173584,2016,2016-02-09,3801,2016-01-19,1815,001837,,2,5,7,3801,0,0,0,,0,3C12D,"CARROLL AV","PHELPS ST",0.00,,Y,A,-,N,,,,,,,,,,N,2,0,1,2,A,-,12,22450,A,F,D,B,B,A,H,-,A,A,0,Y,,,,Y,,A,07,1,0,0,0,1,0,0,0,0,"- ","- ",,,"SAN FRANCISCO","SAN FRANCISCO",-122.40085999999999,37.729189920000003
7173596,2016,2016-02-09,3801,2016-01-15,1758,2180,,5,5,7,3801,0,0,0,,0,3C11C,"WILLIAMS AV","APOLLO ST",20.00,W,N,A,-,N,,,,,,,,,,Y,2,0,3,2,A,-,05,21650,,F,D,C,A,A,H,-,C,D,0,,,,,Y,,-,,1,0,2,0,0,0,0,0,0,"- ","- ",,,"SAN FRANCISCO","SAN FRANCISCO",-122.39904753,37.73018192