CASE_ID,ACCIDENT_YEAR,PROC_DATE,JURIS,COLLISION_DATE,COLLISION_TIME,OFFICER_ID,REPORTING_DISTRICT,DAY_OF_WEEK,CHP_SHIFT,POPULATION,CNTY_CITY_LOC,SPECIAL_COND,BEAT_TYPE,CHP_BEAT_TYPE,CITY_DIVISION_LAPD,CHP_BEAT_CLASS,BEAT_NUMBER,PRIMARY_RD,SECONDARY_RD,DISTANCE,DIRECTION,INTERSECTION,WEATHER_1,WEATHER_2,STATE_HWY_IND,CALTRANS_COUNTY,CALTRANS_DISTRICT,STATE_ROUTE,ROUTE_SUFFIX,POSTMILE_PREFIX,POSTMILE,LOCATION_TYPE,RAMP_INTERSECTION,SIDE_OF_HWY,TOW_AWAY,COLLISION_SEVERITY,NUMBER_KILLED,NUMBER_INJURED,PARTY_COUNT,PRIMARY_COLL_FACTOR,PCF_CODE_OF_VIOL,PCF_VIOL_CATEGORY,PCF_VIOLATION,PCF_VIOL_SUBSECTION,HIT_AND_RUN,TYPE_OF_COLLISION,MVIW,PED_ACTION,ROAD_SURFACE,ROAD_COND_1,ROAD_COND_2,LIGHTING,CONTROL_DEVICE,CHP_ROAD_TYPE,PEDESTRIAN_ACCIDENT,BICYCLE_ACCIDENT,MOTORCYCLE_ACCIDENT,TRUCK_ACCIDENT,NOT_PRIVATE_PROPERTY,ALCOHOL_INVOLVED,STWD_VEHTYPE_AT_FAULT,CHP_VEHTYPE_AT_FAULT,COUNT_SEVERE_INJ,COUNT_VISIBLE_INJ,COUNT_COMPLAINT_PAIN,COUNT_PED_KILLED,COUNT_PED_INJURED,COUNT_BICYCLIST_KILLED,COUNT_BICYCLIST_INJURED,COUNT_MC_KILLED,COUNT_MC_INJURED,PRIMARY_RAMP,SECONDARY_RAMP,LATITUDE,LONGITUDE,COUNTY,CITY,POINT_X,POINT_Y
7173626,2016,2016-02-12,3801,2016-01-09,1140,002325,,6,5,7,3801,0,0,0,,0,3D4C,"CESAR CHAVEZ DR","HAMPSHIRE ST",0.00,,Y,A,-,N,,,,,,,,,,N,2,0,1,2,A,-,12,22450,A,N,D,G,A,B,H,-,A,D,0,,Y,,,Y,,L,04,1,0,0,0,0,0,1,0,0,"- ","- ",,,"SAN FRANCISCO","SAN FRANCISCO",-122.40676995,37.748779919999997
7173742,2016,2016-02-10,3801,2016-01-05,0920,000222,CENTR,2,5,7,3801,0,0,0,,0,3A13A,"HYDE ST","LOMBARD ST",100.00,S,N,C,-,N,,,,,,,,,,N,2,0,1,1,A,-,03,22350,,N,H,A,A,B,G,-,A,D,0,,,Y,,Y,,C,02,1,0,0,0,0,0,0,0,1,"- ","- ",,,"SAN FRANCISCO","SAN FRANCISCO",-122.41956234,37.801729170000002
7190008,2016,2018-09-24,3801,2016-01-29,1834,,INGLE,5,5,7,3801,0,0,0,,0,4B3C,"30TH ST","DOLORES ST",18.00,W,N,C,-,N,,,,,,,,,,N,1,1,0,2,A,-,11,21456,B,N,G,B,B,B,H,-,C,A,0,Y,,,,Y,Y,N,60,0,0,0,1,0,0,0,0,0,"- ","- ",37.742370000000001,-122.42440999999999,"SAN FRANCISCO","SAN FRANCISCO",-122.42438212,37.742216599999999
7190087,2016,2016-03-28,3801,2016-03-12,1844,1994,TENDE,6,5,7,3801,0,0,0,,0,4B3F,"ELLIS ST","LEAVENWORTH ST",0.00,,Y,C,-,N,,,,,,,,,,Y,1,1,1,3,A,-,12,21453,A,F,G,B,D,B,H,-,C,A,0,Y,,,,Y,,A,08,0,1,0,1,1,0,0,0,0,"- ","- ",,,"SAN FRANCISCO","SAN FRANCISCO",-122.41441989,37.784669940000001
7190117,2016,2018-09-27,3801,2016-03-27,1650,4119,MISSI,7,5,7,3801,0,0,0,,0,1CAR,"GUERRERO ST","DORLAND ST",128.00,S,N,A,-,N,,,,,,,,,,Y,1,1,3,5,C,-,18,,,N,A,D,A,A,H,-,A,D,0,,,,,Y,Y,-,"- ",0,0,3,0,0,0,0,0,0,"- ","- ",37.762169999999998,-122.4238,"SAN FRANCISCO","SAN FRANCISCO",-122.42383812,37.761999279999998
7190235,2016,2016-08-05,3801,2016-05-19,1548,13,INGLE,4,5,7,3801,0,0,0,,0,4B8I,"CALGARY ST","VELASCO AV",73.00,S,N,A,-,N,,,,,,,,,,Y,1,1,3,4,A,-,03,22350,,N,A,E,A,A,H,-,A,D,0,,,,,Y,,A,01,3,0,0,0,0,0,0,0,0,"- ","- ",,,"SAN FRANCISCO","SAN FRANCISCO",-122.41602032999999,37.708799880000001
7190237,2016,2018-09-26,3801,2016-06-02,1429,13,RICHM,4,5,7,3801,0,0,0,,0,,"GEARY BL","34TH AV",0.00,,Y,A,-,N,,,,,,,,,,N,1,1,0,1,A,-,08,22107,,N,E,I,A,A,H,-,A,A,0,,,,,Y,Y,A,01,0,0,0,0,0,0,0,0,0,"- ","- ",,,"SAN FRANCISCO","SAN FRANCISCO",-122.4943699,37.779649939999999
7199806,2016,2016-08-23,3801,2016-02-06,2120,,,6,5,7,3801,0,0,0,,0,,"BRANNAN ST","9TH ST",0.00,,Y,A,-,N,,,,,,,,,,Y,1,3,1,2,A,-,12,21453,A,N,D,C,A,A,H,-,C,A,0,,,,,Y,,A,01,0,1,0,0,0,0,0,0,0,"- ","- ",37.770130000000002,-122.40698999999999,"SAN FRANCISCO","SAN FRANCISCO",-122.40698998000001,37.770059930000002
7199954,2017,2017-03-10,3801,2017-02-18,2123,917,BAYV,6,5,7,3801,0,0,0,,0,4B8E,"MIDDLE POINT RD","WEST POINT RD",0.00,,Y,A,-,N,,,,,,,,,,Y,1,1,0,2,A,-,03,22350,,N,A,C,A,A,H,-,E,A,0,,,Y,,Y,,C,02,0,0,0,0,0,0,0,1,0,"- ","- ",37.73536,-122.37927999999999,"SAN FRANCISCO","SAN FRANCISCO",-122.37942990000001,37.735249920000001
7200042,2016,2017-05-04,3801,2016-11-05,1948,2305,MISSI,6,5,7,3801,0,0,0,,0,4B7G,"MARKET ST","DOLORES ST",215.00,W,N,A,-,N,,,,,,,,,,N,1,1,0,2,A,-,11,21955,,N,G,B,D,A,H,-,C,D,0,Y,,,,Y,,N,60,0,0,0,1,0,0,0,0,0,"- ","- ",,,"SAN FRANCISCO","SAN FRANCISCO",-122.42744251000001,37.768787490000001
7202026,2016,2016-03-07,3801,2016-02-17,1805,001375,COI,3,5,7,3801,0,0,0,,0,3I13D,"VICENTE ST","40TH AV",0.00,,Y,C,-,N,,,,,,,,,,N,2,0,2,3,A,-,10,21950,A,N,D,B,B,B,H,-,C,A,0,Y,,,,Y,,A,01,1,1,0,0,2,0,0,0,0,"- ","- ",,,"SAN FRANCISCO","SAN FRANCISCO",-122.49790993000001,37.738339949999997
7202050,2016,2016-03-07,3801,2016-02-19,1518,1239,INGLE,5,5,7,3801,0,0,0,,0,3H13C,"ALEMANY BL","CRESCENT AV",0.00,,Y,C,-,N,,,,,,,,,,N,2,0,1,2,A,-,03,22350,,N,D,C,A,B,H,-,A,D,0,,,,,Y,,A,01,1,0,0,0,0,0,0,0,0,"- ","- ",,,"SAN FRANCISCO","SAN FRANCISCO",-122.41083115000001,37.734823050000003
7202072,2016,2016-03-07,3801,2016-02-02,1845,1840,COA,2,5,7,3801,0,0,0,,0,3A46D,"GEARY ST","STOCKTON ST",0.00,,Y,-,-,N,,,,,,,,,,Y,2,0,1,2,A,-,03,22350,,F,-,-,-,-,-,-,-,-,0,Y,,,,Y,,A,01,1,0,0,0,1,0,0,0,0,"- ","- ",,,"SAN FRANCISCO","SAN FRANCISCO",-122.40657993000001,37.78755993
7202298,2016,2016-03-08,3801,2016-01-25,1456,4214,INGLE,1,5,7,3801,0,0,0,,0,4B8A,"BAHORSHORE BL","TUNNEL AV",0.00,,Y,A,-,N,,,,,,,,,,Y,2,0,3,2,A,-,09,21453,C,N,C,F,A,A,H,-,A,A,0,,,,,Y,,D,22,1,1,1,0,0,0,0,0,0,"- ","- ",,,"SAN FRANCISCO","SAN FRANCISCO",-122.40076125,37.713100590000003
7202311,2016,2016-03-09,3801,2016-02-25,1730,004353,MISSI,4,5,7,3801,0,0,0,,0,3D15D,"DUBOCE ST",VALENCIA,60.00,W,N,A,-,N,,,,,,,,,,N,2,0,1,1,A,-,03,22350,,N,F,A,A,A,H,-,A,D,0,,Y,,,Y,,L,04,1,0,0,0,0,0,1,0,0,"- ","- ",,,"SAN FRANCISCO","SAN FRANCISCO",-122.42256722,37.769859510000003
7202700,2016,2016-03-17,3801,2016-02-16,0944,727,MISSI,2,5,7,3801,0,0,0,,0,3D13A,"16TH ST","SHOTWELL ST",0.00,,Y,A,-,N,,,,,,,,,,N,2,0,1,2,A,-,10,21950,A,N,G,A,B,A,H,-,A,D,0,Y,,,,Y,,A,01,1,0,0,0,1,0,0,0,0,"- ","- ",,,"SAN FRANCISCO","SAN FRANCISCO",-122.41636994,37.765249949999998
7203051,2016,2016-03-07,3801,2016-01-28,1414,748,SOUTH,4,5,7,3801,0,0,0,,0,3B2D,"5TH ST","FOLSOM ST",0.00,,Y,B,-,N,,,,,,,,,,N,2,0,1,2,A,-,07,21658,A,N,D,G,A,A,H,-,A,A,0,,Y,,,Y,Y,L,04,1,0,0,0,0,0,1,0,0,"- ","- ",,,"SAN FRANCISCO","SAN FRANCISCO",-122.40339985999999,37.780269969999999
7203068,2016,2016-05-23,3801,2016-01-26,1155,2355,TARAV,2,5,7,3801,0,0,0,,0,004,"VICENTE ST","WEST PORTAL AV",0.00,,Y,-,-,N,,,,,,,,,,N,2,0,1,2,A,-,10,21950,A,N,-,-,-,-,-,-,-,-,0,Y,,,,Y,,A,01,1,0,0,0,1,0,0,0,0,"- ","- ",,,"SAN FRANCISCO","SAN FRANCISCO",-122.4670199,37.739739970000002
7203074,2016,2016-03-07,3801,2016-02-02,2030,1993,NORTH,2,5,7,3801,0,0,0,,0,3E13D,"FILLMORE ST","FULTON ST",0.00,,Y,A,-,N,,,,,,,,,,Y,2,0,2,2,A,-,09,21801,A,N,D,C,A,A,H,-,C,A,0,,,Y,,Y,,A,01,1,0,1,0,0,0,0,0,1,"- ","- ",,,"SAN FRANCISCO","SAN FRANCISCO",-122.43155991,37.777689979999998
7203103,2016,2016-03-07,3801,2016-02-29,1100,2091,SOUTH,1,5,7,3801,0,0,0,,0,,"BRYANT ST","5TH ST",0.00,,Y,A,-,N,,,,,,,,,,Y,2,0,2,2,A,-,12,21453,A,N,D,C,A,A,H,-,A,A,0,,,,,Y,,A,01,1,1,0,0,0,0,0,0,0,"- ","- ",,,"SAN FRANCISCO","SAN FRANCISCO",-122.40028995999999,37.777799989999998
8008844,2017,2017-07-20,3801,2017-06-02,2055,1427,TENDE,5,5,7,3801,0,0,0,,0,14D,"LEAVENWORTH ST","TURK ST",20.00,N,N,A,-,N,,,,,,,,,,N,2,0,1,2,A,-,11,21954,A,F,G,B,E,A,H,-,C,D,0,Y,,,,Y,,N,60,1,0,0,0,1,0,0,0,0,"- ","- ",,,"SAN FRANCISCO","SAN FRANCISCO",-122.41405165,37.782854159999999
8015205,2016,2016-04-15,3801,2016-03-25,0225,2214,NORTH,5,5,7,3801,0,0,0,,0,3E13E,"POST ST","POLK ST",0.00,,Y,A,-,N,,,,,,,,,,Y,2,0,2,2,A,-,12,21453,A,N,D,C,A,A,H,-,C,A,0,,,,,Y,,A,01,1,0,1,0,0,0,0,0,0,"- ","- ",,,"SAN FRANCISCO","SAN FRANCISCO",-122.4198999,37.786829959999999
8015262,2016,2016-04-14,3801,2016-03-15,0444,1582,,2,5,7,3801,0,0,0,,0,,"BRIDGEVIEW DR","TOPEKA AV",0.00,,Y,B,-,N,,,,,,,,,,N,2,0,1,2,A,-,10,21950,A,N,G,B,B,A,H,-,C,A,0,Y,,,,Y,,A,01,1,0,0,0,1,0,0,0,0,"- ","- ",,,"SAN FRANCISCO","SAN FRANCISCO",-122.39773987,37.733309890000001
8020153,2016,2016-04-12,3801,2016-03-15,1045,004267,TARAV,2,5,7,3801,0,0,0,,0,3I41,"9TH AV","JUDAH ST",22.00,N,N,A,-,N,,,,,,,,,,N,2,0,1,1,A,-,03,22350,,N,-,-,A,A,D,G,A,D,0,,Y,,,Y,,L,04,1,0,0,0,0,0,1,0,0,"- ","- ",,,"SAN FRANCISCO","SAN FRANCISCO",-122.46618454,37.762240329999997
8020163,2016,2016-08-24,3801,2016-03-07,1649,004372,RICHM,1,5,7,3801,0,0,0,,0,5CAR,"GREAT HWY","BALBOA ST",0.00,,Y,A,-,N,,,,,,,,,,N,2,0,1,2,A,-,12,22450,A,N,D,G,A,A,H,-,A,A,0,,Y,,,Y,,L,04,1,0,0,0,0,0,1,0,0,"- ","- ",,,"SAN FRANCISCO","SAN FRANCISCO",-122.51128997000001,37.775079920000003
8020181,2016,2016-04-13,3801,2016-03-02,2116,001384,NORTH,3,5,7,3801,0,0,0,,0,3E15E,"OCTAVIA ST","LOMBARD ST",0.00,,Y,B,-,N,,,,,,,,,,Y,2,0,1,2,A,-,09,21801,A,N,D,C,A,A,H,-,C,A,0,,,Y,,Y,,A,01,1,0,0,0,0,0,0,0,1,"- ","- ",,,"SAN FRANCISCO","SAN FRANCISCO",-122.42946989000001,37.800689949999999
8020475,2016,2016-04-14,3801,2016-03-17,0633,004361,MSION,4,5,7,3801,0,0,0,,0,3D14A,"CORTLAND AV","ELLSWORTH ST",0.00,,Y,A,-,N,,,,,,,,,,N,2,0,1,2,A,-,10,21950,A,N,G,B,B,A,H,-,C,A,0,Y,,,,Y,,A,08,1,0,0,0,1,0,0,0,0,"- ","- ",,,"SAN FRANCISCO","SAN FRANCISCO",-122.41466991,37.738889899999997
8038190,2016,2016-05-17,3801,2016-04-30,0130,004229,CENTR,6,5,7,3801,0,0,0,,0,3A15E,"GRANT AV","UNION ST",0.00,,Y,A,-,N,,,,,,,,,,Y,2,0,5,4,A,-,01,23153,A,N,D,C,A,A,H,-,C,D,0,,,,,Y,Y,A,01,2,1,2,0,0,0,0,0,0,"- ","- ",,,"SAN FRANCISCO","SAN FRANCISCO",-122.40759998999999,37.800629979999997
8039958,2016,2016-05-16,3801,2016-04-23,2222,1752,CENTR,6,5,7,3801,0,0,0,,0,0A4,"COLUMBUS AV","UNION ST",163.00,S,N,A,-,N,,,,,,,,,,N,2,0,1,2,A,-,11,21954,A,N,G,B,D,A,H,-,C,D,0,Y,,,,Y,,N,60,1,0,0,0,1,0,0,0,0,"- ","- ",,,"SAN FRANCISCO","SAN FRANCISCO",-122.40974167,37.800018450000003
8042425,2016,2016-05-16,3801,2016-04-15,1704,004375,TARAV,5,5,7,3801,0,0,0,,0,3115D,"SLOAT BL","19TH AV",50.00,W,N,A,-,N,,,,,,,,,,Y,2,0,1,1,A,-,03,22350,,N,H,J,A,A,H,-,A,D,0,,,Y,,Y,,C,02,1,0,0,0,0,0,0,0,1,"- ","- ",,,"SAN FRANCISCO","SAN FRANCISCO",-122.47530295999999,37.734720000000003
8042578,2016,2016-05-17,3801,2016-04-20,1830,2417,INGLE,3,5,7,3801,0,0,0,,0,3H11D,"TIFFANY ST","DUNCAN ST",0.00,,Y,A,-,N,,,,,,,,,,N,2,0,1,2,A,-,21,22106,,N,C,G,A,A,D,-,A,D,0,,Y,,,Y,,A,01,1,0,0,0,0,0,1,0,0,"- ","- ",,,"SAN FRANCISCO","SAN FRANCISCO",-122.42037989000001,37.746459999999999
8046775,2016,2016-08-29,3801,2016-04-29,2116,001074,NORTH,5,5,7,3801,0,0,0,,0,3E61,"MCALLISTER ST","FILLMORE ST",0.00,,Y,A,-,N,,,,,,,,,,,2,0,1,2,A,-,10,21950,A,N,G,B,B,A,H,-,C,A,0,Y,,,,Y,,A,01,1,0,0,0,1,0,0,0,0,"- ","- ",,,"SAN FRANCISCO","SAN FRANCISCO",-122.43174987,37.778639890000001
8049608,2016,2016-06-07,3801,2016-05-08,1005,777,TARAV,7,5,7,3801,0,0,0,,0,313A,"WEST PORTAL AV","15TH AV",108.00,S,N,B,-,N,,,,,,,,,,N,2,0,1,1,B,-,22,,,N,E,I,A,A,H,-,A,A,0,,Y,,,Y,,-,"- ",1,0,0,0,0,0,1,0,0,"- ","- ",,,"SAN FRANCISCO","SAN FRANCISCO",-122.47075651,37.73632851
8049773,2016,2016-06-07,3801,2016-04-11,1611,917,NORTH,1,5,7,3801,0,0,0,,0,4B8E,"MCALLISTER ST","POLK ST",154.00,E,N,A,-,N,,,,,,,,,,Y,2,0,1,2,A,-,03,22350,,N,D,C,A,A,H,-,A,D,0,,,Y,,Y,,C,02,1,0,0,0,0,0,0,0,1,"- ","- ",37.780329999999999,-122.41871,"SAN FRANCISCO","SAN FRANCISCO",-122.41807511,37.780343670000001
8052708,2016,2016-06-07,3801,2016-05-10,2110,4042,INGLE,2,5,7,3801,0,0,0,,0,0H5,"SICKLES AV","CAYUGA AV",10.00,W,N,A,-,N,,,,,,,,,,N,2,0,1,2,A,-,10,21950,A,N,G,B,B,A,H,-,C,A,0,Y,,,,Y,,A,08,1,0,0,0,1,0,0,0,0,"- ","- ",,,"SAN FRANCISCO","SAN FRANCISCO",-122.45455418,37.710209640000002
8055867,2016,2016-06-06,3801,2016-05-29,1833,002334,SOUTH,7,5,7,3801,0,0,0,,0,0B4,"8TH ST","MISSION ST",0.00,,Y,A,-,N,,,,,,,,,,Y,2,0,7,4,A,-,12,21453,A,N,D,C,A,A,H,-,A,A,0,,,,,Y,,A,01,1,0,6,0,0,0,0,0,0,"- ","- ",,,"SAN FRANCISCO","SAN FRANCISCO",-122.41315999,37.777459970000002
8055869,2016,2016-06-06,3801,2016-05-13,0944,73,MISSI,5,5,7,3801,0,0,0,,0,4B5D,"GUERRERO ST","LIBERTY ST",92.00,S,N,A,-,N,,,,,,,,,,Y,2,0,1,2,A,-,03,22350,,N,E,I,A,A,H,-,A,D,0,,,,,Y,Y,A,01,1,0,0,0,0,0,0,0,0,"- ","- ",37.757390000000001,-122.42345,"SAN FRANCISCO","SAN FRANCISCO",-122.42337793999999,37.757337870000001
8067270,2017,2017-07-24,3801,2017-06-08,1111,329,NORTH,4,5,7,3801,0,0,0,,0,3E13C,"VAN NESS AV","EDDY ST",6.00,S,N,C,-,N,,,,,,,,,,N,2,0,1,2,A,-,11,21950,B,N,G,B,B,B,H,-,A,A,0,Y,,,,Y,,N,60,1,0,0,0,1,0,0,0,0,"- ","- ",,,"SAN FRANCISCO","SAN FRANCISCO",-122.42089728000001,37.782853660000001
8079069,2016,2016-07-12,3801,2016-06-10,1605,1994,SOUTH,5,5,7,3801,0,0,0,,0,4B3B,"11TH ST","HOWARD ST",3.00,N,N,A,-,N,,,,,,,,,,N,2,0,1,2,A,-,05,21650,1,N,F,A,A,A,H,-,A,A,0,,Y,,,Y,,L,04,1,0,0,0,0,0,1,0,0,"- ","- ",,,"SAN FRANCISCO","SAN FRANCISCO",-122.41557752,37.77312568
8079099,2016,2016-07-12,3801,2016-06-13,2036,4214,MISSI,1,5,7,3801,0,0,0,,0,4B8A,"17TH ST","GUERRERO ST",0.00,,Y,A,-,N,,,,,,,,,,Y,2,0,2,2,A,-,12,21453,A,F,D,C,A,A,H,-,B,A,0,,,,,Y,,A,07,1,0,1,0,0,0,0,0,0,"- ","- ",37.762990000000002,-122.42386,"SAN FRANCISCO","SAN FRANCISCO",-122.42393,37.763169910000002
8079129,2016,2016-07-12,3801,2016-06-25,2213,1364,NORTH,6,5,7,3801,0,0,0,,0,3E13E,"FRANKLIN ST","GROVE ST",0.00,,Y,A,-,N,,,,,,,,,,Y,2,0,1,2,A,-,12,21453,A,N,D,C,A,A,H,-,C,A,0,,,Y,,Y,,C,02,1,0,0,0,0,0,0,0,1,"- ","- ",,,"SAN FRANCISCO","SAN FRANCISCO",-122.42151993,37.778019970000003
8079195,2016,2016-07-12,3801,2016-06-24,1344,002068,PARK,5,5,7,3801,0,0,0,,0,3F13A,"FELL ST","MASONIC AV",0.00,,Y,A,-,N,,,,,,,,,,N,2,0,1,2,A,-,12,21453,A,N,D,C,A,A,H,-,A,A,0,,,Y,,Y,,A,01,1,0,0,0,0,0,0,0,1,"- ","- ",,,"SAN FRANCISCO","SAN FRANCISCO",-122.44591997000001,37.772979970000002
8079197,2016,2016-07-12,3801,2016-06-22,2317,000382,NORTH,3,5,7,3801,0,0,0,,0,3E12E,"MCALLISTER ST","WEBSTER ST",0.00,,Y,A,-,N,,,,,,,,,,Y,2,0,4,1,A,-,03,22350,,N,E,I,A,A,H,-,C,A,0,,,,,Y,,A,01,1,2,1,0,0,0,0,0,0,"- ","- ",,,"SAN FRANCISCO","SAN FRANCISCO",-122.43010988,37.778840000000002
8079241,2016,2016-07-14,3801,2016-06-24,1049,2317,SOUTH,5,5,7,3801,0,0,0,,0,3B60,"MARKET ST","GOUGH ST",0.00,,Y,A,-,N,,,,,,,,,,Y,2,0,1,2,A,-,12,21453,A,N,D,C,A,A,H,-,A,A,0,,,Y,,Y,,A,07,1,0,0,0,0,0,0,0,1,"- ","- ",,,"SAN FRANCISCO","SAN FRANCISCO",-122.42220992999999,37.772869960000001
8079355,2016,2016-07-12,3801,2016-06-08,1255,1114,BAYVI,3,5,7,3801,0,0,0,,0,3C62,GILMAN,"BILL WALSH",97.00,W,N,A,-,N,,,,,,,,,,Y,2,0,1,2,A,-,08,22107,,F,D,E,A,A,H,-,A,D,0,,,,,Y,,A,01,1,0,0,0,0,0,0,0,0,"- ","- ",,,"SAN FRANCISCO","SAN FRANCISCO",-122.38712371,37.71765405
8083260,2016,2016-08-29,3801,2016-05-10,1917,917,TARAV,2,5,7,3801,0,0,0,,0,4B8E,"GREAT HWY","VICENTE ST",6.00,S,N,A,-,N,,,,,,,,,,Y,2,0,1,2,A,-,12,22450,A,N,D,G,A,A,H,-,B,A,0,,Y,,,Y,,A,01,1,0,0,0,0,0,1,0,0,"- ","- ",,,"SAN FRANCISCO","SAN FRANCISCO",-122.50645818,37.73794358
8083305,2016,2016-07-15,3801,2016-05-27,0855,73,MISSI,5,5,7,3801,0,0,0,,0,4B5D,"HARRISON ST","14TH ST",10.00,S,N,A,-,N,,,,,,,,,,N,2,0,1,2,A,-,10,21950,A,N,G,B,B,A,H,-,A,A,0,Y,,,,Y,,A,01,1,0,0,0,1,0,0,0,0,"- ","- ",,,"SAN FRANCISCO","SAN FRANCISCO",-122.41343847,37.76863256
8083309,2016,2016-07-15,3801,2016-05-17,1806,13,RICHM,2,5,7,3801,0,0,0,,0,,"22ND AV","CABRILLO ST",0.00,,Y,A,-,N,,,,,,,,,,N,2,0,1,2,A,-,11,21954,A,N,D,B,D,A,H,-,A,D,0,Y,,,,Y,,N,60,1,0,0,0,1,0,0,0,0,"- ","- ",,,"SAN FRANCISCO","SAN FRANCISCO",-122.48111994,37.774589980000002
8090101,2016,2016-08-26,3801,2016-07-28,1243,1887,SOUTH,4,5,7,3801,0,0,0,,0,4B1C,"MISSION ST","6TH ST",95.00,E,N,A,-,N,,,,,,,,,,N,2,0,1,2,A,-,11,21955,,N,G,B,D,A,H,-,A,D,0,Y,,,,Y,,N,60,1,0,0,0,1,0,0,0,0,"- ","- ",,,"SAN FRANCISCO","SAN FRANCISCO",-122.40845840999999,37.781165270000002
8090145,2016,2016-08-26,3801,2016-07-06,1336,899,MISSI,3,5,7,3801,0,0,0,,0,4B3E,"GUERRERO ST","26TH ST",0.00,,N,A,-,N,,,,,,,,,,Y,2,0,1,2,A,-,09,21806,A,N,H,C,A,A,H,-,A,A,0,,,Y,,Y,,C,02,1,0,0,0,0,0,0,0,0,"- ","- ",,,"SAN FRANCISCO","SAN FRANCISCO",-122.42256990999999,37.748789940000002
8101177,2016,2016-09-27,3801,2016-07-01,1828,2102,CENTR,5,5,7,3801,0,0,0,,0,3A14D,"BROADWAY ST","SANSOME ST",0.00,,Y,A,-,N,,,,,,,,,,Y,2,0,1,2,A,-,09,21801,A,N,A,J,A,A,H,-,A,A,0,,,Y,,Y,Y,-,,1,0,0,0,0,0,0,0,1,"- ","- ",,,"SAN FRANCISCO","SAN FRANCISCO",-122.40222993,37.798449939999998
8101212,2016,2016-08-18,3801,2016-07-11,1655,1906,BAYVI,1,5,7,3801,0,0,0,,0,3C11D,"MARIPOSA ST","DEHARO ST",3.00,W,N,A,-,N,,,,,,,,,,N,2,0,1,2,A,-,10,21950,A,N,G,B,B,A,H,-,A,A,0,Y,,,,Y,,I,11,1,0,0,0,1,0,0,0,0,"- ","- ",,,"SAN FRANCISCO","SAN FRANCISCO",-122.40147035,37.763579389999997
8101280,2016,2016-10-19,3801,2016-07-01,2110,1420,TARAV,5,5,7,3801,0,0,0,,0,4B107,"19TH AV","WINSTON DR SOUTH",2.00,N,N,A,-,Y,SF,4,1,-,-,1.350,I,5,S,N,2,0,1,2,A,-,11,21955,,N,G,B,D,A,H,-,C,A,0,Y,,,,Y,,N,60,1,0,0,0,1,0,0,0,0,"- ","- ",37.726860000000002,-122.47502,"SAN FRANCISCO","SAN FRANCISCO",-122.47507382000001,37.726920159999999
8101322,2016,2016-08-17,3801,2016-07-20,1310,2455,SOUTH,3,5,7,3801,0,0,0,,0,3B15A,"MISSION ST","DUBOCE AV",0.00,,Y,A,-,N,,,,,,,,,,N,2,0,1,2,A,-,11,21453,D,N,D,G,A,A,H,-,A,A,0,,Y,,,Y,,L,04,1,0,0,0,0,0,1,0,0,"- ","- ",,,"SAN FRANCISCO","SAN FRANCISCO",-122.42017991,37.769989959999997
8101329,2016,2016-08-16,3801,2016-07-22,0815,2172,CENTR,5,5,7,3801,0,0,0,,0,003,"BROADWAY ST","TAYLOR ST",0.00,,Y,F,-,N,,,,,,,,,,N,2,0,1,2,D,-,00,,,N,C,-,A,-,-,-,-,D,0,,,,,Y,,-,"- ",1,0,0,0,0,0,0,0,0,"- ","- ",,,"SAN FRANCISCO","SAN FRANCISCO",-122.41353999,37.797029899999998
8101388,2016,2016-08-17,3801,2016-07-07,1017,38,,4,5,7,3801,0,0,0,,0,004,"S VAN NESS AV","MISSION ST",96.00,S,N,-,-,N,,,,,,,,,,Y,2,0,1,2,A,-,"- ",,,F,-,-,A,-,-,-,-,-,0,,,,,Y,,-,"- ",1,0,0,0,0,0,0,0,0,"- ","- ",,,"SAN FRANCISCO","SAN FRANCISCO",-122.41854922,37.772854189999997
8101395,2016,2016-08-17,3801,2016-07-01,0815,00829,PARK,5,5,7,3801,0,0,0,,0,3F12A,"FELL ST","MASONIC AV",40.00,W,N,B,-,N,,,,,,,,,,,2,0,1,2,B,-,22,,,N,A,J,A,A,H,-,A,D,0,,Y,,,Y,,L,04,1,0,0,0,0,0,1,0,0,"- ","- ",,,"SAN FRANCISCO","SAN FRANCISCO",-122.4460572,37.772965370000001
8101420,2016,2016-08-17,3801,2016-07-06,0920,563,PARK,3,5,7,3801,0,0,0,,0,004,"POLK ST","HAYES ST",70.00,S,N,A,-,N,,,,,,,,,,N,2,0,1,2,A,-,00,21760,B,F,C,G,A,A,H,-,A,A,0,,Y,,,Y,,A,01,1,0,0,0,0,0,1,0,0,"- ","- ",,,"SAN FRANCISCO","SAN FRANCISCO",-122.41800947999999,37.777319230000003
8102421,2016,2016-08-17,3801,2016-07-15,1620,1936,TNDRL,5,5,7,3801,0,0,0,,0,MRKTST,"MARKET ST","4TH ST",287.00,E,N,B,-,N,,,,,,,,,,N,2,0,1,2,A,-,00,21760,C,F,H,G,A,A,H,-,A,A,0,,Y,,,Y,,A,01,1,0,0,0,0,0,1,0,0,"- ","- ",37.785600000000002,-122.40581,"SAN FRANCISCO","SAN FRANCISCO",-122.40519704,37.786264889999998