CASE_ID,ACCIDENT_YEAR,PROC_DATE,JURIS,COLLISION_DATE,COLLISION_TIME,OFFICER_ID,REPORTING_DISTRICT,DAY_OF_WEEK,CHP_SHIFT,POPULATION,CNTY_CITY_LOC,SPECIAL_COND,BEAT_TYPE,CHP_BEAT_TYPE,CITY_DIVISION_LAPD,CHP_BEAT_CLASS,BEAT_NUMBER,PRIMARY_RD,SECONDARY_RD,DISTANCE,DIRECTION,INTERSECTION,WEATHER_1,WEATHER_2,STATE_HWY_IND,CALTRANS_COUNTY,CALTRANS_DISTRICT,STATE_ROUTE,ROUTE_SUFFIX,POSTMILE_PREFIX,POSTMILE,LOCATION_TYPE,RAMP_INTERSECTION,SIDE_OF_HWY,TOW_AWAY,COLLISION_SEVERITY,NUMBER_KILLED,NUMBER_INJURED,PARTY_COUNT,PRIMARY_COLL_FACTOR,PCF_CODE_OF_VIOL,PCF_VIOL_CATEGORY,PCF_VIOLATION,PCF_VIOL_SUBSECTION,HIT_AND_RUN,TYPE_OF_COLLISION,MVIW,PED_ACTION,ROAD_SURFACE,ROAD_COND_1,ROAD_COND_2,LIGHTING,CONTROL_DEVICE,CHP_ROAD_TYPE,PEDESTRIAN_ACCIDENT,BICYCLE_ACCIDENT,MOTORCYCLE_ACCIDENT,TRUCK_ACCIDENT,NOT_PRIVATE_PROPERTY,ALCOHOL_INVOLVED,STWD_VEHTYPE_AT_FAULT,CHP_VEHTYPE_AT_FAULT,COUNT_SEVERE_INJ,COUNT_VISIBLE_INJ,COUNT_COMPLAINT_PAIN,COUNT_PED_KILLED,COUNT_PED_INJURED,COUNT_BICYCLIST_KILLED,COUNT_BICYCLIST_INJURED,COUNT_MC_KILLED,COUNT_MC_INJURED,PRIMARY_RAMP,SECONDARY_RAMP,LATITUDE,LONGITUDE,COUNTY,CITY,POINT_X,POINT_Y
8103943,2016,2016-10-11,3801,2016-09-12,1136,991,SOUTH,1,5,7,3801,0,0,0,,0,4B2B,"BRANNAN ST","7TH ST",0.00,,Y,A,-,N,,,,,,,,,,Y,2,0,2,2,A,-,09,21801,A,N,A,C,A,A,H,-,A,A,0,,,,,Y,,A,01,1,0,1,0,0,0,0,0,0,"- ","- ",37.773020000000002,-122.40295999999999,"SAN FRANCISCO","SAN FRANCISCO",-122.40320996,37.773049980000003
8103971,2016,2016-10-11,3801,2016-09-29,2150,002347,INGLE,4,5,7,3801,0,0,0,,0,3H11E,"FRANCONIA ST","POWHATTAN AV",34.00,N,N,A,-,N,,,,,,,,,,Y,2,0,1,2,A,-,03,22350,,N,C,E,A,A,H,-,C,D,0,,,Y,,Y,,C,02,1,0,0,0,0,0,0,0,1,"- ","- ",,,"SAN FRANCISCO","SAN FRANCISCO",-122.40836237000001,37.741350789999998
8103976,2016,2016-10-11,3801,2016-09-05,1649,001752,CENTR,1,5,7,3801,0,0,0,,0,0A2,"POST ST","STOCKTON ST",0.00,,Y,A,-,N,,,,,,,,,,N,2,0,2,3,A,-,11,21955,,N,G,B,E,A,H,-,A,D,0,Y,,,,Y,,N,60,1,0,1,0,2,0,0,0,0,"- ","- ",,,"SAN FRANCISCO","SAN FRANCISCO",-122.40676988,37.788509990000001
8120274,2016,2016-09-20,3801,2016-08-17,1244,002437,SOUTH,3,5,7,3801,0,0,0,,0,3B13C,"OTIS ST","DUBOCE AV",0.00,,Y,A,-,N,,,,,,,,,,N,2,0,1,2,A,-,11,21453,D,N,D,G,A,A,H,-,A,A,0,,Y,,Y,Y,,L,04,1,0,0,0,0,0,1,0,0,"- ","- ",,,"SAN FRANCISCO","SAN FRANCISCO",-122.42018987,37.770129949999998
8120332,2016,2016-09-14,3801,2016-08-20,1609,1026,TNDLN,6,5,7,3801,0,0,0,,0,2J11D,"MARKET ST","6TH ST",27.00,E,N,A,-,N,,,,,,,,,,N,2,0,1,1,A,-,17,21200,,N,H,A,A,A,G,-,A,D,0,,Y,,,Y,,L,04,1,0,0,0,0,0,1,0,0,"- ","- ",,,"SAN FRANCISCO","SAN FRANCISCO",-122.41023418,37.782292660000003
8120393,2016,2016-11-19,3801,2016-08-03,2238,1925,MISSI,3,5,7,3801,0,0,0,,0,3D13E,"16TH ST","SHOTWELL ST",140.00,W,N,A,-,N,,,,,,,,,,N,2,0,1,2,A,-,03,22350,,F,C,G,A,A,H,-,C,D,0,,Y,,,Y,,A,07,1,0,0,0,0,0,1,0,0,"- ","- ",,,"SAN FRANCISCO","SAN FRANCISCO",-122.41685298,37.765219809999998
8120442,2016,2016-11-17,3801,2016-08-13,0845,30,,6,5,7,3801,0,0,0,,0,3E1A,"OAK ST","WEBSTER ST",0.00,,Y,A,-,N,,,,,,,,,,N,2,0,1,2,A,-,12,21453,A,N,D,C,A,A,H,-,A,A,0,,,Y,,Y,,C,02,1,0,0,0,0,0,0,0,1,"- ","- ",,,"SAN FRANCISCO","SAN FRANCISCO",-122.42912999000001,37.774169980000003
8120565,2016,2017-01-28,3801,2016-08-19,0455,2008,RICHM,5,5,7,3801,0,0,0,,0,3G14E,"PARK PRESIDIO BL","GEARY BL",0.00,,Y,A,-,Y,SF,4,1,-,-,5.510,H,-,N,N,2,0,1,2,A,-,11,21456,B,N,G,B,D,A,H,-,C,A,0,Y,,,,Y,,N,60,1,0,0,0,1,0,0,0,0,"- ","- ",,,"SAN FRANCISCO","SAN FRANCISCO",-122.47226798,37.780719599999998
8132551,2016,2016-10-11,3801,2016-09-23,1839,2017,RICHM,5,5,7,3801,0,0,0,,0,3G12D,"CALIFORNIA ST","19TH AV",0.00,,Y,A,F,N,,,,,,,,,,N,2,0,1,2,A,-,10,21950,A,N,G,B,B,A,H,-,A,A,0,Y,,,,Y,,A,01,1,0,0,0,1,0,0,0,0,"- ","- ",,,"SAN FRANCISCO","SAN FRANCISCO",-122.47858986999999,37.784169929999997
8132561,2016,2016-10-11,3801,2016-09-15,1945,1086,COH,4,5,7,3801,0,0,0,,0,3H15C,EMBARCADERO,"WASHINGTON ST",0.00,,Y,A,-,N,,,,,,,,,,N,2,0,1,2,A,-,17,22517,,F,H,G,A,A,H,-,C,D,0,,Y,,,Y,,A,01,1,0,0,0,0,0,1,0,0,"- ","- ",,,"SAN FRANCISCO","SAN FRANCISCO",-122.39555850000001,37.796633999999997
8132605,2016,2016-10-11,3801,2016-09-14,0346,1630,SOUTH,3,5,7,3801,0,0,0,,0,3B12E,"KING ST","2ND ST",173.00,E,N,A,-,N,,,,,,,,,,Y,2,0,3,1,A,-,03,22350,,F,E,I,A,A,H,-,C,D,0,,,,,Y,,A,01,3,0,0,0,0,0,0,0,0,"- ","- ",,,"SAN FRANCISCO","SAN FRANCISCO",-122.38925999999999,37.780279999999998
8137349,2016,2016-10-11,3801,2016-09-23,1930,2095,"CO D",5,5,7,3801,0,0,0,,0,901,"CESAR CHAVEZ ST","S VAN NESS AV",111.00,W,N,A,-,N,,,,,,,,,,N,2,0,1,2,A,-,11,21954,A,N,G,B,D,A,H,-,B,D,0,Y,,,,Y,Y,N,60,1,0,0,0,1,0,0,0,0,"- ","- ",,,"SAN FRANCISCO","SAN FRANCISCO",-122.41630397,37.748214590000003
8137430,2016,2016-10-11,3801,2016-09-11,0210,2400,CENTR,7,5,7,3801,0,0,0,,0,3A14E,"COLUMBUS AV","STOCKTON ST",0.00,,Y,A,-,N,,,,,,,,,,N,2,0,1,2,A,-,11,21453,D,F,G,B,B,A,H,-,C,D,0,Y,,,,Y,,N,60,1,0,0,0,1,0,0,0,0,"- ","- ",,,"SAN FRANCISCO","SAN FRANCISCO",-122.40897987,37.799499910000002
8137740,2016,2016-10-13,3801,2016-08-29,2139,00917,NORTH,1,5,7,3801,0,0,0,,0,4B8E,"CALIFORNIA ST","LAGUNA ST",0.00,,Y,A,-,N,,,,,,,,,,Y,2,0,1,2,A,-,09,21801,A,N,A,C,A,A,H,-,C,A,0,,,Y,,Y,,A,01,1,0,0,0,0,0,0,0,1,"- ","- ",,,"SAN FRANCISCO","SAN FRANCISCO",-122.42888991,37.789529899999998
8137748,2016,2016-10-13,3801,2016-08-23,1517,1994,CENTR,2,5,7,3801,0,0,0,,0,4B3B,"MARKET ST","SUTTER ST",223.00,E,N,A,-,N,,,,,,,,,,N,2,0,2,3,C,-,18,,,N,E,I,F,A,H,-,A,D,0,Y,,,,Y,,-,"- ",1,0,1,0,2,0,0,0,0,"- ","- ",37.790399999999998,-122.4002,"SAN FRANCISCO","SAN FRANCISCO",-122.39957739,37.790719459999998
8142632,2016,2016-10-21,3801,2016-09-25,2034,02035,MISSI,7,5,7,3801,0,0,0,,0,3D15E,"POTRERO AV","24TH ST",0.00,,Y,A,-,N,,,,,,,,,,,2,0,2,2,A,-,11,21453,D,N,G,B,B,A,H,-,C,A,0,Y,,,,Y,Y,N,60,1,1,0,0,1,0,0,0,0,"- ","- ",,,"SAN FRANCISCO","SAN FRANCISCO",-122.4063199,37.752989909999997
8142645,2016,2016-10-21,3801,2016-09-18,1205,2162,BAYVI,7,5,7,3801,0,0,0,,0,3C62,"SAN BRUNO AV","MANSELL ST",107.00,S,N,A,-,N,,,,,,,,,,,2,0,1,2,A,-,03,22350,,N,H,A,A,A,H,-,A,D,0,,,Y,,Y,,C,02,1,0,0,0,0,0,0,0,1,"- ","- ",,,"SAN FRANCISCO","SAN FRANCISCO",-122.40101679,37.721357769999997
8166077,2016,2016-11-15,3801,2016-10-06,2330,1128,,4,5,7,3801,0,0,0,,0,3F14E,"STANYAN ST","FULTON ST",207.00,S,N,A,-,N,,,,,,,,,,N,2,0,1,2,A,-,11,21955,,N,G,B,D,A,H,-,C,D,0,Y,,,,Y,,N,60,1,0,0,0,1,0,0,0,0,"- ","- ",,,"SAN FRANCISCO","SAN FRANCISCO",-122.45455201999999,37.774187830000002
8166101,2016,2016-11-16,3801,2016-10-20,2147,2303,MISSI,4,5,7,3801,0,0,0,,0,3CAR,"VALENCIA AV","20TH ST",0.00,,Y,A,-,N,,,,,,,,,,Y,2,0,3,2,A,-,12,21453,A,N,D,D,A,A,H,-,C,A,0,,,Y,,Y,,C,02,1,2,0,0,0,0,0,0,1,"- ","- ",,,"SAN FRANCISCO","SAN FRANCISCO",-122.42126,37.758509910000001
8166268,2016,2016-11-15,3801,2016-10-29,2000,000917,TARAV,6,5,7,3801,0,0,0,,0,4B8E,"ULLOA ST","22ND AV",0.00,,Y,A,-,N,,,,,,,,,,N,2,0,1,2,A,-,11,21954,A,N,G,B,E,A,H,-,C,A,0,Y,,,,Y,,N,60,1,0,0,0,1,0,0,0,0,"- ","- ",,,"SAN FRANCISCO","SAN FRANCISCO",-122.47877999000001,37.741039909999998
8166278,2016,2016-11-15,3801,2016-10-04,2017,2245,NORTH,2,5,7,3801,0,0,0,,0,3E12D,"HAYES ST","FELL ST",55.00,N,N,A,-,N,,,,,,,,,,N,2,0,1,2,A,-,17,22517,,N,B,C,A,A,H,-,C,A,0,,,Y,,Y,,A,01,1,0,0,0,0,0,0,0,1,"- ","- ",,,"SAN FRANCISCO","SAN FRANCISCO",,
8166282,2016,2016-11-15,3801,2016-10-03,1928,1418,TARAV,1,5,7,3801,0,0,0,,0,0I6,"SAN JOSE AV","ALEMANY BL",0.00,,Y,A,-,N,,,,,,,,,,Y,2,0,3,2,A,-,12,21453,A,N,D,C,A,A,H,-,C,A,0,,,,,Y,,A,07,1,0,2,0,0,0,0,0,0,"- ","- ",,,"SAN FRANCISCO","SAN FRANCISCO",-122.45709991,37.710069900000001
8166356,2016,2016-11-17,3801,2016-10-13,0836,2728,TENDE,4,5,7,3801,0,0,0,,0,3J13A,"OFARRELL ST","MASON ST",0.00,S,N,A,-,N,,,,,,,,,,Y,2,0,1,2,A,-,06,21750,A,N,B,C,A,A,H,-,A,D,0,,,Y,,Y,,C,03,1,0,0,0,0,0,0,0,1,"- ","- ",,,"SAN FRANCISCO","SAN FRANCISCO",-122.40965987,37.786219959999997
8166390,2016,2016-11-15,3801,2016-10-04,2330,2744,NORTH,2,5,7,3801,0,0,0,,0,3E13E,"MCALLISTER ST","OCTAVIA ST",0.00,,Y,A,-,N,,,,,,,,,,N,2,0,1,3,A,-,00,21760,C,F,B,G,A,A,H,-,C,D,0,,Y,,,Y,Y,-,,1,0,0,0,0,0,1,0,0,"- ","- ",,,"SAN FRANCISCO","SAN FRANCISCO",-122.42488324999999,37.779476299999999
8166512,2016,2016-12-19,3801,2016-10-29,0137,001219,3D,6,5,7,3801,0,0,0,,0,3D16E,"16TH ST","HARRISON ST",0.00,,Y,F,-,N,,,,,,,,,,Y,2,0,1,1,A,-,03,22350,,N,E,I,A,B,H,-,C,A,0,,,,,Y,,I,11,1,0,0,0,0,0,0,0,0,"- ","- ",,,"SAN FRANCISCO","SAN FRANCISCO",-122.41314996,37.765449940000003
8166543,2016,2016-11-21,3801,2016-09-30,0655,518,INGLE,5,5,7,3801,0,0,0,,0,4B5H,"POWHATTAN AV","ANDOVER ST",0.00,,Y,A,-,N,,,,,,,,,,N,2,0,1,2,A,-,08,22107,,N,B,C,A,A,H,-,A,D,0,,,Y,,Y,,I,11,1,0,0,0,0,0,0,0,1,"- ","- ",37.741639999999997,-122.4165,"SAN FRANCISCO","SAN FRANCISCO",-122.41630991,37.74163995
8166737,2016,2017-02-27,3801,2016-12-03,1727,1994,INGLE,6,5,7,3801,0,0,0,,0,4B3B,"MONTEREY BL","VALDEZ AV",13.00,E,N,A,-,N,,,,,,,,,,N,1,1,1,3,A,-,10,21950,A,F,G,B,B,A,H,-,C,D,0,Y,,,,Y,,D,22,0,0,1,1,1,0,0,0,0,"- ","- ",37.731479999999998,-122.45594,"SAN FRANCISCO","SAN FRANCISCO",-122.45572548,37.731375
8167158,2018,2018-06-05,3801,2018-03-15,0500,1486,CENTR,4,5,7,3801,0,0,0,,0,4B1H,BROADWAY,"STOCKTON ST",34.00,W,N,C,-,N,,,,,,,,,,Y,1,1,0,2,A,-,11,21956,A,N,G,B,D,B,C,-,C,A,0,Y,,,,Y,,N,60,0,0,0,1,0,0,0,0,0,"- ","- ",37.797630310058594,-122.40886688232422,"SAN FRANCISCO","SAN FRANCISCO",-122.40871429443359,37.797645568847656
8167716,2019,2020-01-29,3801,2019-08-16,2211,2287,NORTH,5,5,7,3801,0,0,0,,0,3E60,"VAN NESS AV","HAYES ST",6.00,N,N,A,-,Y,SF,4,101,-,T,5.010,I,5,N,N,2,0,1,2,A,-,11,21453,D,F,G,B,B,A,H,-,C,A,0,Y,,,,Y,Y,N,60,1,0,0,0,1,0,0,0,0,"- ","- ",,,"SAN FRANCISCO","SAN FRANCISCO",-122.41963195800781,37.777317047119141
8180187,2016,2017-01-03,3801,2016-11-15,0851,244,NORTH,2,5,7,3801,0,0,0,,0,3E6C,"GOUGH ST","GREEN ST",35.00,S,N,A,-,N,,,,,,,,,,N,2,0,1,2,A,-,06,21754,,N,B,C,A,A,H,-,A,D,0,,,,,Y,,M,94,1,0,0,0,0,0,0,0,0,"- ","- ",,,"SAN FRANCISCO","SAN FRANCISCO",-122.42705642,37.797105690000002
8183459,2016,2016-12-09,3801,2016-11-06,0450,2314,PARK,7,5,7,3801,0,0,0,,0,3F1E,"KEZAR DR","SIGNAL LIGHT",88.00,E,N,B,C,N,,,,,,,,,,Y,2,0,2,1,A,-,03,22350,,N,A,I,A,B,H,-,C,D,0,,,,,Y,,A,01,1,1,0,0,0,0,0,0,0,"- ","- ",,,"SAN FRANCISCO","SAN FRANCISCO",,
8183462,2016,2016-12-09,3801,2016-11-28,1154,427,SOUTH,1,5,7,3801,0,0,0,,0,3B43,"3RD ST","FOLSOM ST",0.00,,Y,A,-,N,,,,,,,,,,N,2,0,1,2,A,-,11,21456,B,N,G,B,B,A,H,-,A,A,0,Y,,,,Y,,N,60,1,0,0,0,1,0,0,0,0,"- ","- ",,,"SAN FRANCISCO","SAN FRANCISCO",-122.39895997000001,37.783779989999999
8183471,2016,2016-12-09,3801,2016-11-05,1732,899,INGLE,6,5,7,3801,0,0,0,,0,4B3E,"MISSION ST","PRECITA ST",26.00,N,N,A,-,N,,,,,,,,,,Y,2,0,2,2,A,-,09,21800,A,N,D,C,A,A,H,-,A,A,0,,,Y,,Y,,C,02,1,0,1,0,0,0,0,0,1,"- ","- ",,,"SAN FRANCISCO","SAN FRANCISCO",-122.41907739,37.746822899999998
8183480,2016,2017-02-15,3801,2016-11-13,1300,2413,TARAV,7,5,7,3801,0,0,0,,0,901,"OCEAN AV","JUNIPERO SERRA BL",0.00,,Y,A,-,N,,,,,,,,,,Y,2,0,1,2,A,-,09,21800,D,N,D,C,A,A,H,-,A,B,0,,,,,Y,Y,A,01,1,0,0,0,0,0,0,0,0,"- ","- ",,,"SAN FRANCISCO","SAN FRANCISCO",-122.47213992,37.731159890000001
8183498,2016,2016-12-09,3801,2016-11-18,0755,573,NORTH,5,5,7,3801,0,0,0,,0,4B5G,"CALIFORNIA ST","STEINER ST",0.00,,Y,A,-,N,,,,,,,,,,N,2,0,1,2,A,-,10,21950,A,N,G,B,B,A,H,-,A,A,0,Y,,,,Y,,A,01,1,0,0,0,1,0,0,0,0,"- ","- ",37.788550000000001,-122.43536,"SAN FRANCISCO","SAN FRANCISCO",-122.43549,37.788709949999998
8183545,2016,2016-12-09,3801,2016-11-16,0844,2337,INGLE,3,5,7,3801,0,0,0,,0,3H15A,MISSION,NAGLEE,0.00,,Y,A,-,N,,,,,,,,,,N,2,0,1,2,A,-,11,21453,D,N,G,B,B,A,H,-,A,A,0,Y,,,,Y,,N,60,1,0,0,0,1,0,0,0,0,"- ","- ",,,"SAN FRANCISCO","SAN FRANCISCO",-122.44612991,37.711599919999998
8184264,2016,2017-01-10,3801,2016-11-14,0017,2379,CENTR,1,5,7,3801,0,0,0,,0,3A11E,"BUSH ST","MASON ST",107.00,W,N,-,-,N,,,,,,,,,,N,2,0,1,2,A,-,"- ",,,F,-,C,-,A,H,-,C,-,0,Y,,,,Y,,A,01,1,0,0,0,1,0,0,0,0,"- ","- ",,,"SAN FRANCISCO","SAN FRANCISCO",-122.4107961,37.789915360000002
8184298,2016,2017-01-19,3801,2016-11-01,1609,2093,TARAV,2,5,7,3801,0,0,0,,0,3I14D,"UPPER GREAT HWY","MORAGA ST",0.00,,Y,A,-,N,,,,,,,,,,N,2,0,1,1,A,-,03,22350,,N,H,A,A,A,H,-,A,D,0,,Y,,,Y,,L,04,1,0,0,0,0,0,1,0,0,"- ","- ",,,"SAN FRANCISCO","SAN FRANCISCO",-122.50910103,37.754636210000001
8194572,2016,2017-02-15,3801,2016-12-05,0120,200,SOUTH,1,5,7,3801,0,0,0,,0,003,"MISSION ST","3RD ST",0.00,,Y,A,-,N,,,,,,,,,,Y,2,0,3,3,A,-,12,21453,A,F,D,C,B,A,H,-,C,A,0,Y,,,,Y,,A,01,2,0,1,0,1,0,0,0,0,"- ","- ",,,"SAN FRANCISCO","SAN FRANCISCO",-122.40199989,37.786269900000001
8194576,2016,2017-02-15,3801,2016-12-08,2301,575,MISSO,4,5,7,3801,0,0,0,,0,3D11E,"MARKET ST","DOLORES ST",35.00,S,N,C,-,N,,,,,,,,,,N,2,0,1,2,A,-,11,21453,D,N,G,B,D,B,H,-,C,A,0,Y,,,,Y,,A,07,1,0,0,0,1,0,0,0,0,"- ","- ",,,"SAN FRANCISCO","SAN FRANCISCO",-122.42699669,37.769132849999998
8194829,2016,2017-01-23,3801,2016-12-11,2113,256,RICHM,7,5,7,3801,0,0,0,,0,4B8I,"CALIFORNIA ST","6TH AV",176.00,W,N,A,-,N,,,,,,,,,,Y,2,0,1,2,A,-,05,21650,,N,A,E,A,A,H,-,C,D,0,,,,,Y,,A,01,1,0,0,0,0,0,0,0,0,"- ","- ",37.78481,-122.46460999999999,"SAN FRANCISCO","SAN FRANCISCO",-122.46518207,37.784916160000002
8194837,2016,2017-01-19,3801,2016-11-22,0653,1486,CENTR,2,5,7,3801,0,0,0,,0,4B6A,"BEACH ST","STOCKTON ST",21.00,W,N,A,-,N,,,,,,,,,,N,2,0,1,2,A,-,10,21950,A,N,G,B,B,A,H,-,A,A,0,Y,,,,Y,,I,20,1,0,0,0,1,0,0,0,0,"- ","- ",37.807920000000003,-122.41067,"SAN FRANCISCO","SAN FRANCISCO",-122.41079214,37.80790279
8200908,2017,2017-03-16,3801,2017-02-15,1031,27,TARAV,3,5,7,3801,0,0,0,,0,311B,"LINCOLN WY","17TH AV",0.00,,Y,A,-,N,,,,,,,,,,Y,2,0,1,2,A,-,09,21801,B,N,D,C,A,A,H,-,A,D,0,,,Y,,Y,,C,02,1,0,0,0,0,0,0,0,1,"- ","- ",,,"SAN FRANCISCO","SAN FRANCISCO",-122.47511996,37.765539959999998
8201083,2017,2017-03-16,3801,2017-02-03,0245,173,3HING,5,5,7,3801,0,0,0,,0,3H12E,"30TH ST","MISSION ST",123.00,W,N,C,-,N,,,,,,,,,,N,2,0,1,2,A,-,03,22350,,F,G,B,E,B,H,-,C,A,0,Y,,,,Y,Y,A,01,1,0,0,0,1,0,0,0,0,"- ","- ",,,"SAN FRANCISCO","SAN FRANCISCO",-122.42238322,37.742355000000003
8205574,2016,2017-01-14,3801,2016-12-20,1912,4375,TARAV,2,5,7,3801,0,0,0,,0,3I12D,"LINCOLN WY","19TH AV",48.00,W,N,A,-,N,,,,,,,,,,Y,2,0,2,3,A,-,03,22350,,N,C,C,A,A,H,-,C,A,0,,,Y,,Y,Y,O,05,1,0,1,0,0,0,0,0,1,"- ","- ",,,"SAN FRANCISCO","SAN FRANCISCO",-122.47749580999999,37.765432099999998
8205630,2016,2017-01-13,3801,2016-12-15,0016,283,SOUTH,4,5,7,3801,0,0,0,,0,3B11E,"3RD ST","HOWARD ST",0.00,,Y,B,-,N,,,,,,,,,,N,2,0,1,2,A,-,08,22100,B,N,B,C,A,A,H,-,C,A,0,,,Y,,Y,,A,01,1,0,0,0,0,0,0,0,1,"- ","- ",,,"SAN FRANCISCO","SAN FRANCISCO",-122.40049986,37.785009909999999
8205658,2016,2017-01-13,3801,2016-12-05,1216,231,MISSI,1,5,7,3801,0,0,0,,0,3D16C,"VANNESS ST","ADAIR ST",5.00,N,N,B,-,N,,,,,,,,,,Y,2,0,1,2,A,-,"- ",,,N,B,C,A,A,H,-,A,-,0,,,,,Y,,-,"- ",1,0,0,0,0,0,0,0,0,"- ","- ",,,"SAN FRANCISCO","SAN FRANCISCO",-122.41755117,37.765763700000001
8205723,2016,2017-02-09,3801,2016-12-01,0740,217,CENTR,4,5,7,3801,0,0,0,,0,3A5A,"SANSOME ST","PACIFIC ST",0.00,,Y,-,-,N,,,,,,,,,,N,2,0,1,2,A,-,10,21950,A,N,-,-,-,-,-,-,-,-,0,Y,,,,Y,,-,,1,0,0,0,1,0,0,0,0,"- ","- ",,,"SAN FRANCISCO","SAN FRANCISCO",-122.40202991,37.79750988
8280264,2016,2017-01-13,3801,2016-12-30,1149,00880,G,5,5,7,3801,0,0,0,,0,004,"21ST AV","GEARY BL",402.00,S,N,A,-,N,,,,,,,,,,Y,2,0,2,3,A,-,03,22350,,N,A,C,A,A,H,-,A,D,0,,,Y,,Y,,C,02,1,0,1,0,0,0,0,0,1,"- ","- ",,,"SAN FRANCISCO","SAN FRANCISCO",-122.48036969,37.779237510000002
8280267,2016,2017-01-13,3801,2016-12-17,0347,2485,INGLE,6,5,7,3801,0,0,0,,0,3CAR,"ALEMANY BL","CRESCENT AV",1056.00,S,N,A,-,N,,,,,,,,,,Y,2,0,1,1,A,-,03,22350,,N,F,J,A,A,H,-,C,D,0,,,,,Y,Y,A,01,1,0,0,0,0,0,0,0,0,"- ","- ",,,"SAN FRANCISCO","SAN FRANCISCO",-122.41370379999999,37.733068770000003
8280284,2016,2017-01-20,3801,2016-12-23,0540,400,INGLE,5,5,7,3801,0,0,0,,0,3H16A,"MISSION ST","ONONDAGA AV",162.00,S,N,C,-,N,,,,,,,,,,Y,2,0,1,1,A,-,08,22107,,N,E,I,A,B,H,-,C,A,0,,,,,Y,,A,01,1,0,0,0,0,0,0,0,0,"- ","- ",,,"SAN FRANCISCO","SAN FRANCISCO",-122.43779309,37.720770709999996
8280306,2016,2017-01-13,3801,2016-12-14,0810,307,MISSI,3,5,7,3801,0,0,0,,0,,"CESAR CHAVEZ ST","PENNSYLVANIA AV",50.00,W,N,B,-,N,,,,,,,,,,N,2,0,1,2,D,-,00,,,F,B,G,A,B,H,-,A,A,0,,Y,,,Y,,-,"- ",1,0,0,0,0,0,1,0,0,"- ","- ",,,"SAN FRANCISCO","SAN FRANCISCO",-122.39259163,37.750032840000003
8280315,2016,2017-01-13,3801,2016-12-16,1441,1474,BAYVI,5,5,7,3801,0,0,0,,0,3C102,"SAN BRUNO AV","OLMSTEAD ST",0.00,,Y,A,G,N,,,,,,,,,,N,2,0,1,2,A,-,09,21801,A,N,G,B,B,A,H,-,A,A,0,Y,,,,Y,,A,08,1,0,0,0,1,0,0,0,0,"- ","- ",,,"SAN FRANCISCO","SAN FRANCISCO",-122.40163998,37.722839890000003
8280691,2016,2017-01-12,3801,2016-11-25,1854,1994,CENTR,5,5,7,3801,0,0,0,,0,4B3B,"SUTTER ST","POWELL ST",57.00,E,N,A,-,N,,,,,,,,,,N,2,0,1,2,A,-,11,21954,A,N,G,B,E,A,H,-,C,D,0,Y,Y,,,Y,,N,60,1,0,0,0,0,0,1,0,0,"- ","- ",37.78913,-122.40848,"SAN FRANCISCO","SAN FRANCISCO",-122.40841468000001,37.789252220000002
8281104,2016,2017-01-18,3801,2016-10-27,1803,002731,SOUTH,4,5,7,3801,0,0,0,,0,0B5,"4TH ST","MARIPOSA ST",220.00,N,N,B,C,N,,,,,,,,,,N,2,0,1,2,A,-,09,21802,A,N,D,G,A,B,H,-,B,A,0,,Y,,,Y,,A,07,1,0,0,0,0,0,1,0,0,"- ","- ",,,"SAN FRANCISCO","SAN FRANCISCO",-122.3907811,37.764805109999998
8305147,2017,2017-02-27,3801,2017-01-06,1605,1810,MISSI,5,5,7,3801,0,0,0,,0,3D11D,"18TH ST","GUERRERO ST",0.00,,Y,B,-,N,,,,,,,,,,N,2,0,1,2,A,-,11,21950,B,N,G,B,B,A,H,-,A,A,0,Y,,,,Y,,N,60,1,0,0,0,1,0,0,0,0,"- ","- ",,,"SAN FRANCISCO","SAN FRANCISCO",-122.42379996,37.761579930000003
8305311,2017,2017-02-16,3801,2017-01-20,0712,2039,RICHM,5,5,7,3801,0,0,0,,0,004,"GEARY BL","22ND AV",0.00,,Y,B,-,N,,,,,,,,,,N,2,0,1,2,A,-,10,21950,A,F,G,B,B,B,H,-,A,A,0,Y,,,,Y,,-,,1,0,0,0,1,0,0,0,0,"- ","- ",,,"SAN FRANCISCO","SAN FRANCISCO",-122.48153000000001,37.780289949999997
8305324,2017,2017-02-16,3801,2017-01-15,1341,899,MISSI,7,5,7,3801,0,0,0,,0,4B3E,"24TH ST","SOUTH VAN NESS",0.00,,Y,A,-,N,,,,,,,,,,Y,2,0,2,2,A,-,12,21453,A,N,D,C,A,A,H,-,A,A,0,,,,,Y,Y,M,94,2,0,0,0,0,0,0,0,0,"- ","- ",,,"SAN FRANCISCO","SAN FRANCISCO",-122.41627991999999,37.752379900000001
8305361,2017,2017-03-07,3801,2017-01-28,0630,829,PARK,6,5,7,3801,0,0,0,,0,3F12A,"CLARENDON AV","LIGHTPOLE #81N",2.00,W,N,A,-,N,,,,,,,,,,Y,2,0,1,1,A,-,03,22350,A,F,E,I,A,A,H,-,C,D,0,,,Y,,Y,,C,03,1,0,0,0,0,0,0,0,1,"- ","- ",,,"SAN FRANCISCO","SAN FRANCISCO",,
8305379,2017,2017-02-15,3801,2017-01-17,1813,2132,MISSI,2,5,7,3801,0,0,0,,0,3D62,"VALENCIA ST","22ND ST",0.00,,Y,A,-,N,,,,,,,,,,N,2,0,1,2,A,-,10,21950,A,F,H,G,A,A,H,-,C,A,0,,Y,,,Y,,-,,1,0,0,0,0,0,1,0,0,"- ","- ",,,"SAN FRANCISCO","SAN FRANCISCO",-122.42096986,37.755309920000002