CASE_ID,ACCIDENT_YEAR,PROC_DATE,JURIS,COLLISION_DATE,COLLISION_TIME,OFFICER_ID,REPORTING_DISTRICT,DAY_OF_WEEK,CHP_SHIFT,POPULATION,CNTY_CITY_LOC,SPECIAL_COND,BEAT_TYPE,CHP_BEAT_TYPE,CITY_DIVISION_LAPD,CHP_BEAT_CLASS,BEAT_NUMBER,PRIMARY_RD,SECONDARY_RD,DISTANCE,DIRECTION,INTERSECTION,WEATHER_1,WEATHER_2,STATE_HWY_IND,CALTRANS_COUNTY,CALTRANS_DISTRICT,STATE_ROUTE,ROUTE_SUFFIX,POSTMILE_PREFIX,POSTMILE,LOCATION_TYPE,RAMP_INTERSECTION,SIDE_OF_HWY,TOW_AWAY,COLLISION_SEVERITY,NUMBER_KILLED,NUMBER_INJURED,PARTY_COUNT,PRIMARY_COLL_FACTOR,PCF_CODE_OF_VIOL,PCF_VIOL_CATEGORY,PCF_VIOLATION,PCF_VIOL_SUBSECTION,HIT_AND_RUN,TYPE_OF_COLLISION,MVIW,PED_ACTION,ROAD_SURFACE,ROAD_COND_1,ROAD_COND_2,LIGHTING,CONTROL_DEVICE,CHP_ROAD_TYPE,PEDESTRIAN_ACCIDENT,BICYCLE_ACCIDENT,MOTORCYCLE_ACCIDENT,TRUCK_ACCIDENT,NOT_PRIVATE_PROPERTY,ALCOHOL_INVOLVED,STWD_VEHTYPE_AT_FAULT,CHP_VEHTYPE_AT_FAULT,COUNT_SEVERE_INJ,COUNT_VISIBLE_INJ,COUNT_COMPLAINT_PAIN,COUNT_PED_KILLED,COUNT_PED_INJURED,COUNT_BICYCLIST_KILLED,COUNT_BICYCLIST_INJURED,COUNT_MC_KILLED,COUNT_MC_INJURED,PRIMARY_RAMP,SECONDARY_RAMP,LATITUDE,LONGITUDE,COUNTY,CITY,POINT_X,POINT_Y
8305393,2017,2017-02-14,3801,2017-01-18,1839,273,NORTH,3,5,7,3801,0,0,0,,0,3E13D,"DIVISADERO ST","JACKSON ST",15.00,S,N,C,-,N,,,,,,,,,,N,2,0,1,2,A,-,10,21950,A,N,G,B,B,B,H,-,C,A,0,Y,,,,Y,,A,01,1,0,0,0,1,0,0,0,0,"- ","- ",,,"SAN FRANCISCO","SAN FRANCISCO",-122.44116149,37.791579349999999
8305396,2017,2017-02-15,3801,2017-01-13,1804,1766,TARAV,5,5,7,3801,0,0,0,,0,4B3C,"OCEAN AV","SYLVAN DR",0.00,,Y,A,-,N,,,,,,,,,,Y,2,0,3,4,A,-,10,21950,A,N,G,B,B,A,H,-,C,A,0,Y,,,,Y,,A,01,1,2,0,0,3,0,0,0,0,"- ","- ",37.732329999999997,-122.48537,"SAN FRANCISCO","SAN FRANCISCO",-122.48538988999999,37.732289979999997
8305428,2017,2017-02-21,3801,2017-01-17,1538,2091,TARAV,2,5,7,3801,0,0,0,,0,3I11D,"OCEAN AV","JUNIPERO SERRA",0.00,,Y,A,-,N,,,,,,,,,,N,2,0,1,2,A,-,"- ",,,N,G,B,D,A,H,-,A,A,0,Y,,,,Y,,N,60,1,0,0,0,1,0,0,0,0,"- ","- ",,,"SAN FRANCISCO","SAN FRANCISCO",-122.47213992,37.731159890000001
8336935,2017,2017-05-13,3801,2017-04-22,1332,235,CENTR,6,5,7,3801,0,0,0,,0,3A15B,EMBARCADERO,"GRANT ST",0.00,,Y,A,-,N,,,,,,,,,,N,2,0,1,1,C,-,18,,,N,E,I,A,A,G,-,A,A,0,,Y,,,Y,,-,"- ",1,0,0,0,0,0,1,0,0,"- ","- ",,,"SAN FRANCISCO","SAN FRANCISCO",-122.4090765,37.808135999999998
8336947,2017,2017-05-13,3801,2017-04-19,1730,202,PARK,3,5,7,3801,0,0,0,,0,3F91,"17TH ST","EUREKA ST",0.00,,Y,A,-,N,,,,,,,,,,N,2,0,1,2,A,-,03,22350,,N,G,B,E,A,-,-,A,D,0,Y,,,,Y,,N,60,1,0,0,0,1,0,0,0,0,"- ","- ",,,"SAN FRANCISCO","SAN FRANCISCO",-122.43841998000001,37.762289920000001
8336951,2017,2017-05-13,3801,2017-04-23,1320,624,PARK,7,5,7,3801,0,0,0,,0,001,"JOHN F KENNEDY DR","CONSERVATORY DR W",100.00,W,N,A,-,N,,,,,,,,,,N,2,0,2,2,B,-,22,,,N,C,-,A,A,G,-,A,D,0,,Y,,,Y,,-,,1,1,0,0,0,0,1,0,0,"- ","- ",,,"SAN FRANCISCO","SAN FRANCISCO",-122.46237809,37.771857420000003
8337011,2017,2018-05-21,3801,2017-04-03,1630,509,SOUTH,1,5,7,3801,0,0,0,,0,3B13D,"BRYANT ST","9TH ST",0.00,,Y,A,-,Y,SF,4,101,-,R,4.548,R,4,N,Y,2,0,2,2,A,-,12,21453,A,N,D,C,A,A,H,-,A,A,0,,,Y,,Y,,A,01,1,0,1,0,0,0,0,0,2,"- ","- ",,,"SAN FRANCISCO","SAN FRANCISCO",-122.40798943,37.769740769999999
8343010,2017,2017-04-13,3801,2017-02-11,1528,1113,PARK,6,5,7,3801,0,0,0,,0,3F12D,"JOHN F KENNEDY DR","CONSERVATORY DR EAST",139.00,W,N,A,-,N,,,,,,,,,,N,2,0,1,3,A,-,03,22350,,N,G,B,E,A,H,-,A,D,0,Y,,,,Y,,A,01,1,0,0,0,1,0,0,0,0,"- ","- ",,,"SAN FRANCISCO","SAN FRANCISCO",-122.45734581000001,37.771045479999998
8343134,2017,2017-04-13,3801,2017-03-07,0834,1655,BAYVI,2,5,7,3801,0,0,0,,0,3C13A,"3RD ST","PALOU AV",145.00,N,N,A,-,N,,,,,,,,,,N,2,0,2,2,A,-,11,21955,,N,G,B,D,A,H,-,A,D,0,Y,Y,,,Y,,N,60,1,1,0,0,1,0,1,0,0,"- ","- ",,,"SAN FRANCISCO","SAN FRANCISCO",-122.39091962000001,37.734422420000001
8343179,2017,2017-04-13,3801,2017-03-03,0745,1887,CENTR,5,5,7,3801,0,0,0,,0,4B1C,"BUSH ST","POWELL ST",0.00,,Y,A,-,N,,,,,,,,,,N,2,0,1,2,A,-,08,22100,B,F,D,C,A,A,H,-,A,A,0,,,Y,,Y,,A,01,1,0,0,0,0,0,0,0,1,"- ","- ",37.79007,-122.40864999999999,"SAN FRANCISCO","SAN FRANCISCO",-122.40878999,37.79016996
8343187,2017,2017-04-13,3801,2017-03-02,0700,1290,TARAV,4,5,7,3801,0,0,0,,0,0I5,"EUCALYPTUS DR","WESTMOORLAND DR",0.00,,Y,A,-,N,,,,,,,,,,N,2,0,1,2,A,-,10,21950,A,F,A,B,B,A,H,-,A,D,0,Y,,,,Y,,A,01,1,0,0,0,1,0,0,0,0,"- ","- ",,,"SAN FRANCISCO","SAN FRANCISCO",-122.49051991,37.73093995
8359460,2017,2017-05-12,3801,2017-04-19,2139,2287,,3,5,7,3801,0,0,0,,0,3E60,"GOUGH ST","HAIGHT ST",0.00,,Y,B,-,N,,,,,,,,,,N,2,0,1,2,A,-,12,21453,A,N,D,G,A,A,H,-,C,A,0,,Y,,,Y,,L,04,1,0,0,0,0,0,1,0,0,"- ","- ",,,"SAN FRANCISCO","SAN FRANCISCO",-122.42219986000001,37.77315995
8360068,2017,2017-05-11,3801,2017-04-08,0024,2732,SOUTH,6,5,7,3801,0,0,0,,0,901,"2ND ST","HOWARD ST",0.00,,Y,B,-,N,,,,,,,,,,Y,2,0,4,3,A,-,01,23153,A,N,D,C,A,B,H,-,C,A,0,,,,,Y,Y,D,22,1,0,3,0,0,0,0,0,0,"- ","- ",,,"SAN FRANCISCO","SAN FRANCISCO",-122.39824992,37.786789939999998
8360071,2017,2017-05-11,3801,2017-04-06,0731,A10869,TARAV,4,5,7,3801,0,0,0,,0,315A,"OCEAN AV","VICTORIA ST",0.00,,Y,B,-,N,,,,,,,,,,Y,2,0,4,2,A,-,09,21801,A,N,D,D,A,B,H,-,A,A,0,,,,,Y,,D,22,1,2,1,0,0,0,0,0,0,"- ","- ",,,"SAN FRANCISCO","SAN FRANCISCO",-122.46424992,37.726019989999998
8360092,2017,2017-05-11,3801,2017-04-20,1405,494,RICHM,4,5,7,3801,0,0,0,,0,0G3,"GEARY BL","6TH AV",36.00,S,N,A,-,N,,,,,,,,,,Y,2,0,1,2,A,-,10,21950,A,N,H,B,B,A,H,-,A,A,0,Y,,,,Y,,A,01,1,0,0,0,1,0,0,0,0,"- ","- ",,,"SAN FRANCISCO","SAN FRANCISCO",-122.46429000000001,37.781089999999999
8360120,2017,2017-05-11,3801,2017-04-21,1627,668,BAYVI,5,5,7,3801,0,0,0,,0,3C15D,"INNES AV","EARL ST",150.00,E,N,A,-,N,,,,,,,,,,N,2,0,1,1,C,-,18,,,N,H,C,A,A,H,-,C,D,0,,,Y,,Y,,-,"- ",1,0,0,0,0,0,0,0,1,"- ","- ",,,"SAN FRANCISCO","SAN FRANCISCO",-122.37156195,37.729647139999997
8360148,2017,2017-05-11,3801,2017-04-22,2137,A20817,BAYVI,6,5,7,3801,0,0,0,,0,3C13E,"HUDSON AV","MENDELL ST",0.00,,Y,A,-,N,,,,,,,,,,N,2,0,1,2,A,-,11,21955,,N,G,B,D,A,-,-,C,A,0,Y,,,,Y,,N,60,1,0,0,0,1,0,0,0,0,"- ","- ",,,"SAN FRANCISCO","SAN FRANCISCO",-122.38639997,37.738969949999998
8360177,2017,2017-05-10,3801,2017-04-23,1410,2105,CENTR,7,5,7,3801,0,0,0,,0,3A13B,"JEFFERSON ST","JEFFERSON ST 333",0.00,,Y,A,-,N,,,,,,,,,,N,2,0,1,2,A,-,10,21950,A,N,G,B,D,A,H,-,A,D,0,Y,,,,Y,,N,60,1,0,0,0,1,0,0,0,0,"- ","- ",,,"SAN FRANCISCO","SAN FRANCISCO",-122.41793454,37.807941739999997
8360182,2017,2017-05-11,3801,2017-04-15,0415,834,,6,5,7,3801,0,0,0,,0,3C12D,"JERROLD AV","RANKIN ST",0.00,,Y,A,-,N,,,,,,,,,,Y,2,0,1,2,A,-,06,21755,A,N,D,C,A,A,H,-,A,D,0,,,Y,,Y,,C,02,1,0,0,0,0,0,0,0,1,"- ","- ",,,"SAN FRANCISCO","SAN FRANCISCO",-122.39521995,37.741969920000003
8360363,2017,2017-05-15,3801,2017-04-06,2230,2095,COD,4,5,7,3801,0,0,0,,0,901,"VALENCIA ST","22ND ST",6.00,N,N,C,-,N,,,,,,,,,,N,2,0,1,2,A,-,10,21950,A,N,G,B,B,B,H,-,C,A,0,Y,,,,Y,,A,01,1,0,0,0,1,0,0,0,0,"- ","- ",,,"SAN FRANCISCO","SAN FRANCISCO",-122.42097,37.755326480000001
8360377,2017,2017-05-11,3801,2017-04-17,2303,1888,RICHM,1,5,7,3801,0,0,0,,0,,"LAKE ST","4TH AV",83.00,W,N,C,-,N,,,,,,,,,,Y,2,0,1,3,A,-,09,21801,A,N,C,C,A,B,H,-,C,D,0,,,,,Y,,A,01,1,0,0,0,0,0,0,0,0,"- ","- ",,,"SAN FRANCISCO","SAN FRANCISCO",-122.46283681,37.786756599999997
8360379,2017,2017-05-15,3801,2017-04-05,2215,A22696,SOUTH,3,5,7,3801,0,0,0,,0,3B15C,"MASON ST","EDDY ST",0.00,,Y,-,-,N,,,,,,,,,,N,2,0,1,2,D,-,00,,,F,G,B,B,-,-,-,-,-,0,Y,,,,Y,,-,"- ",1,0,0,0,1,0,0,0,0,"- ","- ",,,"SAN FRANCISCO","SAN FRANCISCO",-122.40929991,37.784379960000003
8375767,2017,2017-06-13,3801,2017-05-03,1723,A22058,G,3,5,7,3801,0,0,0,,0,003,"8TH AV","ANZA ST",0.00,,Y,A,-,N,,,,,,,,,,N,2,0,1,3,A,-,12,22450,A,M,D,C,A,A,H,-,A,A,0,,Y,,,Y,,L,04,1,0,0,0,0,0,1,0,0,"- ","- ",,,"SAN FRANCISCO","SAN FRANCISCO",-122.46627991,37.778989959999997
8375772,2017,2017-06-12,3801,2017-05-17,1543,1979,CENTR,3,5,7,3801,0,0,0,,0,,"SANSOME ST","COMMERCIAL ST",0.00,,Y,A,-,N,,,,,,,,,,N,2,0,1,2,A,-,11,21954,A,N,G,B,D,A,H,-,A,D,0,Y,,,,Y,,N,60,1,0,0,0,1,0,0,0,0,"- ","- ",,,"SAN FRANCISCO","SAN FRANCISCO",-122.40139996000001,37.79440993
8375906,2017,2017-06-14,3801,2017-05-07,1857,4178,CENTR,7,5,7,3801,0,0,0,,0,4B3A,"BAY ST","POWELL ST",0.00,,Y,A,-,N,,,,,,,,,,N,2,0,1,2,A,-,09,21801,A,N,D,C,A,A,H,-,A,A,0,,,Y,,Y,,A,01,1,0,0,0,0,0,0,0,1,"- ","- ",37.805880000000002,-122.41198,"SAN FRANCISCO","SAN FRANCISCO",-122.41193995,37.80583996
8378115,2017,2017-06-14,3801,2017-05-29,1805,A22416,RICHM,1,5,7,3801,0,0,0,,0,901,"MARTIN LUTHER KING JR DR","CROSSOVER DR",0.00,,Y,A,-,N,,,,,,,,,,N,2,0,1,2,A,-,09,21801,A,N,D,G,A,A,H,-,A,A,0,,Y,,,Y,,A,01,1,0,0,0,0,0,1,0,0,"- ","- ",,,"SAN FRANCISCO","SAN FRANCISCO",-122.47737995999999,37.766039999999997
8378136,2017,2017-06-19,3801,2017-05-07,0205,719,MISSI,7,5,7,3801,0,0,0,,0,3D16E,"16TH ST","RONDEL PL",18.00,W,N,-,-,N,,,,,,,,,,Y,2,0,4,4,A,-,01,23152,A,F,C,J,F,A,H,-,C,D,0,Y,,,,Y,Y,A,01,2,0,2,0,2,0,0,0,0,"- ","- ",,,"SAN FRANCISCO","SAN FRANCISCO",-122.42130188,37.764944370000002
8381979,2017,2017-06-21,3801,2017-04-28,2134,538,BAYVI,5,5,7,3801,0,0,0,,0,3C11E,"INGALLS ST","ARMSTRONG AV",39.00,S,N,A,-,N,,,,,,,,,,N,2,0,2,3,A,-,12,22450,A,N,A,E,A,A,H,-,E,D,0,,,,,Y,,A,01,1,0,1,0,0,0,0,0,0,"- ","- ",,,"SAN FRANCISCO","SAN FRANCISCO",-122.38854962000001,37.724033519999999
8382134,2017,2017-06-14,3801,2017-05-30,1458,344,SOUTH,2,5,7,3801,0,0,0,,0,3B46,"FOLSOM ST","5TH ST",0.00,,Y,A,-,N,,,,,,,,,,N,2,0,1,2,A,-,10,21950,A,N,A,B,-,A,H,-,A,A,0,Y,,,,Y,,A,01,1,0,0,0,1,0,0,0,0,"- ","- ",,,"SAN FRANCISCO","SAN FRANCISCO",-122.40339985999999,37.780269969999999
8382212,2017,2017-09-07,3801,2017-05-27,1730,448,CENTR,6,5,7,3801,0,0,0,,0,3A11D,"POST ST","POWELL ST",52.00,E,N,-,-,N,,,,,,,,,,Y,2,0,4,2,A,-,03,22350,,F,G,B,F,-,H,-,A,A,0,Y,,,,Y,,A,01,1,0,3,0,1,0,0,0,0,"- ","- ",,,"SAN FRANCISCO","SAN FRANCISCO",-122.40822219,37.788312230000003
8382223,2017,2017-06-13,3801,2017-05-21,0405,000679,MISSI,7,5,7,3801,0,0,0,,0,0D6,"POTRERO ST","16TH ST",0.00,,Y,A,-,N,,,,,,,,,,N,2,0,1,2,A,-,03,22350,,F,G,B,-,A,H,-,C,A,0,Y,,,,Y,,-,,1,0,0,0,1,0,0,0,0,"- ","- ",,,"SAN FRANCISCO","SAN FRANCISCO",-122.40755998,37.765769929999998
8386980,2017,2018-03-19,3801,2017-06-19,0207,626,BAYVI,1,5,7,3801,0,0,0,,0,3C11E,"RHODE ISLAND ST","18TH ST",100.00,S,N,A,-,N,,,,,,,,,,N,2,0,1,1,A,-,"- ",,,N,H,A,A,A,H,-,C,D,0,,Y,,,Y,,L,04,1,0,0,0,0,0,1,0,0,"- ","- ",,,"SAN FRANCISCO","SAN FRANCISCO",-122.40232219000001,37.761956169999998
8390264,2017,2017-06-28,3801,2017-01-03,1620,1730,TENDE,2,5,7,3801,0,0,0,,0,4B4D,"HYDE ST","GOLDEN GATE AV",0.00,,Y,B,C,N,,,,,,,,,,Y,2,0,1,2,A,-,17,21451,A,N,G,B,B,B,H,-,C,A,0,Y,,,,Y,,A,01,1,0,0,0,1,0,0,0,0,"- ","- ",37.781669999999998,-122.41558000000001,"SAN FRANCISCO","SAN FRANCISCO",-122.41549995,37.781649909999999
8401939,2017,2017-07-25,3801,2017-06-19,0935,868,PARK,1,5,7,3801,0,0,0,,0,3F3,"HAIGHT ST","BUENA VISTA AV",0.00,,Y,A,-,N,,,,,,,,,,N,2,0,1,2,A,-,21,22106,,N,G,-,E,A,D,-,A,D,0,Y,,,Y,Y,,F,25,1,0,0,0,1,0,0,0,0,"- ","- ",37.770620000000001,-122.44029,"SAN FRANCISCO","SAN FRANCISCO",-122.44333994,37.770459899999999
8404483,2017,2017-09-23,3801,2017-06-23,1237,1766,CENTR,5,5,7,3801,0,0,0,,0,4B3C,"BAY ST","MIDWAY ST",217.00,E,N,A,-,N,,,,,,,,,,N,1,1,0,2,A,-,08,22102,,N,D,C,A,A,H,-,A,A,0,,,Y,,Y,,A,01,0,0,0,0,0,0,0,1,0,"- ","- ",,,"SAN FRANCISCO","SAN FRANCISCO",-122.40873852,37.806236300000002
8404557,2017,2017-09-20,3801,2017-08-18,1800,1994,INGLE,5,5,7,3801,0,0,0,,0,4B3F,"ALEMANY BL",ALEMANY,296.00,E,N,A,-,N,,,,,,,,,,Y,1,1,0,1,A,-,03,22350,,N,E,I,A,A,H,-,A,D,0,,,Y,,Y,,C,02,0,0,0,0,0,0,0,1,0,"- ",SF,,,"SAN FRANCISCO","SAN FRANCISCO",-122.46959117,37.710393629999999
8404868,2018,2018-06-29,3801,2018-01-23,1309,1766,INGLE,2,5,7,3801,0,0,0,,0,4B3C,"MANSELL ST","VISITACION AV",348.00,W,N,A,-,N,,,,,,,,,,Y,1,1,1,2,A,-,05,21460,A,N,A,C,A,A,H,-,A,A,0,,,,,Y,,A,08,1,0,0,0,0,0,0,0,0,"- ","- ",37.718799591064453,-122.41145324707031,"SAN FRANCISCO","SAN FRANCISCO",-122.41282653808594,37.718589782714844
8421092,2017,2017-09-06,3801,2017-07-06,0615,2211,BAYVI,4,5,7,3801,0,0,0,,0,3C12A,"EVANS AV","PHELPS ST",0.00,,Y,B,-,N,,,,,,,,,,N,2,0,1,2,A,-,12,21453,A,N,D,G,A,A,H,-,A,A,0,,Y,,,Y,,-,"- ",1,0,0,0,0,0,1,0,0,"- ","- ",,,"SAN FRANCISCO","SAN FRANCISCO",-122.38844994,37.742979920000003
8421331,2017,2017-08-08,3801,2017-07-25,0224,425,SOUTH,2,5,7,3801,0,0,0,,0,3B12E,"MISSION ST","6TH ST",0.00,,Y,A,-,N,,,,,,,,,,Y,2,0,1,2,A,-,10,21950,A,F,G,B,B,A,H,-,C,A,0,Y,,,,Y,,A,01,1,0,0,0,1,0,0,0,0,"- ","- ",,,"SAN FRANCISCO","SAN FRANCISCO",-122.40868999,37.78097992
8421355,2017,2017-08-08,3801,2017-07-20,2043,2470,PARK,4,5,7,3801,0,0,0,,0,3F13C,"CENTRAL AV","FULTON ST",30.00,S,N,A,-,N,,,,,,,,,,N,2,0,1,1,A,-,03,22350,,N,F,I,A,A,H,-,C,D,0,,,Y,,Y,,C,02,1,0,0,0,0,0,0,0,1,"- ","- ",,,"SAN FRANCISCO","SAN FRANCISCO",-122.44477422999999,37.775918539999999
8421697,2017,2017-08-18,3801,2017-06-26,0539,877,BAYVI,1,5,7,3801,0,0,0,,0,3C12E,"CUSTER AV","QUINT ST",155.00,E,N,A,-,N,,,,,,,,,,Y,2,0,1,2,A,-,03,22350,,N,C,E,A,A,H,-,A,A,0,,,,,Y,,D,22,1,0,0,0,0,0,0,0,0,"- ","- ",,,"SAN FRANCISCO","SAN FRANCISCO",-122.38874214000001,37.745044190000002
8421710,2017,2017-08-10,3801,2017-07-20,1621,A22875,INGLE,4,5,7,3801,0,0,0,,0,901,"VISITACION AV","HAHN ST",0.00,,Y,A,-,N,,,,,,,,,,N,2,0,1,2,A,-,21,22106,,N,H,A,A,A,H,-,A,D,0,,,,,Y,,D,22,1,0,0,0,0,0,0,0,0,"- ","- ",,,"SAN FRANCISCO","SAN FRANCISCO",-122.41530991,37.713519929999997
8421845,2017,2017-08-09,3801,2017-06-22,0004,2220,NORTH,4,5,7,3801,0,0,0,,0,0E3,"BUSH ST","LARKIN ST",183.00,W,N,A,-,N,,,,,,,,,,N,2,0,1,3,A,-,03,22350,,N,G,B,E,A,H,-,C,D,0,Y,,,,Y,,A,01,1,0,0,0,1,0,0,0,0,"- ","- ",,,"SAN FRANCISCO","SAN FRANCISCO",-122.41929528999999,37.788819439999997
8423394,2017,2018-05-17,3801,2017-07-20,1219,158,NORTH,4,5,7,3801,0,0,0,,0,3E12C,"PIERCE ST","ELLIS ST",0.00,,Y,A,-,N,,,,,,,,,,,2,0,1,2,A,-,11,21955,,N,G,B,D,A,H,-,A,A,0,Y,,,,Y,,N,60,1,0,0,0,1,0,0,0,0,"- ","- ",,,"SAN FRANCISCO","SAN FRANCISCO",-122.43579991,37.78193993
8440381,2017,2017-09-06,3801,2017-07-30,0115,2030,TARAV,7,5,7,3801,0,0,0,,0,3I11E,"LINCOLN WY","FUNSTON AV",0.00,,Y,E,-,N,,,,,,,,,,N,2,0,1,1,A,-,03,22350,,N,E,I,A,D,-,-,C,A,0,,Y,,,Y,,L,04,1,0,0,0,0,0,1,0,0,"- ","- ",,,"SAN FRANCISCO","SAN FRANCISCO",-122.47071988,37.765739889999999
8441501,2017,2017-09-25,3801,2017-08-16,1736,643,SOUTH,3,5,7,3801,0,0,0,,0,3B13D,"8TH ST","MINNA ST",0.00,,Y,A,-,N,,,,,,,,,,N,2,0,1,2,A,-,08,22107,,N,D,G,A,A,H,-,A,D,0,,Y,,,Y,,A,07,1,0,0,0,0,0,1,0,0,"- ","- ",,,"SAN FRANCISCO","SAN FRANCISCO",-122.41259999,37.777049900000002
8444406,2017,2017-09-26,3801,2017-08-09,0424,A22058,E,3,5,7,3801,0,0,0,,0,004,"PINE ST","PIERCE ST",180.00,W,N,A,-,N,,,,,,,,,,N,2,0,1,2,A,-,03,22350,,F,G,B,E,A,H,-,D,D,0,Y,,,,Y,,-,99,1,0,0,0,1,0,0,0,0,"- ","- ",,,"SAN FRANCISCO","SAN FRANCISCO",-122.43754475,37.787459409999997
8444471,2017,2017-09-25,3801,2017-08-02,1019,1316,CENTR,3,5,7,3801,0,0,0,,0,3A40B,"NORTH POINT ST","TAYLOR ST",0.00,,Y,A,-,N,,,,,,,,,,N,2,0,1,1,A,-,03,22350,,N,E,-,A,A,H,-,A,A,0,,Y,,,Y,,L,04,1,0,0,0,0,0,1,0,0,"- ","- ",,,"SAN FRANCISCO","SAN FRANCISCO",-122.41543987,37.806359899999997
8445841,2017,2017-09-13,3801,2017-08-26,1531,4001,NORTH,6,5,7,3801,0,0,0,,0,3E12C,"MARINA BL","FILLMORE ST",0.00,,Y,A,-,N,,,,,,,,,,Y,2,0,1,2,A,-,09,21801,A,N,A,C,A,A,H,-,A,A,0,,,Y,,Y,,A,01,1,0,0,0,0,0,0,0,1,"- ","- ",,,"SAN FRANCISCO","SAN FRANCISCO",-122.43743992,37.806399970000001
8445874,2017,2017-09-14,3801,2017-08-25,0910,917,INGLE,5,5,7,3801,0,0,0,,0,4B5E,"ALEMANY BL","NIAGARA AV",0.00,,Y,A,-,N,,,,,,,,,,N,2,0,1,2,A,-,10,21950,A,N,G,B,B,A,H,-,A,A,0,Y,,,,Y,,A,01,1,0,0,0,1,0,0,0,0,"- ","- ",,,"SAN FRANCISCO","SAN FRANCISCO",-122.44346991,37.716999889999997
8445878,2017,2017-09-14,3801,2017-08-22,1725,298,PARK,2,5,7,3801,0,0,0,,0,3F43C,"HAIGHT ST","CLAYTON ST",20.00,E,N,A,-,N,,,,,,,,,,N,2,0,1,1,A,-,03,22350,,N,E,A,A,A,H,-,A,D,0,,Y,,,Y,,L,04,1,0,0,0,0,0,1,0,0,"- ","- ",,,"SAN FRANCISCO","SAN FRANCISCO",-122.44851156999999,37.769808240000003
8445889,2017,2017-10-13,3801,2017-08-29,1736,A22859,INGLE,2,5,7,3801,0,0,0,,0,3H91,"CAMBRIDGE ST","GLADSTONE DR",66.00,W,N,A,-,N,,,,,,,,,,N,2,0,1,2,A,-,11,21954,A,F,G,B,D,A,H,-,A,D,0,Y,,,,Y,,N,60,1,0,0,0,1,0,0,0,0,"- ","- ",,,"SAN FRANCISCO","SAN FRANCISCO",-122.42039638,37.73143658
8447787,2017,2018-07-06,3801,2017-08-08,1130,326,NORTH,2,5,7,3801,0,0,0,,0,3E13C,"VAN NESS AV","HAYES ST",0.00,,Y,B,-,Y,SF,4,101,-,T,5.010,I,5,S,N,2,0,1,2,A,-,09,21801,A,N,A,C,A,A,H,-,A,A,0,,,Y,,Y,,C,02,1,0,0,0,0,0,0,0,1,"- ","- ",,,"SAN FRANCISCO","SAN FRANCISCO",-122.41978329,37.777307260000001
8463923,2017,2017-10-12,3801,2017-09-06,0525,4314,RICHM,3,5,7,3801,0,0,0,,0,0G3,"FULTON ST","8TH AV",0.00,,Y,A,-,N,,,,,,,,,,Y,2,0,2,3,A,-,12,21453,A,N,D,D,A,A,H,-,C,A,0,,,,Y,Y,,F,26,1,0,1,0,0,0,0,0,0,"- ","- ",,,"SAN FRANCISCO","SAN FRANCISCO",-122.46587996,37.77337996
8463935,2017,2017-11-02,3801,2017-09-07,1146,A10936,SOUTH,4,5,7,3801,0,0,0,,0,4CAR,"OTIS ST","DUBOCE ST",90.00,N,N,B,-,N,,,,,,,,,,Y,2,0,1,3,A,-,03,22350,,N,C,C,A,A,H,-,A,A,0,,,Y,,Y,,I,11,1,0,0,0,0,0,0,0,1,"- ","- ",,,"SAN FRANCISCO","SAN FRANCISCO",-122.42021386,37.770376519999999
8463940,2017,2017-11-08,3801,2017-09-28,0706,1316,,4,5,7,3801,0,0,0,,0,3A12A,"MARKET ST","3RD ST",46.00,E,N,A,-,N,,,,,,,,,,N,2,0,1,2,A,-,11,21955,,N,G,B,D,A,H,-,A,A,0,Y,,,,Y,,N,60,1,0,0,0,1,0,0,0,0,"- ","- ",,,"SAN FRANCISCO","SAN FRANCISCO",-122.40334427000001,37.787746800000001
8464101,2017,2017-10-12,3801,2017-09-12,0629,545,TENER,2,5,7,3801,0,0,0,,0,3J12A,"OFARRELL ST","CYRIL MAGNIN ST",66.00,W,N,A,-,N,,,,,,,,,,Y,2,0,1,4,A,-,03,22350,,N,B,C,A,A,H,-,C,A,0,,,,,Y,,A,01,1,0,0,0,0,0,0,0,0,"- ","- ",,,"SAN FRANCISCO","SAN FRANCISCO",-122.40916568,37.786281789999997
8464105,2017,2017-10-12,3801,2017-09-08,1459,1092,TARAV,5,5,7,3801,0,0,0,,0,3I13B,"SUNSET BL","LAKE MERCED BL",0.00,,Y,A,-,N,,,,,,,,,,N,2,0,1,2,A,-,02,22526,A,N,D,C,A,A,H,-,A,A,0,,,Y,,Y,,A,01,1,0,0,0,0,0,0,0,1,"- ","- ",,,"SAN FRANCISCO","SAN FRANCISCO",-122.49353999,37.729579950000002
8464119,2017,2017-10-19,3801,2017-09-11,1558,282,TARAV,1,5,7,3801,0,0,0,,0,3115D,"SLOAT BL","45TH AV",0.00,,Y,A,-,N,,,,,,,,,,Y,2,0,3,2,A,-,21,22106,,N,D,C,A,A,H,-,A,A,0,,,,,Y,,A,01,1,0,2,0,0,0,0,0,0,"- ","- ",,,"SAN FRANCISCO","SAN FRANCISCO",-122.50308990000001,37.735539940000002