CASE_ID,ACCIDENT_YEAR,PROC_DATE,JURIS,COLLISION_DATE,COLLISION_TIME,OFFICER_ID,REPORTING_DISTRICT,DAY_OF_WEEK,CHP_SHIFT,POPULATION,CNTY_CITY_LOC,SPECIAL_COND,BEAT_TYPE,CHP_BEAT_TYPE,CITY_DIVISION_LAPD,CHP_BEAT_CLASS,BEAT_NUMBER,PRIMARY_RD,SECONDARY_RD,DISTANCE,DIRECTION,INTERSECTION,WEATHER_1,WEATHER_2,STATE_HWY_IND,CALTRANS_COUNTY,CALTRANS_DISTRICT,STATE_ROUTE,ROUTE_SUFFIX,POSTMILE_PREFIX,POSTMILE,LOCATION_TYPE,RAMP_INTERSECTION,SIDE_OF_HWY,TOW_AWAY,COLLISION_SEVERITY,NUMBER_KILLED,NUMBER_INJURED,PARTY_COUNT,PRIMARY_COLL_FACTOR,PCF_CODE_OF_VIOL,PCF_VIOL_CATEGORY,PCF_VIOLATION,PCF_VIOL_SUBSECTION,HIT_AND_RUN,TYPE_OF_COLLISION,MVIW,PED_ACTION,ROAD_SURFACE,ROAD_COND_1,ROAD_COND_2,LIGHTING,CONTROL_DEVICE,CHP_ROAD_TYPE,PEDESTRIAN_ACCIDENT,BICYCLE_ACCIDENT,MOTORCYCLE_ACCIDENT,TRUCK_ACCIDENT,NOT_PRIVATE_PROPERTY,ALCOHOL_INVOLVED,STWD_VEHTYPE_AT_FAULT,CHP_VEHTYPE_AT_FAULT,COUNT_SEVERE_INJ,COUNT_VISIBLE_INJ,COUNT_COMPLAINT_PAIN,COUNT_PED_KILLED,COUNT_PED_INJURED,COUNT_BICYCLIST_KILLED,COUNT_BICYCLIST_INJURED,COUNT_MC_KILLED,COUNT_MC_INJURED,PRIMARY_RAMP,SECONDARY_RAMP,LATITUDE,LONGITUDE,COUNTY,CITY,POINT_X,POINT_Y
8464126,2017,2017-10-27,3801,2017-09-21,1827,738,NORTH,4,5,7,3801,0,0,0,,0,3E15D,FRANCISCO,"SCOTT ST",0.00,,Y,A,-,N,,,,,,,,,,N,2,0,2,3,A,-,11,21950,B,N,G,B,D,A,H,-,A,A,0,Y,,,,Y,,N,60,2,0,0,0,2,0,0,0,0,"- ","- ",,,"SAN FRANCISCO","SAN FRANCISCO",-122.44135985,37.80110999
8464152,2017,2017-10-19,3801,2017-09-30,1740,4208,BAYVI,6,5,7,3801,0,0,0,,0,3C4D,"GILMAN AV","HAWES ST",174.00,W,N,A,-,N,,,,,,,,,,Y,2,0,5,4,A,-,06,21751,,N,B,C,A,A,H,-,A,D,0,,,,,Y,,A,01,1,3,1,0,0,0,0,0,0,"- ","- ",,,"SAN FRANCISCO","SAN FRANCISCO",-122.39048961,37.719557899999998
8464167,2017,2018-05-04,3801,2017-09-06,1212,158,NORTH,3,5,7,3801,0,0,0,,0,3E13C,"FRANKLIN ST","EDDY ST",0.00,,Y,A,-,N,,,,,,,,,,Y,2,0,1,2,A,-,06,21750,A,N,B,C,A,A,H,-,A,A,0,,,Y,,Y,,C,02,1,0,0,0,0,0,0,0,1,"- ","- ",,,"SAN FRANCISCO","SAN FRANCISCO",-122.42243998000001,37.782669980000001
8464180,2017,2017-10-10,3801,2017-09-04,1700,795,BAYVI,1,5,7,3801,0,0,0,,0,3C12A,"BAYSHORE BL","CORTLAND AV",0.00,,Y,F,-,N,,,,,,,,,,N,2,0,1,2,A,-,17,21663,,N,G,B,F,-,G,-,-,-,0,Y,,,,Y,,A,01,1,0,0,0,1,0,0,0,0,"- ","- ",,,"SAN FRANCISCO","SAN FRANCISCO",-122.40698997,37.73957996
8464214,2017,2017-11-01,3801,2017-09-02,1448,2112,SOUTH,6,5,7,3801,0,0,0,,0,3B14D,"9TH ST","MCLEA CT",0.00,,Y,A,-,N,,,,,,,,,,,2,0,1,2,A,-,08,22107,,F,B,G,A,A,H,-,A,D,0,,Y,,,Y,,-,,1,0,0,0,0,0,1,0,0,"- ","- ",,,"SAN FRANCISCO","SAN FRANCISCO",-122.40906995,37.771729909999998
8464305,2017,2017-10-31,3801,2017-09-29,0800,2478,BAYVI,5,5,7,3801,0,0,0,,0,3CL3C,"NAPOLEON AV","EVANS AV",0.00,,Y,A,-,N,,,,,,,,,,N,2,0,1,2,B,-,22,,,N,B,B,E,A,H,-,A,D,0,Y,,,,Y,,N,60,1,0,0,0,1,0,0,0,0,"- ","- ",,,"SAN FRANCISCO","SAN FRANCISCO",-122.39594998,37.747229930000003
8465594,2018,2019-02-08,3801,2018-06-13,1409,373,TRAFF,3,5,7,3801,0,0,0,,0,INGLES,"28TH ST","DIAMOND ST",260.00,S,N,A,-,N,,,,,,,,,,Y,1,1,0,4,C,-,18,,,N,G,B,E,A,D,-,A,D,0,Y,,,,Y,,-,"- ",0,0,0,1,0,0,0,0,0,"- ","- ",,,"SAN FRANCISCO","SAN FRANCISCO",-122.43569946289062,37.7447509765625
8465608,2018,2019-02-08,3801,2018-09-13,1206,2286,SOUTH,4,5,7,3801,0,0,0,,0,4B1E,"HOWARD ST","S VAN NESS AV",98.00,N,N,A,-,N,,,,,,,,,,Y,1,1,0,2,A,-,05,21650,1,N,D,G,A,A,H,-,A,D,0,,Y,,,Y,,L,04,0,0,0,0,0,1,0,0,0,"- ","- ",,,"SAN FRANCISCO","SAN FRANCISCO",-122.41751861572266,37.770595550537109
8465797,2019,2019-05-10,3801,2019-03-01,1225,4260,TRAFF,5,5,7,3801,0,0,0,,0,4B1C,"WOODSIDE AV","BALCETA AV",75.00,E,N,A,-,N,,,,,,,,,,Y,1,1,0,2,A,-,11,21954,A,N,G,B,D,A,H,-,A,D,0,Y,,,,Y,,N,60,0,0,0,1,0,0,0,0,0,"- ","- ",,,"SAN FRANCISCO","SAN FRANCISCO",-122.45607757568359,37.746475219726562
8465877,2019,2019-06-26,3801,2019-05-11,2212,1994,TRAFF,6,5,7,3801,0,0,0,,0,4B3G,"POLK ST","PINE ST",0.00,,Y,B,-,N,,,,,,,,,,Y,1,1,0,2,A,-,03,22350,,N,D,C,A,A,H,-,C,A,0,,,Y,,Y,Y,C,02,0,0,0,0,0,0,0,1,0,"- ","- ",,,"SAN FRANCISCO","SAN FRANCISCO",-122.42050170898438,37.789638519287109
8467277,2017,2017-10-12,3801,2017-09-10,0149,4039,MISSI,7,5,7,3801,0,0,0,,0,3D15E,"SOUTH VAN NESS AV","17TH ST",109.00,N,N,A,-,N,,,,,,,,,,Y,2,0,1,2,A,-,09,21801,A,F,D,C,A,A,H,-,C,A,0,,,Y,,Y,,A,01,1,0,0,0,0,0,0,0,1,"- ","- ",,,"SAN FRANCISCO","SAN FRANCISCO",-122.41736765,37.763858630000001
8475904,2017,2017-11-18,3801,2017-10-26,1550,4026,,4,5,7,3801,0,0,0,,0,3E11C,"BAY ST","FRANKLIN ST",0.00,,Y,A,-,N,,,,,,,,,,N,2,0,1,2,A,-,09,21801,A,N,D,C,A,A,H,-,A,A,0,,,Y,,Y,,A,01,1,0,0,0,0,0,0,0,1,"- ","- ",,,"SAN FRANCISCO","SAN FRANCISCO",-122.42673996000001,37.803949889999998
8490975,2017,2017-11-22,3801,2017-10-26,1936,A20836,INGLE,4,5,7,3801,0,0,0,,0,2H16D,"GENEVA AV","PRAGUE ST",255.00,E,N,A,-,N,,,,,,,,,,N,2,0,1,2,A,-,11,21954,A,N,G,B,D,A,H,-,C,D,0,Y,,,,Y,,N,60,1,0,0,0,1,0,0,0,0,"- ","- ",,,"SAN FRANCISCO","SAN FRANCISCO",-122.43111152,37.712593990000002
8491387,2017,2017-11-27,3801,2017-10-24,1915,2008,TARAV,2,5,7,3801,0,0,0,,0,3I15D,"20TH AV","BUCKINGHAM WY",0.00,,Y,A,-,N,,,,,,,,,,N,2,0,1,2,A,-,10,21950,A,F,G,B,B,A,H,-,C,A,0,Y,,,,Y,,A,01,1,0,0,0,1,0,0,0,0,"- ","- ",,,"SAN FRANCISCO","SAN FRANCISCO",-122.47597987,37.730089960000001
8512667,2017,2018-01-12,3801,2017-11-25,1650,A20993,RICHM,6,5,7,3801,0,0,0,,0,I-CAR,"JOHN F KENNEDY DR","TRANSVERSE DR",430.00,W,N,A,-,N,,,,,,,,,,N,2,0,1,2,A,-,09,21801,A,N,D,G,A,A,H,-,B,D,0,,Y,,,Y,,A,01,1,0,0,0,0,0,1,0,0,"- ","- ",,,"SAN FRANCISCO","SAN FRANCISCO",-122.48130202,37.770057110000003
8515311,2017,2018-01-10,3801,2017-10-19,0712,518,NORTH,4,5,7,3801,0,0,0,,0,4B2H,"CALIFORNIA AV","VAN NESS",34.00,W,N,A,-,N,,,,,,,,,,Y,2,0,1,1,A,-,15,26451,A,N,H,J,A,A,H,-,A,D,0,,,,Y,Y,,-,"- ",1,0,0,0,0,0,0,0,0,"- ","- ",,,"SAN FRANCISCO","SAN FRANCISCO",-122.42252626,37.790335470000002
8515360,2017,2017-12-27,3801,2017-11-03,1543,1210,,5,5,7,3801,0,0,0,,0,0HE,"SAN JOSE AV","29TH ST",0.00,,Y,A,-,N,,,,,,,,,,Y,2,0,1,2,A,-,10,21950,A,F,G,B,B,A,H,-,A,A,0,Y,,,,Y,,D,22,1,0,0,0,1,0,0,0,0,"- ","- ",,,"SAN FRANCISCO","SAN FRANCISCO",-122.42274999999999,37.743929899999998
8515413,2017,2017-12-22,3801,2017-11-28,1825,1906,NORTH,2,5,7,3801,0,0,0,,0,3E2,"GEARY BL","SCOTT ST",0.00,,Y,A,-,N,,,,,,,,,,N,2,0,2,2,A,-,12,21453,A,N,H,-,B,A,H,-,C,A,0,Y,Y,,,Y,,L,04,1,1,0,0,1,0,1,0,0,"- ","- ",,,"SAN FRANCISCO","SAN FRANCISCO",-122.43784986999999,37.783789910000003
8515440,2017,2017-12-27,3801,2017-11-11,1010,1016,NORTH,6,5,7,3801,0,0,0,,0,3E16A,"POLK ST","PACIFIC AV",0.00,,Y,A,-,N,,,,,,,,,,N,2,0,1,2,A,-,10,21950,A,N,G,B,B,-,H,-,A,A,0,Y,,,,Y,,A,01,1,0,0,0,1,0,0,0,0,"- ","- ",,,"SAN FRANCISCO","SAN FRANCISCO",-122.42157987,37.795029980000002
8515451,2017,2017-12-20,3801,2017-11-21,1042,204,COD,2,5,7,3801,0,0,0,,0,3D11A,"S VAN NESS AV","17TH ST",0.00,,Y,A,-,N,,,,,,,,,,Y,2,0,1,3,A,-,09,21801,A,N,D,C,A,A,H,-,A,A,0,,,Y,,Y,,A,08,1,0,0,0,0,0,0,0,1,"- ","- ",,,"SAN FRANCISCO","SAN FRANCISCO",-122.41733986,37.763559999999998
8515498,2017,2017-12-20,3801,2017-11-09,2140,A21296,BAYVI,4,5,7,3801,0,0,0,,0,3C13D,"3RD ST","HUDSON AV",0.00,,Y,A,-,N,,,,,,,,,,Y,2,0,2,2,A,-,12,21453,A,N,D,C,A,A,H,-,C,A,0,,,,,Y,,A,01,1,0,1,0,0,0,0,0,0,"- ","- ",,,"SAN FRANCISCO","SAN FRANCISCO",-122.38882993999999,37.740379910000001
8515521,2017,2018-03-12,3801,2017-11-05,0052,A22038,INGLE,7,5,7,3801,0,0,0,,0,3H13E,"MANSELL ST","JOHN F SHELLEY DR",204.00,W,N,A,-,N,,,,,,,,,,Y,2,0,4,2,A,-,05,21460,A,N,A,C,A,A,H,-,D,D,0,,,,,Y,,A,01,2,1,1,0,0,0,0,0,0,"- ","- ",,,"SAN FRANCISCO","SAN FRANCISCO",-122.4192068,37.718908149999997
8516018,2017,2018-07-06,3801,2017-11-09,0126,A22058,E,4,5,7,3801,0,0,0,,0,003,"VAN NESS AV","OFARRELL ST",0.00,,N,B,-,Y,SF,4,101,-,-,5.550,I,5,N,Y,2,0,1,2,A,-,11,21453,D,N,G,B,B,B,D,-,C,A,0,Y,,,,Y,,N,60,1,0,0,0,1,0,0,0,0,"- ","- ",,,"SAN FRANCISCO","SAN FRANCISCO",-122.42113308,37.78480613
8539797,2017,2018-01-26,3801,2017-12-10,0457,696,BAYVI,7,5,7,3801,0,0,0,,0,3C11E,"CESAR CHAVEZ ST","MISSISSIPPI ST",216.00,W,N,A,-,N,,,,,,,,,,N,2,0,1,2,A,-,17,21209,A,F,G,B,F,A,H,-,C,D,0,Y,,,,Y,,-,,1,0,0,0,1,0,0,0,0,"- ","- ",,,"SAN FRANCISCO","SAN FRANCISCO",-122.39410495999999,37.74988295
8539834,2017,2018-02-12,3801,2017-12-06,1650,2379,INGLE,3,5,7,3801,0,0,0,,0,3H4C,"SILVER AV","LISBON AV",109.00,E,N,A,-,N,,,,,,,,,,N,2,0,1,2,A,-,05,21650,G,N,B,G,A,A,-,-,B,D,0,,Y,,,Y,,L,04,1,0,0,0,0,0,1,0,0,"- ","- ",,,"SAN FRANCISCO","SAN FRANCISCO",-122.42828315,37.728541239999998
8539849,2017,2018-01-26,3801,2017-12-12,1801,564,NORTH,2,5,7,3801,0,0,0,,0,3E11D,"PAGE ST","FRANKLIN ST",0.00,,Y,A,-,N,,,,,,,,,,N,2,0,1,1,C,-,18,,,N,H,G,A,A,A,-,C,A,0,,Y,,,Y,,-,"- ",1,0,0,0,0,0,1,0,0,"- ","- ",,,"SAN FRANCISCO","SAN FRANCISCO",-122.42076998,37.774289940000003
8540160,2017,2018-01-29,3801,2017-12-14,1854,654,PARK,4,5,7,3801,0,0,0,,0,3F43D,"OAK ST","COLE ST",36.00,W,N,A,-,N,,,,,,,,,,Y,2,0,1,2,A,-,04,21703,,N,C,-,A,A,H,-,C,D,0,,,Y,,Y,,C,02,1,0,0,0,0,0,0,0,1,"- ","- ",,,"SAN FRANCISCO","SAN FRANCISCO",-122.45074366,37.771438099999997
8543576,2018,2018-07-03,3801,2018-01-05,2054,1787,"CO E",5,5,7,3801,0,0,0,,0,06E,"VAN NESS AV","CHESTNUT ST",47.00,S,N,C,-,N,,,,,,,,,,N,2,0,1,2,A,-,11,21955,,N,G,B,D,B,H,-,C,A,0,Y,,,,Y,,N,60,1,0,0,0,1,0,0,0,0,"- ","- ",,,"SAN FRANCISCO","SAN FRANCISCO",-122.42475128173828,37.802131652832031
8552795,2018,2018-02-14,3801,2018-01-09,0645,2376,SOUTH,2,5,7,3801,0,0,0,,0,3B5A,"DIVISION ST","POTRERO ST",0.00,,Y,A,-,N,,,,,,,,,,N,2,0,1,2,A,-,08,22107,,N,G,B,B,D,H,-,C,A,0,Y,,,,Y,,I,11,1,0,0,0,1,0,0,0,0,"- ","- ",,,"SAN FRANCISCO","SAN FRANCISCO",-122.40788269042969,37.769218444824219
8568824,2018,2018-03-20,3801,2018-02-13,0835,1990,1CAR,2,5,7,3801,0,0,0,,0,1CAR,"FREMONT ST","HOWARD ST",201.00,S,N,A,-,N,,,,,,,,,,N,2,0,1,3,A,-,17,22517,,N,H,G,A,A,H,-,A,A,0,,Y,,,Y,,A,01,1,0,0,0,0,0,1,0,0,"- ","- ",,,"SAN FRANCISCO","SAN FRANCISCO",-122.39463806152344,37.788845062255859
8573768,2018,2018-03-21,3801,2018-02-05,1625,4320,INGLE,1,5,7,3801,0,0,0,,0,006,"SUNNYDALE AV","PERSIA AV",0.00,,Y,A,-,N,,,,,,,,,,,2,0,1,1,A,-,15,21201,A,N,-,-,A,A,H,-,A,D,0,,Y,,,Y,,L,04,1,0,0,0,0,0,1,0,0,"- ","- ",,,"SAN FRANCISCO","SAN FRANCISCO",-122.42587280273438,37.718280792236328
8573806,2018,2018-03-15,3801,2018-02-24,0803,A22028,SOUTH,6,5,7,3801,0,0,0,,0,3B60,"FOLSOM ST","5TH ST",0.00,,Y,A,-,N,,,,,,,,,,N,2,0,1,2,A,-,10,21950,A,N,G,B,B,A,H,-,A,A,0,Y,,,,Y,,A,01,1,0,0,0,1,0,0,0,0,"- ","- ",,,"SAN FRANCISCO","SAN FRANCISCO",-122.40339660644531,37.780269622802734
8573839,2018,2018-03-14,3801,2018-02-07,0142,A21927,NORTH,3,5,7,3801,0,0,0,,0,3E11E,"POLK ST","ELLIS ST",0.00,,Y,A,-,N,,,,,,,,,,N,2,0,1,2,A,-,03,22350,,F,G,B,D,A,H,-,C,A,0,Y,Y,,,Y,,L,04,1,0,0,0,1,0,0,0,0,"- ","- ",,,"SAN FRANCISCO","SAN FRANCISCO",-122.41934967041016,37.784038543701172
8573841,2018,2018-03-14,3801,2018-02-08,2104,4102,NORTH,4,5,7,3801,0,0,0,,0,,"FRANKLIN ST","BROADWAY ST",0.00,,Y,A,-,N,,,,,,,,,,Y,2,0,2,2,A,-,08,22107,,N,B,C,A,A,H,-,C,A,0,,,,,Y,,A,01,1,0,1,0,0,0,0,0,0,"- ","- ",,,"SAN FRANCISCO","SAN FRANCISCO",-122.42503356933594,37.795528411865234
8573885,2018,2018-03-14,3801,2018-02-21,0910,2226,SOUTH,3,5,7,3801,0,0,0,,0,4B1G,"MISSION ST","7TH ST",0.00,,Y,A,B,N,,,,,,,,,,N,2,0,1,2,A,-,11,21456,B,N,G,B,B,A,H,-,A,A,0,Y,,Y,,Y,,N,60,1,0,0,0,1,0,0,0,0,"- ","- ",,,"SAN FRANCISCO","SAN FRANCISCO",-122.41089630126953,37.779209136962891
8573890,2018,2018-03-21,3801,2018-02-09,0914,2105,CENTR,5,5,7,3801,0,0,0,,0,3A40B,"POWELL ST","BEACH ST",0.00,,Y,A,-,N,,,,,,,,,,N,2,0,1,2,A,-,10,21950,A,N,G,B,B,A,H,-,A,A,0,Y,,,,Y,,A,01,1,0,0,0,1,0,0,0,0,"- ","- ",,,"SAN FRANCISCO","SAN FRANCISCO",-122.41232299804688,37.807701110839844
8574248,2018,2018-03-15,3801,2018-03-07,0832,979,BAYVI,3,5,7,3801,0,0,0,,0,3C1A,"BAYSHORE BL","HELENA ST",0.00,,Y,A,-,N,,,,,,,,,,N,2,0,1,2,A,-,08,22107,,N,D,G,A,A,H,-,A,A,0,,Y,,,Y,,A,01,1,0,0,0,0,0,1,0,0,"- ","- ",,,"SAN FRANCISCO","SAN FRANCISCO",-122.40676116943359,37.736351013183594
8575270,2018,2018-03-14,3801,2018-02-14,1352,1400,CENTR,3,5,7,3801,0,0,0,,0,3A13C,"BAY ST","MIDWAY ST",0.00,,Y,A,-,N,,,,,,,,,,Y,2,0,1,1,A,-,03,22350,,N,H,A,A,A,H,-,A,A,0,,,Y,,Y,,C,03,1,0,0,0,0,0,0,0,1,"- ","- ",,,"SAN FRANCISCO","SAN FRANCISCO",-122.40947723388672,37.806140899658203
8587659,2018,2018-05-29,3801,2018-04-17,1354,4040,NORTH,2,5,7,3801,0,0,0,,0,3E13C,"FILLMORE ST","SUTTER ST",0.00,,Y,A,-,N,,,,,,,,,,Y,2,0,1,2,A,-,12,21453,A,N,B,D,A,A,H,-,A,A,0,,,,,Y,,J,41,1,0,0,0,0,0,0,0,0,"- ","- ",,,"SAN FRANCISCO","SAN FRANCISCO",-122.43327331542969,37.786090850830078
8594810,2018,2018-04-23,3801,2018-03-22,1945,386,TENDE,4,5,7,3801,0,0,0,,0,3J12D,"JESSIE ST","6TH ST",4.00,E,N,A,-,N,,,,,,,,,,N,2,0,1,2,A,-,00,20001,A,F,G,B,B,A,H,-,C,D,0,Y,,,,Y,Y,-,,1,0,0,0,1,0,0,0,0,"- ","- ",,,"SAN FRANCISCO","SAN FRANCISCO",-122.40920257568359,37.781406402587891
8594870,2018,2018-04-24,3801,2018-03-23,1742,417,SOUTH,5,5,7,3801,0,0,0,,0,3B12D,"3RD ST","HOWARD ST",0.00,,Y,A,-,N,,,,,,,,,,N,2,0,1,2,A,-,12,21453,A,N,G,B,B,A,H,-,A,A,0,Y,,,,Y,,A,01,1,0,0,0,1,0,0,0,0,"- ","- ",,,"SAN FRANCISCO","SAN FRANCISCO",-122.40049743652344,37.785011291503906
8594872,2018,2018-05-09,3801,2018-03-07,1855,2059,CENTR,3,5,7,3801,0,0,0,,0,3A3D,"MASON ST","NORTH POINT ST",0.00,,Y,A,-,N,,,,,,,,,,N,2,0,1,2,A,-,00,21955,B,F,G,B,D,A,H,-,C,A,0,Y,,,,Y,,N,60,1,0,0,0,1,0,0,0,0,"- ","- ",,,"SAN FRANCISCO","SAN FRANCISCO",-122.41378021240234,37.80657958984375
8597208,2018,2018-04-18,3801,2018-03-12,1905,195,NORTH,1,5,7,3801,0,0,0,,0,4CAR,"BROADWAY ST","LAGUNA ST",0.00,,Y,C,-,N,,,,,,,,,,N,2,0,1,2,A,-,10,21950,A,N,G,B,B,B,H,-,B,D,0,Y,,,,Y,,A,01,1,0,0,0,1,0,0,0,0,"- ","- ",,,"SAN FRANCISCO","SAN FRANCISCO",-122.42997741699219,37.794891357421875
8597210,2018,2018-04-19,3801,2018-03-30,1932,1113,MISSI,5,5,7,3801,0,0,0,,0,3D15D,"GUERRERO ST","14TH ST",0.00,,Y,A,-,N,,,,,,,,,,N,2,0,1,2,A,-,11,21950,B,N,G,B,D,A,H,-,B,A,0,Y,,,,Y,,N,60,1,0,0,0,1,0,0,0,0,"- ","- ",,,"SAN FRANCISCO","SAN FRANCISCO",-122.42440795898438,37.768020629882812
8597237,2018,2018-04-18,3801,2018-03-20,1924,615,PARK,2,5,7,3801,0,0,0,,0,3F11D,"IRVING ST","2ND AV",0.00,,Y,C,-,N,,,,,,,,,,N,2,0,1,2,A,-,11,21954,A,N,G,B,D,B,H,-,C,A,0,Y,,,,Y,,N,60,1,0,0,0,1,0,0,0,0,"- ","- ",,,"SAN FRANCISCO","SAN FRANCISCO",-122.45883178710938,37.764358520507812
8597245,2018,2018-04-18,3801,2018-03-21,2336,4136,CENTR,3,5,7,3801,0,0,0,,0,3A14E,"BAY ST","KEARRY ST",318.00,W,N,C,-,N,,,,,,,,,,Y,2,0,1,2,A,-,03,22350,,N,C,G,A,B,H,-,C,D,0,,Y,,,Y,,A,01,1,0,0,0,0,0,1,0,0,"- ","- ",,,"SAN FRANCISCO","SAN FRANCISCO",-122.40825653076172,37.806297302246094
8597300,2018,2018-08-08,3801,2018-03-29,1656,2239,INGLE,4,5,7,3801,0,0,0,,0,3H5C,"OCEAN AV","RT 280",55.00,E,N,A,-,Y,SF,4,280,-,R,1.852,R,4,N,N,2,0,1,1,D,-,00,,,N,H,J,A,A,H,-,A,A,0,,Y,,,Y,,-,"- ",1,0,0,0,0,0,1,0,0,"- ","- ",,,"SAN FRANCISCO","SAN FRANCISCO",-122.447265625,37.724113464355469
8597699,2018,2018-04-30,3801,2018-01-01,1345,1730,TARAV,1,5,7,3801,0,0,0,,0,4BD4,"OCEAN AV","MIRAMAR AV",0.00,,Y,A,-,N,,,,,,,,,,Y,2,0,1,2,A,-,11,21955,,N,G,B,D,A,H,-,A,A,0,Y,,,,Y,,N,60,1,0,0,0,1,0,0,0,0,"- ","- ",37.724231719970703,-122.45812225341797,"SAN FRANCISCO","SAN FRANCISCO",-122.45820617675781,37.724319458007812
8599726,2018,2018-04-25,3801,2018-03-29,2229,A23182,TENDE,4,5,7,3801,0,0,0,,0,3J11E,"MARKET ST","7TH ST",128.00,W,N,A,-,N,,,,,,,,,,N,2,0,1,1,A,-,03,22350,,N,H,-,A,A,H,-,C,D,0,,Y,,,Y,,L,04,1,0,0,0,0,0,1,0,0,"- ","- ",,,"SAN FRANCISCO","SAN FRANCISCO",-122.41282653808594,37.780231475830078
8602972,2018,2018-05-22,3801,2018-04-03,2307,A22200,MISSI,2,5,7,3801,0,0,0,,0,3D13D,"CHURCH ST","25TH ST",24.00,S,N,A,-,N,,,,,,,,,,Y,2,0,1,3,A,-,03,22350,,F,C,E,A,A,H,-,C,D,0,,,,,Y,,A,01,1,0,0,0,0,0,0,0,0,"- ","- ",,,"SAN FRANCISCO","SAN FRANCISCO",-122.42727661132812,37.750034332275391
8603044,2018,2018-05-22,3801,2018-04-20,2100,A22407,MISSI,5,5,7,3801,0,0,0,,0,3D13D,"20TH ST","S VAN NESS AV",0.00,,Y,A,-,N,,,,,,,,,,Y,2,0,1,3,A,-,01,23153,A,N,D,C,A,A,H,-,C,A,0,,,Y,,Y,Y,A,01,1,0,0,0,0,0,0,0,1,"- ","- ",,,"SAN FRANCISCO","SAN FRANCISCO",-122.41690826416016,37.758758544921875
8605739,2018,2018-05-09,3801,2018-03-27,1202,499,CENTR,2,5,7,3801,0,0,0,,0,3A11A,"BATTERY ST","FILBERT ST",0.00,,Y,A,-,N,,,,,,,,,,N,2,0,1,3,A,-,08,22107,,N,B,G,A,A,-,-,A,A,0,,Y,Y,,Y,,C,03,1,0,0,0,0,0,1,0,0,"- ","- ",,,"SAN FRANCISCO","SAN FRANCISCO",-122.40178680419922,37.802330017089844
8619206,2018,2018-05-21,3801,2018-04-15,1625,713,TARAV,7,5,7,3801,0,0,0,,0,3I16D,"17TH AV","WAWONA ST",91.00,N,N,C,-,N,,,,,,,,,,N,2,0,1,2,A,-,11,21954,A,N,G,B,D,B,H,-,A,D,0,Y,,,,Y,,N,60,1,0,0,0,1,0,0,0,0,"- ","- ",,,"SAN FRANCISCO","SAN FRANCISCO",-122.47318267822266,37.737770080566406
8619235,2018,2018-05-21,3801,2018-04-24,1830,1182,TENDE,2,5,7,3801,0,0,0,,0,3J13D,"TAYLOR ST","EDDY ST",5.00,N,N,A,-,N,,,,,,,,,,N,2,0,2,3,A,-,10,21950,A,N,G,B,B,A,H,-,B,A,0,Y,,,,Y,,A,01,2,0,0,0,2,0,0,0,0,"- ","- ",,,"SAN FRANCISCO","SAN FRANCISCO",-122.41094970703125,37.784172058105469
8619249,2018,2018-05-21,3801,2018-04-24,2149,A22138,TARAV,2,5,7,3801,0,0,0,,0,3I16E,"ALEMANY BL","SAN JOSE AV",0.00,,Y,A,-,N,,,,,,,,,,N,2,0,1,2,A,-,11,21456,B,N,G,B,B,A,H,-,C,A,0,Y,,,,Y,Y,N,60,1,0,0,0,1,0,0,0,0,"- ","- ",,,"SAN FRANCISCO","SAN FRANCISCO",-122.45709991455078,37.710071563720703
8619257,2018,2018-05-24,3801,2018-04-17,0812,2376,SOUTH,2,5,7,3801,0,0,0,,0,3B1A,"MISSION ST","1ST ST",200.00,E,N,A,-,N,,,,,,,,,,N,2,0,1,2,A,-,11,21955,,N,D,B,D,A,H,-,A,D,0,Y,,,,Y,,N,60,1,0,0,0,1,0,0,0,0,"- ","- ",,,"SAN FRANCISCO","SAN FRANCISCO",-122.39707183837891,37.790164947509766
8623573,2018,2018-05-31,3801,2018-03-20,1803,441,TARAV,2,5,7,3801,0,0,0,,0,4B4C,"SUNSET BL","IRVING ST",0.00,,Y,C,-,N,,,,,,,,,,Y,2,0,2,2,D,-,00,,,N,D,B,B,B,H,-,A,D,0,Y,,Y,,Y,,-,"- ",1,0,1,0,1,0,0,0,1,"- ","- ",,,"SAN FRANCISCO","SAN FRANCISCO",-122.4959716796875,37.762748718261719
8630659,2018,2018-06-04,3801,2018-02-13,1330,1420,TARAV,2,5,7,3801,0,0,0,,0,,"SUNSET BL","WAWONA ST",9.00,N,N,A,-,N,,,,,,,,,,N,2,0,1,2,A,-,10,21950,A,N,G,B,B,A,H,-,A,A,0,Y,,Y,,Y,,C,06,1,0,0,0,1,0,0,0,0,"- ","- ",37.736438751220703,-122.49411010742188,"SAN FRANCISCO","SAN FRANCISCO",-122.49413299560547,37.736656188964844
8636833,2018,2018-06-22,3801,2018-05-11,1506,A10333,NORTH,5,5,7,3801,0,0,0,,0,3E1C,"LAGUNA ST","GOLDEN GATE AV",15.00,N,N,A,-,N,,,,,,,,,,N,2,0,1,3,A,-,12,21453,A,N,D,G,A,A,H,-,A,A,0,,Y,,,Y,,L,04,1,0,0,0,0,0,1,0,0,"- ","- ",,,"SAN FRANCISCO","SAN FRANCISCO",-122.42702484130859,37.780239105224609
8636881,2018,2018-06-25,3801,2018-05-28,0120,830,SOUTH,1,5,7,3801,0,0,0,,0,3B14E,"MISSION ST","SOUTH VAN NESS",0.00,,Y,A,-,N,,,,,,,,,,Y,2,0,3,2,A,-,12,21453,A,N,B,C,A,A,-,-,C,A,0,,,,,Y,Y,A,01,1,0,2,0,0,0,0,0,0,"- ","- ",,,"SAN FRANCISCO","SAN FRANCISCO",-122.41863250732422,37.773109436035156