CASE_ID,ACCIDENT_YEAR,PROC_DATE,JURIS,COLLISION_DATE,COLLISION_TIME,OFFICER_ID,REPORTING_DISTRICT,DAY_OF_WEEK,CHP_SHIFT,POPULATION,CNTY_CITY_LOC,SPECIAL_COND,BEAT_TYPE,CHP_BEAT_TYPE,CITY_DIVISION_LAPD,CHP_BEAT_CLASS,BEAT_NUMBER,PRIMARY_RD,SECONDARY_RD,DISTANCE,DIRECTION,INTERSECTION,WEATHER_1,WEATHER_2,STATE_HWY_IND,CALTRANS_COUNTY,CALTRANS_DISTRICT,STATE_ROUTE,ROUTE_SUFFIX,POSTMILE_PREFIX,POSTMILE,LOCATION_TYPE,RAMP_INTERSECTION,SIDE_OF_HWY,TOW_AWAY,COLLISION_SEVERITY,NUMBER_KILLED,NUMBER_INJURED,PARTY_COUNT,PRIMARY_COLL_FACTOR,PCF_CODE_OF_VIOL,PCF_VIOL_CATEGORY,PCF_VIOLATION,PCF_VIOL_SUBSECTION,HIT_AND_RUN,TYPE_OF_COLLISION,MVIW,PED_ACTION,ROAD_SURFACE,ROAD_COND_1,ROAD_COND_2,LIGHTING,CONTROL_DEVICE,CHP_ROAD_TYPE,PEDESTRIAN_ACCIDENT,BICYCLE_ACCIDENT,MOTORCYCLE_ACCIDENT,TRUCK_ACCIDENT,NOT_PRIVATE_PROPERTY,ALCOHOL_INVOLVED,STWD_VEHTYPE_AT_FAULT,CHP_VEHTYPE_AT_FAULT,COUNT_SEVERE_INJ,COUNT_VISIBLE_INJ,COUNT_COMPLAINT_PAIN,COUNT_PED_KILLED,COUNT_PED_INJURED,COUNT_BICYCLIST_KILLED,COUNT_BICYCLIST_INJURED,COUNT_MC_KILLED,COUNT_MC_INJURED,PRIMARY_RAMP,SECONDARY_RAMP,LATITUDE,LONGITUDE,COUNTY,CITY,POINT_X,POINT_Y
8644521,2018,2018-06-26,3801,2018-02-26,1311,1730,BAYVI,1,5,7,3801,0,0,0,,0,4B4D,"3RD ST","FAIRFAX AV",0.00,,Y,A,-,N,,,,,,,,,,Y,2,0,4,4,A,-,08,22101,D,N,D,C,A,A,H,-,A,A,0,,,,,Y,,A,01,1,0,3,0,0,0,0,0,0,"- ","- ",,,"SAN FRANCISCO","SAN FRANCISCO",-122.38829040527344,37.741970062255859
8648043,2018,2018-07-27,3801,2018-05-29,2206,4214,TRAFF,2,5,7,3801,0,0,0,,0,4B4G,"ARTHUR AV","3RD ST",5.00,W,N,A,-,N,,,,,,,,,,Y,1,1,0,1,A,-,03,22350,,N,E,I,A,A,H,-,C,A,0,,,,,Y,,A,01,0,0,0,0,0,0,0,0,0,"- ","- ",,,"SAN FRANCISCO","SAN FRANCISCO",-122.38732147216797,37.746208190917969
8648194,2018,2018-09-27,3801,2018-08-14,1744,4214,TENDE,2,5,7,3801,0,0,0,,0,4B4G,"TAYLOR ST","TURK ST",0.00,,Y,B,-,N,,,,,,,,,,Y,1,1,0,2,A,-,12,21453,A,F,D,G,A,A,-,-,A,A,0,,Y,,,Y,Y,L,04,0,0,0,0,0,1,0,0,0,"- ","- ",,,"SAN FRANCISCO","SAN FRANCISCO",-122.41078186035156,37.783210754394531
8648283,2018,2018-10-25,3801,2018-09-18,2343,1114,SOUTH,2,5,7,3801,0,0,0,,0,4C3,"HOWARD ST","9TH ST",12.00,W,N,A,-,N,,,,,,,,,,Y,1,1,0,2,A,-,01,23152,A,F,G,B,D,A,H,-,C,A,0,Y,,,,Y,Y,A,01,0,0,0,1,0,0,0,0,0,"- ","- ",,,"SAN FRANCISCO","SAN FRANCISCO",-122.41319274902344,37.774978637695312
8648402,2018,2018-12-10,3801,2018-09-19,1449,1766,INGLE,3,5,7,3801,0,0,0,,0,4B3C,"CORTLAND AV","ELLSWORTH ST",5.00,W,N,A,-,N,,,,,,,,,,Y,1,1,0,2,A,-,10,21950,A,N,G,B,B,A,H,-,A,A,0,Y,,,Y,Y,,F,26,0,0,0,1,0,0,0,0,0,"- ","- ",,,"SAN FRANCISCO","SAN FRANCISCO",-122.41468811035156,37.7388916015625
8656276,2018,2018-07-30,3801,2018-06-26,1900,34,BAYVI,2,5,7,3801,0,0,0,,0,3C11D,"18TH ST","PINE ST",0.00,,Y,A,-,N,,,,,,,,,,N,2,0,1,2,A,-,12,22450,A,N,G,B,B,A,H,-,A,A,0,Y,,,,Y,,A,01,1,0,0,0,1,0,0,0,0,"- ","- ",,,"SAN FRANCISCO","SAN FRANCISCO",,
8656312,2018,2018-07-30,3801,2018-06-28,1814,207,CENTR,4,5,7,3801,0,0,0,,0,3A12D,"PINE ST","MONTGOMERY ST",50.00,E,N,A,-,N,,,,,,,,,,N,2,0,2,2,A,-,11,21955,,N,D,B,D,A,H,-,A,A,0,Y,,Y,,Y,,N,60,1,0,1,0,1,0,0,0,1,"- ","- ",,,"SAN FRANCISCO","SAN FRANCISCO",-122.40238189697266,37.791938781738281
8662316,2018,2019-07-22,3801,2018-06-27,1613,4119,CENTR,3,5,7,3801,0,0,0,,0,4B3J,"EMBARCADERO ST",SAMSOME,0.00,,Y,A,-,N,,,,,,,,,,Y,1,1,3,3,A,-,03,22350,,N,C,J,A,A,H,-,A,A,0,,Y,,,Y,,A,01,0,0,3,0,0,1,3,0,0,"- ","- ",,,"SAN FRANCISCO","SAN FRANCISCO",-122.40342,37.805039999999998
8666805,2018,2018-08-21,3801,2018-05-08,1217,1057,TRAFF,2,5,7,3801,0,0,0,,0,,"19TH AV",LAWTON,291.00,S,N,A,-,Y,SF,4,1,-,-,3.460,H,-,N,,2,0,2,2,A,-,21,22106,,N,C,C,A,A,H,-,A,D,0,,,,,Y,,A,08,1,0,1,0,0,0,0,0,0,"- ","- ",,,"SAN FRANCISCO","SAN FRANCISCO",-122.47659301757812,37.756980895996094
8667490,2018,2018-07-24,3801,2018-06-14,1622,2100,RICHM,4,5,7,3801,0,0,0,,0,3G14D,"MARTIN LUTHER KING JR DR","9TH AV",0.00,,Y,A,-,N,,,,,,,,,,N,2,0,1,2,A,-,11,21954,A,N,G,B,D,A,H,-,A,D,0,Y,,,,Y,,N,60,1,0,0,0,1,0,0,0,0,"- ","- ",,,"SAN FRANCISCO","SAN FRANCISCO",-122.46643829345703,37.766380310058594
8667511,2018,2018-07-24,3801,2018-06-07,2316,2172,NORTH,4,5,7,3801,0,0,0,,0,0E2,"DIVISION ST","HAYES ST",0.00,,Y,A,-,N,,,,,,,,,,N,2,0,1,2,A,-,03,22350,,F,G,B,B,A,H,-,C,A,0,Y,,,,Y,Y,A,01,1,0,0,0,1,0,0,0,0,"- ","- ",,,"SAN FRANCISCO","SAN FRANCISCO",,
8683711,2018,2018-09-12,3801,2018-07-25,2120,2429,COG,3,5,7,3801,0,0,0,,0,3G14E,"FULTON ST","26TH AV",3.00,E,N,A,-,N,,,,,,,,,,N,2,0,1,2,A,-,10,21950,A,F,G,B,B,A,H,-,C,D,0,Y,,,,Y,,A,01,1,0,0,0,1,0,0,0,0,"- ","- ",,,"SAN FRANCISCO","SAN FRANCISCO",-122.48525238037109,37.77252197265625
8683760,2018,2018-08-29,3801,2018-07-05,1811,2700,CENTR,4,5,7,3801,0,0,0,,0,3A14D,"BROADWAY ST","SANSOME ST",0.00,,Y,A,-,N,,,,,,,,,,N,2,0,1,2,A,-,03,22350,,N,B,J,A,A,H,-,A,A,0,,,Y,,Y,,C,02,1,0,0,0,0,0,0,0,1,"- ","- ",,,"SAN FRANCISCO","SAN FRANCISCO",-122.40222930908203,37.798450469970703
8688849,2018,2018-11-02,3801,2018-07-08,2247,1125,NORTH,7,5,7,3801,0,0,0,,0,3E14E,"VAN NESS AV","TURK ST",0.00,,Y,A,-,Y,SF,4,101,-,-,5.352,I,5,S,N,2,0,1,2,A,-,08,22101,D,F,D,G,A,A,H,-,C,A,0,,Y,,,Y,,A,01,1,0,0,0,0,0,1,0,0,"- ","- ",,,"SAN FRANCISCO","SAN FRANCISCO",-122.42073059082031,37.781955718994141
8697887,2018,2018-10-02,3801,2018-08-28,1752,359,MISSI,2,5,7,3801,0,0,0,,0,3D14D,"S VAN NESS AV","24TH ST",0.00,,Y,A,-,N,,,,,,,,,,Y,2,0,1,2,A,-,09,21801,A,N,D,C,A,A,H,-,A,A,0,,,Y,,Y,,A,01,1,0,0,0,0,0,0,0,1,"- ","- ",,,"SAN FRANCISCO","SAN FRANCISCO",-122.41628265380859,37.75238037109375
8697912,2018,2018-10-02,3801,2018-08-29,1245,306,TENDE,3,5,7,3801,0,0,0,,0,3J11A,"MARKET ST","9TH ST",0.00,,Y,A,-,N,,,,,,,,,,N,2,0,1,2,A,-,06,21750,A,N,B,C,A,A,H,-,A,A,0,,,Y,,Y,,C,03,1,0,0,0,0,0,0,0,1,"- ","- ",,,"SAN FRANCISCO","SAN FRANCISCO",-122.41632843017578,37.777500152587891
8699993,2018,2018-10-02,3801,2018-08-16,1951,1033,MISSI,4,5,7,3801,0,0,0,,0,3D13D,"GUERRERO ST","20TH ST",110.00,N,N,A,-,N,,,,,,,,,,Y,2,0,2,2,A,-,03,22350,,N,C,C,A,A,H,-,B,D,0,,,,,Y,,A,01,1,0,1,0,0,0,0,0,0,"- ","- ",,,"SAN FRANCISCO","SAN FRANCISCO",-122.42349243164062,37.758663177490234
8704029,2018,2018-10-01,3801,2018-07-25,1728,342,COJ,3,5,7,3801,0,0,0,,0,52D,"MARKET ST","5TH ST",298.00,E,N,A,-,N,,,,,,,,,,N,2,0,1,2,A,-,11,21456,B,N,G,-,D,A,H,-,A,A,0,Y,Y,,,Y,,N,60,1,0,0,0,1,0,0,0,0,"- ","- ",,,"SAN FRANCISCO","SAN FRANCISCO",-122.40731811523438,37.784572601318359
8704074,2018,2019-02-08,3801,2018-08-04,0122,198,RICHM,6,5,7,3801,0,0,0,,0,0G3,"GEARY BL","2ND AV",0.00,,Y,A,-,N,,,,,,,,,,,1,1,0,2,A,-,11,21954,A,F,G,B,D,A,H,-,C,A,0,Y,,,,Y,,N,60,0,0,0,1,0,0,0,0,0,"- ","- ",,,"SAN FRANCISCO","SAN FRANCISCO",-122.46002197265625,37.781280517578125
8716458,2018,2020-05-26,3801,2018-09-22,2057,546,NORTH,6,5,7,3801,0,0,0,,0,4B4H,"VAN NESS AV","FERN ST",27.00,N,N,A,-,N,,,,,,,,,,N,1,1,0,2,A,-,11,21954,A,N,G,B,D,A,D,-,C,D,0,Y,,,,Y,Y,N,60,0,0,0,1,0,0,0,0,0,"- ","- ",,,"SAN FRANCISCO","SAN FRANCISCO",-122.42194366455078,37.788082122802734
8716516,2018,2018-10-19,3801,2018-09-12,0121,2718,RICHM,3,5,7,3801,0,0,0,,0,3G2E,"PARK PRESIDIO BL","FULTON ST",358.00,S,N,A,-,N,,,,,,,,,,Y,2,0,3,1,A,-,03,22350,,N,E,I,A,A,H,-,C,A,0,,,,,Y,,A,01,1,2,0,0,0,0,0,0,0,"- ","- ",,,"SAN FRANCISCO","SAN FRANCISCO",-122.47177886962891,37.773128509521484
8716526,2018,2018-10-19,3801,2018-09-04,0600,737,NORTH,2,5,7,3801,0,0,0,,0,3E13A,"POST ST","POLK ST",0.00,,Y,A,-,N,,,,,,,,,,N,2,0,1,1,A,-,03,22350,,N,F,G,A,A,H,-,C,D,0,,Y,,,Y,,L,04,1,0,0,0,0,0,1,0,0,"- ","- ",,,"SAN FRANCISCO","SAN FRANCISCO",-122.41989898681641,37.786830902099609
8724519,2018,2018-10-30,3801,2018-09-05,1230,1250,COD,3,5,7,3801,0,0,0,,0,901,"14TH ST","VALENCIA ST",0.00,,Y,A,-,N,,,,,,,,,,N,2,0,1,1,A,-,17,21200,A,N,E,I,A,A,H,-,A,A,0,,Y,,,Y,Y,L,04,1,0,0,0,0,0,1,0,0,"- ","- ",,,"SAN FRANCISCO","SAN FRANCISCO",-122.42218017578125,37.768150329589844
8731371,2018,2018-11-02,3801,2018-08-31,1913,4023,MISSI,5,5,7,3801,0,0,0,,0,3D11D,"VALENCIA ST","18TH ST",59.00,N,N,A,-,N,,,,,,,,,,N,2,0,1,3,A,-,17,22517,,N,H,G,A,A,H,-,A,D,0,,Y,,,Y,,A,01,1,0,0,0,0,0,1,0,0,"- ","- ",,,"SAN FRANCISCO","SAN FRANCISCO",-122.42157745361328,37.761871337890625
8749796,2018,2019-01-10,3801,2018-10-05,1850,2116,E,5,5,7,3801,0,0,0,,0,006,"VAN NESS AV","FRANCISCO ST",75.00,N,N,A,-,Y,SF,4,101,-,-,8.000,H,-,N,Y,2,0,2,2,A,-,03,22350,,F,C,E,A,A,C,-,B,D,0,,,,,Y,,-,,1,0,1,0,0,0,0,0,0,"- ","- ",,,"SAN FRANCISCO","SAN FRANCISCO",-122.44694519042969,37.800315856933594
8750414,2018,2018-12-07,3801,2018-10-25,0751,878,CENTR,4,5,7,3801,0,0,0,,0,3A11A,"BUSH ST","TAYLOR ST",0.00,,Y,A,-,N,,,,,,,,,,N,2,0,2,2,A,-,00,21543,A,N,D,C,A,A,G,-,A,A,0,,,Y,,Y,,A,01,1,0,1,0,0,0,0,0,2,"- ","- ",,,"SAN FRANCISCO","SAN FRANCISCO",-122.41207122802734,37.789760589599609
8754648,2018,2018-12-24,3801,2018-10-18,1200,4040,NORTH,4,5,7,3801,0,0,0,,0,3E60,"MASON ST NORTH","YACHT ROAD",0.00,,Y,A,-,N,,,,,,,,,,Y,2,0,1,2,A,-,12,22450,A,F,B,G,A,A,H,-,A,D,0,,Y,,,Y,,L,04,1,0,0,0,0,0,1,0,0,"- ","- ",,,"SAN FRANCISCO","SAN FRANCISCO",-122.44834136962891,37.805030822753906
8754728,2018,2019-01-22,3801,2018-10-07,1426,231,BAYVI,7,5,7,3801,0,0,0,,0,3C44D,"SILVER AV","SANTA FE AV",0.00,,Y,A,-,N,,,,,,,,,,Y,2,0,1,3,A,-,09,21802,A,N,D,C,A,A,H,-,A,A,0,,,Y,,Y,,A,01,1,0,0,0,0,0,0,0,1,"- ","- ",,,"SAN FRANCISCO","SAN FRANCISCO",-122.40157318115234,37.734909057617188
8754737,2018,2018-12-11,3801,2018-10-03,0905,385,NORTH,3,5,7,3801,0,0,0,,0,3E12A,"WEBSTER ST","ELLIS ST",40.00,S,N,A,-,N,,,,,,,,,,N,2,0,1,2,A,-,17,22517,,F,H,G,A,A,H,-,A,D,0,,Y,,,Y,,-,"- ",1,0,0,0,0,0,1,0,0,"- ","- ",,,"SAN FRANCISCO","SAN FRANCISCO",-122.43084716796875,37.782463073730469
8754800,2018,2018-12-10,3801,2018-10-05,0204,1148,MISSI,5,5,7,3801,0,0,0,,0,3D13E,"SOUTH VAN NESS ST","19TH ST",0.00,,Y,A,-,N,,,,,,,,,,Y,2,0,2,2,A,-,01,23153,A,N,F,C,A,A,H,-,C,D,0,,,,,Y,Y,-,,1,0,1,0,0,0,0,0,0,"- ","- ",,,"SAN FRANCISCO","SAN FRANCISCO",-122.41706085205078,37.760360717773438
8754811,2018,2018-12-10,3801,2018-10-31,1053,1950,BAYVI,3,5,7,3801,0,0,0,,0,3C12A,"BAYSHORE BL","INDUSTRIAL ST",0.00,,Y,A,-,N,,,,,,,,,,N,2,0,1,2,A,-,12,22450,,N,D,G,A,A,H,-,A,A,0,,Y,,,Y,,L,04,1,0,0,0,0,0,1,0,0,"- ","- ",,,"SAN FRANCISCO","SAN FRANCISCO",-122.40695953369141,37.737998962402344
8754858,2018,2018-12-07,3801,2018-10-27,0950,242,NORTH,6,5,7,3801,0,0,0,,0,005,"GREENWHICH ST","FILLMORE ST",0.00,,Y,A,-,N,,,,,,,,,,N,2,0,1,2,A,-,12,22450,A,N,B,G,A,A,H,-,A,A,0,,Y,,,Y,,L,04,1,0,0,0,0,0,1,0,0,"- ","- ",,,"SAN FRANCISCO","SAN FRANCISCO",-122.43588,37.798960000000001
8755030,2018,2018-12-06,3801,2018-10-22,1741,2716,PARK,1,5,7,3801,0,0,0,,0,3F14D,"CASTRO ST","BEAVER ST",0.00,,Y,A,-,N,,,,,,,,,,N,2,0,1,2,A,-,09,21802,A,N,D,C,A,A,H,-,B,D,0,,,Y,,Y,,A,01,1,0,0,0,0,0,0,0,1,"- ","- ",,,"SAN FRANCISCO","SAN FRANCISCO",-122.43540954589844,37.764991760253906
8756609,2018,2018-12-11,3801,2018-10-05,0922,2719,,5,5,7,3801,0,0,0,,0,,"GEARY BL","8TH AV",0.00,,Y,A,-,N,,,,,,,,,,N,2,0,1,2,A,-,10,21950,A,N,G,B,B,A,H,-,A,A,0,Y,,,,Y,,-,,1,0,0,0,1,0,0,0,0,"- ","- ",,,"SAN FRANCISCO","SAN FRANCISCO",-122.4664306640625,37.780979156494141
8758106,2018,2019-01-18,3801,2018-11-07,0958,2714,BAYVI,3,5,7,3801,0,0,0,,0,3C12A,"BAYSHORE BL","INDUSTRIAL ST",0.00,,Y,A,-,N,,,,,,,,,,Y,2,0,2,4,A,-,07,21658,A,N,A,C,A,A,H,-,A,A,0,,,,,Y,,A,01,2,0,0,0,0,0,0,0,0,"- ","- ",,,"SAN FRANCISCO","SAN FRANCISCO",-122.40695953369141,37.737998962402344
8758149,2018,2019-01-18,3801,2018-11-10,1131,2398,INGLE,6,5,7,3801,0,0,0,,0,3H13C,"MISSION ST","SENECA AV",0.00,,Y,A,-,N,,,,,,,,,,N,2,0,1,2,A,-,10,21950,A,N,G,B,B,A,H,-,A,A,0,Y,,,,Y,,A,01,1,0,0,0,1,0,0,0,0,"- ","- ",,,"SAN FRANCISCO","SAN FRANCISCO",-122.44013214111328,37.717658996582031
8758187,2018,2019-01-24,3801,2018-11-27,1410,2262,BAYVI,2,5,7,3801,0,0,0,,0,01C,"3RD ST","23RD ST",5.00,N,N,C,-,N,,,,,,,,,,N,2,0,1,2,A,-,10,21950,A,F,G,B,B,B,H,-,A,A,0,Y,,,,Y,,-,,1,0,0,0,1,0,0,0,0,"- ","- ",,,"SAN FRANCISCO","SAN FRANCISCO",-122.38811492919922,37.755405426025391
8758202,2018,2019-01-24,3801,2018-11-06,1923,4132,MISSI,2,5,7,3801,0,0,0,,0,1CAR,"VALENCIA ST","19TH ST",165.00,S,N,A,-,N,,,,,,,,,,N,2,0,1,3,A,-,08,22107,,N,C,G,A,A,H,-,B,A,0,,Y,,,Y,,A,01,1,0,0,0,0,0,1,0,0,"- ","- ",,,"SAN FRANCISCO","SAN FRANCISCO",-122.42136383056641,37.759658813476562
8758223,2018,2019-01-24,3801,2018-11-25,1756,340,INGLE,7,5,7,3801,0,0,0,,0,1756,"ALEMANY BL","SAN BRUNO AV",0.00,,Y,F,-,N,,,,,,,,,,N,2,0,1,1,A,-,03,22350,A,N,H,-,A,B,H,-,C,A,0,,,Y,,Y,,C,02,1,0,0,0,0,0,0,0,1,"- ","- ",,,"SAN FRANCISCO","SAN FRANCISCO",-122.40817260742188,37.735881805419922
8758256,2018,2019-01-22,3801,2018-11-02,1522,1994,INGLE,5,5,7,3801,0,0,0,,0,4B3G,"MONTCALM ST","YORK ST",107.00,N,N,A,-,N,,,,,,,,,,Y,2,0,1,1,A,-,13,22515,B,N,D,I,A,A,H,-,A,D,0,,,,,Y,,A,07,1,0,0,0,0,0,0,0,0,"- ","- ",,,"SAN FRANCISCO","SAN FRANCISCO",-122.40595245361328,37.747276306152344
8758267,2018,2019-01-24,3801,2018-11-22,1811,2311,PARK,4,5,7,3801,0,0,0,,0,3F13D,"PARKER AV","TURK BL",0.00,,Y,C,-,N,,,,,,,,,,N,2,0,1,2,A,-,08,22107,,N,G,B,B,B,H,-,C,A,0,Y,,,,Y,,A,01,1,0,0,0,1,0,0,0,0,"- ","- ",,,"SAN FRANCISCO","SAN FRANCISCO",-122.45339202880859,37.777809143066406
8764295,2018,2018-12-28,3801,2018-11-03,1107,2238,INGLE,6,5,7,3801,0,0,0,,0,3H13C,"MAYNARD ST","TRUMBULL ST",0.00,N,N,A,-,N,,,,,,,,,,Y,2,0,1,1,A,-,21,22106,,N,H,I,A,A,H,-,A,D,0,,,,,Y,,A,01,1,0,0,0,0,0,0,0,0,"- ","- ",,,"SAN FRANCISCO","SAN FRANCISCO",-122.42244720458984,37.730781555175781
8764300,2018,2018-12-28,3801,2018-11-14,2030,2749,CENTR,3,5,7,3801,0,0,0,,0,3A13D,"JEFFERSON ST","LEAVENWORTH ST",144.00,E,N,A,-,N,,,,,,,,,,Y,2,0,1,2,A,-,03,22350,,M,B,C,A,A,H,-,C,D,0,,,,,Y,,A,01,1,0,0,0,0,0,0,0,0,"- ","- ",,,"SAN FRANCISCO","SAN FRANCISCO",-122.41859436035156,37.807861328125
8776888,2018,2019-01-28,3801,2018-12-30,1400,1678,NORTH,7,5,7,3801,0,0,0,,0,3E42C,"MARINA BL","LAGUNA ST",0.00,,Y,A,-,N,,,,,,,,,,N,2,0,1,2,A,-,08,22107,,N,B,C,A,A,H,-,A,D,0,,,Y,,Y,,C,03,1,0,0,0,0,0,0,0,1,"- ","- ",,,"SAN FRANCISCO","SAN FRANCISCO",-122.43206787109375,37.805210113525391
8776915,2018,2019-01-28,3801,2018-12-21,1245,310,TARAV,5,5,7,3801,0,0,0,,0,3I4B,"TARAVAL ST","17TH ST",33.00,E,N,B,-,N,,,,,,,,,,N,2,0,1,2,A,-,11,21954,A,N,G,B,D,B,H,-,A,D,0,Y,,,,Y,,N,60,1,0,0,0,1,0,0,0,0,"- ","- ",,,"SAN FRANCISCO","SAN FRANCISCO",-122.47344970703125,37.743152618408203
8776944,2018,2019-01-31,3801,2018-12-03,1309,917,TRAFF,1,5,7,3801,0,0,0,,0,4BE4,"DAVIS ST","CALIFORNIA ST",200.00,S,N,A,-,N,,,,,,,,,,Y,2,0,1,3,C,-,18,,,N,C,E,A,A,H,-,A,D,0,,,,,Y,,-,"- ",1,0,0,0,0,0,0,0,0,"- ","- ",,,"SAN FRANCISCO","SAN FRANCISCO",-122.39751434326172,37.792957305908203
8777306,2018,2019-01-30,3801,2018-12-27,1313,1511,BAYVI,4,5,7,3801,0,0,0,,0,3C3C,"MIDDLE POINT RD","INNES AV",0.00,,Y,A,-,N,,,,,,,,,,Y,2,0,1,2,A,-,03,22350,,N,E,I,A,A,H,-,A,D,0,,,,,Y,,A,01,1,0,0,0,0,0,0,0,0,"- ","- ",,,"SAN FRANCISCO","SAN FRANCISCO",-122.37947845458984,37.734138488769531
8777324,2018,2019-01-29,3801,2018-12-02,1241,1826,CENTR,7,5,7,3801,0,0,0,,0,001,"MASON ST","GEARY ST",0.00,,Y,A,-,N,,,,,,,,,,N,2,0,1,2,A,-,10,21950,A,N,G,B,B,A,H,-,A,A,0,Y,,,,Y,,A,01,1,0,0,0,1,0,0,0,0,"- ","- ",,,"SAN FRANCISCO","SAN FRANCISCO",-122.40985870361328,37.78717041015625
8777340,2018,2019-01-29,3801,2018-12-01,2245,901,INGLE,6,5,7,3801,0,0,0,,0,3H13E,"COLLEGE AV","MISSION ST",157.00,E,N,A,-,N,,,,,,,,,,Y,2,0,1,3,A,-,01,23152,A,F,B,E,E,A,H,-,C,D,0,Y,,,,Y,Y,A,01,1,0,0,0,1,0,0,0,0,"- ","- ",,,"SAN FRANCISCO","SAN FRANCISCO",-122.42433166503906,37.735080718994141
8777359,2018,2019-01-30,3801,2018-12-07,1530,786,TARAV,5,5,7,3801,0,0,0,,0,3I12D,"30TH AV","IRVING ST",0.00,,Y,A,-,N,,,,,,,,,,N,2,0,1,2,A,-,21,22106,,N,G,B,F,A,H,-,A,D,0,Y,,,,Y,,A,01,1,0,0,0,1,0,0,0,0,"- ","- ",,,"SAN FRANCISCO","SAN FRANCISCO",-122.48889923095703,37.763038635253906
8777421,2018,2019-01-30,3801,2018-12-20,2121,979,TENDE,4,5,7,3801,0,0,0,,0,3J13E,"EDDY ST","LARKIN ST",0.00,,Y,A,-,N,,,,,,,,,,N,2,0,1,2,A,-,11,21954,A,N,A,B,E,A,H,-,C,A,0,Y,,,,Y,,N,60,1,0,0,0,1,0,0,0,0,"- ","- ",,,"SAN FRANCISCO","SAN FRANCISCO",-122.41751861572266,37.783298492431641
8777422,2018,2019-01-31,3801,2018-12-10,1845,4294,SOUTH,1,5,7,3801,0,0,0,,0,0B5,"16TH ST","CONNECTICUT ST",11.00,E,N,A,-,N,,,,,,,,,,N,2,0,1,2,A,-,10,21950,A,N,G,B,B,A,H,-,D,D,0,Y,,,,Y,,A,01,1,0,0,0,1,0,0,0,0,"- ","- ",,,"SAN FRANCISCO","SAN FRANCISCO",-122.39780426025391,37.766380310058594
8794771,2019,2019-03-27,3801,2019-01-05,0630,2065,NORTH,6,5,7,3801,0,0,0,,0,3E13A,"VAN NESS AV","ELLIS ST",0.00,,Y,C,-,Y,SF,4,101,-,-,5.490,H,-,N,N,2,0,1,2,A,-,11,21954,A,N,G,B,D,B,-,-,B,A,0,Y,,,,Y,,N,60,1,0,0,0,1,0,0,0,0,"- ","- ",,,"SAN FRANCISCO","SAN FRANCISCO",-122.42096710205078,37.783943176269531
8796085,2018,2019-03-15,3801,2018-12-11,1543,001460,,2,5,7,3801,0,0,0,,0,3B5C,"BRYANT ST","4TH ST",140.00,E,N,A,-,N,,,,,,,,,,Y,2,0,1,2,A,-,03,22350,,N,D,C,A,A,H,-,A,D,0,,,Y,,Y,,C,02,1,0,0,0,0,0,0,0,1,"- ","- ",,,"SAN FRANCISCO","SAN FRANCISCO",-122.39772033691406,37.779838562011719
8803573,2019,2019-03-07,3801,2019-01-26,2230,1951,INGLE,6,5,7,3801,0,0,0,,0,3H16D,"MONTEREY BL","BADEN ST",290.00,W,N,A,-,N,,,,,,,,,,N,2,0,1,2,A,-,03,22350,,N,C,-,A,A,H,-,C,D,0,,Y,,Y,Y,,L,04,1,0,0,0,0,0,1,0,0,"- ","- ",,,"SAN FRANCISCO","SAN FRANCISCO",-122.44073486328125,37.731601715087891
8803829,2019,2019-02-27,3801,2019-01-14,0535,1917,TARAV,1,5,7,3801,0,0,0,,0,3I16A,"ST CHARLES AV","ALEMANY BL",0.00,,Y,A,-,N,,,,,,,,,,N,2,0,1,2,A,-,10,21950,A,F,G,B,B,A,H,-,C,A,0,Y,,,,Y,,A,01,1,0,0,0,1,0,0,0,0,"- ","- ",,,"SAN FRANCISCO","SAN FRANCISCO",-122.46930694580078,37.710620880126953
8803835,2019,2019-03-01,3801,2019-01-02,0940,1116,,3,5,7,3801,0,0,0,,0,,"15TH ST","SAN BRUNO AV",0.00,,Y,A,-,N,,,,,,,,,,N,2,0,1,2,A,-,12,22450,A,N,G,B,B,B,H,-,A,D,0,Y,,,,Y,,A,01,1,0,0,0,1,0,0,0,0,"- ","- ",,,"SAN FRANCISCO","SAN FRANCISCO",-122.40572357177734,37.767208099365234
8803837,2019,2019-02-27,3801,2019-01-12,0224,2457,SOUTH,6,5,7,3801,0,0,0,,0,3B14E,"CESAR CHAVEZ ST","VERMONT ST",50.00,W,N,B,-,N,,,,,,,,,,Y,2,0,3,1,A,-,03,22350,,N,A,I,A,B,H,-,C,D,0,,,,,Y,,A,01,2,0,1,0,0,0,0,0,0,"- ","- ",,,"SAN FRANCISCO","SAN FRANCISCO",-122.40299987792969,37.749408721923828
8808010,2019,2019-03-20,3801,2019-02-26,2007,773,RICHM,2,5,7,3801,0,0,0,,0,3G14E,"CALIFORNIA ST","18TH AV",0.00,,Y,C,-,N,,,,,,,,,,N,1,1,0,2,A,-,10,21950,A,F,G,B,B,B,H,-,C,-,0,Y,,,,Y,,-,,0,0,0,1,0,0,0,0,0,"- ","- ",,,"SAN FRANCISCO","SAN FRANCISCO",-122.47751617431641,37.784210205078125