CASE_ID,ACCIDENT_YEAR,PROC_DATE,JURIS,COLLISION_DATE,COLLISION_TIME,OFFICER_ID,REPORTING_DISTRICT,DAY_OF_WEEK,CHP_SHIFT,POPULATION,CNTY_CITY_LOC,SPECIAL_COND,BEAT_TYPE,CHP_BEAT_TYPE,CITY_DIVISION_LAPD,CHP_BEAT_CLASS,BEAT_NUMBER,PRIMARY_RD,SECONDARY_RD,DISTANCE,DIRECTION,INTERSECTION,WEATHER_1,WEATHER_2,STATE_HWY_IND,CALTRANS_COUNTY,CALTRANS_DISTRICT,STATE_ROUTE,ROUTE_SUFFIX,POSTMILE_PREFIX,POSTMILE,LOCATION_TYPE,RAMP_INTERSECTION,SIDE_OF_HWY,TOW_AWAY,COLLISION_SEVERITY,NUMBER_KILLED,NUMBER_INJURED,PARTY_COUNT,PRIMARY_COLL_FACTOR,PCF_CODE_OF_VIOL,PCF_VIOL_CATEGORY,PCF_VIOLATION,PCF_VIOL_SUBSECTION,HIT_AND_RUN,TYPE_OF_COLLISION,MVIW,PED_ACTION,ROAD_SURFACE,ROAD_COND_1,ROAD_COND_2,LIGHTING,CONTROL_DEVICE,CHP_ROAD_TYPE,PEDESTRIAN_ACCIDENT,BICYCLE_ACCIDENT,MOTORCYCLE_ACCIDENT,TRUCK_ACCIDENT,NOT_PRIVATE_PROPERTY,ALCOHOL_INVOLVED,STWD_VEHTYPE_AT_FAULT,CHP_VEHTYPE_AT_FAULT,COUNT_SEVERE_INJ,COUNT_VISIBLE_INJ,COUNT_COMPLAINT_PAIN,COUNT_PED_KILLED,COUNT_PED_INJURED,COUNT_BICYCLIST_KILLED,COUNT_BICYCLIST_INJURED,COUNT_MC_KILLED,COUNT_MC_INJURED,PRIMARY_RAMP,SECONDARY_RAMP,LATITUDE,LONGITUDE,COUNTY,CITY,POINT_X,POINT_Y
8809166,2019,2019-03-22,3801,2019-02-12,2122,2457,SOUTH,2,5,7,3801,0,0,0,,0,0B1,"MISSION ST","MISSION ST 8",0.00,,N,C,-,N,,,,,,,,,,N,2,0,1,2,A,-,08,22102,,N,B,C,A,B,H,-,C,D,0,,,Y,,Y,,C,02,1,0,0,0,0,0,0,0,1,EF,"- ",,,"SAN FRANCISCO","SAN FRANCISCO",,
8817708,2019,2019-03-18,3801,2019-02-19,1710,786,TARAV,2,5,7,3801,0,0,0,,0,3I11D,"LAWTON ST","FUNSTON AV",0.00,,Y,A,-,N,,,,,,,,,,N,2,0,1,2,A,-,11,21954,A,N,G,J,E,A,H,-,A,D,0,Y,,,,Y,,N,60,1,0,0,0,1,0,0,0,0,"- ","- ",,,"SAN FRANCISCO","SAN FRANCISCO",-122.47020721435547,37.758251190185547
8817714,2019,2019-03-20,3801,2019-02-19,1851,23335,RICHM,2,5,7,3801,0,0,0,,0,0G3,"11TH AV","GEARY BL",0.00,,Y,A,-,N,,,,,,,,,,N,2,0,2,3,A,-,21,22106,,N,G,B,B,A,H,-,C,A,0,Y,,,,Y,,A,01,1,0,1,0,2,0,0,0,0,"- ","- ",,,"SAN FRANCISCO","SAN FRANCISCO",-122.46965789794922,37.780830383300781
8817731,2019,2019-03-20,3801,2019-02-26,2227,245,SOUTH,2,5,7,3801,0,0,0,,0,0B1,"1ST ST","HOWARD ST",0.00,,Y,C,-,N,,,,,,,,,,Y,2,0,1,2,A,-,08,22107,,N,G,B,B,B,H,-,C,A,0,Y,,,,Y,,A,01,1,0,0,0,1,0,0,0,0,"- ","- ",,,"SAN FRANCISCO","SAN FRANCISCO",-122.39604187011719,37.788551330566406
8817769,2019,2019-03-20,3801,2019-02-06,1602,2312,MISSI,3,5,7,3801,0,0,0,,0,3D11C,"DUBOCE AV","VALENCIA ST",65.00,W,N,A,-,N,,,,,,,,,,N,2,0,1,2,A,-,03,22350,,F,C,C,A,A,H,-,A,A,0,,,,,Y,Y,A,01,1,0,0,0,0,0,0,0,0,"- ","- ",,,"SAN FRANCISCO","SAN FRANCISCO",-122.42258453369141,37.769859313964844
8817786,2019,2019-03-19,3801,2019-02-19,0800,2452,RICHM,2,5,7,3801,0,0,0,,0,3G60,"GEARY BL","26TH AV",0.00,,Y,A,-,N,,,,,,,,,,Y,2,0,1,2,A,-,09,21801,A,F,D,C,A,A,H,-,A,A,0,,,Y,,Y,,A,01,1,0,0,0,0,0,0,0,1,"- ","- ",,,"SAN FRANCISCO","SAN FRANCISCO",-122.48580932617188,37.780101776123047
8817792,2019,2019-03-20,3801,2019-02-28,0626,221,PARK,4,5,7,3801,0,0,0,,0,3F43A,"7TH AV","IRVING ST",0.00,,Y,A,-,N,,,,,,,,,,N,2,0,1,2,A,-,09,21801,A,N,D,G,A,A,H,-,B,D,0,,Y,,,Y,,A,01,1,0,0,0,0,0,1,0,0,"- ","- ",,,"SAN FRANCISCO","SAN FRANCISCO",-122.46415710449219,37.76416015625
8817819,2019,2019-03-19,3801,2019-02-22,2203,2437,BAYVI,5,5,7,3801,0,0,0,,0,3C15E,"GILMAN AV","INGALLS ST",13.00,W,N,A,-,N,,,,,,,,,,N,2,0,2,1,A,-,03,22350,,N,E,I,A,A,H,-,C,A,0,,,,,Y,,A,01,2,0,0,0,0,0,0,0,0,"- ","- ",,,"SAN FRANCISCO","SAN FRANCISCO",-122.39191436767578,37.720359802246094
8817825,2019,2019-03-20,3801,2019-02-15,1159,812,PARK,5,5,7,3801,0,0,0,,0,003,"OAK ST","MASONIC AV",0.00,,Y,B,C,N,,,,,,,,,,Y,2,0,2,2,A,-,01,23152,A,N,D,D,A,B,H,-,A,A,0,,,,,Y,,A,01,1,0,1,0,0,0,0,0,0,"- ","- ",,,"SAN FRANCISCO","SAN FRANCISCO",-122.44574737548828,37.772079467773438
8845689,2019,2019-05-23,3801,2019-03-28,2124,279,BAYVI,4,5,7,3801,0,0,0,,0,3C15E,"JENNINGS ST","VAN DYKE AV",0.00,,-,A,-,N,,,,,,,,,,,2,0,1,2,A,-,00,20001,,F,A,C,-,A,H,-,B,D,0,Y,,,,Y,,-,99,1,0,0,0,1,0,0,0,0,"- ","- ",,,"SAN FRANCISCO","SAN FRANCISCO",-122.38867950439453,37.727039337158203
8845708,2019,2019-05-01,3801,2019-03-01,0156,1447,TENDE,5,5,7,3801,0,0,0,,0,3J12E,"LEAVENWORTH ST","GOLDEN GATE AV",2.00,W,N,A,-,N,,,,,,,,,,Y,2,0,1,1,A,-,05,21651,B,N,E,I,A,A,H,-,C,A,0,,,,,Y,,A,01,1,0,0,0,0,0,0,0,0,"- ","- ",,,"SAN FRANCISCO","SAN FRANCISCO",-122.41386413574219,37.781875610351562
8845748,2019,2019-05-01,3801,2019-03-01,1900,2050,NORTH,5,5,7,3801,0,0,0,,0,3E14D,"DIVISADERO ST",JACKSON,0.00,,Y,A,-,N,,,,,,,,,,N,2,0,1,2,A,-,10,21950,A,N,G,B,B,A,H,-,C,D,0,Y,,,,Y,,A,01,1,0,0,0,1,0,0,0,0,"- ","- ",,,"SAN FRANCISCO","SAN FRANCISCO",-122.44116973876953,37.791618347167969
8845795,2019,2019-05-02,3801,2019-03-19,1638,575,TENDE,2,5,7,3801,0,0,0,,0,3J51C,"MCALLISTER ST","LEAVENWORTH ST",0.00,,Y,A,-,N,,,,,,,,,,,2,0,1,2,D,-,00,,,F,D,G,A,-,-,-,A,A,0,,Y,,,Y,,-,"- ",1,0,0,0,0,0,1,0,0,"- ","- ",,,"SAN FRANCISCO","SAN FRANCISCO",-122.41368865966797,37.780929565429688
8845796,2019,2019-05-08,3801,2019-03-29,2221,141,INGLE,5,5,7,3801,0,0,0,,0,3H11E,"MISSION ST","PARK ST",138.00,N,N,A,-,N,,,,,,,,,,N,2,0,1,2,A,-,11,21955,,F,G,B,D,A,H,-,C,D,0,Y,,,,Y,,N,60,1,0,0,0,1,0,0,0,0,"- ","- ",,,"SAN FRANCISCO","SAN FRANCISCO",-122.42411804199219,37.737007141113281
8845815,2019,2019-05-02,3801,2019-03-12,1308,1378,SOUTH,2,5,7,3801,0,0,0,,0,3B13B,"8TH ST","BRYANT ST",0.00,,Y,A,-,N,,,,,,,,,,N,2,0,1,2,A,-,08,22101,D,F,B,C,A,A,H,-,A,A,0,,,Y,,Y,,-,,1,0,0,0,0,0,0,0,1,"- ","- ",,,"SAN FRANCISCO","SAN FRANCISCO",-122.406982421875,37.772510528564453
8845832,2019,2019-05-08,3801,2019-03-30,2242,245,BAYVI,6,5,7,3801,0,0,0,,0,0C4,"SAN BRUNO AV","WOOLSEY ST",0.00,,Y,A,-,N,,,,,,,,,,Y,2,0,2,5,A,-,09,21801,A,F,A,C,-,A,H,-,C,A,0,Y,,,,Y,,A,01,1,0,1,0,1,0,0,0,0,"- ","- ",,,"SAN FRANCISCO","SAN FRANCISCO",-122.40261077880859,37.725238800048828
8852981,2019,2019-04-30,3801,2019-03-11,1530,4281,NORTH,1,5,7,3801,0,0,0,,0,3E13D,"VAN NESS AV","GOLDEN GATE AV",0.00,,Y,A,-,N,,,,,,,,,,Y,2,0,1,2,A,-,10,21950,A,F,G,B,B,A,H,-,A,A,0,Y,,,,Y,,A,01,1,0,0,0,1,0,0,0,0,"- ","- ",,,"SAN FRANCISCO","SAN FRANCISCO",-122.4205322265625,37.781009674072266
8853146,2019,2019-05-01,3801,2019-03-19,0822,748,CENTR,2,5,7,3801,0,0,0,,0,0A2,"CLAY ST","MONTGOMERY ST",0.00,,Y,A,-,N,,,,,,,,,,N,2,0,2,2,A,-,11,21453,D,N,H,-,B,A,H,-,A,A,0,Y,Y,,,Y,,N,60,2,0,0,0,1,0,1,0,0,"- ","- ",,,"SAN FRANCISCO","SAN FRANCISCO",-122.40312194824219,37.794681549072266
8857804,2019,2019-05-21,3801,2019-04-23,2037,1108,SOUTH,2,5,7,3801,0,0,0,,0,003,"TOWNSEND ST","7TH ST",0.00,,Y,A,-,N,,,,,,,,,,Y,2,0,2,2,A,-,09,21801,A,N,D,C,A,A,H,-,C,A,0,,,Y,,Y,,A,01,1,0,1,0,0,0,0,0,1,"- ","- ",,,"SAN FRANCISCO","SAN FRANCISCO",-122.40165710449219,37.771831512451172
8857807,2019,2019-05-22,3801,2019-04-23,1745,1351,INGLE,2,5,7,3801,0,0,0,,0,3H11D,"SAN JOSE AV","COTTER ST",31.00,N,N,A,-,N,,,,,,,,,,Y,2,0,1,3,A,-,03,22350,,N,F,E,A,A,H,-,A,A,0,,,,,Y,,A,07,1,0,0,0,0,0,0,0,0,"- ","- ",,,"SAN FRANCISCO","SAN FRANCISCO",-122.43736267089844,37.730319976806641
8857828,2019,2019-05-21,3801,2019-04-19,1238,1454,SOUTH,5,5,7,3801,0,0,0,,0,3B12B,"MARKET ST","DRUMM ST",0.00,,Y,A,-,N,,,,,,,,,,N,2,0,1,1,A,-,03,22350,,N,H,I,A,A,H,-,A,A,0,,Y,,,Y,,L,04,1,0,0,0,0,0,1,0,0,"- ","- ",,,"SAN FRANCISCO","SAN FRANCISCO",-122.39634704589844,37.793251037597656
8857832,2019,2019-05-21,3801,2019-04-19,0844,1237,TARAV,5,5,7,3801,0,0,0,,0,3I16A,"ALEMANY BL","CRYSTAL ST",290.00,E,N,B,-,N,,,,,,,,,,Y,2,0,1,1,A,-,07,21658,A,N,E,I,A,A,H,-,A,D,0,,,,,Y,,A,01,1,0,0,0,0,0,0,0,0,"- ","- ",,,"SAN FRANCISCO","SAN FRANCISCO",-122.45956420898438,37.709991455078125
8857927,2019,2019-05-21,3801,2019-04-07,2008,1666,PARK,7,5,7,3801,0,0,0,,0,4CAR,"FILLMORE ST","HERMANN ST",72.00,N,N,B,-,N,,,,,,,,,,N,2,0,1,2,A,-,08,22103,,N,B,C,A,A,H,-,C,A,0,,,Y,,Y,,A,01,1,0,0,0,0,0,0,0,1,"- ","- ",,,"SAN FRANCISCO","SAN FRANCISCO",-122.43009948730469,37.77044677734375
8857981,2019,2019-05-21,3801,2019-04-10,1838,379,TRAFF,3,5,7,3801,0,0,0,,0,4B3H,"5TH AV","CORNWALL ST",0.00,,Y,A,-,N,,,,,,,,,,Y,2,0,2,2,A,-,12,22450,A,N,D,C,A,A,H,-,A,A,0,,,Y,,Y,,A,01,1,1,0,0,0,0,0,0,1,"- ","- ",,,"SAN FRANCISCO","SAN FRANCISCO",-122.46349334716797,37.784881591796875
8857982,2019,2019-05-21,3801,2019-04-22,0542,2274,TENDE,1,5,7,3801,0,0,0,,0,,"ELLIS ST","CYRIL MAGNIN ST",0.00,,Y,A,-,N,,,,,,,,,,N,2,0,1,2,A,-,00,21958,A,N,G,B,D,A,H,-,C,A,0,Y,,,,Y,,N,60,1,0,0,0,1,0,0,0,0,"- ","- ",,,"SAN FRANCISCO","SAN FRANCISCO",-122.40866088867188,37.785430908203125
8857987,2019,2019-05-21,3801,2019-04-26,2203,1745,BAYVI,5,5,7,3801,0,0,0,,0,"0 1","CESAR CHAVEZ","INDIANA ST",0.00,,Y,A,-,N,,,,,,,,,,Y,2,0,1,1,A,-,03,22350,,N,E,I,A,A,H,-,C,D,0,,,Y,,Y,,C,02,1,0,0,0,0,0,0,0,1,"- ","- ",,,"SAN FRANCISCO","SAN FRANCISCO",-122.39044952392578,37.750068664550781
8857991,2019,2019-05-21,3801,2019-04-26,1850,1425,NORTH,5,5,7,3801,0,0,0,,0,3E16E,"FELL ST","BUCHANAN ST",100.00,E,N,A,-,N,,,,,,,,,,Y,2,0,1,2,A,-,09,21804,A,N,D,C,A,A,H,-,A,A,0,,,Y,,Y,,A,01,1,0,0,0,0,0,0,0,1,"- ","- ",,,"SAN FRANCISCO","SAN FRANCISCO",-122.4273681640625,37.775371551513672
8875579,2019,2019-06-26,3801,2019-05-03,1215,1386,,5,5,7,3801,0,0,0,,0,3E11A,"RICHARDSON ST","CHESTNUT ST",0.00,,Y,A,-,N,,,,,,,,,,Y,2,0,5,2,A,-,08,22107,,N,A,C,A,A,H,-,A,A,0,,,,,Y,,A,01,1,2,2,0,0,0,0,0,0,"- ","- ",,,"SAN FRANCISCO","SAN FRANCISCO",-122.44597625732422,37.799579620361328
8878165,2019,2019-06-26,3801,2019-05-14,0830,1810,MISSI,2,5,7,3801,0,0,0,,0,3D14D,"24TH ST","HARRISON ST",0.00,,Y,A,-,N,,,,,,,,,,N,2,0,1,2,A,-,08,22107,,N,B,G,A,A,H,-,A,A,0,,Y,,Y,Y,,F,26,1,0,0,0,0,0,1,0,0,"- ","- ",,,"SAN FRANCISCO","SAN FRANCISCO",-122.41188812255859,37.752651214599609
8878493,2019,2019-06-26,3801,2019-05-24,1351,1190,TARAV,5,5,7,3801,0,0,0,,0,3I15A,"18TH AV","LINCOLN WY",3.00,S,N,A,-,N,,,,,,,,,,N,2,0,1,2,A,-,10,21950,A,N,G,B,B,A,H,-,A,A,0,Y,,,,Y,,A,07,1,0,0,0,1,0,0,0,0,"- ","- ",,,"SAN FRANCISCO","SAN FRANCISCO",-122.47618865966797,37.765480041503906
8878638,2019,2019-06-19,3801,2019-05-29,2229,460,RICHM,3,5,7,3801,0,0,0,,0,3G12E,"GEARY BL","LYON ST",0.00,,Y,A,-,N,,,,,,,,,,Y,2,0,3,2,A,-,05,21651,A,N,D,C,A,A,H,-,C,D,0,,,,,Y,,A,01,1,0,2,0,0,0,0,0,0,"- ","- ",,,"SAN FRANCISCO","SAN FRANCISCO",-122.44447326660156,37.782779693603516
8891337,2019,2019-10-29,3801,2019-09-28,1733,209,NORTH,6,5,7,3801,0,0,0,,0,,"FILLMORE ST","TURK ST",0.00,,Y,A,-,N,,,,,,,,,,N,2,0,1,2,A,-,10,21950,A,N,G,B,B,A,H,-,A,A,0,Y,,,,Y,,A,07,1,0,0,0,1,0,0,0,0,"- ","- ",,,"SAN FRANCISCO","SAN FRANCISCO",-122.43212890625,37.780490875244141
8891893,2019,2019-10-28,3801,2019-09-23,1916,2705,BAYVI,1,5,7,3801,0,0,0,,0,3C11D,"26TH ST","WISCONSIN ST",42.00,S,N,A,-,N,,,,,,,,,,N,2,0,1,1,A,-,15,21201,A,N,E,G,A,A,H,-,A,D,0,,Y,,,Y,,L,04,1,0,0,0,0,0,1,0,0,"- ","- ",,,"SAN FRANCISCO","SAN FRANCISCO",-122.39846801757812,37.751056671142578
8891914,2019,2019-10-25,3801,2019-09-25,1221,1917,TARAV,3,5,7,3801,0,0,0,,0,3I3A,"19TH AV","WINSTON DR",0.00,,Y,A,-,N,,,,,,,,,,N,2,0,1,2,A,-,10,21950,A,N,G,B,B,A,H,-,A,A,0,Y,,,,Y,,A,07,1,0,0,0,1,0,0,0,0,"- ","- ",,,"SAN FRANCISCO","SAN FRANCISCO",-122.47503662109375,37.7269287109375
8891958,2019,2019-11-06,3801,2019-09-30,0817,4333,NORTH,1,5,7,3801,0,0,0,,0,003,"OFARRELL ST","POLK ST",21.00,E,N,A,-,N,,,,,,,,,,N,2,0,1,2,A,-,11,21954,A,N,A,B,E,A,H,-,A,A,0,Y,,,,Y,,N,60,1,0,0,0,1,0,0,0,0,"- ","- ",,,"SAN FRANCISCO","SAN FRANCISCO",-122.41947937011719,37.784976959228516
8891977,2019,2019-10-25,3801,2019-09-19,0821,1429,INGLE,4,5,7,3801,0,0,0,,0,3H13A,"BRADFORD ST","BERNAL HTS BL",0.00,,Y,A,-,N,,,,,,,,,,N,2,0,1,2,A,-,08,22107,,N,B,G,A,A,H,-,A,A,0,,Y,,,Y,,A,01,1,0,0,0,0,0,1,0,0,"- ","- ",,,"SAN FRANCISCO","SAN FRANCISCO",-122.40946197509766,37.741970062255859
8891982,2019,2019-10-24,3801,2019-09-21,0934,198,BAYVI,6,5,7,3801,0,0,0,,0,0C3,"SAN BRUNO AV","WAYLAND ST",4.00,S,N,A,-,N,,,,,,,,,,N,2,0,1,2,A,-,10,21950,A,N,G,B,B,A,H,-,A,D,0,Y,,,,Y,,A,01,1,0,0,0,1,0,0,0,0,"- ","- ",,,"SAN FRANCISCO","SAN FRANCISCO",-122.40311431884766,37.726428985595703
8892011,2019,2019-11-06,3801,2019-09-17,0910,4358,BAYVI,2,5,7,3801,0,0,0,,0,,"LA SALLE AV","CASHMERE ST",85.00,E,N,A,-,N,,,,,,,,,,N,2,0,1,3,A,-,03,22350,,F,G,B,D,A,H,-,A,D,0,Y,,,,Y,,A,01,1,0,0,0,1,0,0,0,0,"- ","- ",,,"SAN FRANCISCO","SAN FRANCISCO",-122.38701629638672,37.735496520996094
8892020,2019,2019-10-31,3801,2019-09-06,0840,1917,TARAV,5,5,7,3801,0,0,0,,0,3I16A,"PORTOLA DR","CLAREMONT BL",0.00,,Y,B,E,N,,,,,,,,,,N,2,0,1,2,A,-,08,22107,,N,D,G,A,B,H,-,A,A,0,,Y,,,Y,,A,01,1,0,0,0,0,0,1,0,0,"- ","- ",,,"SAN FRANCISCO","SAN FRANCISCO",-122.46528625488281,37.739700317382812
8892045,2019,2019-11-01,3801,2019-09-07,1617,172,RICHM,6,5,7,3801,0,0,0,,0,003,"CALIFORNIA ST","6TH AV",0.00,,Y,A,-,N,,,,,,,,,,N,2,0,1,2,A,-,04,21703,,N,C,C,A,A,H,-,A,A,0,,,Y,,Y,Y,A,08,1,0,0,0,0,0,0,0,1,"- ","- ",,,"SAN FRANCISCO","SAN FRANCISCO",-122.46457672119141,37.784988403320312
8896085,2019,2019-10-30,3801,2019-09-10,1644,1435,TRAFF,2,5,7,3801,0,0,0,,0,4BFI,"GOLDEN GATE AV","LEAVENWORTH ST",6.00,E,N,A,-,N,,,,,,,,,,Y,2,0,1,2,A,-,01,23152,F,N,G,B,B,A,H,-,A,A,0,Y,,,,Y,,A,07,1,0,0,0,1,0,0,0,0,"- ","- ",,,"SAN FRANCISCO","SAN FRANCISCO",-122.41384124755859,37.781871795654297
8896122,2019,2019-10-31,3801,2019-09-12,1202,LARA,MISSI,4,5,7,3801,0,0,0,,0,003,"18TH ST","HATTIE ST",0.00,,Y,A,-,N,,,,,,,,,,N,2,0,1,2,A,-,08,22107,,N,A,G,A,A,H,-,A,A,0,,Y,,,Y,,L,04,1,0,0,0,0,0,1,0,0,"- ","- ",,,"SAN FRANCISCO","SAN FRANCISCO",-122.44091796875,37.760528564453125
8896150,2019,2019-10-31,3801,2019-09-11,1258,1912,TENDE,3,5,7,3801,0,0,0,,0,3J53C,"8TH ST","MARKET ST",358.00,S,N,A,-,N,,,,,,,,,,N,2,0,1,2,A,-,08,22107,,N,D,C,A,A,H,-,A,A,0,,,Y,,Y,,A,01,1,0,0,0,0,0,0,0,1,"- ","- ",,,"SAN FRANCISCO","SAN FRANCISCO",-122.41387176513672,37.778026580810547
8898117,2019,2019-07-25,3801,2019-06-09,1546,1438,INGLE,7,5,7,3801,0,0,0,,0,0H1,"BRONTE ST","JARBOE AV",178.00,S,N,A,-,N,,,,,,,,,,Y,2,0,1,2,D,-,00,,,N,A,E,A,A,H,-,A,D,0,,,,,Y,,-,"- ",1,0,0,0,0,0,0,0,0,"- ","- ",,,"SAN FRANCISCO","SAN FRANCISCO",-122.41030120849609,37.737640380859375
8899101,2019,2019-07-24,3801,2019-05-27,0248,1114,TRAFF,1,5,7,3801,0,0,0,,0,4C3,"CARGO WY","JENNINGS ST",10.00,E,N,A,-,N,,,,,,,,,,Y,2,0,2,1,A,-,12,22450,A,N,E,I,A,A,H,-,C,A,0,,,,,Y,,A,01,2,0,0,0,0,0,0,0,0,"- ","- ",,,"SAN FRANCISCO","SAN FRANCISCO",-122.37690734863281,37.740230560302734
8899294,2019,2019-07-25,3801,2019-06-15,2139,1514,MISSI,6,5,7,3801,0,0,0,,0,,"HARRISON ST","16TH ST",34.00,N,N,A,-,N,,,,,,,,,,,2,0,1,2,A,-,03,22350,,N,C,C,A,A,H,-,C,A,0,,,Y,,Y,,C,02,1,0,0,0,0,0,0,0,1,"- ","- ",,,"SAN FRANCISCO","SAN FRANCISCO",-122.41315460205078,37.765544891357422
8900606,2019,2019-07-26,3801,2019-06-10,1900,1062,TARAV,1,5,7,3801,0,0,0,,0,,"SLOAT BL","CONSTANSO WY",0.00,,Y,A,-,N,,,,,,,,,,Y,2,0,2,2,A,-,09,21802,A,N,B,C,A,A,H,-,A,D,0,,,,,Y,,A,01,1,0,1,0,0,0,0,0,0,"- ","- ",,,"SAN FRANCISCO","SAN FRANCISCO",-122.48885345458984,37.734230041503906
8900634,2019,2019-07-25,3801,2019-06-01,2034,427,BAYVI,6,5,7,3801,0,0,0,,0,3C15D,REVERE,JENNINGS,154.00,W,N,A,-,N,,,,,,,,,,N,2,0,1,2,A,-,03,22350,,F,G,B,D,A,H,-,C,D,0,Y,,,,Y,,-,,1,0,0,0,1,0,0,0,0,"- ","- ",,,"SAN FRANCISCO","SAN FRANCISCO",-122.38685607910156,37.729782104492188
8900664,2019,2019-08-23,3801,2019-06-19,1500,4023,MISSI,3,5,7,3801,0,0,0,,0,3D6C,"POTRERO AV","21ST ST",36.00,N,N,B,-,N,,,,,,,,,,Y,2,0,2,2,A,-,04,21703,,N,C,C,A,A,H,-,A,A,0,,,,,Y,,A,08,1,0,1,0,0,0,0,0,0,"- ","- ",,,"SAN FRANCISCO","SAN FRANCISCO",-122.40679168701172,37.757858276367188
8900696,2019,2019-07-26,3801,2019-06-13,1616,1766,TRAFF,4,5,7,3801,0,0,0,,0,4B3C,"GEARY ST","POLK ST",10.00,W,N,A,-,N,,,,,,,,,,Y,2,0,1,2,A,-,12,21453,A,N,D,C,A,A,H,-,A,A,0,,,,,Y,,M,94,1,0,0,0,0,0,0,0,0,"- ","- ",,,"SAN FRANCISCO","SAN FRANCISCO",-122.41977691650391,37.785896301269531
8900734,2019,2019-07-31,3801,2019-06-27,0153,2424,SOUTH,4,5,7,3801,0,0,0,,0,3B1E,"HOWARD ST","1ST ST",0.00,,Y,A,-,N,,,,,,,,,,N,1,1,0,2,A,-,10,21950,A,N,G,B,B,A,-,-,C,A,0,Y,,,,Y,,A,01,0,0,0,1,0,0,0,0,0,"- ","- ",,,"SAN FRANCISCO","SAN FRANCISCO",-122.39604187011719,37.788551330566406
8900756,2019,2019-07-25,3801,2019-06-03,1540,4314,RICHM,1,5,7,3801,0,0,0,,0,0G3,"5TH AV","CLEMENT ST",129.00,N,N,B,-,N,,,,,,,,,,N,2,0,1,2,C,-,18,,,N,G,B,E,A,H,-,A,D,0,Y,,,,Y,,-,"- ",1,0,0,0,1,0,0,0,0,"- ","- ",,,"SAN FRANCISCO","SAN FRANCISCO",-122.46338653564453,37.783344268798828
8904320,2019,2019-08-08,3801,2019-06-25,1640,2453,TENDE,2,5,7,3801,0,0,0,,0,3J12D,"ELLIS ST","ELLIS ST 379",0.00,,Y,A,-,N,,,,,,,,,,Y,2,0,1,3,A,-,00,23103,A,N,A,E,A,A,H,-,A,D,0,,,Y,,Y,,C,03,1,0,0,0,0,0,0,0,1,"- ","- ",,,"SAN FRANCISCO","SAN FRANCISCO",-122.41243900000001,37.784925000000001
8910848,2020,2022-06-18,3801,2020-01-08,2340,443,,3,5,7,3801,0,0,0,,0,4C1,"9TH ST","AVENUE H",0.00,,Y,B,-,N,,,,,,,,,,Y,1,1,0,1,A,-,03,22350,,N,E,I,A,A,H,-,C,A,0,,,,,Y,,A,01,0,0,0,0,0,0,0,0,0,"- ","- ",,,"SAN FRANCISCO","SAN FRANCISCO",-122.36994171142578,37.825241088867188
8911052,2020,2022-06-18,3801,2020-03-05,2303,1148,MISSI,4,5,7,3801,0,0,0,,0,3D90,"VALENCIA ST","18TH ST",7.00,N,N,A,-,N,,,,,,,,,,Y,1,1,1,3,A,-,10,21950,A,N,G,B,B,A,H,-,C,A,0,Y,,,,Y,Y,D,22,0,1,0,1,1,0,0,0,0,"- ","- ",,,"SAN FRANCISCO","SAN FRANCISCO",-122.42156219482422,37.761730194091797
8911436,2020,2022-06-18,3801,2020-01-26,1646,2286,TRAFF,7,5,7,3801,0,0,0,,0,4B4H,"MISSION ST","14TH ST",236.00,S,N,A,-,N,,,,,,,,,,Y,1,1,0,2,A,-,06,21755,A,N,C,C,A,A,H,-,A,A,0,,,Y,,Y,Y,C,02,0,0,0,0,0,0,0,1,0,"- ","- ",,,"SAN FRANCISCO","SAN FRANCISCO",-122.41991424560547,37.767642974853516
8911447,2020,2020-08-19,3801,2020-05-29,0729,1487,TRAFF,5,5,7,3801,0,0,0,,0,4B1C,"FREDERICK ST","WILLARD ST",388.00,W,N,B,-,N,,,,,,,,,,Y,1,1,0,3,A,-,17,22517,,N,B,G,A,A,H,-,A,D,0,,Y,,,Y,,-,,0,0,0,0,0,1,0,0,0,"- ","- ",,,"SAN FRANCISCO","SAN FRANCISCO",-122.45590209960938,37.765987396240234
8911452,2020,2020-08-19,3801,2020-07-19,1201,1766,TRAFF,7,5,7,3801,0,0,0,,0,4B103,"BAYSHORE BL","JERROLD AV",127.00,S,N,A,-,N,,,,,,,,,,Y,1,1,0,2,A,-,11,21954,A,F,G,B,D,A,H,-,A,D,0,Y,,,,Y,,N,60,0,0,0,1,0,0,0,0,0,"- ","- ",,,"SAN FRANCISCO","SAN FRANCISCO",-122.40364074707031,37.747039794921875
8913707,2019,2019-08-27,3801,2019-07-20,1112,4022,TARAV,6,5,7,3801,0,0,0,,0,3I15A,"SKYLINE BL","GREAT HWY",885.00,S,N,A,-,Y,,,,,,,,,,Y,2,0,1,1,A,-,03,22350,,N,E,I,A,A,H,-,A,D,0,,,,,Y,,-,,1,0,0,0,0,0,0,0,0,"- ","- ",,,"SAN FRANCISCO","SAN FRANCISCO",-122.50234222412109,37.722949981689453