CASE_ID,ACCIDENT_YEAR,PROC_DATE,JURIS,COLLISION_DATE,COLLISION_TIME,OFFICER_ID,REPORTING_DISTRICT,DAY_OF_WEEK,CHP_SHIFT,POPULATION,CNTY_CITY_LOC,SPECIAL_COND,BEAT_TYPE,CHP_BEAT_TYPE,CITY_DIVISION_LAPD,CHP_BEAT_CLASS,BEAT_NUMBER,PRIMARY_RD,SECONDARY_RD,DISTANCE,DIRECTION,INTERSECTION,WEATHER_1,WEATHER_2,STATE_HWY_IND,CALTRANS_COUNTY,CALTRANS_DISTRICT,STATE_ROUTE,ROUTE_SUFFIX,POSTMILE_PREFIX,POSTMILE,LOCATION_TYPE,RAMP_INTERSECTION,SIDE_OF_HWY,TOW_AWAY,COLLISION_SEVERITY,NUMBER_KILLED,NUMBER_INJURED,PARTY_COUNT,PRIMARY_COLL_FACTOR,PCF_CODE_OF_VIOL,PCF_VIOL_CATEGORY,PCF_VIOLATION,PCF_VIOL_SUBSECTION,HIT_AND_RUN,TYPE_OF_COLLISION,MVIW,PED_ACTION,ROAD_SURFACE,ROAD_COND_1,ROAD_COND_2,LIGHTING,CONTROL_DEVICE,CHP_ROAD_TYPE,PEDESTRIAN_ACCIDENT,BICYCLE_ACCIDENT,MOTORCYCLE_ACCIDENT,TRUCK_ACCIDENT,NOT_PRIVATE_PROPERTY,ALCOHOL_INVOLVED,STWD_VEHTYPE_AT_FAULT,CHP_VEHTYPE_AT_FAULT,COUNT_SEVERE_INJ,COUNT_VISIBLE_INJ,COUNT_COMPLAINT_PAIN,COUNT_PED_KILLED,COUNT_PED_INJURED,COUNT_BICYCLIST_KILLED,COUNT_BICYCLIST_INJURED,COUNT_MC_KILLED,COUNT_MC_INJURED,PRIMARY_RAMP,SECONDARY_RAMP,LATITUDE,LONGITUDE,COUNTY,CITY,POINT_X,POINT_Y
8919606,2019,2019-08-22,3801,2019-07-07,0937,1764,TAFF,7,5,7,3801,0,0,0,,0,4BIJ,"5TH ST","MARKET ST",150.00,S,N,A,-,N,,,,,,,,,,N,2,0,1,2,A,-,11,21954,A,N,G,B,D,A,H,-,A,A,0,Y,,,,Y,,N,60,1,0,0,0,1,0,0,0,0,"- ","- ",,,"SAN FRANCISCO","SAN FRANCISCO",-122.40769958496094,37.783702850341797
8919644,2019,2019-08-22,3801,2019-07-17,0851,679,MISSI,3,5,7,3801,0,0,0,,0,0D6,"16TH ST","ALABAMA ST",0.00,,Y,A,-,N,,,,,,,,,,N,2,0,1,2,A,-,09,21802,A,N,D,C,A,A,H,-,A,A,0,,,,,Y,,A,01,1,0,0,0,0,0,0,0,0,"- ","- ",,,"SAN FRANCISCO","SAN FRANCISCO",-122.41239929199219,37.765491485595703
8919668,2019,2019-08-22,3801,2019-07-20,1424,2142,PARK,6,5,7,3801,0,0,0,,0,3F43B,"STANYAN ST","PAGE ST",0.00,,Y,A,-,N,,,,,,,,,,Y,2,0,2,7,C,-,18,,,N,B,E,A,A,H,-,A,A,0,,,,,Y,,-,"- ",2,0,0,0,0,0,0,0,0,"- ","- ",,,"SAN FRANCISCO","SAN FRANCISCO",-122.45372009277344,37.770099639892578
8919669,2019,2019-08-23,3801,2019-07-15,0910,2065,NORTH,1,5,7,3801,0,0,0,,0,3E13A,"PAGE ST","DIVISADERO ST",0.00,,Y,A,-,N,,,,,,,,,,,2,0,1,1,B,-,22,,,N,H,-,A,A,H,-,A,A,0,,Y,,,Y,,L,04,1,0,0,0,0,0,1,0,0,"- ","- ",,,"SAN FRANCISCO","SAN FRANCISCO",-122.43723297119141,37.772209167480469
8919678,2019,2019-08-23,3801,2019-07-27,1218,991,TRFF,6,5,7,3801,0,0,0,,0,4B5H,"CLINTON PARK","STEVENSON ALLEY",20.00,E,N,A,-,N,,,,,,,,,,Y,2,0,1,1,A,-,03,22350,,N,A,I,A,A,H,-,A,D,0,,,,,Y,,A,07,1,0,0,0,0,0,0,0,0,"- ","- ",,,"SAN FRANCISCO","SAN FRANCISCO",-122.42149353027344,37.769329071044922
8919708,2019,2019-08-28,3801,2019-07-30,2122,4115,SOUTH,2,5,7,3801,0,0,0,,0,3B11E,"BRANNAN ST","3RD ST",294.00,E,N,A,-,N,,,,,,,,,,Y,2,0,1,2,A,-,03,22350,,M,F,E,A,A,H,-,C,D,0,,,,,Y,,A,01,1,0,0,0,0,0,0,0,0,"- ","- ",,,"SAN FRANCISCO","SAN FRANCISCO",-122.39356231689453,37.780658721923828
8919760,2019,2019-08-28,3801,2019-07-28,2350,4314,RICHM,7,5,7,3801,0,0,0,,0,0G4,"FULTON ST","31ST AV",10.00,W,N,B,-,N,,,,,,,,,,Y,2,0,1,2,A,-,03,22350,,N,C,C,A,A,H,-,C,D,0,,,Y,,Y,,C,03,1,0,0,0,0,0,0,0,1,"- ","- ",,,"SAN FRANCISCO","SAN FRANCISCO",-122.49065399169922,37.77227783203125
8919786,2019,2019-10-03,3801,2019-07-25,0113,2238,BAYVI,4,5,7,3801,0,0,0,,0,0C3,"3RD ST","CARROLL AV",2.00,N,N,A,-,N,,,,,,,,,,Y,2,0,4,1,A,-,03,22350,,F,E,I,A,A,H,-,C,A,0,,,,,Y,,A,01,1,2,1,0,0,0,0,0,0,"- ","- ",,,"SAN FRANCISCO","SAN FRANCISCO",-122.39435577392578,37.725494384765625
8919789,2019,2019-08-27,3801,2019-07-02,1855,564,TARAV,2,5,7,3801,0,0,0,,0,3I13D,"LINCOLN AV","48TH AV",0.00,,Y,A,-,N,,,,,,,,,,Y,2,0,1,2,A,-,08,22107,,N,D,C,A,A,H,-,A,A,0,,,Y,,Y,,A,01,1,0,0,0,0,0,0,0,1,"- ","- ",,,"SAN FRANCISCO","SAN FRANCISCO",-122.50833892822266,37.764080047607422
8919790,2019,2019-08-27,3801,2019-07-24,2237,4124,INGLE,3,5,7,3801,0,0,0,,0,,"LYELL ST","LYELL ST  15",53.00,E,N,A,-,N,,,,,,,,,,N,2,0,1,1,A,-,03,22350,,N,H,J,A,A,H,-,C,D,0,,Y,,,Y,,L,04,1,0,0,0,0,0,1,0,0,"- ","- ",,,"SAN FRANCISCO","SAN FRANCISCO",-122.43192291259766,37.732654571533203
8919801,2019,2019-08-27,3801,2019-07-03,0126,1527,PARK,3,5,7,3801,0,0,0,,0,3F14E,"LINCOLN WY","6TH AV",78.00,W,N,A,-,N,,,,,,,,,,N,2,0,1,2,A,-,07,21658,A,N,B,E,A,A,H,-,C,D,0,,Y,,,Y,,L,04,1,0,0,0,0,0,1,0,0,"- ","- ",,,"SAN FRANCISCO","SAN FRANCISCO",-122.4635009765625,37.766063690185547
8922881,2019,2019-08-22,3801,2019-07-14,1928,2335,RICHM,7,5,7,3801,0,0,0,,0,0G4,"FULTON ST","28TH AV",46.00,W,N,A,-,N,,,,,,,,,,Y,2,0,2,2,A,-,03,22350,,N,C,E,A,A,H,-,A,A,0,,,,,Y,,A,08,1,0,1,0,0,0,0,0,0,"- ","- ",,,"SAN FRANCISCO","SAN FRANCISCO",-122.48757171630859,37.772415161132812
8936657,2019,2019-09-25,3801,2019-08-07,2016,2441,SOUTH,3,5,7,3801,0,0,0,,0,3B13D,"8TH ST","HOWARD ST",0.00,,Y,A,-,N,,,,,,,,,,N,2,0,1,2,A,-,06,21750,A,N,B,G,A,A,H,-,B,A,0,,Y,,,Y,,L,04,1,0,0,0,0,0,1,0,0,"- ","- ",,,"SAN FRANCISCO","SAN FRANCISCO",-122.41159057617188,37.776229858398438
8936832,2019,2019-09-19,3801,2019-08-22,1930,4314,RICHM,4,5,7,3801,0,0,0,,0,0G2,"PINE ST","LYON ST",31.00,W,N,A,-,N,,,,,,,,,,Y,2,0,1,3,A,-,03,22350,,N,F,A,A,A,H,-,A,D,0,,,Y,,Y,,C,02,1,0,0,0,0,0,0,0,1,"- ","- ",,,"SAN FRANCISCO","SAN FRANCISCO",-122.4453125,37.786464691162109
8936889,2019,2019-09-18,3801,2019-08-17,2256,2287,NORTH,6,5,7,3801,0,0,0,,0,3E60,"CALIFORNIA ST","POLK ST",6.00,W,N,-,-,N,,,,,,,,,,N,2,0,1,2,A,-,11,21950,B,N,G,B,B,A,H,-,C,A,0,Y,,,,Y,Y,N,60,1,0,0,0,1,0,0,0,0,"- ","- ",,,"SAN FRANCISCO","SAN FRANCISCO",-122.42070007324219,37.790569305419922
8936947,2019,2019-09-18,3801,2019-08-10,1254,1043,TRAFF,6,5,7,3801,0,0,0,,0,4B5A,"16TH ST","BRYANT ST",6.00,W,N,A,-,N,,,,,,,,,,N,2,0,1,2,A,-,12,21453,A,F,G,B,B,A,H,-,A,A,0,Y,,,,Y,,A,01,1,0,0,0,1,0,0,0,0,"- ","- ",,,"SAN FRANCISCO","SAN FRANCISCO",-122.41053771972656,37.765590667724609
8936999,2019,2019-10-08,3801,2019-08-18,2142,2463,NORTH,7,5,7,3801,0,0,0,,0,3E62,"SUTTER ST","POLK ST",0.00,,Y,A,-,N,,,,,,,,,,Y,2,0,3,2,A,-,01,23152,A,N,D,C,A,A,H,-,C,A,0,,,,,Y,Y,A,01,1,0,2,0,0,0,0,0,0,"- ","- ",,,"SAN FRANCISCO","SAN FRANCISCO",-122.42009735107422,37.787761688232422
8939106,2018,2020-05-26,3801,2018-04-28,0139,1129,TARAV,6,5,7,3801,0,0,0,,0,005,"19TH AV","WINSTON DR",0.00,,Y,A,-,Y,SF,4,1,-,-,1.350,I,5,S,Y,1,1,0,2,A,-,11,21456,C,N,G,B,B,A,H,-,C,A,0,Y,,,,Y,Y,N,60,0,0,0,1,0,0,0,0,0,"- ","- ",,,"SAN FRANCISCO","SAN FRANCISCO",-122.47507476806641,37.726921081542969
8939118,2019,2019-10-30,3801,2019-10-06,1539,1435,TRAFF,7,5,7,3801,0,0,0,,0,4B4I,"HUNTERS POINT BL","EVANS AV",169.00,E,N,A,-,N,,,,,,,,,,Y,1,1,2,2,A,-,03,22350,,N,A,C,A,A,H,-,A,D,0,,,,,Y,,A,01,1,0,1,0,0,0,0,0,0,"- ","- ",,,"SAN FRANCISCO","SAN FRANCISCO",-122.37721252441406,37.736351013183594
8939522,2019,2020-01-23,3801,2019-10-07,1924,441,TRAFF,1,5,7,3801,0,0,0,,0,RICHMO,"ANZA ST","3RD AV",64.00,W,N,A,-,N,,,,,,,,,,Y,2,0,1,3,C,-,18,,,M,B,E,A,A,H,-,B,D,0,,,,,Y,,-,"- ",1,0,0,0,0,0,0,0,0,"- ","- ",,,"SAN FRANCISCO","SAN FRANCISCO",-122.46115112304688,37.779220581054688
8939554,2019,2020-01-31,3801,2019-12-07,0607,1730,TRAFF,6,5,7,3801,0,0,0,,0,4B1H,"BAY SHORE BL","BACON ST",23.00,N,N,B,-,N,,,,,,,,,,Y,1,1,0,2,A,-,11,21456,C,N,G,B,B,B,H,-,B,A,0,Y,,,,Y,,N,60,0,0,0,1,0,0,0,0,0,"- ","- ",,,"SAN FRANCISCO","SAN FRANCISCO",-122.4022216796875,37.728012084960938
8939729,2023,2024-01-23,3801,2023-01-22,"211 ",1766,MISSI,7,5,7,3801,0,0,0,,0,4B103,"16TH ST","POTRERO AV",40.00,W,N,A,-,N,,,,,,,,,,Y,1,1,2,2,A,-,01,23152,A,N,C,C,A,A,H,-,C,A,0,,,,,Y,Y,A,07,0,0,2,0,0,0,0,0,0,"- ","- ",,,"SAN FRANCISCO","SAN FRANCISCO",-122.40769958496094,37.765758514404297
8939731,2023,2025-06-28,3801,2023-10-19,"51  ",1422,TRAFF,4,5,7,3801,0,0,0,,0,04B,"VAN NESS AV","OFARRELL ST",21.00,N,N,A,-,N,,,,,,,,,,Y,1,1,0,2,A,-,11,21954,A,N,G,B,D,A,H,-,C,A,0,Y,,,,Y,Y,N,60,0,0,0,1,0,0,0,0,0,"- ","- ",,,"SAN FRANCISCO","SAN FRANCISCO",-122.42113494873047,37.784816741943359
8940070,2019,2019-10-31,3801,2019-09-14,1202,859,TENDO,6,5,7,3801,0,0,0,,0,03J,"LARKIN ST","GROVE ST",0.00,,Y,A,-,N,,,,,,,,,,N,2,0,1,2,A,-,10,21950,A,N,G,B,B,A,H,-,A,A,0,Y,,,,Y,,I,10,1,0,0,0,1,0,0,0,0,"- ","- ",,,"SAN FRANCISCO","SAN FRANCISCO",-122.41658782958984,37.778659820556641
8943295,2019,2019-09-23,3801,2019-08-25,1338,1166,TARAV,7,5,7,3801,0,0,0,,0,3I44,"LEE AV","GRAFTON AV",0.00,,Y,B,-,N,,,,,,,,,,Y,2,0,1,2,A,-,12,22450,A,N,D,C,A,A,H,-,A,A,0,,,Y,,Y,,C,02,1,0,0,0,0,0,0,0,1,"- ","- ",,,"SAN FRANCISCO","SAN FRANCISCO",-122.4541015625,37.720008850097656
8969487,2019,2019-12-12,3801,2019-10-31,2042,2142,TENDE,4,5,7,3801,0,0,0,,0,3J13E,"MARKET ST","JONES ST",41.00,E,N,A,-,N,,,,,,,,,,N,2,0,1,2,A,-,11,21955,,N,G,B,D,A,H,-,C,D,0,Y,,,,Y,Y,N,60,1,0,0,0,1,0,0,0,0,"- ","- ",,,"SAN FRANCISCO","SAN FRANCISCO",-122.41188049316406,37.780990600585938
8969519,2019,2019-12-23,3801,2019-10-08,1242,4335,NORTH,2,5,7,3801,0,0,0,,0,901,"POLK ST","FERN ST",8.00,N,N,A,-,N,,,,,,,,,,N,2,0,1,2,A,-,21,22106,,N,E,I,F,A,H,-,A,D,0,Y,,,Y,Y,,F,26,1,0,0,0,1,0,0,0,0,"- ","- ",,,"SAN FRANCISCO","SAN FRANCISCO",-122.42019653320312,37.788230895996094
8969931,2019,2019-11-21,3801,2019-10-03,1415,624,NORTH,4,5,7,3801,0,0,0,,0,005,"LAGUNA ST",BROADWAY,0.00,,Y,A,-,N,,,,,,,,,,Y,2,0,1,2,A,-,12,22450,A,N,D,C,A,A,H,-,A,A,0,,,Y,,Y,,A,07,1,0,0,0,0,0,0,0,1,"- ","- ",,,"SAN FRANCISCO","SAN FRANCISCO",-122.42997741699219,37.794891357421875
8969955,2019,2019-11-21,3801,2019-10-08,0951,1557,SOUTH,2,5,7,3801,0,0,0,,0,3B13A,"HARRISON ST","FREMONT ST",0.00,,Y,A,-,N,,,,,,,,,,N,2,0,1,2,A,-,10,21950,A,N,A,B,B,A,H,-,A,A,0,Y,,,,Y,,A,01,1,0,0,0,1,0,0,0,0,"- ","- ",,,"SAN FRANCISCO","SAN FRANCISCO",-122.39205932617188,37.786788940429688
8969973,2019,2019-11-20,3801,2019-10-07,2045,A22023,INGLE,1,5,7,3801,0,0,0,,0,3H16C,"VISITACION AV","MANSELL ST",0.00,,Y,A,-,N,,,,,,,,,,N,2,0,1,1,A,-,03,22350,,N,F,-,A,A,H,-,C,A,0,,,Y,,Y,,C,02,1,0,0,0,0,0,0,0,1,"- ","- ",,,"SAN FRANCISCO","SAN FRANCISCO",-122.41168212890625,37.718879699707031
8981242,2019,2020-01-03,3801,2019-11-18,0617,970,SOUTH,1,5,7,3801,0,0,0,,0,,"THE EMBARCADERO","BRYANT ST",0.00,,Y,A,-,N,,,,,,,,,,N,2,0,1,2,B,-,22,,,F,D,J,A,A,H,-,B,A,0,,,,,Y,,-,,1,0,0,0,0,0,0,0,0,"- ","- ",37.787090301513672,-122.38748168945312,"SAN FRANCISCO","SAN FRANCISCO",-122.38800811767578,37.787090301513672
8981397,2019,2020-02-04,3801,2019-11-17,0629,4041,BAYVI,7,5,7,3801,0,0,0,,0,3C13A,"BAYSHORE BL","INDUSTRIAL ST",0.00,,Y,A,-,N,,,,,,,,,,Y,2,0,4,3,A,-,12,21453,A,F,D,C,A,A,H,-,A,A,0,,,,,Y,,A,01,2,0,2,0,0,0,0,0,0,"- ","- ",,,"SAN FRANCISCO","SAN FRANCISCO",-122.40695953369141,37.737998962402344
8981431,2019,2020-02-03,3801,2019-11-22,0700,2467,CENT,5,5,7,3801,0,0,0,,0,3A13A,"THE EMBARCADERO","WASHINGTON ST",0.00,,Y,A,-,N,,,,,,,,,,N,2,0,1,2,A,-,05,21650,,F,A,G,A,A,H,-,A,A,0,,Y,,,Y,Y,L,04,1,0,0,0,0,0,1,0,0,"- ","- ",,,"SAN FRANCISCO","SAN FRANCISCO",-122.39556121826172,37.796638488769531
8981450,2019,2020-01-13,3801,2019-11-27,1815,2151,MISSI,3,5,7,3801,0,0,0,,0,3D15D,"CAPP ST","16TH ST",54.00,S,N,B,-,N,,,,,,,,,,N,2,0,1,2,A,-,03,22350,,F,B,C,A,B,-,-,C,A,0,,,Y,,Y,,-,,1,0,0,0,0,0,0,0,1,"- ","- ",,,"SAN FRANCISCO","SAN FRANCISCO",-122.41868591308594,37.76495361328125
8981542,2019,2020-01-09,3801,2019-11-22,1320,719,CENTR,5,5,7,3801,0,0,0,,0,3A61,"THE EMBARCADERO ST","BAY ST",100.00,N,N,A,-,N,,,,,,,,,,N,2,0,1,2,A,-,17,21235,G,N,C,B,F,A,H,-,A,D,0,Y,,,,Y,,M,93,1,0,0,0,1,0,0,0,0,"- ","- ",,,"SAN FRANCISCO","SAN FRANCISCO",-122.40625762939453,37.806785583496094
8981552,2019,2020-01-11,3801,2019-11-03,1740,1092,RICHM,7,5,7,3801,0,0,0,,0,00D,"CORNWALL ST","ARGUELLO BL",0.00,,Y,A,-,N,,,,,,,,,,N,2,0,2,3,A,-,10,21950,A,N,G,B,B,A,H,-,C,A,0,Y,,,,Y,,A,01,1,1,0,0,2,0,0,0,0,"- ","- ",,,"SAN FRANCISCO","SAN FRANCISCO",-122.45915985107422,37.785060882568359
8981563,2019,2020-01-13,3801,2019-11-26,1513,564,TARAV,2,5,7,3801,0,0,0,,0,3I11D,"RIVERA ST","19TH AV",0.00,,Y,C,-,N,,,,,,,,,,N,2,0,1,2,A,-,10,21950,A,N,G,B,B,B,H,-,A,A,0,Y,,,,Y,,A,01,1,0,0,0,1,0,0,0,0,"- ","- ",,,"SAN FRANCISCO","SAN FRANCISCO",-122.47592163085938,37.746768951416016
8981589,2019,2020-01-10,3801,2019-11-18,1000,4041,BAYVI,1,5,7,3801,0,0,0,,0,3C13A,"3RD ST","JAMESTOWN AV",0.00,,Y,A,-,N,,,,,,,,,,Y,2,0,2,4,A,-,12,21453,A,F,D,C,A,A,H,-,A,A,0,,,,,Y,,A,01,1,0,1,0,0,0,0,0,0,"- ","- ",,,"SAN FRANCISCO","SAN FRANCISCO",-122.39671325683594,37.720260620117188
8981599,2019,2020-01-13,3801,2019-11-19,1054,1996,SOUTH,2,5,7,3801,0,0,0,,0,3B14A,"8TH ST","BRYANT ST",180.00,S,N,A,-,N,,,,,,,,,,N,2,0,1,2,A,-,08,22107,,N,B,C,A,A,H,-,A,D,0,,,,,Y,,A,01,1,0,0,0,0,0,0,0,0,"- ","- ",,,"SAN FRANCISCO","SAN FRANCISCO",-122.40664672851562,37.772102355957031
8981603,2019,2020-01-09,3801,2019-11-08,1817,556,SOUTH,5,5,7,3801,0,0,0,,0,3B13D,"MAIN ST","MISSION ST",57.00,N,N,A,-,N,,,,,,,,,,N,2,0,1,1,C,-,18,,,N,-,J,A,A,A,-,C,A,0,,Y,,,Y,,-,"- ",1,0,0,0,0,0,1,0,0,"- ","- ",,,"SAN FRANCISCO","SAN FRANCISCO",-122.39511108398438,37.791973114013672
8981631,2019,2020-01-09,3801,2019-11-08,0813,1853,CENTR,5,5,7,3801,0,0,0,,0,3A11A,"THE EMBARCADERO","LOMBARD ST",0.00,,Y,A,-,N,,,,,,,,,,N,2,0,2,2,D,-,00,,,N,D,B,B,A,H,-,A,A,0,Y,Y,,,Y,,-,"- ",1,1,0,0,1,0,1,0,0,"- ","- ",,,"SAN FRANCISCO","SAN FRANCISCO",-122.40220642089844,37.804168701171875
8981644,2019,2020-01-14,3801,2019-11-08,1437,1766,TRAFF,5,5,7,3801,0,0,0,,0,4B3C,"ALEMANY BL","ONONDAGA ST",0.00,,Y,A,-,N,,,,,,,,,,Y,2,0,2,4,A,-,12,21453,A,N,D,C,A,A,H,-,A,A,0,,Y,,,Y,,A,01,1,0,1,0,0,0,1,0,0,"- ","- ",,,"SAN FRANCISCO","SAN FRANCISCO",-122.43871307373047,37.721649169921875
8981656,2019,2020-01-14,3801,2019-11-14,1908,831,TARAV,4,5,7,3801,0,0,0,,0,3I11D,"LINCOLN WY","20TH AV",0.00,,Y,A,-,N,,,,,,,,,,N,2,0,1,2,A,-,09,21804,A,N,D,G,A,A,H,-,C,A,0,,Y,,,Y,,L,04,1,0,0,0,0,0,1,0,0,"- ","- ",,,"SAN FRANCISCO","SAN FRANCISCO",-122.47833251953125,37.765399932861328
8981668,2019,2020-01-14,3801,2019-11-03,0050,1881,RICH,7,5,7,3801,0,0,0,,0,3G5,"GREAT HWY","JOHN F KENNEDY DR",991.00,S,N,A,-,N,,,,,,,,,,Y,2,0,5,3,A,-,03,22350,,N,D,I,A,A,H,-,C,A,0,,,,,Y,Y,A,01,3,0,2,0,0,0,0,0,0,"- ","- ",,,"SAN FRANCISCO","SAN FRANCISCO",-122.51048278808594,37.767772674560547
8981687,2019,2019-12-27,3801,2019-10-03,1313,1023,CENTR,4,5,7,3801,0,0,0,,0,3A5,"MARKET ST","SUTTER ST",0.00,,Y,A,-,N,,,,,,,,,,N,2,0,1,1,A,-,03,22350,,N,F,-,A,A,H,-,A,A,0,,Y,,,Y,,L,04,1,0,0,0,0,0,1,0,0,"- ","- ",,,"SAN FRANCISCO","SAN FRANCISCO",-122.40013885498047,37.790298461914062
8981733,2019,2019-11-20,3801,2019-10-13,1756,1014,CENTR,7,5,7,3801,0,0,0,,0,3A3,"JEFFERSON ST","JONES ST",117.00,E,N,A,-,N,,,,,,,,,,N,2,0,1,1,A,-,17,21461,A,N,H,I,A,A,H,-,A,D,0,,Y,,,Y,,L,04,1,0,0,0,0,0,1,0,0,"- ","- ",,,"SAN FRANCISCO","SAN FRANCISCO",-122.41702270507812,37.808063507080078
8981855,2019,2019-12-10,3801,2019-10-23,0810,1318,BAYVI,3,5,7,3801,0,0,0,,0,3C72,"WILLIAMS AV","MENDELL ST",0.00,,Y,A,-,N,,,,,,,,,,N,2,0,1,2,A,-,10,21950,A,N,A,B,B,A,H,-,A,D,0,Y,,,,Y,,A,01,1,0,0,0,1,0,0,0,0,"- ","- ",,,"SAN FRANCISCO","SAN FRANCISCO",-122.39488983154297,37.729598999023438
8981948,2019,2019-11-20,3801,2019-10-30,0921,1347,SOUTH,3,5,7,3801,0,0,0,,0,3B60,"KING ST","3RD ST",417.00,E,N,A,-,N,,,,,,,,,,N,2,0,2,2,A,-,10,21950,,N,G,B,B,A,H,-,A,A,0,Y,,,,Y,,M,94,1,0,1,0,1,0,0,0,0,"- ","- ",,,"SAN FRANCISCO","SAN FRANCISCO",-122.39091491699219,37.778999328613281
8981959,2019,2019-11-21,3801,2019-10-01,1716,887,SOUTH,2,5,7,3801,0,0,0,,0,0B2,"HARRISON ST","LAPU LAPU ST",62.00,E,N,A,-,N,,,,,,,,,,N,2,0,1,2,A,-,17,22517,,N,H,G,A,A,H,-,A,D,0,,Y,,,Y,,A,01,1,0,0,0,0,0,1,0,0,"- ","- ",,,"SAN FRANCISCO","SAN FRANCISCO",-122.39822387695312,37.781898498535156
8995658,2019,2019-12-18,3801,2019-10-21,0850,1990,SOUTH,1,5,7,3801,0,0,0,,0,3B60,"4TH ST","TOWNSEND ST",0.00,,Y,A,-,N,,,,,,,,,,N,2,0,1,3,A,-,17,22517,,N,B,G,A,A,H,-,A,A,0,,Y,,,Y,,-,,1,0,0,0,0,0,1,0,0,"- ","- ",,,"SAN FRANCISCO","SAN FRANCISCO",-122.39498901367188,37.777111053466797
90027959,2015,2015-10-19,9335,2015-08-15,0548,020888,,6,3,7,3801,0,1,1,,2,023,"I-280 N/B","ALEMANY BLVD O/C",974.00,N,N,A,-,Y,,,280,,,,,,N,Y,1,1,0,3,A,-,11,21954,A,N,E,J,E,A,H,-,E,D,0,Y,,,,Y,,N,60,0,0,0,1,0,0,0,0,0,"- ","- ",37.73339,-122.4115,"SAN FRANCISCO","SAN FRANCISCO",-122.41152145,37.733448670000001
90048461,2015,2015-11-11,9335,2015-10-06,0843,019202,,2,1,7,3801,0,1,1,,2,023,"I-280 N/B","ALEMANY BLVD O/C",108.00,N,N,A,-,Y,,,280,,,,,,N,Y,2,0,1,2,A,-,03,22350,,N,C,C,A,A,H,-,A,D,0,,,Y,,Y,,C,02,1,0,0,0,0,0,0,0,1,"- ","- ",37.732289999999999,-122.41412,"SAN FRANCISCO","SAN FRANCISCO",-122.41414561000001,37.732365309999999
90053014,2015,2015-11-18,9335,2015-11-06,1433,020217,,5,2,7,3801,0,1,1,,1,083,"I-80 E/B","CECTER ANCHORAGE",800.00,W,N,A,-,Y,,,,,,,,,,Y,2,0,1,3,A,-,03,22350,,N,B,C,A,A,H,-,A,D,0,,,Y,Y,Y,,C,02,1,0,0,0,0,0,0,0,1,"- ","- ",37.793329999999997,-122.38491999999999,"SAN FRANCISCO","SAN FRANCISCO",,
90130020,2016,2016-06-13,9335,2016-02-14,1945,020212,,7,2,7,3801,0,1,1,,2,023,"I-280 S/B","ALEMANY BOULEVARD NORTH O/C",460.00,S,N,A,-,Y,,,280,,,,,,S,Y,2,0,3,3,A,-,07,21658,,F,C,C,A,A,H,-,D,D,0,,,Y,,Y,,A,07,1,1,1,0,0,0,0,0,3,"- ","- ",37.732259999999997,-122.41518000000001,"SAN FRANCISCO","SAN FRANCISCO",-122.41516931,37.73221522
90244169,2016,2016-08-15,9335,2016-08-05,1207,018688,,5,1,7,3801,0,1,1,,2,080,"I-80 W/B","2ND ST",713.00,W,N,A,-,Y,,,80,,,,,,W,Y,2,0,1,2,A,-,07,21658,A,N,C,C,A,A,H,-,A,D,0,,,Y,,Y,,C,02,1,0,0,0,0,0,0,0,1,"- ","- ",37.782319999999999,-122.39633000000001,"SAN FRANCISCO","SAN FRANCISCO",-122.3964063,37.782419949999998
90255142,2016,2016-08-29,9335,2016-08-18,0010,021277,,4,3,7,3801,0,1,1,,2,080,"I-80 W/B TO 5TH STREET","5TH STREET",240.00,E,N,A,-,Y,,,80,,,,R,,W,Y,2,0,1,1,A,-,01,23152,,N,E,I,A,A,H,-,C,A,0,,,,,Y,Y,A,01,1,0,0,0,0,0,0,0,0,"- ","- ",37.77899,-122.40076000000001,"SAN FRANCISCO","SAN FRANCISCO",-122.40076000000001,37.77899
90328792,2016,2016-11-23,9335,2016-11-14,0000,021312,,1,3,7,3801,0,1,2,,2,013,"US-101 S/B","ALANA WAY UNDERCROSSING",450.00,N,N,B,-,Y,,,101,,,,,,S,Y,2,0,1,1,A,-,08,22107,,N,E,I,A,A,H,-,D,D,0,,,,,Y,,A,01,1,0,0,0,0,0,0,0,0,"- ","- ",37.710000000000001,-122.3954,"SAN FRANCISCO","SAN FRANCISCO",-122.39549636,37.709977700000003
9032978,2019,2020-02-04,3801,2019-12-11,0455,2247,SOUTH,3,5,7,3801,0,0,0,,0,0B4,"3RD ST","BRYANT ST",0.00,,Y,B,C,N,,,,,,,,,,N,2,0,1,2,A,-,17,21200,A,N,D,G,A,B,H,-,C,A,0,,Y,,Y,Y,,L,04,1,0,0,0,0,0,1,0,0,"- ","- ",,,"SAN FRANCISCO","SAN FRANCISCO",-122.39585113525391,37.78131103515625
90352361,2016,2016-12-27,9335,2016-12-09,2330,020888,,5,3,7,3801,0,1,2,,2,015,"US-101 SOUTHBOUND FROM 10TH STREET","BRYANT STREET",277.00,S,N,B,C,Y,,,101,,,,R,,S,Y,2,0,2,1,A,-,01,23152,A,N,E,I,A,B,H,-,C,D,0,,,,,Y,Y,D,22,1,1,0,0,0,0,0,0,0,"- ","- ",37.767569999999999,-122.4055,"SAN FRANCISCO","SAN FRANCISCO",-122.4055,37.767569999999999