CASE_ID,ACCIDENT_YEAR,PROC_DATE,JURIS,COLLISION_DATE,COLLISION_TIME,OFFICER_ID,REPORTING_DISTRICT,DAY_OF_WEEK,CHP_SHIFT,POPULATION,CNTY_CITY_LOC,SPECIAL_COND,BEAT_TYPE,CHP_BEAT_TYPE,CITY_DIVISION_LAPD,CHP_BEAT_CLASS,BEAT_NUMBER,PRIMARY_RD,SECONDARY_RD,DISTANCE,DIRECTION,INTERSECTION,WEATHER_1,WEATHER_2,STATE_HWY_IND,CALTRANS_COUNTY,CALTRANS_DISTRICT,STATE_ROUTE,ROUTE_SUFFIX,POSTMILE_PREFIX,POSTMILE,LOCATION_TYPE,RAMP_INTERSECTION,SIDE_OF_HWY,TOW_AWAY,COLLISION_SEVERITY,NUMBER_KILLED,NUMBER_INJURED,PARTY_COUNT,PRIMARY_COLL_FACTOR,PCF_CODE_OF_VIOL,PCF_VIOL_CATEGORY,PCF_VIOLATION,PCF_VIOL_SUBSECTION,HIT_AND_RUN,TYPE_OF_COLLISION,MVIW,PED_ACTION,ROAD_SURFACE,ROAD_COND_1,ROAD_COND_2,LIGHTING,CONTROL_DEVICE,CHP_ROAD_TYPE,PEDESTRIAN_ACCIDENT,BICYCLE_ACCIDENT,MOTORCYCLE_ACCIDENT,TRUCK_ACCIDENT,NOT_PRIVATE_PROPERTY,ALCOHOL_INVOLVED,STWD_VEHTYPE_AT_FAULT,CHP_VEHTYPE_AT_FAULT,COUNT_SEVERE_INJ,COUNT_VISIBLE_INJ,COUNT_COMPLAINT_PAIN,COUNT_PED_KILLED,COUNT_PED_INJURED,COUNT_BICYCLIST_KILLED,COUNT_BICYCLIST_INJURED,COUNT_MC_KILLED,COUNT_MC_INJURED,PRIMARY_RAMP,SECONDARY_RAMP,LATITUDE,LONGITUDE,COUNTY,CITY,POINT_X,POINT_Y
9035575,2019,2020-02-05,3801,2019-12-14,1454,1435,TRAFF,6,5,7,3801,0,0,0,,0,4B4I,"FRANKLIN ST","BUSH ST",64.00,S,N,A,-,N,,,,,,,,,,Y,2,0,1,2,A,-,04,21703,,N,C,C,A,A,H,-,A,A,0,,,Y,,Y,,C,02,1,0,0,0,0,0,0,0,1,"- ","- ",,,"SAN FRANCISCO","SAN FRANCISCO",-122.42354583740234,37.788105010986328
9035623,2019,2020-02-05,3801,2019-12-21,1315,4119,TRAFF,6,5,7,3801,0,0,0,,0,4B3K,"IRVING ST","21ST AV",72.00,E,N,B,-,N,,,,,,,,,,Y,2,0,2,3,A,-,21,22106,,N,G,B,F,A,H,-,A,D,0,Y,,,,Y,,A,07,1,0,1,0,2,0,0,0,0,"- ","- ",,,"SAN FRANCISCO","SAN FRANCISCO",-122.47903442382812,37.763481140136719
9035665,2019,2020-01-29,3801,2019-12-02,0933,1144,TARAV,1,5,7,3801,0,0,0,,0,3I16A,"SAN JOSE AV","SICKLES AV",0.00,,Y,C,-,N,,,,,,,,,,Y,2,0,1,3,A,-,09,21801,A,N,D,D,A,B,H,-,A,A,0,,,,,Y,,A,01,1,0,0,0,0,0,0,0,0,"- ","- ",,,"SAN FRANCISCO","SAN FRANCISCO",-122.45581817626953,37.711238861083984
9035724,2019,2020-01-30,3801,2019-12-07,0746,2195,CENTR,6,5,7,3801,0,0,0,,0,3A11A,"LARKIN ST","SUTTER ST",8.00,N,N,B,-,N,,,,,,,,,,N,2,0,3,2,A,-,12,21453,A,N,D,D,A,B,H,-,A,A,0,,,,,Y,,M,95,1,2,0,0,0,0,0,0,0,"- ","- ",,,"SAN FRANCISCO","SAN FRANCISCO",-122.41847229003906,37.787990570068359
9035781,2019,2020-01-29,3801,2019-12-26,1720,2355,TARAV,4,5,7,3801,0,0,0,,0,0I2,"VICENTE ST","SUNSET BL",0.00,,Y,A,-,N,,,,,,,,,,N,2,0,1,2,A,-,03,22350,,N,-,B,B,A,H,-,B,A,0,Y,,,,Y,,A,01,1,0,0,0,1,0,0,0,0,"- ","- ",,,"SAN FRANCISCO","SAN FRANCISCO",-122.49427032470703,37.738498687744141
9035789,2019,2020-01-29,3801,2019-12-26,1223,670,INGLE,4,5,7,3801,0,0,0,,0,3H16C,"MISSION ST","ONONDAGA AV",0.00,,N,A,-,N,,,,,,,,,,N,2,0,1,2,A,-,11,21955,,N,G,B,D,A,H,-,A,D,0,Y,,,,Y,Y,N,60,1,0,0,0,1,0,0,0,0,"- ","- ",,,"SAN FRANCISCO","SAN FRANCISCO",-122.4375,37.721149444580078
9035837,2019,2020-01-29,3801,2019-12-16,1805,936,CENTR,1,5,7,3801,0,0,0,,0,3A13D,"GEARY ST","LEAVENWORTH ST",7.00,W,N,A,-,N,,,,,,,,,,N,2,0,1,2,A,-,08,22107,,N,-,B,D,A,H,-,C,A,0,Y,,,,Y,,A,07,1,0,0,0,1,0,0,0,0,"- ","- ",,,"SAN FRANCISCO","SAN FRANCISCO",-122.41482543945312,37.786537170410156
9036287,2019,2020-01-28,3801,2019-11-14,1900,1823,NORTH,4,5,7,3801,0,0,0,,0,3E00,"PINE ST","POLK ST",0.00,,Y,F,-,N,,,,,,,,,,N,2,0,1,2,A,-,06,21750,A,N,H,B,A,A,H,-,B,A,0,,,,,Y,,A,01,1,0,0,0,0,0,0,0,0,"- ","- ",,,"SAN FRANCISCO","SAN FRANCISCO",-122.42050170898438,37.789638519287109
90376484,2017,2017-02-16,9335,2017-01-11,1950,017150,,3,2,7,3801,0,1,1,,1,081,"I-80 W/B","SPEAR ST",2150.00,E,N,B,C,Y,,,80,,,,,,W,Y,2,0,3,7,A,-,03,22350,,N,C,C,E,B,H,-,C,D,0,Y,,,,Y,,A,01,1,0,2,0,1,0,0,0,0,"- ","- ",37.792380000000001,-122.38418,"SAN FRANCISCO","SAN FRANCISCO",-122.38403069,37.792237669999999
90409704,2017,2017-03-10,9335,2017-02-28,2122,020889,,2,2,7,3801,0,1,1,,2,022,"I-280 S/B","GENEVA AVE. OVER CROSSING",12.00,S,N,A,-,Y,,,280,,,,,,S,Y,2,0,5,4,A,-,03,22350,,N,C,C,E,A,H,-,D,D,0,Y,,,,Y,,A,01,1,1,3,0,1,0,0,0,0,"- ","- ",37.721220000000002,-122.44834,"SAN FRANCISCO","SAN FRANCISCO",-122.44823586,37.721209590000001
90412412,2017,2017-04-14,9335,2017-02-11,0050,021277,,6,3,7,3801,0,1,1,,2,080,"I-80 W/B TO 5TH STREET","HARRISON STREET",249.00,E,N,A,-,Y,,,80,,,,R,,W,Y,2,0,3,1,A,-,01,23152,G,N,E,I,A,A,H,-,D,A,0,,,,,Y,Y,A,01,3,0,0,0,0,0,0,0,0,"- ","- ",37.77899,-122.401,"SAN FRANCISCO","SAN FRANCISCO",-122.401,37.77899
90470057,2017,2017-06-02,9335,2017-05-20,1944,021125,,6,2,7,3801,0,1,2,,2,013,"US-101 S/B","SILVER AVE OVER-CROSSING",565.00,N,N,A,-,Y,,,101,,,,,,S,Y,2,0,1,3,A,-,07,21658,A,F,B,C,A,A,H,-,A,D,0,,,Y,,Y,,-,99,1,0,0,0,0,0,0,0,1,"- ","- ",37.734110000000001,-122.40622999999999,"SAN FRANCISCO","SAN FRANCISCO",-122.40621391000001,37.734120089999998
9047458,2020,2020-03-05,3801,2020-01-13,1612,321,RICHM,1,5,7,3801,0,0,0,,0,3G13D,"ARGUELLO ST","GEARY BL",285.00,S,N,A,-,N,,,,,,,,,,N,2,0,1,3,A,-,08,22107,,N,-,-,A,A,H,-,A,-,0,,,Y,,Y,,A,01,1,0,0,0,0,0,0,0,1,"- ","- ",,,"SAN FRANCISCO","SAN FRANCISCO",-122.45883178710938,37.780548095703125
9047478,2020,2020-03-05,3801,2020-01-08,1944,2175,MISSI,3,5,7,3801,0,0,0,,0,3D14D,"GUERRERO ST","18TH ST",140.00,S,N,A,-,N,,,,,,,,,,N,2,0,1,1,A,-,01,23153,A,N,H,J,A,A,H,-,C,A,0,,,Y,,Y,Y,C,02,1,0,0,0,0,0,0,0,1,"- ","- ",,,"SAN FRANCISCO","SAN FRANCISCO",-122.42375946044922,37.761196136474609
90475068,2017,2017-06-12,9335,2017-06-01,1625,017672,,4,2,7,3801,0,1,1,,2,080,"I-80 E/B","5TH STREET ON-RAMP",75.00,W,N,A,-,Y,,,80,,,,,,E,Y,2,0,1,2,A,-,07,21658,A,N,B,C,A,A,H,-,A,D,0,,,Y,,Y,,D,22,1,0,0,0,0,0,0,0,1,"- ","- ",37.780160000000002,-122.39866000000001,"SAN FRANCISCO","SAN FRANCISCO",-122.39863434999999,37.780129459999998
9047532,2020,2020-03-06,3801,2020-01-16,0830,1666,PARK,4,5,7,3801,0,0,0,,0,4CAR,"4TH ST","KING ST",0.00,,Y,C,-,N,,,,,,,,,,N,2,0,1,1,A,-,03,22350,,N,F,A,A,B,H,-,A,A,0,,Y,,,Y,,L,04,1,0,0,0,0,0,1,0,0,"- ","- ",,,"SAN FRANCISCO","SAN FRANCISCO",-122.39414978027344,37.77642822265625
9047549,2020,2020-03-06,3801,2020-01-31,1305,2743,SOUTH,5,5,7,3801,0,0,0,,0,3B4,"MISSION ST","10TH ST",0.00,,Y,A,-,N,,,,,,,,,,N,2,0,1,2,A,-,12,21453,A,F,D,G,A,A,H,-,A,A,0,,Y,,,Y,,-,,1,0,0,0,0,0,1,0,0,"- ","- ",,,"SAN FRANCISCO","SAN FRANCISCO",-122.41590881347656,37.775279998779297
9047557,2020,2020-03-06,3801,2020-01-24,1256,118,MISSI,5,5,7,3801,0,0,0,,0,3D11C,"16TH ST","SANCHEZ ST",0.00,,Y,A,-,N,,,,,,,,,,Y,2,0,1,3,A,-,12,21453,A,N,D,C,A,A,H,-,A,A,0,,,Y,,Y,,A,01,1,0,0,0,0,0,0,0,1,"- ","- ",,,"SAN FRANCISCO","SAN FRANCISCO",-122.43087768554688,37.764358520507812
90487195,2017,2017-06-26,9335,2017-06-15,1730,020991,,4,2,7,3801,0,1,1,,2,080,"I-80 E/B","8TH ST.",252.00,W,N,A,-,Y,,,80,,,,,,E,Y,2,0,1,1,A,-,03,22350,,N,F,A,A,A,H,-,A,D,0,,,Y,,Y,,C,02,1,0,0,0,0,0,0,0,1,"- ","- ",37.77261,-122.40649999999999,"SAN FRANCISCO","SAN FRANCISCO",-122.40656353999999,37.772595160000002
90491110,2017,2017-06-29,9335,2017-06-15,0518,018053,,4,3,7,3801,0,1,2,,2,015,"US-101 S/B","POTRERO AVE. U/C",166.00,N,N,A,-,Y,,,101,,,,,,S,Y,2,0,1,1,A,-,01,23152,A,N,E,I,A,A,H,-,C,D,0,,,,,Y,Y,A,01,1,0,0,0,0,0,0,0,0,"- ","- ",37.768940000000001,-122.40864000000001,"SAN FRANCISCO","SAN FRANCISCO",-122.40865099,37.768898919999998
90505827,2017,2017-07-21,9335,2017-06-12,1203,018688,,1,1,7,3801,0,1,2,,2,015,"US-101 N/B","9TH ST",138.00,N,N,A,-,Y,,,101,,,,,,N,Y,1,1,0,1,A,-,08,22107,,N,E,I,A,A,H,-,A,A,0,,,Y,,Y,,C,02,0,0,0,0,0,0,0,1,0,"- ","- ",37.769939999999998,-122.40849,"SAN FRANCISCO","SAN FRANCISCO",-122.40849267,37.769915660000002
90515300,2017,2017-08-02,9350,2017-07-29,1716,020831,,6,2,7,3801,0,1,2,,1,120,"US-101 S/B","GOLDEN GATE BRIDGE NORTH TOWER",5.00,S,N,B,-,Y,,,101,,,,,,S,N,2,0,1,1,A,-,03,22350,,N,E,I,A,A,G,-,A,D,0,,Y,,,Y,,L,04,1,0,0,0,0,0,1,0,0,"- ","- ",37.82544,-122.47933,"SAN FRANCISCO","SAN FRANCISCO",-122.47951489,37.825412239999999
90546995,2017,2017-09-13,9335,2017-08-05,0119,021247,,6,3,7,3801,0,1,2,,2,014,"US-101 SOUTHBOUND","22ND ST PED O/C",160.00,S,N,A,-,Y,,,101,,,,,,S,Y,2,0,2,2,A,-,01,23152,G,N,C,C,A,A,H,-,D,D,0,,,,,Y,Y,A,07,1,0,1,0,0,0,0,0,0,"- ","- ",37.75638,-122.40348,"SAN FRANCISCO","SAN FRANCISCO",-122.40338742,37.756407320000001
90611677,2017,2017-12-06,9335,2017-11-24,1915,017150,,5,2,7,3801,0,1,2,,2,015,"US-101 S/B TO I-80 E/B","SAN BRUNO AVE",5.00,S,N,A,B,Y,,,101,,,,R,,S,N,2,0,1,1,A,-,08,22107,,N,E,I,A,A,H,-,C,D,0,,,Y,,Y,,C,02,1,0,0,0,0,0,0,0,1,"- ","- ",37.768799999999999,-122.40712000000001,"SAN FRANCISCO","SAN FRANCISCO",-122.40712000000001,37.768799999999999
90616030,2017,2018-03-13,9335,2017-09-19,0320,020311,,2,3,7,3801,0,1,1,,2,080,"I-80 E/B","MERLIN ST",120.00,W,N,A,-,Y,,,80,,,,,,E,Y,1,1,1,2,A,-,11,21954,A,N,G,B,E,A,H,-,C,D,0,Y,,,,Y,,N,60,0,1,0,1,0,0,0,0,0,"- ","- ",37.777709999999999,-122.40191,"SAN FRANCISCO","SAN FRANCISCO",-122.40189065,37.777673280000002
90617093,2017,2017-12-14,9335,2017-12-03,0445,021247,,7,3,7,3801,0,1,1,,2,080,"I-80 W/B TO 5TH STREET","5TH ST",297.00,E,N,A,-,Y,,,80,,,,R,,W,Y,2,0,1,1,A,-,01,23152,A,N,E,I,A,A,H,-,C,D,0,,,,,Y,Y,A,01,1,0,0,0,0,0,0,0,0,"- ","- ",37.778979999999997,-122.40064,"SAN FRANCISCO","SAN FRANCISCO",-122.40064,37.778979999999997
90618822,2017,2017-12-18,9350,2017-12-10,1300,019927,,7,1,7,3801,0,1,2,,1,120,"US-101 S/B (GGB WEST SIDEWALK)","MERCHANT RD",5808.00,N,N,A,-,N,,,101,,,,,,S,N,2,0,1,2,B,-,22,,,N,D,G,A,A,H,-,A,D,0,,Y,,,Y,,L,04,1,0,0,0,0,0,1,0,0,"- ","- ",37.819099999999999,-122.47824,"SAN FRANCISCO","SAN FRANCISCO",-122.47870208000001,37.81904505
90657864,2018,2018-02-08,9335,2018-02-05,2300,021284,,1,3,7,3801,0,1,1,,1,083,"I-80 E/B","TREASURE ISLAND RD",74.00,W,N,A,-,Y,,,80,,,,,,E,Y,2,0,2,1,A,-,01,23152,A,N,E,I,A,A,H,-,C,D,0,,,,,Y,Y,A,01,1,1,0,0,0,0,0,0,0,"- ","- ",37.808929443359375,-122.36675262451172,"SAN FRANCISCO","SAN FRANCISCO",-122.36653137207031,37.8087158203125
90668916,2018,2018-03-13,9350,2018-02-15,1808,019927,,4,2,7,3801,0,1,2,,2,020,"US-101 N/B","MERCHANT RD",1690.00,N,N,A,-,Y,,,101,,,,,,N,Y,2,0,1,2,A,-,07,21658,A,N,B,C,A,A,H,-,C,A,0,,,Y,,Y,,A,07,1,0,0,0,0,0,0,0,1,"- ","- ",37.811149597167969,-122.47770690917969,"SAN FRANCISCO","SAN FRANCISCO",-122.47759246826172,37.811164855957031
90670528,2017,2018-02-27,9335,2017-10-12,2233,021770,,4,3,7,3801,0,1,2,,2,013,"US-101 NORTHBOUND","CORTLAND STREET",326.00,N,N,A,-,Y,,,101,,,,,,N,Y,1,1,0,3,A,-,11,21954,A,F,G,B,E,A,H,-,D,D,0,Y,,,,Y,,N,60,0,0,0,1,0,0,0,0,0,"- ","- ",37.740589999999997,-122.40773,"SAN FRANCISCO","SAN FRANCISCO",-122.40776083,37.740601589999997
90701256,2018,2018-04-09,9335,2018-03-29,0020,022007,,4,3,7,3801,0,1,1,,1,083,"I-80 E/B","THE EMBARCADERO",3854.00,E,N,A,-,Y,,,80,,,,,,E,Y,2,0,3,3,A,-,01,23153,A,N,B,D,A,A,H,-,C,D,0,,,,,Y,Y,A,01,1,0,2,0,0,0,0,0,0,"- ","- ",37.797481536865234,-122.37841796875,"SAN FRANCISCO","SAN FRANCISCO",-122.37855529785156,37.797618865966797
90743618,2018,2018-06-07,9335,2018-05-28,2228,021649,,1,3,7,3801,0,1,2,,2,013,"US-101 N/B","BACON ST U/C",200.00,S,N,A,-,Y,,,101,,,,,,N,Y,2,0,4,2,A,-,07,21658,A,N,B,C,A,A,H,-,C,D,0,,,,Y,Y,,A,01,2,0,2,0,0,0,0,0,0,"- ","- ",37.727359771728516,-122.40242767333984,"SAN FRANCISCO","SAN FRANCISCO",-122.40247344970703,37.727344512939453
9074778,2020,2020-06-15,3801,2020-02-27,1929,54,NORTH,4,5,7,3801,0,0,0,,0,3E16D,"VAN NESS AV",UNION,15.00,S,N,A,-,N,,,,,,,,,,N,2,0,1,2,A,-,11,21453,D,N,-,B,D,A,H,-,C,A,0,Y,,,,Y,,N,60,1,0,0,0,1,0,0,0,0,"- ","- ",,,"SAN FRANCISCO","SAN FRANCISCO",-122.42404937744141,37.798500061035156
9074954,2020,2020-05-19,3801,2020-02-20,1330,2339,PARK,4,5,7,3801,0,0,0,,0,3F13A,"8TH ST","BRYANT ST",230.00,N,N,A,-,N,,,,,,,,,,N,2,0,1,2,A,-,08,22107,,N,D,J,A,A,H,-,A,A,0,,,,,Y,,A,01,1,0,0,0,0,0,0,0,0,"- ","- ",,,"SAN FRANCISCO","SAN FRANCISCO",-122.40753173828125,37.772964477539062
9074985,2020,2020-06-23,3801,2020-02-26,0812,2059,CENT,3,5,7,3801,0,0,0,,0,3A11A,"MARKET ST","3RD ST",0.00,,Y,A,-,N,,,,,,,,,,N,2,0,1,1,A,-,03,22350,A,N,H,-,A,A,H,-,A,A,0,,Y,,,Y,,-,"- ",1,0,0,0,0,0,1,0,0,"- ","- ",,,"SAN FRANCISCO","SAN FRANCISCO",-122.40345764160156,37.78765869140625
9075013,2020,2020-03-25,3801,2020-02-24,1238,1856,SOUTH,1,5,7,3801,0,0,0,,0,0B1,"EMBARCADERO SOUTH","TOWNSEND ST",67.00,N,N,A,-,N,,,,,,,,,,N,2,0,1,2,C,-,18,,,F,G,B,E,A,H,-,A,A,0,Y,,,,Y,,-,"- ",1,0,0,0,1,0,0,0,0,"- ","- ",,,"SAN FRANCISCO","SAN FRANCISCO",-122.38816070556641,37.781967163085938
9075054,2020,2020-05-16,3801,2020-02-21,1951,1613,MISIS,5,5,7,3801,0,0,0,,0,003,"CAPP ST","21ST ST",240.00,S,N,A,-,N,,,,,,,,,,N,2,0,2,3,A,-,03,22350,,F,A,B,D,A,H,-,D,D,0,Y,,,,Y,,A,01,1,0,1,0,2,0,0,0,0,"- ","- ",,,"SAN FRANCISCO","SAN FRANCISCO",-122.41774749755859,37.756423950195312
9075057,2020,2020-05-16,3801,2020-02-27,2113,2733,SOUTH,4,5,7,3801,0,0,0,,0,3B14E,"10TH ST","FOLSOM ST",0.00,,Y,A,-,N,,,,,,,,,,Y,2,0,1,3,A,-,07,21658,A,F,B,C,A,A,H,-,C,A,0,,,,,Y,,A,07,1,0,0,0,0,0,0,0,0,"- ","- ",,,"SAN FRANCISCO","SAN FRANCISCO",-122.41281890869141,37.772819519042969
9075105,2020,2020-05-16,3801,2020-02-22,1307,1489,CENTR,6,5,7,3801,0,0,0,,0,3A11C,"GEARY ST","MASON ST",116.00,W,N,B,-,N,,,,,,,,,,N,2,0,1,3,A,-,07,21658,A,F,G,B,E,A,H,-,A,D,0,Y,,,,Y,,A,01,1,0,0,0,1,0,0,0,0,"- ","- ",,,"SAN FRANCISCO","SAN FRANCISCO",-122.41025543212891,37.787117004394531
90754198,2018,2018-06-25,9335,2018-05-29,1235,021736,,2,1,7,3801,0,1,1,,2,023,"I-280 S/B","CONGDON ST",2760.00,N,N,A,-,Y,,,280,,,,,,S,Y,2,0,1,2,A,-,07,21658,A,F,B,C,A,A,H,-,A,D,0,,,,,Y,,A,07,1,0,0,0,0,0,0,0,0,"- ","- ",37.732070922851562,-122.41648101806641,"SAN FRANCISCO","SAN FRANCISCO",-122.41648101806641,37.732036590576172
90774022,2018,2018-07-23,9335,2018-07-11,1814,021886,,3,2,7,3801,0,1,2,,2,014,"US-101 N/B","22ND ST. PED O/C",100.00,N,N,A,-,Y,,,101,,,,,,N,Y,2,0,3,3,A,-,03,22350,,N,C,C,A,A,H,-,A,D,0,,,,,Y,,A,07,1,1,1,0,0,0,0,0,0,"- ","- ",37.757190704345703,-122.40355682373047,"SAN FRANCISCO","SAN FRANCISCO",-122.40357208251953,37.757179260253906
90785696,2018,2018-08-07,9335,2018-07-28,0215,021920,,6,3,7,3801,0,1,1,,2,080,"I-80 E/B","4TH STREET UNDER-CROSSING",498.00,W,N,A,-,Y,,,80,,,,,,E,Y,2,0,1,1,A,-,01,23152,A,N,E,I,A,A,H,-,C,D,0,,,,,Y,Y,A,07,1,0,0,0,0,0,0,0,0,"- ","- ",37.778938293457031,-122.39987182617188,"SAN FRANCISCO","SAN FRANCISCO",-122.39994812011719,37.779029846191406
90790499,2018,2018-08-14,9335,2018-08-03,0750,014455,,5,1,7,3801,0,1,1,,1,081,"I-80 W/B","WEST TOWER",346.00,W,N,B,-,Y,,,80,,,,,,W,Y,2,0,1,3,A,-,03,22350,,N,C,C,A,A,H,-,A,D,0,,,Y,Y,Y,,C,02,1,0,0,0,0,0,0,0,1,"- ","- ",37.789970397949219,-122.38661193847656,"SAN FRANCISCO","SAN FRANCISCO",-122.38648223876953,37.789840698242188
90819164,2018,2018-09-24,9335,2018-09-12,0735,014455,,3,1,7,3801,0,1,1,,1,081,"I-80 W/B","ALA./S.F. CO. LINE",528.00,W,N,A,-,Y,,,80,,,,,,W,Y,2,0,1,3,A,-,03,22350,,N,C,C,A,A,H,-,A,D,0,,,Y,,Y,,C,02,1,0,0,0,0,0,0,0,1,"- ","- ",37.818660736083984,-122.3519287109375,"SAN FRANCISCO","SAN FRANCISCO",-122.35195922851562,37.818778991699219
90842675,2018,2018-10-23,9335,2018-10-13,1545,021424,,6,2,7,3801,0,1,2,,2,014,"US-101 N/B","17TH ST",520.00,S,N,A,-,Y,,,101,,,,,,N,N,2,0,1,4,A,-,07,21658,A,N,B,C,A,A,H,-,A,D,0,,,Y,,Y,,A,01,1,0,0,0,0,0,0,0,1,"- ","- ",37.763191223144531,-122.40516662597656,"SAN FRANCISCO","SAN FRANCISCO",-122.40512084960938,37.763168334960938
90850358,2018,2018-11-01,9350,2018-10-19,2143,022128,,5,2,7,3801,0,1,2,,2,020,"US-101 S/B","LIGHT POLE 54",61.00,S,N,A,-,Y,,,101,,,,,,S,Y,2,0,1,2,A,-,01,23153,A,N,C,C,A,A,H,-,C,D,0,,,,Y,Y,Y,A,01,1,0,0,0,0,0,0,0,0,"- ","- ",37.823101043701172,-122.47899627685547,"SAN FRANCISCO","SAN FRANCISCO",-122.47920227050781,37.823074340820312
90870114,2018,2018-11-29,9335,2018-11-18,1355,021997,,7,1,7,3801,0,1,1,,2,022,"I-280 S/B","ALEMANY BLVD",30.00,S,N,A,-,Y,,,280,,,,,,S,Y,2,0,1,2,A,-,07,21658,A,F,B,C,A,A,H,-,A,D,0,,,Y,,Y,,-,99,1,0,0,0,0,0,0,0,1,"- ","- ",37.711250305175781,-122.45567321777344,"SAN FRANCISCO","SAN FRANCISCO",-122.45558929443359,37.7110595703125
90871916,2018,2018-11-30,9335,2018-11-15,0208,021284,,4,3,7,3801,0,2,S,,2,901,"HARRISON ST","ESSEX ST",2.00,E,N,A,-,N,,,,,,,,,,Y,2,0,1,1,A,-,01,23152,G,N,E,I,A,A,H,-,C,D,0,,,,,Y,Y,A,01,1,0,0,0,0,0,0,0,0,"- ","- ",37.785079956054688,-122.39402008056641,"SAN FRANCISCO","SAN FRANCISCO",-122.39405822753906,37.785213470458984
9087212,2020,2020-06-18,3801,2020-03-13,1505,4119,TRAFF,5,5,7,3801,0,0,0,,0,,"OCEAN AVE","ASHTON AV",32.00,E,N,B,-,N,,,,,,,,,,N,2,0,1,2,A,-,00,21954,,N,H,B,D,A,H,-,A,A,0,Y,,,,Y,Y,N,60,1,0,0,0,1,0,0,0,0,"- ","- ",,,"SAN FRANCISCO","SAN FRANCISCO",-122.46216583251953,37.725242614746094
9087256,2020,2020-06-17,3801,2020-03-03,0040,831,TENDE,2,5,7,3801,0,0,0,,0,3J90,"LEAVENWORTH ST","EDDY ST",55.00,N,N,A,-,N,,,,,,,,,,N,2,0,1,2,A,-,"- ",,,F,G,-,F,A,H,-,C,D,0,Y,Y,,,Y,,L,04,1,0,0,0,1,0,0,0,0,"- ","- ",,,"SAN FRANCISCO","SAN FRANCISCO",-122.41426849365234,37.783878326416016
9087257,2020,2020-06-17,3801,2020-03-06,2105,4314,RICHM,5,5,7,3801,0,0,0,,0,0G4,"FULTON ST","20TH AV",14.00,E,N,B,-,N,,,,,,,,,,N,2,0,1,2,A,-,10,21950,A,N,G,B,B,B,H,-,C,A,0,Y,,,,Y,Y,A,01,1,0,0,0,1,0,0,0,0,"- ","- ",,,"SAN FRANCISCO","SAN FRANCISCO",-122.47878265380859,37.772811889648438
9087273,2020,2020-07-09,3801,2020-03-05,1947,1420,TRAFF,4,5,7,3801,0,0,0,,0,4B3E,"6TH ST",SHIPLEY,40.00,S,N,A,-,N,,,,,,,,,,Y,2,0,3,1,A,-,03,22350,,F,D,I,A,A,H,-,C,D,0,,,,,Y,,A,01,1,0,2,0,0,0,0,0,0,"- ","- ",,,"SAN FRANCISCO","SAN FRANCISCO",-122.40495300292969,37.777980804443359
90881813,2018,2018-12-13,9335,2018-12-03,2227,021012,,1,3,7,3801,0,1,2,,2,013,"US-101 S/B","CESAR CHAVEZ ST.",2888.00,S,N,A,-,Y,,,101,,,,,,S,Y,2,0,2,1,A,-,08,22107,,N,F,A,A,A,H,-,C,D,0,,,,,Y,,A,01,1,0,1,0,0,0,0,0,0,"- ","- ",37.742259979248047,-122.40734100341797,"SAN FRANCISCO","SAN FRANCISCO",-122.40724945068359,37.742202758789062
90895813,2018,2019-01-02,9335,2018-12-22,2340,021474,,6,3,7,3801,0,1,2,,2,015,"US-101 N/B","FOLSOM ST. U/C",35.00,N,N,A,-,Y,,,101,,,,,,N,Y,2,0,2,2,A,-,03,22350,,N,C,C,A,A,H,-,D,D,0,,,Y,,Y,,C,02,1,0,1,0,0,0,0,0,1,"- ","- ",37.769699096679688,-122.41580963134766,"SAN FRANCISCO","SAN FRANCISCO",-122.41580963134766,37.769676208496094
9092361,2020,2020-07-20,3801,2020-03-26,1946,1837,BAYVI,4,5,7,3801,0,0,0,,0,901,"BAYSHORE BL","INDUSTRIAL BL",0.00,,Y,A,-,N,,,,,,,,,,N,2,0,1,2,A,-,17,21200,A,N,D,G,A,-,H,-,C,A,0,,Y,,,Y,,L,04,1,0,0,0,0,0,1,0,0,"- ","- ",,,"SAN FRANCISCO","SAN FRANCISCO",-122.40695953369141,37.737998962402344