CASE_ID,ACCIDENT_YEAR,PROC_DATE,JURIS,COLLISION_DATE,COLLISION_TIME,OFFICER_ID,REPORTING_DISTRICT,DAY_OF_WEEK,CHP_SHIFT,POPULATION,CNTY_CITY_LOC,SPECIAL_COND,BEAT_TYPE,CHP_BEAT_TYPE,CITY_DIVISION_LAPD,CHP_BEAT_CLASS,BEAT_NUMBER,PRIMARY_RD,SECONDARY_RD,DISTANCE,DIRECTION,INTERSECTION,WEATHER_1,WEATHER_2,STATE_HWY_IND,CALTRANS_COUNTY,CALTRANS_DISTRICT,STATE_ROUTE,ROUTE_SUFFIX,POSTMILE_PREFIX,POSTMILE,LOCATION_TYPE,RAMP_INTERSECTION,SIDE_OF_HWY,TOW_AWAY,COLLISION_SEVERITY,NUMBER_KILLED,NUMBER_INJURED,PARTY_COUNT,PRIMARY_COLL_FACTOR,PCF_CODE_OF_VIOL,PCF_VIOL_CATEGORY,PCF_VIOLATION,PCF_VIOL_SUBSECTION,HIT_AND_RUN,TYPE_OF_COLLISION,MVIW,PED_ACTION,ROAD_SURFACE,ROAD_COND_1,ROAD_COND_2,LIGHTING,CONTROL_DEVICE,CHP_ROAD_TYPE,PEDESTRIAN_ACCIDENT,BICYCLE_ACCIDENT,MOTORCYCLE_ACCIDENT,TRUCK_ACCIDENT,NOT_PRIVATE_PROPERTY,ALCOHOL_INVOLVED,STWD_VEHTYPE_AT_FAULT,CHP_VEHTYPE_AT_FAULT,COUNT_SEVERE_INJ,COUNT_VISIBLE_INJ,COUNT_COMPLAINT_PAIN,COUNT_PED_KILLED,COUNT_PED_INJURED,COUNT_BICYCLIST_KILLED,COUNT_BICYCLIST_INJURED,COUNT_MC_KILLED,COUNT_MC_INJURED,PRIMARY_RAMP,SECONDARY_RAMP,LATITUDE,LONGITUDE,COUNTY,CITY,POINT_X,POINT_Y
90937969,2019,2019-03-01,9335,2019-02-22,0811,021649,,5,1,7,3801,0,1,1,,2,022,"I-280 N/B","I-280 N/B FROM MONTEREY BLVD",66.00,S,N,A,-,Y,,,280,,,,,,N,Y,2,0,1,2,A,-,07,21658,A,N,B,C,A,A,H,-,A,D,0,,,Y,,Y,,A,01,1,0,0,0,0,0,0,0,1,"- ","- ",37.731151580810547,-122.43583679199219,"SAN FRANCISCO","SAN FRANCISCO",-122.43582153320312,37.731105804443359
90971961,2019,2019-04-22,9350,2019-04-14,0228,022034,,7,3,7,3801,0,1,2,,2,020,"US-101 N/B (GOLDEN GATE BRIDGE)","LINCOLN AVENUE UNDER CROSSING",819.00,N,N,A,-,Y,,,101,,,,,,N,Y,2,0,1,1,A,-,01,23152,A,N,E,I,A,A,H,-,C,D,0,,,,,Y,Y,A,01,1,0,0,0,0,0,0,0,0,"- ","- ",37.8089599609375,-122.47712707519531,"SAN FRANCISCO","SAN FRANCISCO",-122.47716522216797,37.808937072753906
90972085,2019,2019-04-22,9335,2019-04-16,1255,022032,,2,1,7,3801,0,1,1,,2,024,"I-280 N/B","MARIPOSA ST",320.00,N,N,A,-,Y,,,280,,,,,,N,Y,2,0,1,1,A,-,08,22107,,N,E,I,A,A,H,-,A,D,0,,,,,Y,,A,08,1,0,0,0,0,0,0,0,0,"- ","- ",37.765079498291016,-122.39299011230469,"SAN FRANCISCO","SAN FRANCISCO",-122.39314270019531,37.764987945556641
90980619,2019,2019-05-02,9335,2019-04-14,0249,021997,,7,3,7,3801,0,1,1,,2,022,"I-280 S/B TO OCEAN AVENUE","HAVELOCK ST PEDESTRIAN O/C",455.00,S,N,A,-,Y,,,280,,,,R,,S,Y,2,0,1,1,A,-,01,23152,G,M,E,I,A,A,H,-,C,D,0,,,,,Y,Y,A,01,1,0,0,0,0,0,0,0,0,"- ","- ",37.725849151611328,-122.44661712646484,"SAN FRANCISCO","SAN FRANCISCO",-122.44661712646484,37.725849151611328
91005353,2019,2019-06-07,9335,2019-05-31,2100,021997,,5,2,7,3801,0,1,1,,2,023,"I-280 N/B","SAN JOSE AVENUE O/C",59.00,S,N,A,-,Y,,,280,,,,,,N,Y,2,0,1,2,A,-,03,22350,,N,C,C,A,A,H,-,D,D,0,,,Y,,Y,,C,02,1,0,0,0,0,0,0,0,1,"- ","- ",37.718349456787109,-122.44830322265625,"SAN FRANCISCO","SAN FRANCISCO",-122.44841766357422,37.718364715576172
91007746,2019,2019-06-11,9350,2019-06-04,0050,021356,,2,3,7,3801,0,1,2,,2,010,"US101 NORTHBOUND TO SR1 SOUTHBOUND","NORTH PORTAL OF BATTERY TUNNEL",1760.00,N,N,A,-,Y,,,101,,,,R,,N,Y,2,0,3,1,A,-,01,23152,A,N,E,I,A,A,H,-,C,D,0,,,,,Y,Y,A,01,2,0,1,0,0,0,0,0,0,"- ","- ",37.8035888671875,-122.4698486328125,"SAN FRANCISCO","SAN FRANCISCO",-122.4698486328125,37.8035888671875
91010705,2019,2019-06-17,9335,2019-06-11,1640,022249,,2,2,7,3801,0,1,1,,2,080,"I-80 W/B","4TH STREET",200.00,E,N,A,-,Y,,,80,,,,,,W,Y,2,0,1,3,A,-,03,22350,,N,B,C,A,A,H,-,A,D,0,,,Y,,Y,,C,02,1,0,0,0,0,0,0,0,1,"- ","- ",37.78076171875,-122.39849090576172,"SAN FRANCISCO","SAN FRANCISCO",-122.39854431152344,37.780830383300781
9106465,2020,2020-10-29,3801,2020-05-22,1533,274,MISSI,5,5,7,3801,0,0,0,,0,3D44C,"BRYANT ST","24TH ST",0.00,,Y,A,-,N,,,,,,,,,,N,2,0,1,2,A,-,10,21950,A,N,G,B,B,A,H,-,A,A,0,Y,,,,Y,,A,07,1,0,0,0,1,0,0,0,0,"- ","- ",,,"SAN FRANCISCO","SAN FRANCISCO",-122.40912628173828,37.752819061279297
9106480,2020,2020-10-29,3801,2020-05-01,1500,2494,MISSI,5,5,7,3801,0,0,0,,0,001,"MARKET ST","CHURCH ST",0.00,,Y,A,-,N,,,,,,,,,,N,2,0,1,2,A,-,09,21804,A,N,D,C,A,A,H,-,A,A,0,,,Y,,Y,,A,01,1,0,0,0,0,0,0,0,1,"- ","- ",,,"SAN FRANCISCO","SAN FRANCISCO",-122.42893981933594,37.767608642578125
9107025,2020,2020-11-25,3801,2020-08-22,0750,2065,NORTH,6,5,7,3801,0,0,0,,0,3E11A,"VAN NESS AV","FELL ST",0.00,,Y,A,-,Y,SF,4,101,-,T,4.948,I,5,N,Y,2,0,1,2,A,-,12,21453,A,N,D,C,A,A,H,-,A,A,0,,,Y,,Y,,A,01,1,0,0,0,0,0,0,0,1,"- ","- ",,,"SAN FRANCISCO","SAN FRANCISCO",-122.41944122314453,37.776386260986328
91078435,2019,2019-09-19,9335,2019-09-13,1100,021328,,5,1,7,3801,0,1,1,,1,081,"I-80 W/B","YERBA BUENA ISLAND TUNNEL",1162.00,E,N,A,-,Y,,,80,,,,,,W,Y,2,0,1,2,A,-,03,22350,,N,B,C,A,A,H,-,A,D,0,,,Y,,Y,,C,02,1,0,0,0,0,0,0,0,1,"- ","- ",37.812660217285156,-122.36261749267578,"SAN FRANCISCO","SAN FRANCISCO",-122.36269378662109,37.812736511230469
91082392,2019,2019-09-25,9335,2019-09-16,1520,021644,,1,2,7,3801,0,1,1,,2,023,"I-280 S/B","SAN BRUNO AVE U/C",1584.00,S,N,A,-,Y,,,280,,,,,,S,N,2,0,1,2,A,-,11,21954,A,N,G,B,E,A,H,-,A,D,0,Y,,,,Y,,N,60,1,0,0,0,1,0,0,0,0,"- ","- ",37.733489990234375,-122.41221618652344,"SAN FRANCISCO","SAN FRANCISCO",-122.41220092773438,37.733455657958984
9108250,2020,2020-08-20,3801,2020-04-26,1746,1642,TENDE,7,5,7,3801,0,0,0,,0,3J12D,"HYDE ST","HYDE ST 227",0.00,,Y,A,-,N,,,,,,,,,,N,2,0,1,2,A,-,"- ",,,F,A,B,D,A,H,-,A,A,0,Y,,,,Y,,-,"- ",1,0,0,0,1,0,0,0,0,"- ","- ",,,"SAN FRANCISCO","SAN FRANCISCO",,
9108259,2020,2021-09-20,3801,2020-04-25,1702,2342,NORTH,6,5,7,3801,0,0,0,,0,3E12D,"DIVISADERO ST","OAK ST",129.00,N,N,A,-,N,,,,,,,,,,N,2,0,1,2,A,-,21,22106,,N,D,C,A,A,H,-,A,D,0,,,Y,,Y,,A,01,1,0,0,0,0,0,0,0,1,"- ","- ",,,"SAN FRANCISCO","SAN FRANCISCO",-122.43749237060547,37.773490905761719
9111042,2020,2020-10-30,3801,2020-05-11,1150,386,MISSI,1,5,7,3801,0,0,0,,0,3D14C,"BAY SHORE BL","POTRERO AV",133.00,S,N,A,-,N,,,,,,,,,,Y,2,0,1,2,A,-,11,21453,D,F,G,B,C,A,H,-,A,A,0,Y,,,,Y,,N,60,1,0,0,0,1,0,0,0,0,"- ","- ",,,"SAN FRANCISCO","SAN FRANCISCO",-122.4058837890625,37.750324249267578
9111120,2020,2020-11-02,3801,2020-05-20,0934,2292,INGLE,3,5,7,3801,0,0,0,,0,3H13A,"OCEAN AV","SAN JOSE AVE",226.00,W,N,A,-,N,,,,,,,,,,N,2,0,1,1,A,-,08,22107,,N,H,J,A,A,G,-,A,D,0,,Y,,,Y,,L,04,1,0,0,0,0,0,1,0,0,"- ","- ",,,"SAN FRANCISCO","SAN FRANCISCO",-122.44559478759766,37.722934722900391
9111124,2020,2020-11-02,3801,2020-05-14,1943,560,NORTH,4,5,7,3801,0,0,0,,0,3E13D,"VAN NESS AV","EDDY ST",0.00,,Y,A,-,N,,,,,,,,,,N,2,0,1,2,A,-,05,21650,1,N,D,G,A,A,C,-,A,A,0,,Y,,,Y,,L,04,1,0,0,0,0,0,1,0,0,"- ","- ",,,"SAN FRANCISCO","SAN FRANCISCO",-122.4208984375,37.782871246337891
9111188,2020,2020-07-31,3801,2020-04-18,1143,392,MISSO,6,5,7,3801,0,0,0,,0,3D14A,"VALENCIA ST","CESAR CHAVEZ ST",0.00,,Y,A,-,N,,,,,,,,,,N,2,0,1,2,A,-,12,21453,A,N,D,C,A,A,H,-,A,A,0,,,Y,,Y,,A,01,1,0,0,0,0,0,0,0,1,"- ","- ",,,"SAN FRANCISCO","SAN FRANCISCO",-122.42024993896484,37.748119354248047
91123400,2019,2019-11-19,9335,2019-11-14,2143,022040,,4,2,7,3801,0,1,2,,2,013,"US-101 S/B","CESAR CHAVEZ STREET",496.00,S,N,A,-,Y,,,101,,,,,,S,Y,2,0,1,2,A,-,01,23152,G,N,B,C,A,A,H,-,C,D,0,,,Y,,Y,Y,C,02,1,0,0,0,0,0,0,0,1,"- ","- ",37.747760772705078,-122.40435791015625,"SAN FRANCISCO","SAN FRANCISCO",-122.40433502197266,37.747753143310547
91163766,2020,2020-01-13,9350,2020-01-06,0922,022445,,1,1,7,3801,0,1,2,,2,020,"US-101 S/B (GOLDEN GATE BRIDGE)","GGB TOLL PLAZA",3.00,N,N,A,-,Y,,,101,,,,,,S,Y,2,0,2,1,A,-,03,22350,,N,E,J,A,A,H,-,A,A,0,,,Y,,Y,,C,02,1,0,1,0,0,0,0,0,2,"- ","- ",37.807170867919922,-122.47573089599609,"SAN FRANCISCO","SAN FRANCISCO",-122.47573089599609,37.807167053222656
91163819,2020,2020-01-13,9350,2020-01-09,1630,022432,,4,2,7,3801,0,1,2,,1,120,"US-101 S/B (GGB SIDEWALK)","GGB SOUTH TOWER",260.00,N,N,A,-,Y,,,101,,,,,,S,N,2,0,1,1,B,-,22,,,N,E,I,A,A,H,-,A,D,0,,Y,,,Y,,L,04,1,0,0,0,0,0,1,0,0,"- ","- ",37.815021514892578,-122.47812652587891,"SAN FRANCISCO","SAN FRANCISCO",-122.47819519042969,37.815010070800781
91187235,2019,2020-02-17,9335,2019-04-30,0735,018399,,2,1,7,3801,0,1,1,,1,081,"I-80 W/B","FREMONT STREET",272.00,E,N,A,-,Y,,,80,,,,,,W,Y,1,1,0,2,A,-,03,22350,,N,C,C,A,A,H,-,A,D,0,,,Y,Y,Y,,C,02,0,0,0,0,0,0,0,1,0,"- ","- ",37.786109924316406,-122.39070892333984,"SAN FRANCISCO","SAN FRANCISCO",-122.39069366455078,37.786087036132812
91201292,2019,2020-03-04,9335,2019-09-15,0137,022179,,7,3,7,3801,0,1,1,,2,080,"I-80 W/B TO US-101 N/B","DIVISION ST UNDERCROSSING",85.00,W,N,B,-,Y,,,80,,,,R,,W,Y,1,1,0,1,A,-,08,22107,,N,E,I,A,A,H,-,C,D,0,,,Y,,Y,,C,02,0,0,0,0,0,0,0,1,0,"- ","- ",37.769260406494141,-122.40603637695312,"SAN FRANCISCO","SAN FRANCISCO",-122.40603637695312,37.769260406494141
9120785,2020,2020-08-26,3801,2020-06-12,1825,4132,MISSI,5,5,7,3801,0,0,0,,0,6CAR,"16TH  ST","HARRISON ST",0.00,,Y,A,-,N,,,,,,,,,,N,2,0,1,2,A,-,12,21453,A,N,D,G,A,A,H,-,A,A,0,,Y,,,Y,,L,04,1,0,0,0,0,0,1,0,0,"- ","- ",,,"SAN FRANCISCO","SAN FRANCISCO",-122.41314697265625,37.765449523925781
9120828,2020,2020-09-03,3801,2020-06-26,1225,1693,BAYVI,5,5,7,3801,0,0,0,,0,901,"INGALLS ST","VAN DYKE AV",0.00,,Y,A,-,N,,,,,,,,,,Y,2,0,2,5,A,-,12,22450,A,N,D,C,A,A,H,-,A,D,0,,,,,Y,,A,01,1,1,0,0,0,0,0,0,0,"- ","- ",,,"SAN FRANCISCO","SAN FRANCISCO",-122.38680267333984,37.725990295410156
9120899,2020,2020-08-27,3801,2020-06-02,1850,2181,BAYVI,2,5,7,3801,0,0,0,,0,3C14D,"GOETTIGEN ST","WOOLSEY ST",4.00,N,N,B,-,N,,,,,,,,,,N,2,0,1,2,A,-,00,21900,A,F,G,B,B,A,H,-,A,D,0,Y,,,,Y,,A,01,1,0,0,0,1,0,0,0,0,"- ","- ",,,"SAN FRANCISCO","SAN FRANCISCO",-122.40556335449219,37.724479675292969
91283526,2020,2020-08-10,9335,2020-08-03,1952,022517,,1,2,7,3801,0,1,1,,1,081,"I-80 W/B","SPEAR ST",3220.00,E,N,A,-,Y,,,80,,,,,,W,Y,2,0,2,2,A,-,03,22350,,N,C,C,A,A,H,-,A,D,0,,,,,Y,,A,07,1,1,0,0,0,0,0,0,0,"- ","- ",37.795021057128906,-122.38137817382812,"SAN FRANCISCO","SAN FRANCISCO",-122.38135528564453,37.794994354248047
91301991,2020,2020-09-10,9335,2020-09-02,1940,021424,,3,2,7,3801,0,1,1,,2,080,"I-80 W/B TO 5TH STREET","5TH ST",250.00,E,N,A,-,Y,,,80,,,,R,,W,Y,2,0,1,1,A,-,03,22350,,N,E,I,A,A,H,-,B,D,0,,,Y,,Y,,C,02,1,0,0,0,0,0,0,0,1,"- ","- ",37.778980255126953,-122.40070343017578,"SAN FRANCISCO","SAN FRANCISCO",-122.40070343017578,37.778980255126953
91310054,2020,2020-09-23,9350,2020-08-09,0901,022373,,7,1,7,3801,0,1,2,,1,120,"US 101 NB (GGB EAST SIDEWALK)","GOLDEN GATE BRIDGE NORTH TOWER",400.00,S,N,E,-,Y,,,,,,,,,,N,2,0,1,1,C,-,18,,,N,E,I,A,A,H,-,A,D,0,,Y,,,Y,,-,"- ",1,0,0,0,0,0,1,0,0,"- ","- ",37.824451446533203,-122.47897338867188,"SAN FRANCISCO","SAN FRANCISCO",,
91310248,2020,2020-09-24,9335,2020-09-16,0212,021424,,3,3,7,3801,0,1,1,,2,080,"I-80 W/B TO 5TH STREET","5TH ST",300.00,E,N,A,-,Y,,,80,,,,R,,W,Y,2,0,1,1,A,-,08,22107,,N,E,I,A,A,H,-,C,D,0,,,Y,,Y,,C,02,1,0,0,0,0,0,0,0,1,"- ","- ",37.778999328613281,-122.40062713623047,"SAN FRANCISCO","SAN FRANCISCO",-122.40062713623047,37.778999328613281
91362918,2020,2020-12-10,9335,2020-12-02,2353,021672,,3,3,7,3801,0,1,2,,2,013,"US-101 TO PAUL AVENUE","SAN BRUNO AVENUE",65.00,N,N,A,-,Y,,,101,,,,R,,,Y,2,0,5,1,A,-,03,22350,,N,E,I,A,A,H,-,C,D,0,,,,,Y,,A,01,1,2,2,0,0,0,0,0,0,"- ","- ",37.721698760986328,-122.40090179443359,"SAN FRANCISCO","SAN FRANCISCO",-122.40090179443359,37.721698760986328
9137081,2020,2020-09-28,3801,2020-07-19,2214,2310,NORTH,7,5,7,3801,0,0,0,,0,,"EDDY ST","POLK ST",0.00,,Y,A,-,N,,,,,,,,,,Y,2,0,2,2,A,-,01,23153,B,N,A,C,A,A,H,-,C,A,0,,,,,Y,Y,A,01,1,0,1,0,0,0,0,0,0,"- ","- ",,,"SAN FRANCISCO","SAN FRANCISCO",-122.41918182373047,37.7830810546875
9137443,2020,2020-09-23,3801,2020-07-26,1610,1145,SOUTH,7,5,7,3801,0,0,0,,0,3B11D,"1ST ST","HOWARD ST",0.00,,Y,A,-,N,,,,,,,,,,N,2,0,1,2,A,-,10,21950,A,N,G,B,B,A,H,-,A,A,0,Y,,,,Y,,A,07,1,0,0,0,1,0,0,0,0,"- ","- ",,,"SAN FRANCISCO","SAN FRANCISCO",-122.39604187011719,37.788551330566406
9138680,2020,2020-09-25,3801,2020-07-15,1447,386,MISSI,3,5,7,3801,0,0,0,,0,3D14C,"HARRISON ST","19TH ST",0.00,,Y,A,-,N,,,,,,,,,,Y,2,0,1,5,A,-,03,22350,,F,C,-,A,A,H,-,A,D,0,,,,,Y,,A,01,1,0,0,0,0,0,0,0,0,"- ","- ",,,"SAN FRANCISCO","SAN FRANCISCO",-122.41269683837891,37.760650634765625
9138719,2020,2020-09-24,3801,2020-07-26,1346,954,TARAV,7,5,7,3801,0,0,0,,0,3I16B,"GREAT HWY","MORAGA ST",0.00,,Y,A,-,N,,,,,,,,,,N,2,0,1,2,A,-,03,22350,,N,G,B,D,A,H,-,A,D,0,Y,Y,,,Y,,L,04,1,0,0,0,1,0,0,0,0,"- ","- ",,,"SAN FRANCISCO","SAN FRANCISCO",-122.5086669921875,37.754680633544922
9138928,2020,2020-10-09,3801,2020-07-29,2332,4253,INGLE,3,5,7,3801,0,0,0,,0,0H5,"RUSSIA AV","NAPLES ST",0.00,,Y,A,-,N,,,,,,,,,,Y,2,0,1,5,A,-,12,22450,A,F,D,C,A,A,H,-,C,D,0,,,,,Y,Y,A,01,1,0,0,0,0,0,0,0,0,"- ","- ",,,"SAN FRANCISCO","SAN FRANCISCO",-122.43238830566406,37.719310760498047
9138941,2020,2020-09-24,3801,2020-07-17,2058,539,MISSI,5,5,7,3801,0,0,0,,0,001,"DOLORES ST","CUMBERLAND ST",0.00,,Y,A,-,N,,,,,,,,,,N,2,0,1,2,A,-,03,22350,,F,G,B,E,A,G,-,C,D,0,Y,Y,,,Y,,L,04,1,0,0,0,1,0,0,0,0,"- ","- ",,,"SAN FRANCISCO","SAN FRANCISCO",-122.42591857910156,37.759029388427734
9138943,2020,2020-09-24,3801,2020-07-17,2053,1860,TARAV,5,5,7,3801,0,0,0,,0,3I11D,"LINCOLN WY","20TH AV",0.00,,Y,A,-,N,,,,,,,,,,N,2,0,1,2,D,-,00,,,F,H,C,A,A,H,-,C,A,0,,,Y,,Y,,-,"- ",1,0,0,0,0,0,0,0,1,"- ","- ",,,"SAN FRANCISCO","SAN FRANCISCO",-122.47833251953125,37.765399932861328
9141883,2020,2020-12-03,3801,2020-07-24,1447,2100,,5,5,7,3801,0,0,0,,0,3161,"19TH AV","IRVING ST",135.00,S,N,A,-,Y,SF,4,1,-,-,3.900,H,-,S,Y,2,0,1,2,A,-,04,21703,,N,C,C,A,A,H,-,A,D,0,,,Y,,Y,,C,02,1,0,0,0,0,0,0,0,1,"- ","- ",,,"SAN FRANCISCO","SAN FRANCISCO",-122.47723388671875,37.763187408447266
91426682,2021,2021-03-15,9335,2021-03-07,0045,022179,,7,3,7,3801,0,1,1,,1,083,"I-80 E/B","TREASURE ISLAND ROAD",2432.00,W,N,B,-,Y,,,80,,,,,,E,Y,2,0,2,2,A,-,01,23152,A,N,C,C,A,A,H,-,C,D,0,,,,,Y,Y,A,01,1,1,0,0,0,0,0,0,0,"- ","- ",37.803909301757812,-122.37172698974609,"SAN FRANCISCO","SAN FRANCISCO",-122.37171173095703,37.80389404296875
9148573,2020,2020-10-27,3801,2020-08-16,0855,1754,BAYVI,7,5,7,3801,0,0,0,,0,3C11A,"BACON ST","BAYSHORE BL",180.00,W,N,A,-,N,,,,,,,,,,Y,2,0,1,2,A,-,21,22106,,N,G,B,E,A,H,-,A,D,0,Y,,,,Y,,A,01,1,0,0,0,1,0,0,0,0,"- ","- ",,,"SAN FRANCISCO","SAN FRANCISCO",-122.40265655517578,37.727859497070312
9148575,2020,2020-10-27,3801,2020-08-15,1531,2229,NORTH,6,5,7,3801,0,0,0,,0,,"GOUGH ST","PINE ST",0.00,,Y,A,-,N,,,,,,,,,,N,2,0,1,2,A,-,10,21950,A,N,G,B,B,A,H,-,A,A,0,Y,,,,Y,,D,22,1,0,0,0,1,0,0,0,0,"- ","- ",,,"SAN FRANCISCO","SAN FRANCISCO",-122.42542266845703,37.789009094238281
91506353,2021,2021-06-25,9335,2021-05-21,1615,022326,,5,2,7,3801,0,1,2,,2,015,"US-101 SB","BRYANT STREET UNDERCROSSING",275.00,S,N,A,-,Y,,,101,,,,,,S,Y,2,0,2,2,A,-,03,22350,,F,C,C,A,A,H,-,A,D,0,,,,,Y,,A,01,1,1,0,0,0,0,0,0,0,"- ","- ",37.769149780273438,-122.40981292724609,"SAN FRANCISCO","SAN FRANCISCO",-122.40981292724609,37.769153594970703
9151420,2020,2020-10-13,3801,2020-08-08,2202,524,INGLE,6,5,7,3801,0,0,0,,0,3H13E,"MISSION ST","TRUMBULL ST",0.00,,Y,A,-,N,,,,,,,,,,N,2,0,1,2,A,-,12,21453,A,N,D,G,A,A,H,-,C,A,0,,Y,,,Y,,A,07,1,0,0,0,0,0,1,0,0,"- ","- ",,,"SAN FRANCISCO","SAN FRANCISCO",-122.42925262451172,37.730781555175781
9153206,2020,2020-10-20,3801,2020-08-20,2019,781,TARAV,4,5,7,3801,0,0,0,,0,0I5,"19TH AV","BANBURY DR",62.00,S,N,E,-,N,,,,,,,,,,Y,2,0,1,2,A,-,03,22350,,N,C,C,A,A,H,-,C,A,0,,,Y,,Y,,C,02,1,0,0,0,0,0,0,0,1,"- ","- ",,,"SAN FRANCISCO","SAN FRANCISCO",-122.47458648681641,37.719455718994141
91543182,2021,2021-08-12,9335,2021-01-09,0742,022186,,6,1,7,3801,0,1,2,,2,015,"US-101 S/B","16TH STREET U/C",572.00,N,N,B,-,Y,,,101,,,,,,S,Y,1,1,0,2,A,-,08,22107,,N,E,I,A,B,H,-,A,D,0,,,Y,,Y,Y,C,02,0,0,0,0,0,0,0,1,0,"- ","- ",37.767570495605469,-122.40550231933594,"SAN FRANCISCO","SAN FRANCISCO",-122.40552520751953,37.767555236816406
91571970,2021,2021-09-16,9335,2021-08-28,2323,022416,,6,3,7,3801,0,1,2,,2,013,"US-101 N/B","FAITH STREET PEDESTRIAN OVERCROSSING",2.00,S,N,A,-,Y,,,101,,,,,,N,N,2,0,1,2,C,-,18,,,N,G,B,E,A,H,-,C,D,0,Y,,,,Y,,-,"- ",1,0,0,0,1,0,0,0,0,"- ","- ",37.743728637695312,-122.40566253662109,"SAN FRANCISCO","SAN FRANCISCO",-122.40571594238281,37.7437744140625
91597090,2021,2021-10-15,9335,2021-09-19,0134,022486,,7,3,7,3801,0,1,1,,1,081,"I-80 WESTBOUND","BEALE STREET",100.00,E,N,C,-,Y,,,80,,,,,,W,Y,2,0,1,2,A,-,01,23152,A,N,C,C,A,B,H,-,C,D,0,,,,,Y,Y,A,08,1,0,0,0,0,0,0,0,0,"- ","- ",37.786888122558594,-122.38983917236328,"SAN FRANCISCO","SAN FRANCISCO",-122.38980102539062,37.786849975585938
91598310,2021,2021-10-18,9335,2021-08-20,1645,019799,,5,2,7,3801,0,1,1,,1,081,"I-80 W/B","HARRISON ST. OFF RAMP",900.00,E,N,B,-,Y,,,80,,,,,,W,Y,2,0,1,2,A,-,03,22350,,N,C,C,A,A,H,-,A,D,0,,,Y,,Y,,C,02,1,0,0,0,0,0,0,0,1,"- ","- ",37.786319732666016,-122.39055633544922,"SAN FRANCISCO","SAN FRANCISCO",-122.39048767089844,37.786239624023438
9159963,2020,2020-11-02,3801,2020-09-22,1015,392,MISSI,2,5,7,3801,0,0,0,,0,3D14A,"CESAR CHAVEZ ST","HAMPSHIRE ST",104.00,W,N,A,-,N,,,,,,,,,,N,2,0,1,1,A,-,07,21658,A,N,B,I,A,A,H,-,A,D,0,,,Y,,Y,,C,02,1,0,0,0,0,0,0,0,1,"- ","- ",,,"SAN FRANCISCO","SAN FRANCISCO",-122.40709686279297,37.7486572265625
9159970,2020,2020-11-02,3801,2020-09-02,0700,1486,TRAFF,3,5,7,3801,0,0,0,,0,,"6TH ST","CLARA ST",3.00,S,N,A,-,N,,,,,,,,,,N,2,0,1,2,A,-,10,21950,A,F,G,B,D,A,H,-,A,D,0,Y,,,,Y,Y,-,,1,0,0,0,1,0,0,0,0,"- ","- ",,,"SAN FRANCISCO","SAN FRANCISCO",-122.40460205078125,37.777706146240234
9159973,2020,2020-11-04,3801,2020-09-15,2222,1951,SOUTH,2,5,7,3801,0,0,0,,0,0B6,"AVENU OF THE PALMS","9TH ST",0.00,,Y,A,-,N,,,,,,,,,,Y,2,0,1,1,A,-,03,22350,,N,E,I,A,A,H,-,C,A,0,,,,,Y,,A,01,1,0,0,0,0,0,0,0,0,"- ","- ",,,"SAN FRANCISCO","SAN FRANCISCO",,
9159980,2020,2020-11-02,3801,2020-09-08,1932,2493,INGLE,2,5,7,3801,0,0,0,,0,3H15D,"RUSSIA AV","LONDON ST",0.00,,Y,A,-,N,,,,,,,,,,N,2,0,1,2,A,-,00,23950,B,N,A,B,B,A,H,-,C,D,0,Y,,,,Y,,N,60,1,0,0,0,1,0,0,0,0,"- ","- ",,,"SAN FRANCISCO","SAN FRANCISCO",-122.43637084960938,37.721199035644531
91623949,2021,2021-11-15,9335,2021-10-30,0225,022416,,6,3,7,3801,0,1,2,,2,013,"US-101 S/B","CORTLAND AVE",711.50,N,N,B,-,Y,,,101,,,,,,S,Y,2,0,2,2,A,-,08,22107,,N,E,I,A,B,H,-,C,D,0,,,,,Y,Y,A,01,1,1,0,0,0,0,0,0,0,"- ","- ",37.741619110107422,-122.40779113769531,"SAN FRANCISCO","SAN FRANCISCO",-122.40763854980469,37.741539001464844
91624765,2021,2021-11-15,9335,2021-09-30,1035,022096,,4,1,7,3801,0,1,1,,1,081,"I-80 W/B","BEALE STREET",571.00,W,N,A,-,Y,,,80,,,,,,W,Y,2,0,1,3,A,-,07,21658,A,F,B,C,A,A,H,-,A,D,0,,,Y,,Y,,A,01,1,0,0,0,0,0,0,0,1,"- ","- ",37.785560607910156,-122.39173889160156,"SAN FRANCISCO","SAN FRANCISCO",-122.39168548583984,37.785457611083984