CASE_ID,ACCIDENT_YEAR,PROC_DATE,JURIS,COLLISION_DATE,COLLISION_TIME,OFFICER_ID,REPORTING_DISTRICT,DAY_OF_WEEK,CHP_SHIFT,POPULATION,CNTY_CITY_LOC,SPECIAL_COND,BEAT_TYPE,CHP_BEAT_TYPE,CITY_DIVISION_LAPD,CHP_BEAT_CLASS,BEAT_NUMBER,PRIMARY_RD,SECONDARY_RD,DISTANCE,DIRECTION,INTERSECTION,WEATHER_1,WEATHER_2,STATE_HWY_IND,CALTRANS_COUNTY,CALTRANS_DISTRICT,STATE_ROUTE,ROUTE_SUFFIX,POSTMILE_PREFIX,POSTMILE,LOCATION_TYPE,RAMP_INTERSECTION,SIDE_OF_HWY,TOW_AWAY,COLLISION_SEVERITY,NUMBER_KILLED,NUMBER_INJURED,PARTY_COUNT,PRIMARY_COLL_FACTOR,PCF_CODE_OF_VIOL,PCF_VIOL_CATEGORY,PCF_VIOLATION,PCF_VIOL_SUBSECTION,HIT_AND_RUN,TYPE_OF_COLLISION,MVIW,PED_ACTION,ROAD_SURFACE,ROAD_COND_1,ROAD_COND_2,LIGHTING,CONTROL_DEVICE,CHP_ROAD_TYPE,PEDESTRIAN_ACCIDENT,BICYCLE_ACCIDENT,MOTORCYCLE_ACCIDENT,TRUCK_ACCIDENT,NOT_PRIVATE_PROPERTY,ALCOHOL_INVOLVED,STWD_VEHTYPE_AT_FAULT,CHP_VEHTYPE_AT_FAULT,COUNT_SEVERE_INJ,COUNT_VISIBLE_INJ,COUNT_COMPLAINT_PAIN,COUNT_PED_KILLED,COUNT_PED_INJURED,COUNT_BICYCLIST_KILLED,COUNT_BICYCLIST_INJURED,COUNT_MC_KILLED,COUNT_MC_INJURED,PRIMARY_RAMP,SECONDARY_RAMP,LATITUDE,LONGITUDE,COUNTY,CITY,POINT_X,POINT_Y
91646159,2021,2021-12-08,9350,2021-11-28,1510,017978,,7,2,7,3801,0,1,3,,2,011,"SR1 S/B","MACARTHUR TUNNEL",484.00,N,N,A,-,Y,,,1,,,,,,S,Y,2,0,1,2,A,-,07,21658,A,F,F,A,A,A,H,-,A,D,0,,,Y,,Y,,A,01,1,0,0,0,0,0,0,0,1,"- ","- ",37.797599792480469,-122.46954345703125,"SAN FRANCISCO","SAN FRANCISCO",-122.46958160400391,37.797599792480469
91647796,2021,2021-12-09,9335,2021-10-26,1300,020658,,2,1,7,3801,0,1,1,,1,081,"I-80 W/B","SAN FRANCISCO/ALAMEDA COUNTY LINE",300.00,W,N,A,-,Y,,,80,,,,,,W,Y,2,0,1,2,A,-,01,23152,A,F,B,C,A,A,H,-,A,D,0,,,,,Y,Y,D,22,1,0,0,0,0,0,0,0,0,"- ","- ",37.818321228027344,-122.35215759277344,"SAN FRANCISCO","SAN FRANCISCO",-122.35225677490234,37.818702697753906
91661804,2021,2021-12-27,9335,2021-11-02,0302,022179,,2,3,7,3801,0,1,2,,2,013,"US-101 N/B","FAITH ST PEDESTRIAN O/C",560.00,S,N,B,-,Y,,,101,,,,,,N,Y,2,0,2,2,A,-,11,21954,A,N,G,1,E,B,H,-,C,D,0,Y,,,,Y,,N,60,1,0,1,0,1,0,0,0,0,"- ","- ",37.742630004882812,-122.40673065185547,"SAN FRANCISCO","SAN FRANCISCO",-122.40669250488281,37.742595672607422
91668009,2020,2022-01-03,9335,2020-11-04,0936,018053,,3,1,7,3801,0,1,1,,2,024,"I-280 S/B","18TH STREET O/C",144.00,N,N,A,-,Y,,,280,,,,,,S,Y,2,0,1,3,A,-,08,22107,,N,C,C,E,A,H,-,A,D,0,Y,,,Y,Y,,A,07,1,0,0,0,1,0,0,0,0,"- ","- ",37.763320922851562,-122.39276885986328,"SAN FRANCISCO","SAN FRANCISCO",-122.39280700683594,37.763313293457031
9166832,2020,2020-11-25,3801,2020-09-12,2000,1846,BAYVI,6,5,7,3801,0,0,0,,0,3C15D,"GILMAN AV","DONAHUE ST",0.00,,Y,B,-,N,,,,,,,,,,Y,2,0,1,2,A,-,09,21801,A,F,D,C,A,A,H,-,C,D,0,,,Y,,Y,,A,01,1,0,0,0,0,0,0,0,1,"- ","- ",,,"SAN FRANCISCO","SAN FRANCISCO",,
9166921,2020,2020-11-30,3801,2020-09-11,1710,2118,NORTH,5,5,7,3801,0,0,0,,0,3E14D,"WEBSTER ST","POST ST",0.00,,Y,A,-,N,,,,,,,,,,N,2,0,1,2,A,-,10,21950,A,N,G,B,B,A,H,-,A,A,0,Y,,,,Y,,-,"- ",1,0,0,0,1,0,0,0,0,"- ","- ",,,"SAN FRANCISCO","SAN FRANCISCO",-122.43142700195312,37.785358428955078
9168130,2020,2020-11-16,3801,2020-09-25,1703,1388,CENTR,5,5,7,3801,0,0,0,,0,3A12C,"COLUMBUS AV","VALLEJO ST",0.00,,Y,A,-,N,,,,,,,,,,N,2,0,1,2,A,-,10,21950,A,F,G,B,B,A,H,-,A,A,0,Y,,,,Y,,A,01,1,0,0,0,1,0,0,0,0,"- ","- ",,,"SAN FRANCISCO","SAN FRANCISCO",-122.40789031982422,37.798721313476562
9168139,2020,2020-11-16,3801,2020-09-09,1845,1784,TENDE,3,5,7,3801,0,0,0,,0,3J15D,"LARKIN ST","GROVE ST",5.00,N,N,A,-,N,,,,,,,,,,N,2,0,1,2,A,-,12,21453,A,F,G,B,B,A,-,-,C,A,0,Y,,,,Y,Y,A,01,1,0,0,0,1,0,0,0,0,"- ","- ",,,"SAN FRANCISCO","SAN FRANCISCO",-122.41659545898438,37.778675079345703
91693692,2022,2022-02-04,9335,2022-01-31,1920,018688,,1,2,7,3801,0,1,1,,1,081,"I-80 W/B","SFOBB CENTER ANCHORAGE",635.00,W,N,A,-,Y,SF,,80,,,6.630,H,,L,Y,2,0,3,3,A,-,03,22350,,N,C,2,A,A,H,-,C,D,0,,,,,Y,,A,01,1,1,1,0,0,0,0,0,0,"- ","- ",37.796638488769531,-122.37905883789062,"SAN FRANCISCO","SAN FRANCISCO",-122.37924194335938,37.796764373779297
91710386,2022,2022-02-28,9335,2022-02-12,0240,022096,,6,3,7,3801,0,1,1,,2,023,"I-280 N/B FROM ALEMANY BLVD","JUSTIN DRIVE",2421.00,N,N,A,-,Y,SF,,280,,R,3.687,H,,R,Y,2,0,5,1,A,-,01,23152,A,N,E,I,A,A,H,-,C,D,0,,,,,Y,Y,A,01,2,2,1,0,0,0,0,0,0,"- ","- ",37.731651306152344,-122.41779327392578,"SAN FRANCISCO","SAN FRANCISCO",-122.41778564453125,37.731857299804688
91713201,2022,2022-03-02,9335,2022-02-19,1540,021222,,6,2,7,3801,0,1,1,,1,083,"I-80 EASTBOUND","SPEAR STREET",130.00,W,N,A,-,Y,SF,,80,,,5.829,H,,R,Y,2,0,2,2,A,-,08,22107,,N,E,I,A,A,H,-,A,D,0,,,,,Y,,A,01,1,1,0,0,0,0,0,0,0,"- ","- ",37.787811279296875,-122.38886260986328,"SAN FRANCISCO","SAN FRANCISCO",-122.38893890380859,37.787864685058594
91730667,2022,2022-03-24,9335,2022-03-10,1430,022860,,4,2,7,3801,1,4,S,,2,901,"POWELL STREET","PACIFIC AVENUE",8.00,S,N,A,-,N,,,,,,,,,,N,2,0,1,2,A,-,10,21950,A,N,G,B,B,A,H,-,A,A,0,Y,,,,Y,,H,17,1,0,0,0,1,0,0,0,0,"- ","- ",37.796428680419922,-122.41011810302734,"SAN FRANCISCO","SAN FRANCISCO",-122.41005706787109,37.796489715576172
91742658,2022,2022-04-06,9335,2022-03-25,1635,022802,,5,2,7,3801,0,1,1,,2,023,"I-280 S/B","ALEMANY BLVD O/C",525.00,N,N,A,-,Y,SF,,280,,R,3.982,H,,L,N,2,0,1,2,A,-,01,23152,A,N,C,C,A,A,H,-,A,D,0,,,Y,,Y,Y,C,02,1,0,0,0,0,0,0,0,1,"- ","- ",37.733180999755859,-122.41272735595703,"SAN FRANCISCO","SAN FRANCISCO",-122.41273498535156,37.733188629150391
91748884,2022,2022-04-15,9350,2022-04-07,0520,022574,,4,3,7,3801,0,1,2,,2,010,"US-101 N/B TO SR-1 S/B","LINCOLN BLVD. UNDERCROSSING",590.00,N,N,A,-,Y,SF,,101,,R,9.390,H,,R,N,2,0,1,1,A,-,03,22350,,N,E,I,A,A,H,-,C,D,0,,,Y,,Y,,C,02,1,0,0,0,0,0,0,0,1,"- ","- ",37.803730010986328,-122.47080230712891,"SAN FRANCISCO","SAN FRANCISCO",-122.47081756591797,37.803703308105469
9178265,2020,2020-12-07,3801,2020-10-08,2044,4178,TRAFF,4,5,7,3801,0,0,0,,0,4B3A,"EVANS AV","PHELPS ST",8.00,E,N,A,-,N,,,,,,,,,,Y,2,0,1,2,-,-,"- ",,A,F,G,B,B,A,H,-,C,A,0,Y,,,,Y,,D,22,1,0,0,0,1,0,0,0,0,"- ","- ",,,"SAN FRANCISCO","SAN FRANCISCO",-122.388427734375,37.742965698242188
9178510,2020,2020-12-07,3801,2020-10-06,1143,1856,SOUTH,2,5,7,3801,0,0,0,,0,0B4,"HARRISON ST","9TH ST",0.00,,Y,A,-,N,,,,,,,,,,N,2,0,1,2,-,-,"- ",,,N,D,C,A,-,H,-,A,A,0,,,Y,,Y,,M,94,1,0,0,0,0,0,0,0,0,"- ","- ",,,"SAN FRANCISCO","SAN FRANCISCO",-122.41004943847656,37.772529602050781
91792230,2022,2022-06-10,9335,2022-05-29,0223,022271,,7,3,7,3801,0,1,2,,2,015,"US-101 S/B TO I-80 E/B","BRANNAN STREET",650.00,N,N,A,-,Y,SF,,80,,L,4.043,H,,R,Y,2,0,1,2,A,-,01,23152,A,N,C,2,A,A,H,-,C,D,0,,,,,Y,Y,A,01,1,0,0,0,0,0,0,0,0,"- ","- ",37.769241333007812,-122.40558624267578,"SAN FRANCISCO","SAN FRANCISCO",-122.4056396484375,37.769264221191406
91799050,2022,2022-06-20,9335,2022-05-21,0307,022860,,6,3,7,3801,0,1,2,,2,014,"US-101 N/B","22ND STREET PEDESTRIAN OVERCROSSING",75.00,S,N,A,-,Y,SF,,101,,,3.507,H,,R,Y,2,0,3,3,A,-,01,23152,A,F,C,2,A,A,D,E,C,A,0,,,,,Y,Y,A,07,1,1,1,0,0,0,0,0,0,"- ","- ",37.756679534912109,-122.40335083007812,"SAN FRANCISCO","SAN FRANCISCO",-122.40328979492188,37.756694793701172
91809110,2022,2022-07-01,9335,2022-05-14,0617,020384,,6,1,7,3801,0,1,1,,2,080,"I-80 W/B","7TH ST.",554.00,E,N,A,-,Y,SF,,80,,,4.605,H,,L,Y,2,0,3,2,A,-,01,23152,A,F,B,C,A,A,H,-,A,D,0,,,,,Y,Y,A,01,1,0,2,0,0,0,0,0,0,"- ","- ",37.77642822265625,-122.40460205078125,"SAN FRANCISCO","SAN FRANCISCO",-122.40460205078125,37.776432037353516
9181493,2020,2020-12-14,3801,2020-10-24,1950,1347,NORTH,6,5,7,3801,0,0,0,,0,001,"OAK ST","OCTAVIA ST",150.00,W,N,A,-,N,,,,,,,,,,N,2,0,1,2,A,-,03,22350,,N,C,C,A,A,H,-,C,D,0,,,Y,,Y,,C,03,1,0,0,0,0,0,0,0,1,"- ","- ",,,"SAN FRANCISCO","SAN FRANCISCO",-122.42481231689453,37.774734497070312
9182396,2020,2020-12-23,3801,2020-10-12,1509,4200,TARAV,1,5,7,3801,0,0,0,,0,3I6B,"BROAD ST","CAPITAL AV",45.00,E,N,A,-,N,,,,,,,,,,N,2,0,1,2,A,-,06,21755,A,F,G,B,G,A,H,-,A,D,0,Y,,Y,,Y,,C,02,1,0,0,0,1,0,0,0,0,"- ","- ",,,"SAN FRANCISCO","SAN FRANCISCO",-122.45888519287109,37.713188171386719
9182418,2020,2020-12-26,3801,2020-10-11,1006,1628,RICHM,7,5,7,3801,0,0,0,,0,3G43,"ANZA ST","42ND AV",0.00,,Y,A,-,N,,,,,,,,,,N,2,0,2,2,A,-,09,21802,A,N,D,C,A,A,H,-,A,A,0,,,Y,,Y,,A,07,1,1,0,0,0,0,0,0,1,"- ","- ",,,"SAN FRANCISCO","SAN FRANCISCO",-122.50276184082031,37.777328491210938
91833382,2022,2022-08-04,9350,2022-08-02,0155,022606,,2,3,7,3801,0,1,2,,2,020,"US-101 N/B","LINCOLN BLVD",2790.00,N,N,A,-,Y,,,,,,,,,,Y,2,0,2,2,A,-,01,23152,A,N,C,C,A,A,D,-,C,D,0,,,,,Y,Y,A,01,1,1,0,0,0,0,0,0,0,"- ","- ",37.813159942626953,-122.47781372070312,"SAN FRANCISCO","SAN FRANCISCO",-122.47783660888672,37.813156127929688
91838776,2022,2022-10-31,9335,2022-08-05,1430,021222,,5,2,7,3801,0,1,1,,1,083,"I-80 EASTBOUND","PHYSICAL GOREPOINT OF I-80 EB TO TREASURE ISLAND R",170.00,W,N,A,-,Y,SF,,80,,,7.636,H,,R,Y,2,0,2,3,A,-,07,21658,A,F,B,C,A,A,H,-,A,D,0,,,,,Y,,A,07,1,0,1,0,0,0,0,0,0,"- ","- ",37.808101654052734,-122.36734008789062,"SAN FRANCISCO","SAN FRANCISCO",-122.3671875,37.808017730712891
9184094,2020,2020-12-03,3801,2020-10-02,2301,1480,MISSI,5,5,7,3801,0,0,0,,0,3D15E,"GUERRERO ST","26TH ST",5.00,N,N,A,-,N,,,,,,,,,,N,2,0,1,2,A,-,11,21453,D,F,D,B,B,A,H,-,C,A,0,Y,,,,Y,Y,N,60,1,0,0,0,1,0,0,0,0,"- ","- ",,,"SAN FRANCISCO","SAN FRANCISCO",-122.42256927490234,37.748802185058594
9184145,2020,2020-12-11,3801,2020-10-20,0545,2163,TENDE,2,5,7,3801,0,0,0,,0,001,"11TH ST","MARKET AND MISSION STS",0.00,,Y,A,-,N,,,,,,,,,,N,2,0,1,2,A,-,10,21954,B,F,G,B,E,A,H,-,C,D,0,Y,,,,Y,,-,99,1,0,0,0,1,0,0,0,0,"- ","- ",,,"SAN FRANCISCO","SAN FRANCISCO",,
91869757,2022,2022-09-21,9335,2022-09-15,1715,022241,,4,2,7,3801,0,1,2,,2,015,"US-101 S/B FROM SOUTH VAN NESS","S. VAN NESS AVENUE",510.00,S,N,A,-,Y,,,,,,,,,,N,2,0,1,1,B,-,22,,,N,F,A,A,A,H,-,A,D,0,,,Y,,Y,,C,02,1,0,0,0,0,0,0,0,1,"- ","- ",37.769519805908203,-122.41889953613281,"SAN FRANCISCO","SAN FRANCISCO",-122.41889953613281,37.769519805908203
91879083,2022,2022-09-30,9350,2022-09-22,1646,022556,,4,2,7,3801,0,1,2,,2,020,"US-101 S/B","ALEXANDER AVE U/C",1744.00,S,N,A,-,Y,,,,,,,,,,N,2,0,1,1,A,-,03,22350,,N,F,I,A,A,H,-,A,D,0,,Y,,,Y,,L,04,1,0,0,0,0,0,1,0,0,"- ","- ",37.8255615234375,-122.47931671142578,"SAN FRANCISCO","SAN FRANCISCO",-122.47953033447266,37.825527191162109
91909598,2021,2022-11-04,9335,2021-11-26,0304,022326,,5,3,7,3801,0,1,2,,2,014,"US-101 N/B","18TH STREET PEDESTRIAN OVERCROSSING",755.00,S,N,A,-,Y,,,101,,,,,,N,Y,1,2,2,3,A,-,01,23152,A,N,A,C,A,A,H,-,D,D,0,,,,,Y,Y,A,01,1,0,1,0,0,0,0,0,0,"- ","- ",37.760139465332031,-122.40635681152344,"SAN FRANCISCO","SAN FRANCISCO",-122.40627288818359,37.760162353515625
91917237,2022,2022-11-14,9335,2022-11-06,1335,021222,,7,1,7,3801,0,1,2,,2,013,"US-101 SOUTHBOUND","PHYSICAL GOREPONT OF US-101 SOUTHBOUND TO 3RD STRE",300.00,N,N,A,-,Y,SF,,101,,,0.890,H,,L,Y,2,0,3,2,A,-,03,22350,,N,C,C,A,A,H,-,A,D,0,,,,,Y,,D,22,1,0,2,0,0,0,0,0,0,"- ","- ",37.720470428466797,-122.39987182617188,"SAN FRANCISCO","SAN FRANCISCO",-122.40011596679688,37.720424652099609
91918044,2022,2022-11-15,9335,2022-11-09,0700,020658,,3,1,7,3801,0,1,1,,1,081,"I-80 W/B","WEST EDGE OF YERBA BUENA ISLAND TUNNEL",2798.00,E,N,A,-,Y,SF,,80,,R,8.346,H,,L,Y,2,0,1,2,A,-,07,21658,A,N,C,C,A,A,H,-,A,D,0,,,Y,,Y,,A,01,1,0,0,0,0,0,0,0,1,"- ","- ",37.815650939941406,-122.35823059082031,"SAN FRANCISCO","SAN FRANCISCO",-122.35836029052734,37.815792083740234
91927955,2022,2022-11-28,9335,2022-11-20,0230,023063,,7,3,7,3801,0,1,1,,2,023,"I-280 SB","LYELL ST.",257.00,N,N,A,-,Y,SF,,280,,R,2.976,H,,L,Y,2,0,1,1,A,-,01,23152,A,N,E,8,A,A,H,-,D,D,0,,,,,Y,Y,A,01,1,0,0,0,0,0,0,0,0,"- ","- ",37.732440948486328,-122.43058013916016,"SAN FRANCISCO","SAN FRANCISCO",-122.43058013916016,37.732383728027344
91940802,2022,2023-05-05,9335,2022-06-07,0328,022179,,2,3,7,3801,0,1,2,,2,015,"US-101 S/B TO I-80 E/B","DIVISION STREET UNDERCROSSING",179.00,N,N,A,-,Y,SF,,80,,L,4.036,H,,R,Y,1,1,0,3,A,-,01,23152,G,N,E,I,A,A,C,-,C,D,0,,,Y,Y,Y,Y,C,02,0,0,0,0,0,0,0,1,0,"- ","- ",37.769180297851562,-122.40564727783203,"SAN FRANCISCO","SAN FRANCISCO",-122.40569305419922,37.769210815429688
9194242,2020,2021-01-20,3801,2020-11-02,2310,229,MISSI,1,5,7,3801,0,0,0,,0,0D4,"POTRERO AV","24TH ST",85.00,S,N,A,-,N,,,,,,,,,,N,2,0,1,2,A,-,03,22350,,F,G,B,E,A,H,-,C,A,0,Y,,,,Y,,-,,1,0,0,0,1,0,0,0,0,"- ","- ",,,"SAN FRANCISCO","SAN FRANCISCO",-122.40629577636719,37.752758026123047
9194260,2020,2021-01-25,3801,2020-11-17,1458,2050,NORTH,2,5,7,3801,0,0,0,,0,3E14D,"MISSION ST","SOUTH VAN NESS",0.00,,Y,A,-,N,,,,,,,,,,N,2,0,2,2,A,-,07,21658,A,F,B,C,A,A,G,-,A,D,0,,,,,Y,,A,01,1,0,1,0,0,0,0,0,0,"- ","- ",,,"SAN FRANCISCO","SAN FRANCISCO",-122.41863250732422,37.773109436035156
9194273,2020,2021-01-22,3801,2020-11-15,1456,2716,PARK,7,5,7,3801,0,0,0,,0,021,"CLARENDON AV","OLYMPIA WY",0.00,,Y,A,-,N,,,,,,,,,,N,2,0,1,2,A,-,11,21954,A,F,D,B,D,-,H,-,A,D,0,Y,,,,Y,,N,60,1,0,0,0,1,0,0,0,0,"- ","- ",,,"SAN FRANCISCO","SAN FRANCISCO",-122.45642852783203,37.751518249511719
9194290,2020,2021-01-20,3801,2020-11-01,0126,PLACENCI,INGLE,7,5,7,3801,0,0,0,,0,3H11D,"CHENERY ST","FAIRMOUNT ST",108.00,S,N,A,-,N,,,,,,,,,,N,2,0,1,3,A,-,03,22350,,F,H,B,E,A,-,-,C,D,0,Y,,,,Y,,A,07,1,0,0,0,1,0,0,0,0,"- ","- ",,,"SAN FRANCISCO","SAN FRANCISCO",-122.4259033203125,37.738655090332031
9194838,2020,2021-01-25,3801,2020-11-02,0406,899,MISSI,1,5,7,3801,0,0,0,,0,3D15E,"POTRERO AV","23RD ST",0.00,,Y,A,-,N,,,,,,,,,,N,2,0,1,2,A,-,11,21453,D,N,G,B,B,A,H,-,C,A,0,Y,,,,Y,Y,N,60,1,0,0,0,1,0,0,0,0,"- ","- ",,,"SAN FRANCISCO","SAN FRANCISCO",-122.40647125244141,37.754581451416016
91981357,2023,2023-01-30,9335,2023-01-16,1232,018804,,1,1,7,3801,0,1,1,,2,023,"I-280 N/B TO US 101 S/B","SILVER AVE",785.00,S,N,A,-,Y,SF,,101," "," ",1.620,H,,R,Y,2,0,2,1,A,-,08,22107,,N,E,I,A,A,H,-,A,D,0,,,,,Y,,A,01,1,1,0,0,0,0,0,0,0,"- ","- ",37.730701446533203,-122.40386962890625,"SAN FRANCISCO","SAN FRANCISCO",-122.40398406982422,37.730667114257812
92007760,2022,2023-03-02,9335,2022-07-23,2357,022703,,6,3,7,3801,0,1,1,,1,081,"I-80 WESTBOUND","THE FOREST HILL ROAD OVERCROSSING.",260.00,E,N,A,-,Y,SF,,80,,,7.852,H,,L,Y,2,0,4,2,A,-,01,23152,A,F,C,C,A,A,H,-,C,D,0,,,,,Y,Y,A,01,4,0,0,0,0,0,0,0,0,"- ","- ",37.810539245605469,-122.36470031738281,"SAN FRANCISCO","SAN FRANCISCO",-122.36465454101562,37.810512542724609
92015092,2022,2023-03-10,9335,2022-06-19,0254,022196,,7,3,7,3801,0,1,1,,1,081,"I-80 WESTBOUND","CECTER ANCHORAGE",20.00,E,N,A,-,Y,SF,,80,,,6.770,H,,L,Y,1,1,4,2,A,-,03,22350,,N,C,C,A,A,H,-,C,D,0,,,,,Y,Y,D,22,3,0,1,0,0,0,0,0,0,"- ","- ",37.798469543457031,-122.37776184082031,"SAN FRANCISCO","SAN FRANCISCO",-122.37754058837891,37.798320770263672
9203199,2020,2021-01-06,3801,2020-07-24,1520,76,TRAFF,5,5,7,3801,0,0,0,,0,3H16C,"ALEMANEY BL","HARRINGTON BL",50.00,S,N,B,-,N,,,,,,,,,,Y,2,0,1,1,A,-,05,21651,A,N,E,I,A,A,H,-,A,D,0,,,,,Y,,A,01,1,0,0,0,0,0,0,0,0,"- ","- ",,,"SAN FRANCISCO","SAN FRANCISCO",-122.43637084960938,37.725936889648438
92040978,2022,2023-04-10,9335,2022-09-17,0539,019581,,6,3,7,3801,0,1,1,,1,083,"I-80 E/B (DWIGHT D. EISENHOWER)","BEALE ST.",280.00,W,N,A,-,Y,SF,,80,,,5.669,H,,R,Y,1,1,1,2,C,-,18,,,N,C,C,A,A,H,-,D,D,0,,,Y,,Y,,-,"- ",1,0,0,0,0,0,0,1,1,"- ","- ",37.786090850830078,-122.39086151123047,"SAN FRANCISCO","SAN FRANCISCO",-122.390869140625,37.786094665527344
9208121,2020,2021-03-25,3801,2020-12-30,1612,1601,SOUTH,3,5,7,3801,0,0,0,,0,0B4,"MARKET ST","GOUGH ST",76.00,E,N,A,-,N,,,,,,,,,,Y,1,1,0,1,D,-,00,,,N,H,A,A,A,A,-,A,D,0,,,Y,,Y,,-,"- ",0,0,0,0,0,0,0,1,0,"- ","- ",,,"SAN FRANCISCO","SAN FRANCISCO",-122.42201995849609,37.773014068603516
9209141,2020,2021-02-22,3801,2020-12-05,1739,1994,TRAFF,6,5,7,3801,0,0,0,,0,,"TURK ST","WILLARD NORTH ST",7.00,W,N,B,-,N,,,,,,,,,,N,2,0,1,2,A,-,10,21950,A,N,G,B,B,A,H,-,C,D,0,Y,,,,Y,,A,01,1,0,0,0,1,0,0,0,0,"- ","- ",,,"SAN FRANCISCO","SAN FRANCISCO",-122.45688629150391,37.777378082275391
92109974,2023,2023-07-05,9335,2023-06-28,1430,022703,,3,2,7,3801,0,1,1,,1,083,"I-80 EASTBOUND","THE NORTHGATE ROAD UNDERCROSSING",115.00,E,N,A,-,Y,SF,,80," ",R,8.126,H,,R,N,2,0,1,2,A,-,08,22107,,N,E,0,A,A,H,-,A,D,0,,,Y,,Y,,C,02,1,0,0,0,0,0,0,0,1,"- ","- ",37.813480377197266,-122.361328125,"SAN FRANCISCO","SAN FRANCISCO",-122.36138916015625,37.813529968261719
9211509,2020,2021-01-21,3801,2020-10-13,0036,4125,RICHM,2,5,7,3801,0,0,0,,0,3G2E,"BALBOA ST","ARGUELLO BL",3.00,W,N,A,-,N,,,,,,,,,,Y,1,1,0,1,A,-,03,22350,,N,E,I,A,A,H,-,C,A,0,,,,,Y,,A,01,0,0,0,0,0,0,0,0,0,"- ","- ",,,"SAN FRANCISCO","SAN FRANCISCO",-122.45859527587891,37.777252197265625
9211541,2020,2021-01-28,3801,2020-12-03,1720,76,,4,5,7,3801,0,0,0,,0,4B3B,"THE EMBARCADERO PROMENADE","PIER 17",200.00,N,N,-,-,N,,,,,,,,,,N,1,1,0,1,B,-,22,,,N,E,I,A,A,H,-,C,D,0,,,,,Y,,M,94,0,0,0,0,0,0,0,0,0,"- ","- ",,,"SAN FRANCISCO","SAN FRANCISCO",-122.39981842041016,37.801853179931641
9211845,2021,2021-04-15,3801,2021-03-08,1356,1251,,1,5,7,3801,0,0,0,,0,3C14D,"GOETTINGEN ST","DWIGHT ST",157.00,S,N,A,-,N,,,,,,,,,,N,2,0,1,1,A,-,03,22350,,N,E,I,A,A,H,-,A,D,0,,Y,,,Y,,L,04,1,0,0,0,0,0,1,0,0,"- ","- ",,,"SAN FRANCISCO","SAN FRANCISCO",-122.40508270263672,37.723270416259766
9211998,2020,2021-01-07,3801,2020-11-27,1430,76,,5,5,7,3801,0,0,0,,0,4B3B,"KEZAR DR","WALLER ST",246.00,N,N,A,-,N,,,,,,,,,,N,2,0,1,1,C,-,18,,,N,-,J,A,A,H,-,A,D,0,,,,,Y,,-,"- ",1,0,0,0,0,0,0,0,0,"- ","- ",,,"SAN FRANCISCO","SAN FRANCISCO",-122.45487213134766,37.768840789794922
9212117,2020,2021-01-15,3801,2020-11-02,1551,139,TRAFF,1,5,7,3801,0,0,0,,0,4B4J,"SPEAR ST","MISSION ST",220.00,N,N,A,-,N,,,,,,,,,,N,2,0,1,3,A,-,17,21708,,N,E,J,E,A,C,-,A,D,0,Y,,,,Y,,-,,1,0,0,0,1,0,0,0,0,"- ","- ",,,"SAN FRANCISCO","SAN FRANCISCO",-122.39463806152344,37.792964935302734
92131373,2023,2023-12-11,9335,2023-07-29,"200 ",023063,,6,3,7,3801,0,1,2,,2,013,"US-101 SOUTHBOUND","SOUTH OF THE WEST RDWY EDGE OF US-101 SB OF THIRD",280.00,S,N,A,-,Y,SF,,101," "," ",0.869,H,,L,Y,1,1,0,2,A,-,01,23153,A,N,C,C,A,A,H,-,D,D,0,,,Y,,Y,Y,A,07,0,0,0,0,0,0,0,1,0,"- ","- ",37.720111846923828,-122.40007019042969,"SAN FRANCISCO","SAN FRANCISCO",-122.4000244140625,37.720119476318359
92158360,2023,2023-08-30,9335,2023-08-23,1630,023312,,3,2,7,3801,0,1,1,,1,083,"I-80 E/B","TREASURE ISLAND RD O/C",445.00,W,N,A,-,Y,SF,,80," "," ",7.637,H,,R,N,2,0,1,2,A,-,07,21658,A,N,B,C,A,A,H,-,A,D,0,,,Y,,Y,,A,01,1,0,0,0,0,0,0,0,1,"- ","- ",37.808090209960938,-122.36730194091797,"SAN FRANCISCO","SAN FRANCISCO",-122.36717987060547,37.808025360107422