CASE_ID,ACCIDENT_YEAR,PROC_DATE,JURIS,COLLISION_DATE,COLLISION_TIME,OFFICER_ID,REPORTING_DISTRICT,DAY_OF_WEEK,CHP_SHIFT,POPULATION,CNTY_CITY_LOC,SPECIAL_COND,BEAT_TYPE,CHP_BEAT_TYPE,CITY_DIVISION_LAPD,CHP_BEAT_CLASS,BEAT_NUMBER,PRIMARY_RD,SECONDARY_RD,DISTANCE,DIRECTION,INTERSECTION,WEATHER_1,WEATHER_2,STATE_HWY_IND,CALTRANS_COUNTY,CALTRANS_DISTRICT,STATE_ROUTE,ROUTE_SUFFIX,POSTMILE_PREFIX,POSTMILE,LOCATION_TYPE,RAMP_INTERSECTION,SIDE_OF_HWY,TOW_AWAY,COLLISION_SEVERITY,NUMBER_KILLED,NUMBER_INJURED,PARTY_COUNT,PRIMARY_COLL_FACTOR,PCF_CODE_OF_VIOL,PCF_VIOL_CATEGORY,PCF_VIOLATION,PCF_VIOL_SUBSECTION,HIT_AND_RUN,TYPE_OF_COLLISION,MVIW,PED_ACTION,ROAD_SURFACE,ROAD_COND_1,ROAD_COND_2,LIGHTING,CONTROL_DEVICE,CHP_ROAD_TYPE,PEDESTRIAN_ACCIDENT,BICYCLE_ACCIDENT,MOTORCYCLE_ACCIDENT,TRUCK_ACCIDENT,NOT_PRIVATE_PROPERTY,ALCOHOL_INVOLVED,STWD_VEHTYPE_AT_FAULT,CHP_VEHTYPE_AT_FAULT,COUNT_SEVERE_INJ,COUNT_VISIBLE_INJ,COUNT_COMPLAINT_PAIN,COUNT_PED_KILLED,COUNT_PED_INJURED,COUNT_BICYCLIST_KILLED,COUNT_BICYCLIST_INJURED,COUNT_MC_KILLED,COUNT_MC_INJURED,PRIMARY_RAMP,SECONDARY_RAMP,LATITUDE,LONGITUDE,COUNTY,CITY,POINT_X,POINT_Y
9216726,2020,2021-02-05,3801,2020-12-16,1510,470,RICHM,3,5,7,3801,0,0,0,,0,,"POINT LOBOS AV","POINT LOBOS AV 902",120.00,E,N,A,-,N,,,,,,,,,,N,2,0,1,2,A,-,03,22350,,N,C,G,A,A,H,-,A,D,0,,Y,,,Y,,L,04,1,0,0,0,0,0,1,0,0,"- ","- ",,,"SAN FRANCISCO","SAN FRANCISCO",,
9218630,2020,2021-02-08,3801,2020-12-14,1520,528,BAYVI,1,5,7,3801,0,0,0,,0,901,"LA SALLE AV","OSCEOLA LN",0.00,,Y,A,-,N,,,,,,,,,,N,2,0,1,2,A,-,"- ",,,F,G,B,D,A,H,-,A,A,0,Y,,,,Y,,N,60,1,0,0,0,1,0,0,0,0,"- ","- ",,,"SAN FRANCISCO","SAN FRANCISCO",-122.38384246826172,37.732440948486328
9223615,2021,2021-03-23,3801,2021-01-09,1417,2455,CENTR,6,5,7,3801,0,0,0,,0,,"LOMBARD ST","THE EMBARCADERO",0.00,,Y,A,-,N,,,,,,,,,,,2,0,1,2,A,-,05,21650,1,N,H,G,A,A,H,-,A,A,0,,Y,,,Y,,L,04,1,0,0,0,0,0,1,0,0,"- ","- ",,,"SAN FRANCISCO","SAN FRANCISCO",-122.40220642089844,37.804168701171875
9223857,2021,2021-03-22,3801,2021-01-18,1241,1486,TRAFF,1,5,7,3801,0,0,0,,0,4B5A,"POTRERO AV","20TH ST",11.00,S,N,A,-,N,,,,,,,,,,N,2,0,1,2,A,-,10,21950,A,N,G,B,B,A,H,-,A,A,0,Y,,,,Y,,A,01,1,0,0,0,1,0,0,0,0,"- ","- ",,,"SAN FRANCISCO","SAN FRANCISCO",-122.40694427490234,37.75933837890625
9223897,2021,2021-06-21,3801,2021-01-21,1530,1039,MISSI,4,5,7,3801,0,0,0,,0,001,"POLK ST","ELLIS ST",20.00,S,N,-,-,N,,,,,,,,,,N,2,0,1,2,A,-,05,21651,B,F,-,C,A,-,-,-,A,-,0,,,Y,,Y,,C,03,1,0,0,0,0,0,0,0,1,"- ","- ",,,"SAN FRANCISCO","SAN FRANCISCO",-122.41934204101562,37.783985137939453
9223917,2021,2021-03-22,3801,2021-01-23,0430,1933,TENDE,6,5,7,3801,0,0,0,,0,3J13E,"GOLDEN GATE AV","LARKIN ST",0.00,,Y,A,-,N,,,,,,,,,,N,2,0,1,2,-,-,"- ",,,F,G,B,D,A,H,-,C,A,0,Y,,,,Y,,-,"- ",1,0,0,0,1,0,0,0,0,"- ","- ",,,"SAN FRANCISCO","SAN FRANCISCO",-122.41715240478516,37.781440734863281
9224026,2021,2021-04-17,3801,2021-01-03,1442,2465,BAYVI,7,5,7,3801,0,0,0,,0,3C11C,"20TH ST","CAROLINA ST",106.00,W,N,A,-,N,,,,,,,,,,Y,2,0,1,2,A,-,03,22350,,N,C,E,A,A,H,-,A,D,0,,,,,Y,,A,01,1,0,0,0,0,0,0,0,0,"- ","- ",,,"SAN FRANCISCO","SAN FRANCISCO",-122.40050506591797,37.759777069091797
9224050,2021,2021-03-22,3801,2021-01-08,1430,4214,SOUTH,5,5,7,3801,0,0,0,,0,4K1F,"6TH ST","MINNA ST",54.00,N,N,A,-,N,,,,,,,,,,N,2,0,1,2,A,-,11,21955,,N,G,B,D,A,H,-,A,A,0,Y,,,,Y,,N,60,1,0,0,0,1,0,0,0,0,"- ","- ",,,"SAN FRANCISCO","SAN FRANCISCO",-122.40826416015625,37.780654907226562
92258828,2023,2023-12-11,9335,2023-05-28,"515 ",020384,,7,3,7,3801,0,1,1,,1,081,"I-80 W/B","BEALE STREET",300.00,W,N,B,-,Y,SF,,80," "," ",5.662,H,,L,Y,2,0,1,2,A,-,07,21658,A,N,B,C,A,A,H,-,C,D,0,,,,,Y,,J,49,1,0,0,0,0,0,0,0,0,"- ","- ",37.7860107421875,-122.39095306396484,"SAN FRANCISCO","SAN FRANCISCO",-122.39096069335938,37.786014556884766
92267464,2023,2023-12-20,9335,2023-07-23,"641 ",022920,,7,1,7,3801,0,1,1,,2,023,"I-280 S/B TO MONTEREY BOULEVARD","MONTEREY BOULEVARD",40.00,N,N,A,-,Y,,,,,,,,,,Y,2,0,3,4,A,-,01,23152,A,N,C,C,A,A,H,-,A,A,0,,,,,Y,Y,A,07,1,0,2,0,0,0,0,0,0,"- ","- ",37.731571197509766,-122.43624114990234,"SAN FRANCISCO","SAN FRANCISCO",-122.43624114990234,37.731571197509766
9227515,2021,2021-04-13,3801,2021-02-12,1245,2722,PARK,5,5,7,3801,0,0,0,,0,0F2,"KEZAR DR","LINCOLN WY",0.00,,Y,A,-,N,,,,,,,,,,N,2,0,1,2,A,-,04,21703,,N,C,C,A,A,H,-,A,D,0,,,Y,,Y,,A,01,1,0,0,0,0,0,0,0,1,"- ","- ",,,"SAN FRANCISCO","SAN FRANCISCO",-122.4605712890625,37.766178131103516
9227542,2021,2021-04-13,3801,2021-02-21,1445,4314,RICHM,7,5,7,3801,0,0,0,,0,0G4,"CALIFORNIA ST","15TH AV",10.00,W,N,A,-,N,,,,,,,,,,N,2,0,1,1,D,-,00,,,N,F,A,A,A,H,-,A,D,0,,Y,,,Y,,-,"- ",1,0,0,0,0,0,1,0,0,"- ","- ",,,"SAN FRANCISCO","SAN FRANCISCO",-122.47429656982422,37.784366607666016
9227581,2021,2021-03-27,3801,2021-02-14,1150,73,TRAFF,7,5,7,3801,0,0,0,,0,4K1G,"JOHN F KENNEDY DR","STANYAN ST",0.00,,Y,A,B,N,,,,,,,,,,N,2,0,1,1,C,-,18,,,N,H,-,A,A,H,-,-,A,0,,Y,,,Y,,-,"- ",1,0,0,0,0,0,1,0,0,"- ","- ",,,"SAN FRANCISCO","SAN FRANCISCO",-122.45400238037109,37.771507263183594
9228168,2021,2021-03-26,3801,2021-02-19,1510,4132,MISSI,5,5,7,3801,0,0,0,,0,,"GUERRERO ST","DORLAND ST",78.00,N,N,A,-,N,,,,,,,,,,N,2,0,1,2,A,-,08,22107,,N,B,C,A,A,H,-,A,D,0,,,Y,,Y,,C,03,1,0,0,0,0,0,0,0,1,"- ","- ",,,"SAN FRANCISCO","SAN FRANCISCO",-122.42388916015625,37.762565612792969
9228187,2021,2021-03-23,3801,2021-02-18,0631,1482,TENDE,4,5,7,3801,0,0,0,,0,3J13A,"LARKIN ST","WILLOW ST",0.00,,Y,A,-,N,,,,,,,,,,N,2,0,1,2,A,-,17,21657,,N,A,G,A,A,H,-,B,A,0,,Y,,,Y,,L,04,1,0,0,0,0,0,1,0,0,"- ","- ",,,"SAN FRANCISCO","SAN FRANCISCO",-122.41762542724609,37.783782958984375
9228232,2021,2021-03-24,3801,2021-02-06,1021,2375,RICHM,6,5,7,3801,0,0,0,,0,3G4A,"JOHN F KENNEDY DR","STOW LAKE DR",300.00,W,N,A,-,N,,,,,,,,,,N,2,0,2,2,A,-,03,22350,,N,C,B,E,A,H,-,A,D,0,Y,Y,,,Y,,L,04,1,0,1,0,1,0,1,0,0,"- ","- ",,,"SAN FRANCISCO","SAN FRANCISCO",-122.47481536865234,37.771579742431641
92297219,2024,2024-01-25,9335,2024-01-17,1924,023595,,3,2,7,3801,0,1,2,,2,013,"US-101 S/B","PAUL AVE UNDERCROSSING",320.00,S,N,A,-,Y,SF,,101," "," ",1.069,H,,L,Y,2,0,1,2,A,-,07,21658,A,N,C,C,A,A,H,-,D,D,0,,,Y,,Y,,C,03,1,0,0,0,0,0,0,0,1,"- ","- ",37.722980499267578,-122.40106201171875,"SAN FRANCISCO","SAN FRANCISCO",-122.40105438232422,37.722980499267578
92324225,2023,2024-02-27,9335,2023-12-14,2015,023373,,4,2,7,3801,0,1,1,,1,083,"I-80 E/B","TREASURE ISLAND RD",5386.00,W,N,A,-,Y,SF,,80," "," ",6.714,H,,R,Y,2,0,1,2,A,-,03,22350,,N,C,C,A,A,H,-,C,D,0,,,Y,,Y,,C,02,1,0,0,0,0,0,0,0,1,"- ","- ",37.79779052734375,-122.37835693359375,"SAN FRANCISCO","SAN FRANCISCO",-122.37822723388672,37.797698974609375
92332431,2024,2024-03-07,9335,2024-02-20,2253,023536,,2,3,7,3801,0,1,1,,1,083,"I-80 E/B","THE MACALLA RD. UNDERCROSSING",480.00,W,N,C,-,Y,SF,,80," "," ",7.846,H,,R,Y,2,0,1,2,A,-,07,21658,A,N,B,C,A,B,H,-,C,D,0,,,,,Y,,-,"- ",1,0,0,0,0,0,0,0,0,"- ","- ",37.810440063476562,-122.36473846435547,"SAN FRANCISCO","SAN FRANCISCO",-122.36473083496094,37.810432434082031
92343310,2024,2024-03-21,9335,2024-01-08,2219,023504,,1,3,7,3801,0,1,1,,1,083,"I-80 E/B","ARMY ROAD",2000.00,E,N,A,-,Y,SF,,80," ",R,8.655,H,,R,Y,2,0,2,2,A,-,01,23152,A,N,B,2,A,A,H,-,C,D,0,,,,,Y,Y,A,01,1,0,1,0,0,0,0,0,0,"- ","- ",37.817989349365234,-122.35337066650391,"SAN FRANCISCO","SAN FRANCISCO",-122.35331726074219,37.817897796630859
9239172,2021,2021-04-19,3801,2021-03-07,1425,2465,BAYVI,7,5,7,3801,0,0,0,,0,3C13C,"ROSIE LEE LN","ESPANOLA ST",19.00,W,N,A,-,N,,,,,,,,,,N,2,0,1,2,A,-,08,22100,B,N,A,C,A,A,H,-,A,D,0,,,Y,,Y,,C,03,1,0,0,0,0,0,0,0,1,"- ","- ",,,"SAN FRANCISCO","SAN FRANCISCO",-122.37972259521484,37.73175048828125
9239177,2021,2021-04-20,3801,2021-03-04,1104,73,TRAFF,4,5,7,3801,0,0,0,,0,4K1G,"GUERRERO ST","14TH ST",65.00,N,N,A,-,N,,,,,,,,,,Y,2,0,2,3,C,-,18,,,N,B,C,A,A,H,-,A,D,0,,,,,Y,,-,"- ",1,0,1,0,0,0,0,0,0,"- ","- ",,,"SAN FRANCISCO","SAN FRANCISCO",-122.42443084716797,37.768199920654297
9239681,2021,2021-04-13,3801,2021-01-17,1429,1994,TRAFF,7,5,7,3801,0,0,0,,0,4B3G,"OCEAN AV","JULES AV",0.00,,Y,-,-,N,,,,,,,,,,Y,2,0,1,2,A,-,08,22100,B,N,D,C,A,A,H,-,A,A,0,,,Y,,Y,,A,01,1,0,0,0,0,0,0,0,1,"- ","- ",,,"SAN FRANCISCO","SAN FRANCISCO",-122.46123504638672,37.724948883056641
92409759,2024,2024-06-10,9335,2024-05-31,"258 ",023464,,5,3,7,3801,0,1,1,,1,083,"I-80 E/B","THE EMBARCADERO UNDERCROSSING",1109.00,E,N,A,-,Y,SF,,80," "," ",6.135,H,,R,Y,2,0,2,4,A,-,03,22350,,N,C,C,E,A,H,-,D,D,0,Y,,,,Y,,A,07,1,1,0,0,1,0,0,0,0,"- ","- ",37.791301727294922,-122.38529205322266,"SAN FRANCISCO","SAN FRANCISCO",-122.38523864746094,37.791263580322266
92414480,2024,2024-06-14,9335,2024-06-06,"8   ",022048,,4,3,7,3801,0,1,1,,2,080,"INTERSTATE 80 WESTBOUND TO FIFTH STREET","FIFTH STREET",1109.00,E,N,A,-,Y,SF,,80," "," ",5.113,H,,L,Y,2,0,2,1,A,-,08,22107,,F,E,I,A,A,H,-,C,C,0,,,,,Y,,A,01,1,0,1,0,0,0,0,0,0,"- ","- ",37.78076171875,-122.39823913574219,"SAN FRANCISCO","SAN FRANCISCO",-122.3984375,37.780914306640625
92415470,2023,2024-06-17,9335,2023-08-27,"252 ",023111,,7,3,7,3801,0,1,2,,2,013,"US-101 N/B","BAYSHORE BLVD OVERCROSSING",1129.00,N,N,A,-,Y,SF,,101," "," ",0.772,H,,R,Y,1,2,1,2,A,-,01,23152,A,N,A,C,A,A,H,-,C,D,0,,,,,Y,Y,A,01,1,0,0,0,0,0,0,0,0,"- ","- ",37.718978881835938,-122.39949798583984,"SAN FRANCISCO","SAN FRANCISCO",-122.39943695068359,37.718990325927734
9242252,2020,2021-03-25,3801,2020-07-28,1607,2229,NORTH,2,5,7,3801,0,0,0,,0,,"BUCHANAN ST","MARINA BL",0.00,,Y,A,-,N,,,,,,,,,,Y,2,0,1,1,A,-,03,22350,,N,H,A,A,A,H,-,A,A,0,,,Y,,Y,,C,02,1,0,0,0,0,0,0,0,1,"- ","- ",,,"SAN FRANCISCO","SAN FRANCISCO",-122.43370819091797,37.805038452148438
92441487,2024,2024-07-17,9335,2024-03-09,"205 ",023474,,6,3,7,3801,0,1,1,,2,023,"I-280 N/B","MISSION ST",520.00,S,N,A,-,Y,SF,,280," ",R,2.996,H,,R,Y,1,1,0,1,A,-,01,23152,A,N,E,I,A,A,H,-,C,D,0,,,,,Y,Y,A,07,0,0,0,0,0,0,0,0,0,"- ","- ",37.732089996337891,-122.43025970458984,"SAN FRANCISCO","SAN FRANCISCO",-122.43025207519531,37.732170104980469
9247463,2021,2021-06-03,3801,2021-03-12,2017,2140,MISSI,5,5,7,3801,0,0,0,,0,3D11E,"18TH ST","18TH ST 3638",0.00,,-,A,-,N,,,,,,,,,,N,2,0,1,2,A,-,17,22517,,N,A,G,A,A,H,-,C,D,0,,Y,,,Y,,-,,1,0,0,0,0,0,1,0,0,"- ","- ",,,"SAN FRANCISCO","SAN FRANCISCO",,
9247479,2021,2021-04-17,3801,2021-03-31,2152,2091,NORTH,3,5,7,3801,0,0,0,,0,3E13E,"GOUGH ST",MCALLISTER,0.00,,Y,A,-,N,,,,,,,,,,Y,2,0,7,4,A,-,01,23152,A,N,D,C,A,A,H,-,C,A,0,,,,,Y,Y,A,01,1,2,4,0,0,0,0,0,0,"- ","- ",,,"SAN FRANCISCO","SAN FRANCISCO",-122.42353820800781,37.779670715332031
9252251,2021,2021-04-19,3801,2021-03-18,1845,2727,NORTH,4,5,7,3801,0,0,0,,0,3E11D,"FELL ST","WEBSTER ST",0.00,,Y,B,-,N,,,,,,,,,,Y,2,0,2,2,A,-,12,21453,A,F,D,C,A,B,H,-,A,A,0,,,,,Y,,A,01,1,1,0,0,0,0,0,0,0,"- ","- ",,,"SAN FRANCISCO","SAN FRANCISCO",-122.42932891845703,37.775123596191406
9252730,2021,2021-04-24,3801,2021-03-27,2028,2384,MISSI,6,5,7,3801,0,0,0,,0,1500,"VALENCIA ST","16TH STR",0.00,,Y,A,-,N,,,,,,,,,,N,2,0,1,2,A,-,10,21950,A,N,G,B,B,A,H,-,C,A,0,Y,,,,Y,,A,01,1,0,0,0,1,0,0,0,0,"- ","- ",,,"SAN FRANCISCO","SAN FRANCISCO",-122.42189025878906,37.764907836914062
9252735,2021,2021-04-24,3801,2021-03-27,0816,2728,TENDE,6,5,7,3801,0,0,0,,0,,"EDDY ST","JONES ST",162.00,E,N,A,-,N,,,,,,,,,,N,2,0,1,2,A,-,17,21663,,F,G,B,F,A,H,-,A,D,0,Y,,,,Y,,A,01,1,0,0,0,1,0,0,0,0,"- ","- ",,,"SAN FRANCISCO","SAN FRANCISCO",-122.41204071044922,37.784015655517578
9252811,2021,2021-04-28,3801,2021-03-29,1635,132,TRAFF,1,5,7,3801,0,0,0,,0,4B4F,"MISSION ST","17TH ST",0.00,,Y,A,-,N,,,,,,,,,,Y,2,0,1,2,A,-,08,22107,,N,B,C,A,A,H,-,A,A,0,,,Y,,Y,,A,01,1,0,0,0,0,0,0,0,1,"- ","- ",,,"SAN FRANCISCO","SAN FRANCISCO",-122.41950225830078,37.763423919677734
9256152,2021,2021-06-08,3801,2021-04-03,1308,845,TRAFF,6,5,7,3801,0,0,0,,0,4B2D,"3RD ST","FOLSOM ST",32.00,N,N,A,-,N,,,,,,,,,,Y,1,1,0,2,A,-,11,21954,A,F,G,B,D,A,H,-,A,A,0,Y,,,,Y,,N,60,0,0,0,1,0,0,0,0,0,"- ","- ",,,"SAN FRANCISCO","SAN FRANCISCO",-122.39903259277344,37.783843994140625
9256170,2021,2021-06-03,3801,2021-04-07,1319,73,TRAFF,3,5,7,3801,0,0,0,,0,4B1H,"18TH ST","CHURCH ST",353.00,E,N,A,-,N,,,,,,,,,,Y,2,0,2,7,C,-,18,,,N,C,C,A,A,H,-,A,D,0,,,,,Y,,-,"- ",1,0,1,0,0,0,0,0,0,"- ","- ",,,"SAN FRANCISCO","SAN FRANCISCO",-122.42716217041016,37.761375427246094
9256317,2021,2021-07-09,3801,2021-01-20,2235,76,TRAFF,3,5,7,3801,0,0,0,,0,4B3B,"JUNIPERO SERRA BL","PALMETTO AV",578.00,S,N,A,-,Y,SF,4,1,-,-,0.070,H,-,N,Y,1,1,0,2,A,-,03,22350,,N,E,I,A,A,H,-,D,D,0,,,,,Y,,A,01,0,0,0,0,0,0,0,0,0,"- ","- ",,,"SAN FRANCISCO","SAN FRANCISCO",-122.47103881835938,37.709053039550781
9256801,2021,2021-05-19,3801,2021-04-03,2207,2479,NORTH,6,5,7,3801,0,0,0,,0,3E15E,"LOMBARD ST","SCOTT ST",0.00,,Y,B,-,N,,,,,,,,,,N,2,0,1,1,A,-,03,22350,,N,-,J,A,A,C,-,C,A,0,,,Y,,Y,,C,02,1,0,0,0,0,0,0,0,1,"- ","- ",,,"SAN FRANCISCO","SAN FRANCISCO",-122.44100189208984,37.799209594726562
9256817,2021,2021-05-13,3801,2021-04-07,1005,104,TRAFF,3,5,7,3801,0,0,0,,0,4B1I,"LINCOLN WY","21ST AV",5.00,W,N,B,-,N,,,,,,,,,,N,2,0,1,2,A,-,10,21950,A,N,G,B,B,A,H,-,A,D,0,Y,,,,Y,,A,01,1,0,0,0,1,0,0,0,0,"- ","- ",,,"SAN FRANCISCO","SAN FRANCISCO",-122.47947692871094,37.765357971191406
9262696,2021,2021-05-12,3801,2021-04-07,1910,76,TRAFF,3,5,7,3801,0,0,0,,0,4B3B,"LINCOLN WY","31ST AV",35.00,W,N,A,-,N,,,,,,,,,,Y,2,0,1,1,D,-,00,,,N,F,A,A,A,H,-,A,D,0,,,Y,,Y,,-,"- ",1,0,0,0,0,0,0,0,1,"- ","- ",,,"SAN FRANCISCO","SAN FRANCISCO",-122.490234375,37.764892578125
9262729,2021,2021-05-11,3801,2021-04-22,1019,207,CENTR,4,5,7,3801,0,0,0,,0,,"BAY ST","TAYLOR ST",0.00,,Y,B,-,N,,,,,,,,,,N,2,0,1,2,A,-,09,21801,A,N,A,G,A,A,-,-,A,A,0,,Y,,,Y,,A,01,1,0,0,0,0,0,1,0,0,"- ","- ",,,"SAN FRANCISCO","SAN FRANCISCO",-122.41525268554688,37.805408477783203
9262736,2021,2021-05-11,3801,2021-04-07,2206,359,CENTR,3,5,7,3801,0,0,0,,0,3A14E,"BAY ST","POWELL ST",0.00,,Y,A,-,N,,,,,,,,,,Y,2,0,4,2,A,-,01,23152,A,N,D,C,A,A,H,-,C,A,0,,,,,Y,Y,A,01,1,1,2,0,0,0,0,0,0,"- ","- ",,,"SAN FRANCISCO","SAN FRANCISCO",-122.41194152832031,37.805839538574219
9262740,2021,2021-05-11,3801,2021-04-17,1040,2094,MISSI,6,5,7,3801,0,0,0,,0,3D14A,"24TH ST","NOE ST",165.00,E,N,A,-,N,,,,,,,,,,N,2,0,1,2,A,-,11,21954,A,N,G,B,D,A,C,-,A,D,0,Y,,,,Y,,N,60,1,0,0,0,1,0,0,0,0,"- ","- ",,,"SAN FRANCISCO","SAN FRANCISCO",-122.43129730224609,37.75146484375
9262742,2021,2021-05-11,3801,2021-04-15,1045,54,NORTH,4,5,7,3801,0,0,0,,0,3E13D,"FRANKLIN ST","GOLDEN GATE AV",5.00,N,N,A,-,N,,,,,,,,,,N,2,0,1,2,A,-,10,21950,A,F,-,B,B,A,H,-,A,A,0,Y,,,,Y,,-,99,1,0,0,0,1,0,0,0,0,"- ","- ",,,"SAN FRANCISCO","SAN FRANCISCO",-122.42210388183594,37.780834197998047
9262752,2021,2021-05-11,3801,2021-04-23,1108,1529,CENTR,5,5,7,3801,0,0,0,,0,,"1ST ST",GREENWICH,70.00,N,N,A,-,N,,,,,,,,,,N,2,0,1,2,D,-,00,,,N,C,G,A,A,H,-,A,D,0,,Y,,,Y,Y,-,"- ",1,0,0,0,0,0,1,0,0,"- ","- ",,,"SAN FRANCISCO","SAN FRANCISCO",,
9262779,2021,2021-05-11,3801,2021-04-19,1512,4012,TARAV,1,5,7,3801,0,0,0,,0,3I11D,"17TH AV","17TH AV  1467",0.00,,Y,A,-,N,,,,,,,,,,N,2,0,1,2,A,-,06,21750,A,N,-,G,A,A,H,-,A,D,0,,Y,,,Y,,L,04,1,0,0,0,0,0,1,0,0,"- ","- ",,,"SAN FRANCISCO","SAN FRANCISCO",-122.474762,37.760548
9262793,2021,2021-05-11,3801,2021-04-18,0715,2374,INGLE,7,5,7,3801,0,0,0,,0,0H4,"ALEMANY BL","TINGLEY ST",60.00,N,N,A,-,N,,,,,,,,,,Y,2,0,1,3,A,-,21,22106,,N,B,C,A,A,H,-,A,D,0,,,,,Y,,A,01,1,0,0,0,0,0,0,0,0,"- ","- ",,,"SAN FRANCISCO","SAN FRANCISCO",-122.43389892578125,37.7294921875
9262796,2021,2021-05-11,3801,2021-04-02,1525,2384,MISSI,5,5,7,3801,0,0,0,,0,3D11D,"PORTOLA DR","BURNETT AV",0.00,,Y,A,-,N,,,,,,,,,,Y,2,0,1,2,A,-,12,21453,A,N,D,C,A,A,H,-,A,A,0,,,Y,,Y,,C,03,1,0,0,0,0,0,0,0,1,"- ","- ",,,"SAN FRANCISCO","SAN FRANCISCO",-122.44486999511719,37.747016906738281
9275094,2021,2021-07-06,3801,2021-05-16,2046,582,CENTR,7,5,7,3801,0,0,0,,0,3A15E,"WASHINGTON ST","DRUMM ST",0.00,,Y,A,-,N,,,,,,,,,,N,2,0,1,1,A,-,05,21650,1,N,E,I,A,A,H,-,C,A,0,,,,,Y,,M,94,1,0,0,0,0,0,0,0,0,"- ","- ",,,"SAN FRANCISCO","SAN FRANCISCO",-122.39698028564453,37.796371459960938
9275104,2021,2021-07-02,3801,2021-05-06,1930,1033,TENDE,4,5,7,3801,0,0,0,,0,3J15D,"6TH ST","FOLSOM ST",0.00,,Y,A,-,N,,,,,,,,,,N,2,0,1,2,A,-,12,21453,A,F,B,B,B,A,H,-,A,A,0,Y,,,,Y,,A,01,1,0,0,0,1,0,0,0,0,"- ","- ",,,"SAN FRANCISCO","SAN FRANCISCO",-122.40560150146484,37.778499603271484
9275133,2021,2021-07-01,3801,2021-05-26,1822,2441,INGLE,3,5,7,3801,0,0,0,,0,3H11D,"MISSION ST","29TH ST",215.00,N,N,A,-,N,,,,,,,,,,N,2,0,1,2,A,-,11,21955,,N,G,B,D,A,H,-,A,D,0,Y,,,,Y,,N,60,1,0,0,0,1,0,0,0,0,"- ","- ",,,"SAN FRANCISCO","SAN FRANCISCO",-122.42056274414062,37.744598388671875
9280814,2021,2021-07-08,3801,2021-05-14,1333,2151,PARK,5,5,7,3801,0,0,0,,0,3F43C,"OAK ST","BAKER ST",200.00,E,N,B,-,N,,,,,,,,,,N,2,0,1,1,A,-,03,22350,,N,H,J,A,A,H,-,A,D,0,,Y,,,Y,,L,04,1,0,0,0,0,0,1,0,0,"- ","- ",,,"SAN FRANCISCO","SAN FRANCISCO",-122.44007873535156,37.772781372070312
9283482,2021,2021-07-12,3801,2021-02-19,1635,1730,TRAFF,5,5,7,3801,0,0,0,,0,4B1H,"LINCOLN WY","48TH AV",0.00,,Y,A,-,N,,,,,,,,,,Y,2,0,1,2,A,-,09,21802,A,N,D,C,A,A,H,-,A,A,0,,,Y,,Y,,A,01,1,0,0,0,0,0,0,0,1,"- ","- ",,,"SAN FRANCISCO","SAN FRANCISCO",-122.50833892822266,37.764080047607422
9285624,2021,2021-06-30,3801,2021-05-04,1045,1769,INGLE,2,5,7,3801,0,0,0,,0,3H15C,"AMAZON AV","PARIS ST",0.00,,Y,A,-,N,,,,,,,,,,N,2,0,1,2,A,-,10,21950,A,F,G,B,D,A,H,-,A,D,0,Y,,,,Y,,A,01,1,0,0,0,1,0,0,0,0,"- ","- ",,,"SAN FRANCISCO","SAN FRANCISCO",-122.43875122070312,37.716625213623047
9285644,2021,2021-06-29,3801,2021-05-01,0735,1892,INGLE,6,5,7,3801,0,0,0,,0,3H14A,"SAN JOSE AV","SANTA ROSA AV",0.00,,Y,B,E,N,,,,,,,,,,Y,2,0,1,1,A,-,07,21658,,N,A,F,A,B,H,-,A,A,0,,,,,Y,Y,A,01,1,0,0,0,0,0,0,0,0,"- ","- ",,,"SAN FRANCISCO","SAN FRANCISCO",-122.44010162353516,37.728954315185547
9285702,2021,2021-06-29,3801,2021-05-10,0234,2035,MISSI,1,5,7,3801,0,0,0,,0,3D91,"18TH ST","FOLSOM ST",0.00,,Y,A,-,N,,,,,,,,,,N,2,0,1,2,A,-,12,21453,A,N,A,G,A,A,H,-,C,A,0,,Y,,,Y,,L,04,1,0,0,0,0,0,1,0,0,"- ","- ",,,"SAN FRANCISCO","SAN FRANCISCO",-122.41499328613281,37.762100219726562
92898399,2024,2024-07-30,9335,2024-07-22,1550,023832,,1,2,7,3801,0,1,2,,2,013,"US-101 S/B","BACON STREET UNDERCROSSING",373.00,S,N,A,-,Y,SF,,101," "," ",1.341,H,,L,Y,2,0,1,2,A,-,03,22350,,N,C,C,A,A,H,-,A,D,0,,,Y,,Y,,A,07,1,0,0,0,0,0,0,0,1,"- ","- ",37.726768493652344,-122.402587890625,"SAN FRANCISCO","SAN FRANCISCO",-122.40255737304688,37.726779937744141