CASE_ID,ACCIDENT_YEAR,PROC_DATE,JURIS,COLLISION_DATE,COLLISION_TIME,OFFICER_ID,REPORTING_DISTRICT,DAY_OF_WEEK,CHP_SHIFT,POPULATION,CNTY_CITY_LOC,SPECIAL_COND,BEAT_TYPE,CHP_BEAT_TYPE,CITY_DIVISION_LAPD,CHP_BEAT_CLASS,BEAT_NUMBER,PRIMARY_RD,SECONDARY_RD,DISTANCE,DIRECTION,INTERSECTION,WEATHER_1,WEATHER_2,STATE_HWY_IND,CALTRANS_COUNTY,CALTRANS_DISTRICT,STATE_ROUTE,ROUTE_SUFFIX,POSTMILE_PREFIX,POSTMILE,LOCATION_TYPE,RAMP_INTERSECTION,SIDE_OF_HWY,TOW_AWAY,COLLISION_SEVERITY,NUMBER_KILLED,NUMBER_INJURED,PARTY_COUNT,PRIMARY_COLL_FACTOR,PCF_CODE_OF_VIOL,PCF_VIOL_CATEGORY,PCF_VIOLATION,PCF_VIOL_SUBSECTION,HIT_AND_RUN,TYPE_OF_COLLISION,MVIW,PED_ACTION,ROAD_SURFACE,ROAD_COND_1,ROAD_COND_2,LIGHTING,CONTROL_DEVICE,CHP_ROAD_TYPE,PEDESTRIAN_ACCIDENT,BICYCLE_ACCIDENT,MOTORCYCLE_ACCIDENT,TRUCK_ACCIDENT,NOT_PRIVATE_PROPERTY,ALCOHOL_INVOLVED,STWD_VEHTYPE_AT_FAULT,CHP_VEHTYPE_AT_FAULT,COUNT_SEVERE_INJ,COUNT_VISIBLE_INJ,COUNT_COMPLAINT_PAIN,COUNT_PED_KILLED,COUNT_PED_INJURED,COUNT_BICYCLIST_KILLED,COUNT_BICYCLIST_INJURED,COUNT_MC_KILLED,COUNT_MC_INJURED,PRIMARY_RAMP,SECONDARY_RAMP,LATITUDE,LONGITUDE,COUNTY,CITY,POINT_X,POINT_Y
9290658,2021,2021-08-09,3801,2021-06-22,1835,4314,RICHM,2,5,7,3801,0,0,0,,0,0G1,"MIDDLE DR W","METSON RD",215.00,W,N,A,-,N,,,,,,,,,,N,2,0,3,2,A,-,03,22350,,N,D,G,A,A,H,-,A,D,0,,Y,,,Y,,L,04,1,2,0,0,0,0,1,0,0,"- ","- ",,,"SAN FRANCISCO","SAN FRANCISCO",-122.49362182617188,37.766284942626953
9290709,2021,2021-08-11,3801,2021-06-23,1715,2107,NORTH,3,5,7,3801,0,0,0,,0,03E,"FULTON ST","STEINER ST",0.00,,Y,A,-,N,,,,,,,,,,,2,0,1,2,A,-,12,21453,A,N,D,G,A,A,H,-,A,A,0,,Y,,,Y,,A,01,1,0,0,0,0,0,1,0,0,"- ","- ",,,"SAN FRANCISCO","SAN FRANCISCO",-122.43321228027344,37.777492523193359
9290720,2021,2021-08-11,3801,2021-06-30,2236,1286,SOUTH,3,5,7,3801,0,0,0,,0,3B2,"HARRISON ST","3RD ST",142.00,W,N,A,-,N,,,,,,,,,,Y,2,0,1,2,A,-,11,21954,A,N,G,B,D,A,H,-,C,A,0,Y,,,,Y,,N,60,1,0,0,0,1,0,0,0,0,"- ","- ",,,"SAN FRANCISCO","SAN FRANCISCO",-122.39774322509766,37.782276153564453
9293046,2021,2021-08-09,3801,2021-06-06,0036,1402,SOUTH,7,5,7,3801,0,0,0,,0,3B13E,"HOWARD ST","8TH ST",0.00,,Y,A,-,N,,,,,,,,,,Y,2,0,2,3,A,-,01,23152,F,N,F,E,A,A,H,-,C,A,0,,,,,Y,,A,01,1,0,1,0,0,0,0,0,0,"- ","- ",,,"SAN FRANCISCO","SAN FRANCISCO",-122.41159057617188,37.776229858398438
9293069,2021,2021-08-19,3801,2021-06-09,2149,740,MISSI,3,5,7,3801,0,0,0,,0,0D2,"CHURCH ST","HILL ST",0.00,,Y,A,-,N,,,,,,,,,,N,2,0,1,1,A,-,03,22350,,N,A,I,A,A,H,-,C,A,0,,Y,,,Y,,L,04,1,0,0,0,0,0,1,0,0,"- ","- ",,,"SAN FRANCISCO","SAN FRANCISCO",-122.42781829833984,37.755691528320312
9293081,2021,2021-08-04,3801,2021-06-25,2244,1225,NORTH,5,5,7,3801,0,0,0,,0,3E14E,"LOMBARD ST","FRANKLIN ST",40.00,E,N,A,-,N,,,,,,,,,,N,2,0,2,4,A,-,03,22350,,F,G,B,E,A,H,-,C,D,0,Y,,,,Y,,-,,1,0,1,0,2,0,0,0,0,"- ","- ",,,"SAN FRANCISCO","SAN FRANCISCO",-122.42606353759766,37.801128387451172
9293096,2021,2021-08-04,3801,2021-06-10,2003,4178,TRAFF,4,5,7,3801,0,0,0,,0,4B3A,"GILMAN AV","JENNINGS ST",0.00,,Y,A,-,N,,,,,,,,,,Y,2,0,1,3,A,-,01,23152,A,N,D,C,A,A,H,-,B,A,0,,,,,Y,Y,A,01,1,0,0,0,0,0,0,0,0,"- ","- ",,,"SAN FRANCISCO","SAN FRANCISCO",-122.39375305175781,37.721393585205078
9293291,2021,2021-07-30,3801,2021-06-25,1422,707,TRAFF,5,5,7,3801,0,0,0,,0,901,"BUSH ST","LARKIN ST",0.00,,Y,A,-,N,,,,,,,,,,N,2,0,2,2,A,-,12,21453,A,N,D,C,A,A,H,-,A,A,0,,,Y,,Y,,C,03,1,1,0,0,0,0,0,0,2,"- ","- ",,,"SAN FRANCISCO","SAN FRANCISCO",-122.41867065429688,37.788902282714844
9294562,2021,2021-08-03,3801,2021-06-18,1135,2147,NORTH,5,5,7,3801,0,0,0,,0,3E11A,"HAYES ST","STEINER ST",305.00,W,N,A,-,N,,,,,,,,,,Y,2,0,2,2,A,-,03,22350,,N,C,C,A,A,H,-,A,D,0,,,,,Y,,A,01,1,0,1,0,0,0,0,0,0,"- ","- ",,,"SAN FRANCISCO","SAN FRANCISCO",-122.43387603759766,37.775485992431641
9294563,2021,2021-08-03,3801,2021-06-18,1200,2439,CENTR,5,5,7,3801,0,0,0,,0,3A13C,"MARKET ST","SPEAR ST",0.00,,Y,A,-,N,,,,,,,,,,N,2,0,1,1,A,-,03,22350,,N,-,A,A,A,A,-,A,D,0,,Y,,,Y,,L,04,1,0,0,0,0,0,1,0,0,"- ","- ",,,"SAN FRANCISCO","SAN FRANCISCO",-122.39572906494141,37.793754577636719
9295569,2021,2021-08-04,3801,2021-06-19,0236,1982,CENTR,6,5,7,3801,0,0,0,,0,3A12E,"MONTGOMERY ST","PINE ST",0.00,,Y,A,-,N,,,,,,,,,,Y,2,0,4,2,A,-,12,21453,A,N,D,C,A,A,H,-,C,A,0,,,,,Y,,A,01,1,1,2,0,0,0,0,0,0,"- ","- ",,,"SAN FRANCISCO","SAN FRANCISCO",-122.40254974365234,37.791919708251953
9295574,2021,2021-08-06,3801,2021-06-22,1406,1422,TRAFF,2,5,7,3801,0,0,0,,0,04B,"JERROLD AV","UPTON ST",29.00,E,N,A,-,N,,,,,,,,,,Y,2,0,1,3,A,-,08,22107,,F,A,C,A,A,H,-,A,D,0,,,Y,,Y,,A,01,1,0,0,0,0,0,0,0,1,"- ","- ",,,"SAN FRANCISCO","SAN FRANCISCO",-122.40023803710938,37.74493408203125
9295575,2021,2021-08-06,3801,2021-06-21,1626,202,TRAFF,1,5,7,3801,0,0,0,,0,4B4J,"BEACH ST","COLUMBUS AV",4.00,W,N,A,-,N,,,,,,,,,,N,2,0,1,2,A,-,10,21950,A,F,G,B,B,A,H,-,A,D,0,Y,,,,Y,Y,A,07,1,0,0,0,1,0,0,0,0,"- ","- ",,,"SAN FRANCISCO","SAN FRANCISCO",-122.41957092285156,37.806766510009766
9295584,2021,2021-07-30,3801,2021-06-06,1922,4300,NORTH,7,5,7,3801,0,0,0,,0,3CAR,"VAN NESS AV","GOLDEN GATE AV",15.00,N,N,A,-,N,,,,,,,,,,N,2,0,1,2,A,-,06,21750,,N,B,C,A,A,D,-,A,D,0,,Y,,,Y,,L,04,1,0,0,0,0,0,1,0,0,"- ","- ",,,"SAN FRANCISCO","SAN FRANCISCO",-122.42040252685547,37.781070709228516
9295684,2021,2021-08-02,3801,2021-06-11,1205,4335,NORTH,5,5,7,3801,0,0,0,,0,901,"FILLMORE ST","CLAY ST",0.00,,Y,A,-,N,,,,,,,,,,,2,0,1,4,A,-,12,22450,A,N,B,C,A,A,H,-,A,A,0,,,,,Y,,A,01,1,0,0,0,0,0,0,0,0,"- ","- ",,,"SAN FRANCISCO","SAN FRANCISCO",-122.43418884277344,37.790721893310547
9301681,2021,2021-10-05,3801,2021-05-21,1114,707,TRAFF,5,5,7,3801,0,0,0,,0,4BID,"HYDE ST","CALIFORNIA ST",0.00,,Y,A,-,N,,,,,,,,,,Y,1,1,0,4,A,-,12,21453,A,N,D,C,A,A,H,-,-,A,0,,,Y,,Y,,C,02,0,0,0,0,0,0,0,1,0,"- ","- ",,,"SAN FRANCISCO","SAN FRANCISCO",-122.41740417480469,37.790992736816406
9301682,2021,2021-10-05,3801,2021-05-28,2122,2047,SOUTH,5,5,7,3801,0,0,0,,0,5Z105,"16TH ST","FOLSOM ST",150.00,E,N,A,-,N,,,,,,,,,,N,1,1,0,2,D,-,00,,,F,G,B,-,A,H,-,C,D,0,Y,,,,Y,,-,"- ",0,0,0,1,0,0,0,0,0,"- ","- ",,,"SAN FRANCISCO","SAN FRANCISCO",-122.41477966308594,37.765342712402344
9301690,2021,2021-10-11,3801,2021-07-29,2132,4119,TRAFF,4,5,7,3801,0,0,0,,0,4B3K,"TREASURE ISLAND RD","MACALLA RD",486.00,N,N,A,-,N,,,,,,,,,,N,1,1,0,2,D,-,00,,,F,G,B,E,A,D,-,C,D,0,Y,,,,Y,,-,"- ",0,0,0,1,0,0,0,0,0,"- ","- ",,,"SAN FRANCISCO","SAN FRANCISCO",-122.37088775634766,37.8135986328125
9301723,2021,2021-10-07,3801,2021-09-18,2242,2459,,6,5,7,3801,0,0,0,,0,3D12E,"DOLORES ST","20TH ST",102.00,N,N,B,-,N,,,,,,,,,,N,1,1,0,2,A,-,08,22107,,N,B,G,A,A,H,-,C,D,0,,Y,,,Y,,L,04,0,0,0,0,0,1,0,0,0,"- ","- ",,,"SAN FRANCISCO","SAN FRANCISCO",-122.42585754394531,37.758487701416016
9303861,2021,2021-09-02,3801,2021-06-29,1715,1307,MISSI,2,5,7,3801,0,0,0,,0,3D11D,"MARKET ST","BUCHANAN ST",0.00,,Y,A,-,N,,,,,,,,,,N,2,0,1,2,A,-,03,22350,,N,D,C,A,A,H,-,A,A,0,,,,,Y,,M,94,1,0,0,0,0,0,0,0,0,"- ","- ",,,"SAN FRANCISCO","SAN FRANCISCO",-122.42650604248047,37.769630432128906
9313481,2021,2021-09-21,3801,2021-07-21,1826,1113,PARK,3,5,7,3801,0,0,0,,0,3F14D,"15TH ST","CASTRO ST",124.00,E,N,A,-,N,,,,,,,,,,N,2,0,1,2,A,-,"- ",,,N,B,E,A,A,H,-,A,-,0,,Y,,,Y,,-,"- ",1,0,0,0,0,0,1,0,0,"- ","- ",,,"SAN FRANCISCO","SAN FRANCISCO",-122.43503570556641,37.7657470703125
9314797,2021,2021-09-09,3801,2021-07-25,0255,1967,NORTH,7,5,7,3801,0,0,0,,0,3E13E,"GOUGH ST","SUTTER ST",0.00,,Y,A,-,N,,,,,,,,,,Y,2,0,1,5,A,-,12,21453,A,F,B,C,A,A,H,-,C,A,0,,,,,Y,,A,01,1,0,0,0,0,0,0,0,0,"- ","- ",,,"SAN FRANCISCO","SAN FRANCISCO",-122.42504119873047,37.787139892578125
9315093,2021,2021-09-13,3801,2021-07-21,1756,2305,TRAFF,3,5,7,3801,0,0,0,,0,4B3I,"FULTON ST","PIERCE ST",1.00,W,N,A,-,N,,,,,,,,,,N,2,0,1,2,A,-,10,21950,A,F,G,B,B,A,H,-,A,D,0,Y,,,,Y,,-,99,1,0,0,0,1,0,0,0,0,"- ","- ",,,"SAN FRANCISCO","SAN FRANCISCO",-122.43488311767578,37.777290344238281
9315493,2021,2021-09-07,3801,2021-07-16,1105,1377,INGLE,5,5,7,3801,0,0,0,,0,3H2C,"MISSION ST","PRECITA AV",225.00,N,N,A,-,N,,,,,,,,,,N,2,0,2,2,A,-,08,22102,,N,D,C,A,-,H,-,A,D,0,,,,,Y,,A,01,1,0,1,0,0,0,0,0,0,"- ","- ",,,"SAN FRANCISCO","SAN FRANCISCO",-122.41876220703125,37.747306823730469
9318340,2021,2021-09-29,3801,2021-08-26,0901,910,3,4,5,7,3801,0,0,0,,0,002,"S STATE DR","LAKE BL",673.00,E,N,A,-,N,,,,,,,,,,N,2,0,1,1,A,-,03,22350,,N,F,J,A,A,H,-,A,D,0,,,Y,,Y,,C,02,1,0,0,0,0,0,0,0,1,"- ","- ",37.763370513916016,-122.43534851074219,"SAN FRANCISCO","SAN FRANCISCO",,
9320212,2021,2021-12-21,3801,2021-11-10,0755,1936,TRAFF,3,5,7,3801,0,0,0,,0,4B1D,"FRANKLIN ST","UNION ST",0.00,,Y,B,-,N,,,,,,,,,,Y,1,1,1,7,A,-,12,21453,A,F,D,C,F,B,H,-,A,A,0,Y,,Y,Y,Y,,A,01,0,0,1,1,0,0,0,0,0,"- ","- ",,,"SAN FRANCISCO","SAN FRANCISCO",-122.42562103271484,37.798343658447266
9320387,2021,2022-03-17,3801,2021-12-17,0949,73,TRAFF,5,5,7,3801,0,0,0,,0,4B1B,"VAN NESS AV","SUTTER ST",125.00,S,N,A,-,Y,SF,4,101,-,-,5.720,H,-,N,Y,1,1,0,2,A,-,03,22350,,N,E,E,A,A,D,-,A,D,0,,,Y,,Y,,C,02,0,0,0,0,0,0,0,1,0,"- ","- ",,,"SAN FRANCISCO","SAN FRANCISCO",-122.42162322998047,37.787349700927734
9320503,2022,2022-03-25,3801,2022-01-05,2110,1574,NORTH,3,5,7,3801,0,0,0,,0,3E12E,"GEARY BLVD","LAGUNA ST",1.00,W,N,A,-,N,,,,,,,,,,Y,1,1,0,2,A,-,11,21456,C,N,G,B,B,A,H,-,C,A,0,Y,,,,Y,,N,60,0,0,0,1,0,0,0,0,0,"- ","- ",,,"SAN FRANCISCO","SAN FRANCISCO",-122.42800140380859,37.785037994384766
9320562,2021,2022-03-24,3801,2021-10-14,0105,899,NORTH,4,5,7,3801,0,0,0,,0,3E13E,"MCALLISTER ST","VAN NESS AV",47.00,W,N,A,-,N,,,,,,,,,,N,1,1,0,2,A,-,11,21955,,F,G,B,E,A,D,-,C,D,0,Y,,,,Y,,N,60,0,0,0,1,0,0,0,0,0,"- ","- ",,,"SAN FRANCISCO","SAN FRANCISCO",-122.42036437988281,37.780044555664062
9320639,2022,2022-04-26,3801,2022-03-04,2044,1166,INGLE,5,5,7,3801,0,0,0,,0,901,"FRANCE AV","LONDON ST",101.00,W,N,B,-,N,,,,,,,,,,Y,1,1,0,2,D,-,00,,,N,B,C,A,B,H,-,C,D,0,,,,,Y,,-,"- ",0,0,0,0,0,0,0,0,0,"- ","- ",,,"SAN FRANCISCO","SAN FRANCISCO",-122.43787384033203,37.719810485839844
9320640,2022,2022-04-26,3801,2022-03-05,0015,2499,TARAV,6,5,7,3801,0,0,0,,0,3I13E,"QUINTARA ST","39TH AV",54.00,E,N,A,-,N,,,,,,,,,,Y,1,1,1,1,A,-,03,22350,,N,E,I,A,B,H,-,C,D,0,,,,,Y,,A,07,1,0,0,0,0,0,0,0,0,"- ","- ",,,"SAN FRANCISCO","SAN FRANCISCO",-122.49751281738281,37.7476806640625
9320850,2022,2022-07-14,3801,2022-03-20,0852,262,TRAFF,7,5,7,3801,0,0,0,,0,4B2G,"BAYSHORE BL","OAKDALE AV",187.00,S,N,A,-,N,,,,,,,,,,Y,1,1,0,3,A,-,08,22107,,F,D,C,A,A,H,-,A,D,0,,,Y,Y,Y,,A,01,0,0,0,0,0,0,0,1,0,"- ","- ",,,"SAN FRANCISCO","SAN FRANCISCO",-122.40557098388672,37.742607116699219
9321181,2022,2023-03-14,3801,2022-12-07,0923,707,TRAFF,3,5,7,3801,0,0,0,,0,4B1C,"CESAR CHAVEZ ST","S VAN NESS AV",0.00,,Y,A,-,N,,,,,,,,,,Y,1,1,1,2,A,-,09,21801,A,N,D,C,A,A,H,-,A,A,0,,,Y,,Y,,A,07,0,1,0,0,0,0,0,1,0,"- ","- ",,,"SAN FRANCISCO","SAN FRANCISCO",-122.41593170166016,37.748260498046875
9321188,2022,2023-03-13,3801,2022-12-25,2008,104,NORTH,7,5,7,3801,0,0,0,,0,4B4F,"LARKIN ST","EDDY ST",0.00,,Y,B,-,N,,,,,,,,,,N,1,1,0,2,A,-,12,21453,A,F,G,B,B,A,H,-,C,A,0,Y,,,,Y,,A,07,0,0,0,1,0,0,0,0,0,"- ","- ",,,"SAN FRANCISCO","SAN FRANCISCO",-122.41751861572266,37.783294677734375
9321189,2022,2023-03-16,3801,2022-12-24,0450,202,TRAFF,6,5,7,3801,0,0,0,,0,4B2D,"MARINA BL","FILLMORE ST",320.00,E,N,A,-,N,,,,,,,,,,Y,1,1,0,1,A,-,03,22350,,N,E,-,A,A,H,-,C,D,0,,,,,Y,,A,01,0,0,0,0,0,0,0,0,0,"- ","- ",,,"SAN FRANCISCO","SAN FRANCISCO",-122.43634033203125,37.806499481201172
9321190,2022,2023-03-16,3801,2022-12-28,0501,707,TRAFF,3,5,7,3801,0,0,0,,0,4B1C,"BAY ST","MIDWAY ST",8.00,W,N,A,-,N,,,,,,,,,,N,1,1,0,3,D,-,00,,,F,G,B,E,A,H,-,E,D,0,Y,,,Y,Y,,-,"- ",0,0,0,1,0,0,0,0,0,"- ","- ",,,"SAN FRANCISCO","SAN FRANCISCO",-122.40950775146484,37.806137084960938
9341104,2021,2021-10-08,3801,2021-08-28,1327,2726,RICHM,6,5,7,3801,0,0,0,,0,,"BOWLING GREEN DR","NANCY PELOSI DR",100.00,S,N,A,-,N,,,,,,,,,,N,2,0,1,2,-,-,"- ",,,N,D,G,A,A,H,-,A,D,0,,Y,,,Y,,-,"- ",1,0,0,0,0,0,1,0,0,"- ","- ",,,"SAN FRANCISCO","SAN FRANCISCO",-122.4603271484375,37.770107269287109
9341116,2021,2021-10-08,3801,2021-08-27,2308,327,MISSI,5,5,7,3801,0,0,0,,0,3D41D,"MISSION ST","21ST ST",425.00,N,N,A,-,N,,,,,,,,,,Y,2,0,2,3,A,-,08,22107,,N,B,C,A,A,H,-,C,D,0,,,,,Y,,A,01,1,0,1,0,0,0,0,0,0,"- ","- ",,,"SAN FRANCISCO","SAN FRANCISCO",-122.41900634765625,37.758186340332031
9341452,2021,2021-10-20,3801,2021-07-27,1855,1435,TRAFF,2,5,7,3801,0,0,0,,0,4B4I,"JUNIPERO SERRA BL","MERCEDES WY",0.00,,Y,A,-,N,,,,,,,,,,Y,2,0,2,2,A,-,07,21658,A,N,B,C,A,A,H,-,A,A,0,,,Y,,Y,,C,03,1,1,0,0,0,0,0,0,1,"- ","- ",,,"SAN FRANCISCO","SAN FRANCISCO",-122.47199249267578,37.726848602294922
9341987,2021,2021-10-21,3801,2021-09-22,1739,582,CENTR,3,5,7,3801,0,0,0,,0,003,"BEACH ST","HYDE ST",0.00,,Y,A,-,N,,,,,,,,,,N,2,0,1,1,A,-,03,22350,,N,F,A,A,A,H,-,A,D,0,,,Y,,Y,,C,02,1,0,0,0,0,0,0,0,1,"- ","- ",,,"SAN FRANCISCO","SAN FRANCISCO",-122.42055511474609,37.806659698486328
9343123,2021,2021-10-08,3801,2021-08-01,0048,709,BAYVI,7,5,7,3801,0,0,0,,0,3C15E,"3RD ST","BAYSHORE BL",0.00,,Y,A,-,N,,,,,,,,,,Y,2,0,2,2,A,-,03,22350,,N,D,G,A,A,H,-,C,A,0,,Y,Y,,Y,,C,02,1,0,1,0,0,0,1,0,1,"- ","- ",,,"SAN FRANCISCO","SAN FRANCISCO",-122.39888000488281,37.715229034423828
9343150,2021,2021-10-07,3801,2021-08-30,1345,1530,TENDE,1,5,7,3801,0,0,0,,0,3J98C,"JONES ST","ELLIS ST",64.00,S,N,A,-,N,,,,,,,,,,N,2,0,1,1,A,-,03,22350,,N,H,J,A,A,H,-,A,A,0,,,Y,,Y,,C,03,1,0,0,0,0,0,0,0,1,"- ","- ",,,"SAN FRANCISCO","SAN FRANCISCO",-122.41274261474609,37.784725189208984
9343286,2021,2021-10-08,3801,2021-08-17,2048,1571,MISSI,2,5,7,3801,0,0,0,,0,3D41D,"FOLSOM ST","17TH ST",0.00,,Y,A,-,N,,,,,,,,,,N,2,0,1,2,D,-,00,,,F,-,G,A,A,-,-,C,A,0,,Y,,,Y,,-,"- ",1,0,0,0,0,0,1,0,0,"- ","- ",,,"SAN FRANCISCO","SAN FRANCISCO",-122.41515350341797,37.763694763183594
9343293,2021,2021-10-08,3801,2021-08-19,1331,539,MISSI,4,5,7,3801,0,0,0,,0,006,"16TH ST","FOLSOM ST",228.00,E,N,A,-,N,,,,,,,,,,Y,2,0,1,2,A,-,21,22106,,N,B,C,A,A,H,-,A,D,0,,,Y,,Y,,A,01,1,0,0,0,0,0,0,0,1,"- ","- ",,,"SAN FRANCISCO","SAN FRANCISCO",-122.41451263427734,37.765361785888672
9343296,2021,2021-10-08,3801,2021-08-15,1635,1766,TRAFF,7,5,7,3801,0,0,0,,0,4B103,"OSHAUGHNESSY BL","MALTA ST",102.00,N,N,A,-,N,,,,,,,,,,N,2,0,1,1,A,-,03,22350,,N,F,A,A,A,H,-,A,A,0,,,Y,,Y,,C,02,1,0,0,0,0,0,0,0,1,"- ","- ",,,"SAN FRANCISCO","SAN FRANCISCO",-122.44337463378906,37.736663818359375
9343314,2021,2021-10-13,3801,2021-08-09,0645,179,NORTH,1,5,7,3801,0,0,0,,0,901,"MCALLISTER ST","STEINER ST",0.00,,Y,A,-,N,,,,,,,,,,N,2,0,1,2,A,-,12,22450,A,N,D,-,A,A,H,-,A,A,0,,Y,,,Y,,L,04,1,0,0,0,0,0,1,0,0,"- ","- ",,,"SAN FRANCISCO","SAN FRANCISCO",-122.43339538574219,37.778419494628906
9343330,2021,2021-10-09,3801,2021-08-23,1655,2025,INGLE,1,5,7,3801,0,0,0,,0,3H16C,MOSCOW,"MOSCOW 942",15.00,N,N,A,-,N,,,,,,,,,,N,2,0,1,2,A,-,08,22107,,N,D,G,A,A,H,-,A,D,0,,Y,,,Y,,L,04,1,0,0,0,0,0,1,0,0,"- ","- ",,,"SAN FRANCISCO","SAN FRANCISCO",,
9343974,2021,2021-10-12,3801,2021-08-07,1805,4175,TRAFF,6,5,7,3801,0,0,0,,0,SOUTER,"HARRISON ST","5TH ST",6.00,W,N,A,-,N,,,,,,,,,,N,2,0,1,2,-,-,"- ",,,N,D,G,A,A,H,-,A,A,0,,Y,,,Y,,-,"- ",1,0,0,0,0,0,1,0,0,"- ","- ",,,"SAN FRANCISCO","SAN FRANCISCO",-122.40188598632812,37.779048919677734
9347322,2021,2021-10-28,3801,2021-09-08,2308,1817,INGLE,3,5,7,3801,0,0,0,,0,901,"MISSION ST","SAINT MARYS AV",0.00,,Y,A,-,N,,,,,,,,,,N,2,0,1,2,D,-,00,,,F,H,C,A,A,H,-,C,D,0,,,,,Y,,-,"- ",1,0,0,0,0,0,0,0,0,"- ","- ",,,"SAN FRANCISCO","SAN FRANCISCO",-122.42611694335938,37.73394775390625
9347330,2021,2021-11-05,3801,2021-09-06,0336,2098,MISSI,1,5,7,3801,0,0,0,,0,3D90,"VALENCIA ST","20TH ST",0.00,,Y,A,-,N,,,,,,,,,,Y,2,0,2,3,A,-,03,22350,,N,A,I,A,A,H,-,C,A,0,,,,,Y,,A,01,1,0,1,0,0,0,0,0,0,"- ","- ",,,"SAN FRANCISCO","SAN FRANCISCO",-122.42125701904297,37.758510589599609
9347346,2021,2021-10-28,3801,2021-09-29,1804,2435,BAYVI,3,5,7,3801,0,0,0,,0,3C12D,"SILVER AV","MERRILL ST",0.00,,Y,A,-,N,,,,,,,,,,N,2,0,1,2,A,-,10,21950,A,N,G,B,B,A,H,-,A,A,0,Y,,,,Y,,A,01,1,0,0,0,1,0,0,0,0,"- ","- ",,,"SAN FRANCISCO","SAN FRANCISCO",-122.40892028808594,37.731430053710938
9347725,2021,2021-10-27,3801,2021-09-20,2116,1435,TRAFF,1,5,7,3801,0,0,0,,0,4B4I,"MISSION ST","15TH ST",220.00,S,N,A,-,N,,,,,,,,,,N,2,0,1,2,A,-,11,21955,,F,G,B,D,A,H,-,C,D,0,Y,,,,Y,,N,60,1,0,0,0,1,0,0,0,0,"- ","- ",,,"SAN FRANCISCO","SAN FRANCISCO",-122.41976165771484,37.766067504882812
9348905,2022,2022-06-21,3801,2022-05-03,1846,1489,BAYVI,2,5,7,3801,0,0,0,,0,3C12E,"BAY SHORE BL","RT 101",0.00,,Y,A,-,Y,SF,4,101,-,-,1.627,R,4,N,Y,2,0,2,2,A,-,00,14601,A,N,B,C,A,A,H,-,A,A,0,,,,,Y,Y,A,07,1,0,1,0,0,0,0,0,0,"- ",NF,,,"SAN FRANCISCO","SAN FRANCISCO",-122.40402984619141,37.730758666992188
9348947,2022,2022-06-15,3801,2022-05-07,0033,2463,SOUTH,6,5,7,3801,0,0,0,,0,,"HOWARD ST","5TH ST",138.00,W,N,A,-,N,,,,,,,,,,N,2,0,1,1,D,-,00,,,N,H,J,A,A,H,-,C,D,0,,Y,,,Y,,-,"- ",1,0,0,0,0,0,1,0,0,"- ","- ",,,"SAN FRANCISCO","SAN FRANCISCO",-122.40526580810547,37.781242370605469
9348950,2022,2022-06-23,3801,2022-05-11,1022,375,BAYVI,3,5,7,3801,0,0,0,,0,3C12,"BAY SHORE BL","RT 101",0.00,,Y,A,-,N,,,,,,,,,,Y,2,0,1,2,A,-,00,21294,B,N,D,J,A,A,H,-,A,A,0,,,Y,,Y,,C,03,1,0,0,0,0,0,0,0,1,"- ",NF,,,"SAN FRANCISCO","SAN FRANCISCO",-122.40615844726562,37.657318115234375
93491064,2024,2024-08-05,9335,2024-07-25,1145,023357,,4,1,7,3801,0,1,1,,1,081,"I-80 W/B","THE EAST EDGE OF THE YERBA BUENA ISLAND TUNNEL",3802.00,E,N,A,-,Y,SF,,80," ",R,8.537,H,,L,N,2,0,1,2,A,-,07,21658,A,N,B,2,A,A,H,-,A,D,0,,,Y,,Y,,A,01,1,0,0,0,0,0,0,0,1,"- ","- ",37.817401885986328,-122.35540771484375,"SAN FRANCISCO","SAN FRANCISCO",-122.35537719726562,37.817359924316406
9349583,2021,2021-10-27,3801,2021-09-21,0326,141,INGLE,2,5,7,3801,0,0,0,,0,,"OCEAN AV","GENEVA AV",0.00,,Y,A,-,N,,,,,,,,,,N,2,0,1,1,A,-,03,22350,,N,E,A,A,A,H,-,D,D,0,,Y,,,Y,Y,-,"- ",1,0,0,0,0,0,1,0,0,"- ","- ",,,"SAN FRANCISCO","SAN FRANCISCO",-122.45233154296875,37.723068237304688
9361166,2021,2021-12-08,3801,2021-10-05,1222,845,BAYVI,2,5,7,3801,0,0,0,,0,4B2B,"EVANS AV","NAPOLEAN ST",0.00,,Y,A,-,N,,,,,,,,,,Y,2,0,1,2,A,-,03,22350,,N,A,C,A,A,H,-,A,A,0,,,Y,Y,Y,,C,02,1,0,0,0,0,0,0,0,1,"- ","- ",,,"SAN FRANCISCO","SAN FRANCISCO",-122.39595031738281,37.747234344482422
9362546,2021,2021-11-30,3801,2021-10-24,2200,4347,TARAV,7,5,7,3801,0,0,0,,0,3I1E,"24TH AV","NORIEGA ST",0.00,,Y,C,-,N,,,,,,,,,,N,2,0,1,2,D,-,00,,,N,G,B,B,B,H,-,C,A,0,Y,,,,Y,,-,"- ",1,0,0,0,1,0,0,0,0,"- ","- ",,,"SAN FRANCISCO","SAN FRANCISCO",-122.48184204101562,37.754009246826172