CASE_ID,ACCIDENT_YEAR,PROC_DATE,JURIS,COLLISION_DATE,COLLISION_TIME,OFFICER_ID,REPORTING_DISTRICT,DAY_OF_WEEK,CHP_SHIFT,POPULATION,CNTY_CITY_LOC,SPECIAL_COND,BEAT_TYPE,CHP_BEAT_TYPE,CITY_DIVISION_LAPD,CHP_BEAT_CLASS,BEAT_NUMBER,PRIMARY_RD,SECONDARY_RD,DISTANCE,DIRECTION,INTERSECTION,WEATHER_1,WEATHER_2,STATE_HWY_IND,CALTRANS_COUNTY,CALTRANS_DISTRICT,STATE_ROUTE,ROUTE_SUFFIX,POSTMILE_PREFIX,POSTMILE,LOCATION_TYPE,RAMP_INTERSECTION,SIDE_OF_HWY,TOW_AWAY,COLLISION_SEVERITY,NUMBER_KILLED,NUMBER_INJURED,PARTY_COUNT,PRIMARY_COLL_FACTOR,PCF_CODE_OF_VIOL,PCF_VIOL_CATEGORY,PCF_VIOLATION,PCF_VIOL_SUBSECTION,HIT_AND_RUN,TYPE_OF_COLLISION,MVIW,PED_ACTION,ROAD_SURFACE,ROAD_COND_1,ROAD_COND_2,LIGHTING,CONTROL_DEVICE,CHP_ROAD_TYPE,PEDESTRIAN_ACCIDENT,BICYCLE_ACCIDENT,MOTORCYCLE_ACCIDENT,TRUCK_ACCIDENT,NOT_PRIVATE_PROPERTY,ALCOHOL_INVOLVED,STWD_VEHTYPE_AT_FAULT,CHP_VEHTYPE_AT_FAULT,COUNT_SEVERE_INJ,COUNT_VISIBLE_INJ,COUNT_COMPLAINT_PAIN,COUNT_PED_KILLED,COUNT_PED_INJURED,COUNT_BICYCLIST_KILLED,COUNT_BICYCLIST_INJURED,COUNT_MC_KILLED,COUNT_MC_INJURED,PRIMARY_RAMP,SECONDARY_RAMP,LATITUDE,LONGITUDE,COUNTY,CITY,POINT_X,POINT_Y
9362802,2021,2021-11-30,3801,2021-10-09,1651,1861,TARAV,6,5,7,3801,0,0,0,,0,3I11D,"LINCOLN WY","17TH AV",0.00,,Y,A,-,N,,,,,,,,,,Y,2,0,1,2,A,-,09,21801,A,N,-,C,A,A,H,-,A,D,0,,,Y,,Y,,A,01,1,0,0,0,0,0,0,0,1,"- ","- ",,,"SAN FRANCISCO","SAN FRANCISCO",-122.47512054443359,37.765537261962891
9362850,2021,2021-12-01,3801,2021-10-01,1250,1249,CENTR,5,5,7,3801,0,0,0,,0,3A44C,"GRANT AV","PACIFIC AV",0.00,,Y,A,-,N,,,,,,,,,,N,2,0,1,2,A,-,11,21453,D,F,D,B,B,A,H,-,A,A,0,Y,,,,Y,,N,60,1,0,0,0,1,0,0,0,0,"- ","- ",,,"SAN FRANCISCO","SAN FRANCISCO",-122.40680694580078,37.796920776367188
9362860,2021,2021-12-01,3801,2021-10-07,0240,1466,SOUTH,4,5,7,3801,0,0,0,,0,,"17TH AV","SAN BRUNO AV",0.00,,Y,A,-,N,,,,,,,,,,Y,2,0,1,1,A,-,03,22350,,N,H,J,A,A,H,-,C,A,0,,,Y,,Y,,C,02,1,0,0,0,0,0,0,0,1,"- ","- ",,,"SAN FRANCISCO","SAN FRANCISCO",-122.40545654296875,37.764621734619141
9363620,2021,2021-12-01,3801,2021-10-17,1655,A21165,NORTH,7,5,7,3801,0,0,0,,0,3E13C,"POLK ST","OLIVE ST",0.00,,Y,A,-,N,,,,,,,,,,N,2,0,1,2,A,-,08,22107,,F,A,J,A,A,H,-,A,D,0,,,,,Y,,A,01,1,0,0,0,0,0,0,0,0,"- ","- ",,,"SAN FRANCISCO","SAN FRANCISCO",-122.41944885253906,37.784492492675781
9363624,2021,2021-12-01,3801,2021-10-18,0132,2398,NORTH,1,5,7,3801,0,0,0,,0,,"GEARY BL","SCOTT ST",0.00,,Y,A,-,N,,,,,,,,,,,2,0,1,2,A,-,08,22101,D,N,D,C,A,B,H,-,C,A,0,,,,,Y,,A,01,1,0,0,0,0,0,0,0,0,"- ","- ",,,"SAN FRANCISCO","SAN FRANCISCO",-122.43785095214844,37.783790588378906
9365792,2021,2021-12-13,3801,2021-10-28,2007,1994,TRAFF,4,5,7,3801,0,0,0,,0,4B3G,"PARKER AV","GEARY BL",0.00,,Y,A,-,N,,,,,,,,,,Y,2,0,1,2,A,-,09,21801,A,N,D,G,A,A,H,-,C,A,0,,Y,,,Y,,A,01,1,0,0,0,0,0,1,0,0,"- ","- ",,,"SAN FRANCISCO","SAN FRANCISCO",-122.45416259765625,37.781658172607422
9365810,2021,2021-12-06,3801,2021-10-26,1839,1435,TRAFF,2,5,7,3801,0,0,0,,0,4B4I,"16TH ST","VERMONT ST",0.00,,Y,A,-,N,,,,,,,,,,Y,2,0,3,2,A,-,08,22101,,N,D,C,A,A,H,-,C,-,0,,,Y,,Y,,C,02,1,1,1,0,0,0,0,0,2,"- ","- ",,,"SAN FRANCISCO","SAN FRANCISCO",-122.40463256835938,37.765960693359375
9365917,2021,2021-12-06,3801,2021-10-08,1600,2452,CENTR,5,5,7,3801,0,0,0,,0,3A13D,"MARKET ST","NEW MONTGOMERY",0.00,,Y,A,-,N,,,,,,,,,,N,2,0,1,2,A,-,08,22101,D,N,D,G,A,-,H,-,A,D,0,,Y,,,Y,,A,01,1,0,0,0,0,0,1,0,0,"- ","- ",,,"SAN FRANCISCO","SAN FRANCISCO",-122.40199279785156,37.788768768310547
9372359,2021,2021-12-06,3801,2021-10-22,2220,2305,TRAFF,5,5,7,3801,0,0,0,,0,4B31,"SOUTH VAN NESS AV","21ST ST",76.00,N,N,A,-,N,,,,,,,,,,Y,2,0,4,2,A,-,01,23153,A,F,A,C,A,A,H,-,C,A,0,,,,,Y,Y,A,01,1,0,3,0,0,0,0,0,0,"- ","- ",,,"SAN FRANCISCO","SAN FRANCISCO",-122.41677093505859,37.757369995117188
9375696,2021,2022-01-06,3801,2021-11-19,2115,1347,NORTH,5,5,7,3801,0,0,0,,0,003,"VAN NESS AV","EDDY ST",12.00,S,N,B,-,N,,,,,,,,,,N,2,0,1,2,A,-,10,21950,A,M,G,B,B,B,H,-,C,A,0,Y,,,,Y,Y,A,01,1,0,0,0,1,0,0,0,0,"- ","- ",,,"SAN FRANCISCO","SAN FRANCISCO",-122.42075347900391,37.782855987548828
9376222,2021,2021-12-30,3801,2021-11-08,1915,2744,SOUTH,1,5,7,3801,0,0,0,,0,3B3,"6TH ST","MINNA ST",0.00,,Y,C,-,N,,,,,,,,,,N,2,0,1,2,A,-,03,22350,,F,G,B,D,B,H,-,C,A,0,Y,,,,Y,,A,01,1,0,0,0,1,0,0,0,0,"- ","- ",,,"SAN FRANCISCO","SAN FRANCISCO",-122.40813446044922,37.780551910400391
9376238,2021,2021-12-30,3801,2021-11-06,0213,2730,SOUTH,6,5,7,3801,0,0,0,,0,3B12E,"MISSION ST","MISSION ST 555",0.00,,-,A,-,N,,,,,,,,,,Y,2,0,1,3,A,-,03,22350,,F,C,C,A,A,H,-,C,A,0,,,Y,,Y,Y,A,01,1,0,0,0,0,0,0,0,1,"- ","- ",,,"SAN FRANCISCO","SAN FRANCISCO",-122.41979217529297,37.7705078125
9378719,2021,2021-12-21,3801,2021-11-05,1227,4375,TRAFF,5,5,7,3801,0,0,0,,0,4B1F,"LOMBARD ST","DIVISADERO ST",35.00,E,N,A,-,Y,SF,4,101,-,-,7.690,H,-,S,N,2,0,1,2,A,-,09,21804,A,N,D,G,A,A,H,-,A,A,0,,Y,,,Y,,L,04,1,0,0,0,0,0,1,0,0,"- ","- ",,,"SAN FRANCISCO","SAN FRANCISCO",-122.44256591796875,37.798973083496094
9380635,2021,2022-01-25,3801,2021-12-20,2335,2139,SOUTH,1,5,7,3801,0,0,0,,0,001,"DELANCEY ST","BRANNAN ST",210.00,S,N,A,-,N,,,,,,,,,,N,2,0,1,2,A,-,00,12500,B,N,C,E,A,A,H,-,C,A,0,,,Y,,Y,,C,02,1,0,0,0,0,0,0,0,1,"- ","- ",,,"SAN FRANCISCO","SAN FRANCISCO",-122.38932800292969,37.783195495605469
9382257,2021,2021-12-27,3801,2021-11-12,1720,1759,BAYVI,5,5,7,3801,0,0,0,,0,3C14D,"BAYSHORE BL","JERROLD ST",400.00,W,N,A,-,N,,,,,,,,,,Y,2,0,1,2,A,-,07,21658,A,N,B,C,A,A,H,-,C,D,0,,,Y,,Y,,C,02,1,0,0,0,0,0,0,0,1,"- ","- ",37.747848510742188,-122.40377807617188,"SAN FRANCISCO","SAN FRANCISCO",-122.40401458740234,37.746337890625
9382398,2021,2021-12-30,3801,2021-11-21,1408,A22051,CENTR,7,5,7,3801,0,0,0,,0,3A14A,"THE EMBARCADERO NORTH","WASHINGTON ST",444.00,N,N,A,-,N,,,,,,,,,,N,2,0,1,2,A,-,08,22107,,N,D,G,A,A,H,-,A,D,0,,Y,,,Y,,A,01,1,0,0,0,0,0,1,0,0,"- ","- ",,,"SAN FRANCISCO","SAN FRANCISCO",-122.39643096923828,37.797641754150391
9383519,2021,2022-01-20,3801,2021-12-15,1725,203,MISSI,3,5,7,3801,0,0,0,,0,,"S VAN NESS AV","22ND ST",0.00,,Y,B,C,N,,,,,,,,,,N,2,0,1,2,A,-,09,21801,A,N,D,C,A,B,H,-,C,A,0,,,Y,,Y,,A,01,1,0,0,0,0,0,0,0,1,"- ","- ",,,"SAN FRANCISCO","SAN FRANCISCO",-122.41658782958984,37.755565643310547
9388815,2021,2022-01-25,3801,2021-12-12,1130,1226,TENDE,7,5,7,3801,0,0,0,,0,,"MERCHANT ST","MONTGOMERY ST",77.00,W,N,C,-,N,,,,,,,,,,,2,0,1,2,A,-,08,22107,,F,G,B,E,B,H,-,A,D,0,Y,,,,Y,,A,01,1,0,0,0,1,0,0,0,0,"- ","- ",,,"SAN FRANCISCO","SAN FRANCISCO",-122.40346527099609,37.795040130615234
9388878,2021,2022-01-26,3801,2021-12-20,1447,1542,INGLE,1,5,7,3801,0,0,0,,0,3H11C,"MISSION ST","MISSION ST 3350",0.00,,Y,A,-,N,,,,,,,,,,Y,2,0,1,2,A,-,21,22106,,N,G,B,E,A,H,-,A,D,0,Y,,,,Y,,A,01,1,0,0,0,1,0,0,0,0,"- ","- ",,,"SAN FRANCISCO","SAN FRANCISCO",-122.41979217529297,37.7705078125
9390977,2021,2022-02-02,3801,2021-12-17,0500,2499,NORTH,5,5,7,3801,0,0,0,,0,3E15E,"MARINA BL","MARINA BL 15",0.00,,-,A,-,N,,,,,,,,,,Y,2,0,2,2,A,-,07,21658,,N,C,E,A,A,H,-,C,D,0,,,,,Y,,A,01,1,0,1,0,0,0,0,0,0,"- ","- ",,,"SAN FRANCISCO","SAN FRANCISCO",,
9390979,2021,2022-02-02,3801,2021-12-16,2108,709,BAYVI,4,5,7,3801,0,0,0,,0,3C5E,"INA CT","REVERE AV",0.00,,Y,A,-,N,,,,,,,,,,N,2,0,1,2,A,-,10,21950,A,F,G,B,B,A,H,-,C,A,0,Y,,,,Y,,A,07,1,0,0,0,1,0,0,0,0,"- ","- ",,,"SAN FRANCISCO","SAN FRANCISCO",,
9396414,2022,2022-10-31,3801,2022-05-18,1019,73,TRAFF,3,5,7,3801,0,0,0,,0,4B1B,"PLYMOUTH AV","PLYMOUTH AV 959",0.00,,N,A,-,N,,,,,,,,,,Y,2,0,1,2,A,-,11,21955,,N,A,B,D,A,H,-,A,D,0,Y,,,,Y,Y,N,60,1,0,0,0,1,0,0,0,0,"- ","- ",,,"SAN FRANCISCO","SAN FRANCISCO",,
9396438,2022,2022-06-15,3801,2022-05-20,1250,2495,BAYVI,5,5,7,3801,0,0,0,,0,3C15A,"3RD ST","LECONTE AV",0.00,,Y,A,-,N,,,,,,,,,,N,2,0,1,1,A,-,"- ",,,N,H,G,A,A,A,C,A,A,0,,Y,,,Y,,L,04,1,0,0,0,0,0,1,0,0,"- ","- ",,,"SAN FRANCISCO","SAN FRANCISCO",-122.39756774902344,37.718875885009766
9396467,2022,2022-06-16,3801,2022-05-12,1559,1994,TRAFF,4,5,7,3801,0,0,0,,0,4B3D,"BUSH ST","LARKIN ST",0.00,,Y,A,-,N,,,,,,,,,,Y,2,0,1,2,A,-,12,21453,A,N,D,C,A,A,H,-,A,A,0,,,Y,,Y,,A,01,1,0,0,0,0,0,0,0,1,"- ","- ",,,"SAN FRANCISCO","SAN FRANCISCO",-122.41867065429688,37.788902282714844
9396473,2022,2022-06-16,3801,2022-05-28,1813,2168,CENTR,6,5,7,3801,0,0,0,,0,3A12D,"GRANT AV","GEARY ST",0.00,,Y,A,-,N,,,,,,,,,,N,2,0,1,2,A,-,17,21663,,N,G,B,F,A,H,-,A,A,0,Y,,,,Y,,A,01,1,0,0,0,1,0,0,0,0,"- ","- ",,,"SAN FRANCISCO","SAN FRANCISCO",-122.40503692626953,37.787742614746094
9400475,2022,2022-02-18,3801,2022-01-23,1703,327,MISSI,7,5,7,3801,0,0,0,,0,3D11C,"POTRERO AV","22ND ST",28.00,N,N,A,-,N,,,,,,,,,,Y,2,0,1,2,A,-,07,21658,A,F,B,C,A,A,H,-,A,D,0,,,,,Y,,A,01,1,0,0,0,0,0,0,0,0,"- ","- ",,,"SAN FRANCISCO","SAN FRANCISCO",-122.40670776367188,37.756916046142578
9400477,2022,2022-03-08,3801,2022-01-25,1840,341,BAYVI,2,5,7,3801,0,0,0,,0,3C12D,"PALOU AV","QUINT ST",180.00,E,N,A,-,N,,,,,,,,,,Y,2,0,1,2,A,-,04,21703,,N,C,C,A,A,H,-,C,A,0,,,,,Y,,A,01,1,0,0,0,0,0,0,0,0,"- ","- ",,,"SAN FRANCISCO","SAN FRANCISCO",-122.39602661132812,37.736900329589844
9403535,2022,2022-03-15,3801,2022-01-30,2007,2085,RICHM,7,5,7,3801,0,0,0,,0,3G5D,"FULTON ST","44TH AV",0.00,,Y,A,-,N,,,,,,,,,,Y,2,0,1,2,A,-,09,21804,A,N,D,C,A,A,H,-,C,A,0,,,Y,,Y,,A,01,1,0,0,0,0,0,0,0,1,"- ","- ",,,"SAN FRANCISCO","SAN FRANCISCO",-122.50456237792969,37.771633148193359
9403933,2022,2022-03-17,3801,2022-02-15,0813,1609,RICHM,2,5,7,3801,0,0,0,,0,3G12A,"GEARY BL","20TH AV",0.00,,Y,A,-,N,,,,,,,,,,N,2,0,1,2,A,-,10,21950,A,N,G,B,B,A,H,-,A,A,0,Y,,,,Y,,A,01,1,0,0,0,1,0,0,0,0,"- ","- ",,,"SAN FRANCISCO","SAN FRANCISCO",-122.47938537597656,37.780387878417969
9410026,2022,2022-03-16,3801,2022-02-11,1120,4356,INGLE,5,5,7,3801,0,0,0,,0,3H16C,"PARIS ST","GENEVA AV",7.00,S,N,A,-,N,,,,,,,,,,N,2,0,1,2,A,-,10,21950,A,N,G,B,B,A,H,-,A,A,0,Y,,,,Y,,A,01,1,0,0,0,1,0,0,0,0,"- ","- ",,,"SAN FRANCISCO","SAN FRANCISCO",-122.43944549560547,37.715663909912109
9410038,2022,2022-04-08,3801,2022-02-05,1215,1875,TARAV,6,5,7,3801,0,0,0,,0,3I15B,"19TH AV","JUDAH ST",0.00,,Y,A,-,N,,,,,,,,,,N,2,0,1,2,A,-,11,21456,,N,G,B,B,A,H,-,A,A,0,Y,,,,Y,,N,60,1,0,0,0,1,0,0,0,0,"- ","- ",,,"SAN FRANCISCO","SAN FRANCISCO",-122.47702789306641,37.761695861816406
9418069,2022,2022-03-17,3801,2022-02-02,2013,1945,BAYVI,3,5,7,3801,0,0,0,,0,3C15D,"KEITH ST","VAN DYKE AV",0.00,,Y,A,-,N,,,,,,,,,,N,2,0,1,2,A,-,10,21950,A,F,A,B,B,A,H,-,C,A,0,Y,,,,Y,,A,01,1,0,0,0,1,0,0,0,0,"- ","- ",,,"SAN FRANCISCO","SAN FRANCISCO",-122.39055633544922,37.72808837890625
9425269,2022,2022-04-19,3801,2022-03-22,1309,798,NORTH,2,5,7,3801,0,0,0,,0,3E4C,"OCTAVIA ST","PACIFIC AV",15.00,S,N,A,-,N,,,,,,,,,,N,2,0,2,3,A,-,10,21950,,N,G,B,B,A,H,-,A,A,0,Y,,,,Y,,A,01,1,1,0,0,2,0,0,0,0,"- ","- ",,,"SAN FRANCISCO","SAN FRANCISCO",-122.42813873291016,37.794147491455078
9425322,2022,2022-05-09,3801,2022-02-27,1413,1994,,7,5,7,3801,0,0,0,,0,4B3G,"IRVING ST","8TH ST",113.00,W,N,A,-,N,,,,,,,,,,Y,2,0,8,9,A,-,21,22106,,N,G,B,F,A,H,-,A,D,0,Y,,,,Y,,A,01,1,3,4,0,6,0,0,0,0,"- ","- ",,,"SAN FRANCISCO","SAN FRANCISCO",-122.46563720703125,37.764072418212891
9427343,2022,2022-04-20,3801,2022-03-07,2154,2499,TARAV,1,5,7,3801,0,0,0,,0,3I16E,"JUNIPERO SERRA","19TH AV",0.00,,Y,A,-,N,,,,,,,,,,N,2,0,1,2,C,-,18,,,N,G,B,D,A,H,-,C,A,0,Y,,,,Y,,-,"- ",1,0,0,0,1,0,0,0,0,"- ","- ",,,"SAN FRANCISCO","SAN FRANCISCO",-122.47271728515625,37.717182159423828
9427349,2022,2022-04-20,3801,2022-03-03,1436,2376,SOUTH,4,5,7,3801,0,0,0,,0,0B2,"BRANNAN ST","5TH ST",43.00,E,N,A,-,N,,,,,,,,,,Y,2,0,3,5,A,-,03,22350,,N,C,C,A,D,H,-,A,D,0,,,,,Y,,-,"- ",2,0,1,0,0,0,0,0,0,"- ","- ",,,"SAN FRANCISCO","SAN FRANCISCO",-122.39865112304688,37.776653289794922
9427880,2022,2022-04-13,3801,2022-02-13,2100,969,MISSI,7,5,7,3801,0,0,0,,0,3D11D,"MARKET ST","NOE ST",0.00,,Y,A,-,N,,,,,,,,,,Y,2,0,1,2,A,-,09,21801,A,N,D,C,A,A,H,-,C,A,0,,,Y,,Y,,A,01,1,0,0,0,0,0,0,0,1,"- ","- ",,,"SAN FRANCISCO","SAN FRANCISCO",-122.43313598632812,37.764244079589844
9427939,2022,2022-04-13,3801,2022-02-27,1740,2705,BAYVI,7,5,7,3801,0,0,0,,0,3C13D,"JERROLD AV","DORMITORY RD",0.00,,Y,A,-,N,,,,,,,,,,Y,2,0,1,2,A,-,07,21658,A,N,C,C,A,A,H,-,A,D,0,,,Y,,Y,Y,C,03,1,0,0,0,0,0,0,0,1,"- ","- ",,,"SAN FRANCISCO","SAN FRANCISCO",-122.37429809570312,37.730224609375
9428585,2022,2022-04-22,3801,2022-03-30,1215,4132,MISSI,3,5,7,3801,0,0,0,,0,3-CAR,"VALENCIA ST","21ST ST",0.00,,Y,A,-,N,,,,,,,,,,N,2,0,1,2,A,-,08,22107,,F,D,C,A,A,H,-,A,A,0,,,Y,,Y,,A,01,1,0,0,0,0,0,0,0,1,"- ","- ",,,"SAN FRANCISCO","SAN FRANCISCO",-122.42109680175781,37.756908416748047
9429817,2022,2022-04-20,3801,2022-03-12,2024,1542,INGLE,6,5,7,3801,0,0,0,,0,2024,"ALEMANY BL","CONGDON AV",0.00,,Y,B,-,N,,,,,,,,,,Y,2,0,1,2,A,-,12,21453,A,N,D,C,A,A,H,-,C,A,0,,,Y,,Y,,C,03,1,0,0,0,0,0,0,0,1,"- ","- ",,,"SAN FRANCISCO","SAN FRANCISCO",-122.42619323730469,37.731166839599609
9434243,2022,2022-04-18,3801,2022-03-18,2020,2017,MISSI,5,5,7,3801,0,0,0,,0,3D11D,"18TH ST","DOLORES ST",0.00,,Y,A,-,N,,,,,,,,,,N,2,0,1,1,A,-,03,22350,A,N,-,I,A,A,H,-,C,A,0,,,,,Y,,M,94,1,0,0,0,0,0,0,0,0,"- ","- ",,,"SAN FRANCISCO","SAN FRANCISCO",-122.42615509033203,37.761444091796875
9434287,2022,2022-04-19,3801,2022-03-23,2027,309,TARAV,3,5,7,3801,0,0,0,,0,,"19TH AV","JUDAH ST",0.00,,Y,A,-,N,,,,,,,,,,N,2,0,1,2,A,-,11,21453,D,N,D,B,B,A,H,-,C,A,0,Y,,,,Y,,N,60,1,0,0,0,1,0,0,0,0,"- ","- ",,,"SAN FRANCISCO","SAN FRANCISCO",-122.47702789306641,37.761695861816406
9437211,2022,2022-05-16,3801,2022-04-09,1023,1053,TARAV,6,5,7,3801,0,0,0,,0,3I15A,"LINCOLN WY","21ST AV",9.00,W,N,A,-,N,,,,,,,,,,N,2,0,1,2,A,-,10,21950,A,N,G,B,B,A,H,-,A,D,0,Y,,,,Y,,A,01,1,0,0,0,1,0,0,0,0,"- ","- ",,,"SAN FRANCISCO","SAN FRANCISCO",-122.4794921875,37.765357971191406
9437226,2022,2022-05-31,3801,2022-04-09,2500,2420,TARAV,6,5,7,3801,0,0,0,,0,3I15B,"35TH ST","NORIEGA ST",0.00,,Y,A,-,N,,,,,,,,,,N,2,0,1,2,A,-,05,21650,,N,-,G,A,A,-,-,A,D,0,,Y,,,Y,,L,04,1,0,0,0,0,0,1,0,0,"- ","- ",,,"SAN FRANCISCO","SAN FRANCISCO",-122.49361419677734,37.753498077392578
9437523,2022,2022-05-16,3801,2022-04-10,1535,2186,NORTH,7,5,7,3801,0,0,0,,0,3E13D,"HAYES ST","WEBSTER ST",0.00,,Y,A,-,N,,,,,,,,,,Y,2,0,1,2,A,-,12,21453,A,N,D,C,A,A,H,-,A,A,0,,,Y,,Y,,C,03,1,0,0,0,0,0,0,0,1,"- ","- ",,,"SAN FRANCISCO","SAN FRANCISCO",-122.42953491210938,37.776042938232422
94381768,2024,2024-09-04,9335,2024-08-24,1500,023991,,6,2,7,3801,0,1,1,,2,080,"I-80 WB","3RD STREET UNDERCROSSING",595.00,E,N,A,-,Y,SF,,80," "," ",5.355,H,,L,N,2,0,1,2,A,-,07,21658,A,N,B,C,A,A,H,-,A,D,0,,,Y,,Y,,C,02,1,0,0,0,0,0,0,0,1,"- ","- ",37.783260345458984,-122.39524841308594,"SAN FRANCISCO","SAN FRANCISCO",-122.39527893066406,37.783283233642578
94382117,2024,2024-09-05,9335,2024-08-26,1350,023737,,1,1,7,3801,0,1,A,,2,090,"I-80 WESTBOUND","NORTHDATE ROAD",2059.00,E,N,A,-,Y,SF,,80," ",R,8.487,H,,L,N,2,0,3,2,A,-,03,22350,,N,C,C,A,A,H,-,A,D,0,,,Y,,Y,,C,02,2,0,1,0,0,0,0,0,2,"- ","- ",37.816879272460938,-122.35610198974609,"SAN FRANCISCO","SAN FRANCISCO",-122.35616302490234,37.81695556640625
94392321,2024,2024-09-12,9335,2024-09-01,"255 ",023603,,7,3,7,3801,0,1,1,,1,081,"I-80 W/B","BEALE STREET UNDERCROSSING",128.00,W,N,A,-,Y,SF,,80," "," ",5.695,H,,L,Y,2,0,1,1,A,-,01,23152,G,N,E,I,A,A,H,-,C,D,0,,,,,Y,Y,A,07,1,0,0,0,0,0,0,0,0,"- ","- ",37.786331176757812,-122.39048767089844,"SAN FRANCISCO","SAN FRANCISCO",-122.39056396484375,37.786380767822266
9441314,2022,2022-05-19,3801,2022-04-06,1800,4119,TRAFF,3,5,7,3801,0,0,0,,0,4B3K,"FELTON ST","OXFORD ST",0.00,,Y,B,-,N,,,,,,,,,,N,2,0,1,2,A,-,12,22450,A,N,A,D,A,A,H,-,A,A,0,,,Y,,Y,,C,03,1,0,0,0,0,0,0,0,1,"- ","- ",,,"SAN FRANCISCO","SAN FRANCISCO",-122.41940307617188,37.726181030273438
9441465,2022,2022-05-23,3801,2022-03-03,0808,4375,TRAFF,4,5,7,3801,0,0,0,,0,4B1F,"ITALY AV","MOSCOW ST",12.00,E,N,B,-,N,,,,,,,,,,N,2,0,1,2,A,-,10,21950,A,N,D,B,B,B,H,-,A,A,0,Y,,,,Y,,A,01,1,0,0,0,1,0,0,0,0,"- ","- ",,,"SAN FRANCISCO","SAN FRANCISCO",-122.43232727050781,37.715049743652344
94426986,2024,2024-10-10,9335,2024-10-01,1400,023979,,2,2,7,3801,0,1,1,,2,022,"I-280 N/B","OCEAN AVE OVERCROSSING",1190.00,N,N,A,-,Y,SF,,280," ",R,2.004,H,,R,Y,2,0,3,2,A,-,08,22107,,N,B,C,A,A,H,-,A,D,0,,,,Y,Y,,A,01,3,0,0,0,0,0,0,0,0,"- ","- ",37.726089477539062,-122.44602966308594,"SAN FRANCISCO","SAN FRANCISCO",-122.44599151611328,37.726070404052734
9443982,2022,2022-05-16,3801,2022-03-23,0931,1936,TRAFF,3,5,7,3801,0,0,0,,0,4B1D,"PERSIA ST","MISSION ST",14.00,E,N,B,-,N,,,,,,,,,,Y,2,0,1,2,A,-,10,21950,A,N,G,B,B,A,H,-,A,A,0,Y,,,,Y,,A,01,1,0,0,0,1,0,0,0,0,"- ","- ",,,"SAN FRANCISCO","SAN FRANCISCO",-122.43592834472656,37.723121643066406
94467007,2024,2024-11-13,9335,2024-11-07,1120,024118,,4,1,7,3801,0,1,1,,1,081,"I-80 W/B","TREASURE ISLAND RD",142.00,W,N,A,-,Y,SF,,80," "," ",7.693,H,,L,N,2,0,3,4,A,-,01,23152,F,N,C,C,A,A,H,-,A,D,0,,,,,Y,,A,01,1,2,0,0,0,0,0,0,0,"- ","- ",37.808738708496094,-122.36666870117188,"SAN FRANCISCO","SAN FRANCISCO",-122.36660003662109,37.808704376220703
9446874,2022,2022-06-15,3801,2022-05-06,0248,1881,RICHM,5,5,7,3801,0,0,0,,0,RICHM,"POINT LOBOS AV","EL CAMINO DEL MAR",1117.00,W,N,B,-,N,,,,,,,,,,Y,2,0,4,1,A,-,03,22350,,F,E,I,A,D,-,-,C,A,0,,,,,Y,Y,A,01,1,3,0,0,0,0,0,0,0,"- ","- ",,,"SAN FRANCISCO","SAN FRANCISCO",-122.51305389404297,37.779045104980469
94489051,2023,2024-12-02,9335,2023-10-14,"25  ",023067,,6,3,7,3801,0,1,1,,2,023,"I-280 N/B","MISSION ST",375.00,S,N,A,-,Y,SF,,280," ",R,3.028,H,,R,N,1,1,0,2,A,-,17,21200,,F,H,G,A,A,H,-,D,D,0,,Y,,,Y,Y,L,04,0,0,0,0,0,1,0,0,0,"- ","- ",37.732059478759766,-122.42970275878906,"SAN FRANCISCO","SAN FRANCISCO",-122.42967987060547,37.732128143310547
94504233,2024,2025-07-07,9335,2024-03-11,"143 ",023121,,1,3,7,3801,0,1,1,,2,080,"I-80 WESTBOUND","4TH STREET",265.00,E,N,C,-,Y,SF,,80," "," ",5.117,H,,L,N,1,1,0,2,A,-,11,21954,A,F,G,B,E,B,H,-,C,D,0,Y,,,,Y,,N,60,0,0,0,1,0,0,0,0,0,"- ","- ",37.780948638916016,-122.39839172363281,"SAN FRANCISCO","SAN FRANCISCO",-122.39839172363281,37.780952453613281
9453131,2022,2022-12-20,3801,2022-05-11,0952,796,NORTH,3,5,7,3801,0,0,0,,0,3E15A,"GREEN ST","STEINER ST",0.00,,Y,A,-,N,,,,,,,,,,N,1,1,0,2,A,-,10,21950,A,N,G,B,B,A,H,-,A,A,0,Y,,,,Y,,D,22,0,0,0,1,0,0,0,0,0,"- ","- ",,,"SAN FRANCISCO","SAN FRANCISCO",-122.43695068359375,37.795951843261719
9453787,2022,2022-07-28,3801,2022-06-02,1552,707,TRAFF,4,5,7,3801,0,0,0,,0,901,"ELLIS ST","CYRIL MAGNIN ST",0.00,,Y,A,-,N,,,,,,,,,,Y,2,0,1,2,A,-,12,21453,A,N,D,C,A,A,H,-,-,A,0,,,Y,Y,Y,,C,03,1,0,0,0,0,0,0,0,1,"- ","- ",,,"SAN FRANCISCO","SAN FRANCISCO",-122.40866088867188,37.785427093505859