CASE_ID,ACCIDENT_YEAR,PROC_DATE,JURIS,COLLISION_DATE,COLLISION_TIME,OFFICER_ID,REPORTING_DISTRICT,DAY_OF_WEEK,CHP_SHIFT,POPULATION,CNTY_CITY_LOC,SPECIAL_COND,BEAT_TYPE,CHP_BEAT_TYPE,CITY_DIVISION_LAPD,CHP_BEAT_CLASS,BEAT_NUMBER,PRIMARY_RD,SECONDARY_RD,DISTANCE,DIRECTION,INTERSECTION,WEATHER_1,WEATHER_2,STATE_HWY_IND,CALTRANS_COUNTY,CALTRANS_DISTRICT,STATE_ROUTE,ROUTE_SUFFIX,POSTMILE_PREFIX,POSTMILE,LOCATION_TYPE,RAMP_INTERSECTION,SIDE_OF_HWY,TOW_AWAY,COLLISION_SEVERITY,NUMBER_KILLED,NUMBER_INJURED,PARTY_COUNT,PRIMARY_COLL_FACTOR,PCF_CODE_OF_VIOL,PCF_VIOL_CATEGORY,PCF_VIOLATION,PCF_VIOL_SUBSECTION,HIT_AND_RUN,TYPE_OF_COLLISION,MVIW,PED_ACTION,ROAD_SURFACE,ROAD_COND_1,ROAD_COND_2,LIGHTING,CONTROL_DEVICE,CHP_ROAD_TYPE,PEDESTRIAN_ACCIDENT,BICYCLE_ACCIDENT,MOTORCYCLE_ACCIDENT,TRUCK_ACCIDENT,NOT_PRIVATE_PROPERTY,ALCOHOL_INVOLVED,STWD_VEHTYPE_AT_FAULT,CHP_VEHTYPE_AT_FAULT,COUNT_SEVERE_INJ,COUNT_VISIBLE_INJ,COUNT_COMPLAINT_PAIN,COUNT_PED_KILLED,COUNT_PED_INJURED,COUNT_BICYCLIST_KILLED,COUNT_BICYCLIST_INJURED,COUNT_MC_KILLED,COUNT_MC_INJURED,PRIMARY_RAMP,SECONDARY_RAMP,LATITUDE,LONGITUDE,COUNTY,CITY,POINT_X,POINT_Y
9453934,2022,2022-07-19,3801,2022-06-18,0155,2157,RICHM,6,5,7,3801,0,0,0,,0,002,"EUCLID AV","PALM AV",0.00,,Y,A,-,N,,,,,,,,,,,2,0,2,2,A,-,12,22450,A,N,D,C,A,A,H,-,C,D,0,,,,,Y,,-,,1,0,1,0,0,0,0,0,0,"- ","- ",,,"SAN FRANCISCO","SAN FRANCISCO",-122.45791625976562,37.783863067626953
9453957,2022,2022-08-11,3801,2022-06-18,0158,341,NORTH,6,5,7,3801,0,0,0,,0,3E15E,"LOMBARD ST","FILLMORE ST",0.00,,Y,A,-,N,,,,,,,,,,N,2,0,1,2,A,-,11,21950,B,F,G,-,B,A,-,-,C,A,0,Y,,,,Y,,N,60,1,0,0,0,1,0,0,0,0,"- ","- ",,,"SAN FRANCISCO","SAN FRANCISCO",-122.43605041503906,37.799846649169922
9453994,2022,2022-07-18,3801,2022-06-10,0552,1605,NORTH,5,5,7,3801,0,0,0,,0,3E15A,"LAGUNA ST","FRANCISCO ST",0.00,,Y,A,-,N,,,,,,,,,,Y,2,0,1,4,A,-,01,23152,A,N,B,C,A,A,H,-,B,D,0,,,,,Y,Y,A,01,1,0,0,0,0,0,0,0,0,"- ","- ",,,"SAN FRANCISCO","SAN FRANCISCO",-122.43148803710938,37.8023681640625
9454003,2022,2022-07-14,3801,2022-06-18,1405,2400,BAYVI,6,5,7,3801,0,0,0,,0,4CAR,"SAN BRUNO AV","SILLIMAN ST",0.00,,Y,A,-,N,,,,,,,,,,Y,2,0,1,2,A,-,03,22350,,F,G,B,-,A,H,-,A,A,0,Y,,,,Y,Y,A,07,1,0,0,0,1,0,0,0,0,"- ","- ",,,"SAN FRANCISCO","SAN FRANCISCO",-122.40512084960938,37.731231689453125
9454017,2022,2022-07-14,3801,2022-06-03,0955,1502,MISSI,5,5,7,3801,0,0,0,,0,3D15A,"18TH ST","DOUGLASS ST",0.00,,Y,A,-,N,,,,,,,,,,N,2,0,1,2,A,-,12,22450,A,N,D,J,A,A,H,-,A,A,0,,,,,Y,,-,,1,0,0,0,0,0,0,0,0,"- ","- ",,,"SAN FRANCISCO","SAN FRANCISCO",-122.4393310546875,37.760616302490234
94550899,2025,2025-01-27,9335,2025-01-14,1417,024050,,2,2,7,3801,0,1,1,,2,023,"I-280 S/B FROM SAN JOSE AVENUE","THERESA STREET PEDESTRIAN OVERCROSSING",250.00,N,N,A,-,Y,SF,,280," ",R,2.680,H,,L,N,2,0,1,2,A,-,03,22350,,N,C,C,A,A,H,-,A,D,0,,,Y,,Y,,C,02,1,0,0,0,0,0,0,0,1,"- ","- ",37.731521606445312,-122.43598937988281,"SAN FRANCISCO","SAN FRANCISCO",-122.43589782714844,37.731300354003906
94557796,2025,2025-01-31,9335,2025-01-19,1340,023378,,7,1,7,3801,0,1,1,,2,022,"I-280 N/B","SAN JOSE AVENUE OVERCROSSING",808.00,S,N,B,-,Y,SF,,280," ",R,1.307,H,,R,Y,2,0,1,1,A,-,01,23152,A,N,E,I,A,A,H,-,A,D,0,,,Y,,Y,Y,C,02,1,0,0,0,0,0,0,0,1,"- ","- ",37.716350555419922,-122.4488525390625,"SAN FRANCISCO","SAN FRANCISCO",-122.448974609375,37.716388702392578
9460096,2022,2022-06-24,3801,2022-01-24,1555,1066,NORTH,1,5,7,3801,0,0,0,,0,1CAR,"HAIGHT ST","FILLMORE ST",0.00,,Y,A,-,N,,,,,,,,,,N,2,0,1,2,A,-,08,22100,B,N,D,G,A,A,H,-,A,A,0,,Y,,,Y,,A,01,1,0,0,0,0,0,1,0,0,"- ","- ",,,"SAN FRANCISCO","SAN FRANCISCO",-122.43045043945312,37.772117614746094
9460136,2022,2022-06-23,3801,2022-02-02,0804,1387,CENTR,3,5,7,3801,0,0,0,,0,,"3RD ST","MISSION ST",0.00,S,N,A,-,N,,,,,,,,,,N,2,0,1,2,A,-,07,21658,A,N,B,C,A,A,H,-,A,A,0,,,Y,,Y,,A,01,1,0,0,0,0,0,0,0,1,"- ","- ",,,"SAN FRANCISCO","SAN FRANCISCO",-122.40200042724609,37.786266326904297
94639502,2025,2025-04-07,9335,2025-03-28,2300,024080,,5,3,7,3801,0,1,1,,2,080,"4TH STREET TO I-80 W/B","4TH STREET",40.00,E,N,A,-,Y,,,,,,,,,,N,2,0,1,2,A,-,11,21954,A,N,G,B,D,A,H,-,E,A,0,Y,,,,Y,,N,60,1,0,0,0,1,0,0,0,0,"- ","- ",37.780529022216797,-122.39962768554688,"SAN FRANCISCO","SAN FRANCISCO",,
9464164,2023,2023-03-13,3801,2023-02-10,2354,1766,TRAFF,5,5,7,3801,0,0,0,,0,4B103,"DIVISADERO ST","FELL ST",144.00,S,N,C,-,N,,,,,,,,,,Y,1,1,1,1,A,-,01,23152,A,N,E,I,A,B,H,-,C,A,0,,,,,Y,Y,A,01,0,1,0,0,0,0,0,0,0,"- ","- ",,,"SAN FRANCISCO","SAN FRANCISCO",-122.43753051757812,37.773666381835938
9464165,2023,2023-03-13,3801,2023-01-10,1751,4084,TRAFF,2,5,7,3801,0,0,0,,0,4B4B,"16TH ST","VALENCIA ST",11.00,E,N,B,-,N,,,,,,,,,,Y,1,1,0,2,A,-,11,21456,B,N,G,B,B,A,H,-,C,A,0,Y,,,,Y,,N,60,0,0,0,1,0,0,0,0,0,"- ","- ",,,"SAN FRANCISCO","SAN FRANCISCO",-122.42185211181641,37.764911651611328
9464243,2023,2023-06-16,3801,2023-01-23,"543 ",1422,TRAFF,1,5,7,3801,0,0,0,,0,4B2F,"FRANKLIN ST","EDDY ST",70.00,N,N,A,-,N,,,,,,,,,,Y,1,1,0,2,A,-,11,21954,A,N,G,B,E,A,H,-,C,A,0,Y,,,,Y,,N,60,0,0,0,1,0,0,0,0,0,"- ","- ",,,"SAN FRANCISCO","SAN FRANCISCO",-122.42247772216797,37.782859802246094
9464405,2022,2022-09-29,3801,2022-05-15,0136,1766,TENDE,7,5,7,3801,0,0,0,,0,4B103,"ELLIS ST","LEAVENWORTH ST",182.00,W,N,A,-,N,,,,,,,,,,N,1,1,0,2,A,-,10,21954,B,F,G,B,D,A,H,-,C,D,0,Y,,,,Y,Y,A,07,0,0,0,1,0,0,0,0,0,"- ","- ",,,"SAN FRANCISCO","SAN FRANCISCO",-122.4150390625,37.784580230712891
9464407,2022,2022-09-29,3801,2022-06-09,1812,76,TRAFF,4,5,7,3801,0,0,0,,0,4B3B,"LARKIN ST","EDDY ST",0.00,,Y,A,-,N,,,,,,,,,,Y,1,1,0,2,A,-,12,21453,A,N,D,C,A,A,H,-,A,A,0,,,Y,Y,Y,,C,02,0,0,0,0,0,0,0,1,0,"- ","- ",,,"SAN FRANCISCO","SAN FRANCISCO",-122.41751861572266,37.783294677734375
9464413,2022,2022-09-20,3801,2022-08-11,1136,1936,TRAFF,4,5,7,3801,0,0,0,,0,3B1D,"MARKET ST","DANVERS ST",0.00,,Y,A,-,N,,,,,,,,,,Y,1,1,1,2,A,-,09,21801,A,N,D,C,A,A,H,-,A,A,0,,,Y,,Y,,A,01,0,0,1,0,0,0,0,1,0,"- ","- ",,,"SAN FRANCISCO","SAN FRANCISCO",-122.44351959228516,37.760498046875
9464465,2022,2022-09-20,3801,2022-05-21,1548,4178,RICHM,6,5,7,3801,0,0,0,,0,4B3A,"FULTON ST","37TH AV",13.00,E,N,A,-,N,,,,,,,,,,Y,1,1,0,2,A,-,10,21950,A,N,G,B,B,A,H,-,A,A,0,Y,,,,Y,,A,07,0,0,0,1,0,0,0,0,0,"- ","- ",,,"SAN FRANCISCO","SAN FRANCISCO",-122.49700164794922,37.771991729736328
9464468,2022,2023-02-17,3801,2022-08-11,1919,2359,TARAV,4,5,7,3801,0,0,0,,0,3I16D,"JUNIPERO SERRA BL","PALMETTO AV",369.00,S,N,A,-,N,,,,,,,,,,Y,1,1,0,1,A,-,17,21663,,N,E,I,A,A,H,-,A,D,0,,,,,Y,,A,01,0,0,0,0,0,0,0,0,0,"- ","- ",,,"SAN FRANCISCO","SAN FRANCISCO",-122.47104644775391,37.709625244140625
9464496,2022,2022-07-28,3801,2022-06-14,1442,2161,MISSI,2,5,7,3801,0,0,0,,0,3D13A,"20TH ST","CAPP ST",0.00,,Y,A,-,N,,,,,,,,,,Y,2,0,3,2,A,-,10,21950,A,N,D,C,A,A,H,-,A,D,0,,,,,Y,,A,01,1,1,1,0,0,0,0,0,0,"- ","- ",,,"SAN FRANCISCO","SAN FRANCISCO",-122.41796112060547,37.758682250976562
94659001,2025,2025-05-16,9335,2025-04-15,"755 ",022703,,2,1,7,3801,0,1,2,,2,013,"US-101 NORTHBOUND","BAYSHORE BOULEVARD",975.00,N,N,B,-,Y,SF,,101," "," ",0.754,H,,R,Y,2,0,1,3,A,-,03,22350,,N,B,2,A,A,H,-,A,D,0,,,Y,,Y,,C,02,1,0,0,0,0,0,0,0,1,"- ","- ",37.718719482421875,-122.39945220947266,"SAN FRANCISCO","SAN FRANCISCO",-122.39937591552734,37.718734741210938
9468633,2023,2023-09-08,3801,2023-08-24,"925 ",1857,SOUTH,4,5,7,3801,0,0,0,,0,3B60,"7TH ST","HUBBELL ST",33.00,N,N,A,-,N,,,,,,,,,,N,2,0,1,1,D,-,00,,,N,H,-,A,A,H,-,A,D,0,,,,,Y,,-,"- ",1,0,0,0,0,0,0,0,0,"- ","- ",,,"SAN FRANCISCO","SAN FRANCISCO",-122.39678955078125,37.767894744873047
9468786,2023,2023-09-12,3801,2023-07-30,1235,1364,NORTH,7,5,7,3801,0,0,0,,0,3E6A,"LAGUNA ST","MARINA BL",0.00,,N,A,-,N,,,,,,,,,,N,2,0,1,2,A,-,09,21804,A,F,D,B,D,A,H,-,A,D,0,Y,,,,Y,,A,07,1,0,0,0,1,0,0,0,0,"- ","- ",,,"SAN FRANCISCO","SAN FRANCISCO",-122.43206787109375,37.805210113525391
9468795,2023,2023-10-05,3801,2023-07-22,1336,637,MISSI,6,5,7,3801,0,0,0,,0,3D14C,"CESAR CHAVEZ ST","MISSION ST",0.00,,Y,A,-,N,,,,,,,,,,N,2,0,2,2,A,-,12,21453,A,N,D,C,A,A,H,-,A,A,0,,,,,Y,,M,94,1,0,1,0,0,0,0,0,0,"- ","- ",,,"SAN FRANCISCO","SAN FRANCISCO",-122.41819763183594,37.748222351074219
9469525,2023,2023-10-02,3801,2023-06-08,2327,1830,CENTR,4,5,7,3801,0,0,0,,0,3A13E,"COLUMBUS AV","NORTH POINT ST",173.00,S,N,A,-,N,,,,,,,,,,N,2,0,1,2,A,-,03,22350,,F,G,B,D,A,H,-,C,A,0,Y,,,,Y,,-,,1,0,0,0,1,0,0,0,0,"- ","- ",,,"SAN FRANCISCO","SAN FRANCISCO",-122.41790771484375,37.805675506591797
9469530,2023,2023-10-02,3801,2023-08-26,1411,2728,TENDE,6,5,7,3801,0,0,0,,0,908,"EDDY ST","HYDE ST",0.00,,Y,A,-,N,,,,,,,,,,Y,2,0,1,2,A,-,09,21801,A,N,F,G,A,A,H,-,A,A,0,,Y,,,Y,,A,01,1,0,0,0,0,0,1,0,0,"- ","- ",,,"SAN FRANCISCO","SAN FRANCISCO",-122.41588592529297,37.783512115478516
9472024,2022,2022-07-18,3801,2022-06-08,1456,1994,TAFFI,3,5,7,3801,0,0,0,,0,4B3D,"STOCKTON ST","SOUTH TUNNEL ENT",185.00,N,N,A,-,N,,,,,,,,,,Y,2,0,2,3,A,-,05,21460,A,N,B,C,A,A,H,-,A,D,0,,,Y,,Y,,C,02,1,0,1,0,0,0,0,0,1,"- ","- ",,,"SAN FRANCISCO","SAN FRANCISCO",,
94749713,2025,2025-07-07,9335,2025-03-24,"50  ",023860,,1,3,7,3801,0,1,2,,2,013,"US-101 S/B","BAYSHORE BLVD",2429.00,S,N,A,-,Y,SF,,101," "," ",2.752,H,,L,Y,1,1,0,2,A,-,01,23152,A,N,C,C,A,A,H,-,D,D,0,,,,,Y,Y,M,94,0,0,0,0,0,0,0,0,0,"- ","- ",37.745849609375,-122.40499877929688,"SAN FRANCISCO","SAN FRANCISCO",-122.40492248535156,37.745838165283203
94767325,2025,2025-07-18,9335,2025-04-20,"300 ",024042,,7,3,7,3801,0,1,2,,2,013,"US-101 SB","SILVER AVENUE OVERCROSSING",3326.00,S,N,A,-,Y,SF,,101," "," ",1.135,H,,L,Y,2,0,1,1,C,-,18,,,N,E,I,A,A,H,-,C,D,0,,,,,Y,,-,"- ",1,0,0,0,0,0,0,0,0,"- ","- ",37.723930358886719,-122.40135192871094,"SAN FRANCISCO","SAN FRANCISCO",-122.40143585205078,37.723907470703125
9478920,2022,2022-08-09,3801,2022-04-23,0714,1936,TRAFF,6,5,7,3801,0,0,0,,0,4B1D,"BROTHERHOOD WY","ARCH ST",0.00,,Y,A,-,N,,,,,,,,,,Y,2,0,1,2,A,-,11,21453,D,N,D,C,A,A,H,-,A,A,0,,,Y,,Y,,C,02,1,0,0,0,0,0,0,0,1,"- ","- ",,,"SAN FRANCISCO","SAN FRANCISCO",-122.46707916259766,37.712368011474609
9479361,2022,2022-08-18,3801,2022-07-03,0036,2307,NORTH,7,5,7,3801,0,0,0,,0,3E15E,"LOMBARD ST","FILLMORE ST",0.00,,Y,B,-,N,,,,,,,,,,N,2,0,1,2,A,-,12,21453,A,F,G,B,B,B,H,-,C,A,0,Y,,,,Y,Y,A,01,1,0,0,0,1,0,0,0,0,"- ","- ",,,"SAN FRANCISCO","SAN FRANCISCO",-122.43605041503906,37.799846649169922
9483314,2022,2022-08-11,3801,2022-06-20,1819,2408,RICHM,1,5,7,3801,0,0,0,,0,3G13D,"FULTON ST","PARK PRESIDEO BL",0.00,,Y,A,-,N,,,,,,,,,,Y,2,0,2,3,A,-,03,22350,,N,C,C,A,A,H,-,A,A,0,,,Y,,Y,Y,A,01,1,1,0,0,0,0,0,0,1,"- ","- ",,,"SAN FRANCISCO","SAN FRANCISCO",-122.47177886962891,37.773124694824219
9483433,2022,2022-08-08,3801,2022-06-23,1825,1766,TRAFF,4,5,7,3801,0,0,0,,0,4B103,"MISSION ST","COLLEGE TR",154.00,N,N,A,-,N,,,,,,,,,,N,2,0,2,2,A,-,08,22107,,N,D,J,A,A,H,-,A,A,0,,,Y,,Y,,A,01,1,0,1,0,0,0,0,0,1,"- ","- ",,,"SAN FRANCISCO","SAN FRANCISCO",-122.42546081542969,37.734611511230469
9483463,2022,2022-08-05,3801,2022-07-14,1500,1544,CENTR,4,5,7,3801,0,0,0,,0,3A14D,"THE EMBARCADERO","BAY ST",0.00,,Y,A,-,N,,,,,,,,,,N,2,0,1,1,C,-,18,,,N,H,A,A,A,H,-,A,D,0,,,,,Y,,-,"- ",1,0,0,0,0,0,0,0,0,"- ","- ",,,"SAN FRANCISCO","SAN FRANCISCO",-122.40596771240234,37.806632995605469
9483465,2022,2022-09-19,3801,2022-07-17,2500,1881,RICHM,7,5,7,3801,0,0,0,,0,3G117,"PARK PRESIDIO BL","CLEMENT ST",28.00,N,N,A,-,N,,,,,,,,,,N,2,0,1,2,A,-,03,22350,,N,C,C,A,A,H,-,C,A,0,,,,,Y,,A,01,1,0,0,0,0,0,0,0,0,"- ","- ",,,"SAN FRANCISCO","SAN FRANCISCO",-122.47247314453125,37.782657623291016
9483469,2022,2022-08-05,3801,2022-07-16,1535,2207,CENTR,6,5,7,3801,0,0,0,,0,3A13D,"NORTH POINT ST","HYDE ST",0.00,,Y,A,-,N,,,,,,,,,,N,2,0,1,1,C,-,18,,,N,H,A,A,-,-,-,A,D,0,,,,,Y,,-,"- ",1,0,0,0,0,0,0,0,0,"- ","- ",,,"SAN FRANCISCO","SAN FRANCISCO",-122.42034912109375,37.805732727050781
9483553,2022,2022-08-08,3801,2022-06-26,2106,276,NORTH,7,5,7,3801,0,0,0,,0,3E13E,"BUSH ST","VAN NESS AV",0.00,,Y,A,-,N,,,,,,,,,,N,2,0,1,2,A,-,11,21955,,N,G,B,D,A,H,-,C,A,0,Y,,,,Y,,N,60,1,0,0,0,1,0,0,0,0,"- ","- ",,,"SAN FRANCISCO","SAN FRANCISCO",-122.42191314697266,37.788490295410156
9483590,2022,2022-08-05,3801,2022-07-15,1629,1823,SOUTH,5,5,7,3801,0,0,0,,0,001,"NEW MONTGOMERY ST","MISSION ST",0.00,,Y,A,-,N,,,,,,,,,,N,2,0,1,2,A,-,12,21453,A,N,D,G,A,A,H,-,A,A,0,,Y,,,Y,,A,01,1,0,0,0,0,0,1,0,0,"- ","- ",,,"SAN FRANCISCO","SAN FRANCISCO",-122.40049743652344,37.787452697753906
9502432,2022,2022-09-26,3801,2022-08-19,1527,1052,RICHM,5,5,7,3801,0,0,0,,0,3G15D,"CLEMENT ST","19TH AV",3.00,E,N,A,-,N,,,,,,,,,,N,2,0,1,2,A,-,10,21950,A,N,G,B,B,A,H,-,A,D,0,Y,,,Y,Y,,F,27,1,0,0,0,1,0,0,0,0,"- ","- ",,,"SAN FRANCISCO","SAN FRANCISCO",-122.47846221923828,37.782299041748047
9503078,2022,2022-09-22,3801,2022-08-05,1618,1033,TENDE,5,5,7,3801,0,0,0,,0,3J15D,"LARKIN ST","GROVE ST",0.00,,Y,A,-,N,,,,,,,,,,N,2,0,1,2,A,-,03,22350,,N,D,G,A,A,H,-,A,A,0,,Y,,,Y,,L,04,1,0,0,0,0,0,1,0,0,"- ","- ",,,"SAN FRANCISCO","SAN FRANCISCO",-122.41658782958984,37.778659820556641
9503109,2022,2022-09-21,3801,2022-08-12,2046,2328,BAYVI,5,5,7,3801,0,0,0,,0,901,"CARGO WY","JENNINGS ST",0.00,,Y,A,-,N,,,,,,,,,,Y,2,0,1,1,A,-,03,22350,,N,E,I,A,A,H,-,C,A,0,,,,,Y,,A,01,1,0,0,0,0,0,0,0,0,"- ","- ",,,"SAN FRANCISCO","SAN FRANCISCO",-122.37690734863281,37.740230560302734
9503141,2022,2022-09-19,3801,2022-07-31,1944,4178,NORTH,7,5,7,3801,0,0,0,,0,4B3A,"WEBSTER ST","HAYES ST",0.00,,Y,A,-,N,,,,,,,,,,N,2,0,1,2,A,-,12,21453,A,N,D,G,A,A,H,-,B,A,0,,Y,,,Y,,L,04,1,0,0,0,0,0,1,0,0,"- ","- ",,,"SAN FRANCISCO","SAN FRANCISCO",-122.42953491210938,37.776042938232422
9503144,2022,2022-09-19,3801,2022-07-28,2219,1994,TRAFF,4,5,7,3801,0,0,0,,0,4B3D,"GOLDEN GATE AV","LEAVENWORTH ST",18.00,E,N,B,-,N,,,,,,,,,,Y,2,0,1,1,A,-,03,22350,,N,A,I,A,A,H,-,C,A,0,,,Y,,Y,,C,03,1,0,0,0,0,0,0,0,1,"- ","- ",,,"SAN FRANCISCO","SAN FRANCISCO",-122.41379547119141,37.781879425048828
9503165,2022,2022-09-20,3801,2022-07-04,1545,104,TRAFF,1,5,7,3801,0,0,0,,0,4B4A,"BATTERY ST","BUSH ST",0.00,,Y,A,-,N,,,,,,,,,,Y,2,0,6,3,A,-,12,21453,A,N,D,C,A,A,H,-,A,A,0,,,,,Y,,A,01,4,0,2,0,0,0,0,0,0,"- ","- ",,,"SAN FRANCISCO","SAN FRANCISCO",-122.39959716796875,37.791351318359375
9503235,2022,2022-10-11,3801,2022-08-31,0536,2249,PARK,3,5,7,3801,0,0,0,,0,3F13E,"OAK ST","CENTRAL AVE",0.00,E,N,A,-,N,,,,,,,,,,N,2,0,1,2,A,-,11,21955,,N,G,B,D,A,H,-,C,D,0,Y,,,,Y,,N,60,1,0,0,0,1,0,0,0,0,"- ","- ",,,"SAN FRANCISCO","SAN FRANCISCO",-122.44405364990234,37.772289276123047
9503268,2022,2022-09-21,3801,2022-08-27,0037,2457,SOUTH,6,5,7,3801,0,0,0,,0,3B2E,"FOLSOM ST","7TH ST",0.00,,Y,A,-,N,,,,,,,,,,Y,2,0,1,2,A,-,03,22350,,N,C,E,A,A,H,-,C,A,0,,,Y,,Y,,C,02,1,0,0,0,0,0,0,0,1,"- ","- ",,,"SAN FRANCISCO","SAN FRANCISCO",-122.40784454345703,37.776771545410156
9503317,2022,2022-09-22,3801,2022-07-04,1751,4175,TARAV,1,5,7,3801,0,0,0,,0,4B4D,"LINCOLN WY","9TH AV",16.00,E,N,A,-,N,,,,,,,,,,Y,2,0,4,6,A,-,09,21453,B,N,C,C,F,A,H,-,A,A,0,Y,,,,Y,,A,01,1,0,3,0,4,0,0,0,0,"- ","- ",,,"SAN FRANCISCO","SAN FRANCISCO",-122.46638488769531,37.765933990478516
9503367,2022,2022-09-22,3801,2022-08-09,2233,2744,SOUTH,2,5,7,3801,0,0,0,,0,0B4,"MARKET ST","GUERRERO ST",40.00,E,N,A,-,N,,,,,,,,,,N,2,0,2,1,A,-,03,22350,,N,E,I,A,-,H,-,C,-,0,,,,,Y,,-,,2,0,0,0,0,0,0,0,0,"- ","- ",,,"SAN FRANCISCO","SAN FRANCISCO",-122.42476654052734,37.770828247070312
9503437,2022,2022-09-23,3801,2022-06-28,2041,1435,NORTH,2,5,7,3801,0,0,0,,0,4B4G,"HAIGHT ST","FILLMORE ST",193.00,W,N,A,-,N,,,,,,,,,,N,2,0,1,2,A,-,11,21954,A,N,G,B,E,A,H,-,B,A,0,Y,,,,Y,Y,N,60,1,0,0,0,1,0,0,0,0,"- ","- ",,,"SAN FRANCISCO","SAN FRANCISCO",-122.43110656738281,37.772026062011719
9505235,2022,2022-10-11,3801,2022-08-05,2212,4201,NORTH,5,5,7,3801,0,0,0,,0,3E13E,"ELLIS ST","DIVISADERO ST",20.00,E,N,A,-,N,,,,,,,,,,N,2,0,1,2,A,-,08,22102,,N,D,J,A,A,H,-,C,A,0,,,,,Y,,A,01,1,0,0,0,0,0,0,0,0,"- ","- ",,,"SAN FRANCISCO","SAN FRANCISCO",-122.43904113769531,37.781528472900391
9505666,2022,2022-12-08,3801,2022-10-22,0411,2035,MISSI,6,5,7,3801,0,0,0,,0,3D11E,"S VAN NESS AV","20TH ST",140.00,N,N,A,C,N,,,,,,,,,,Y,2,0,1,3,A,-,03,22350,,N,D,C,A,B,H,-,C,D,0,,,,,Y,,A,01,1,0,0,0,0,0,0,0,0,"- ","- ",,,"SAN FRANCISCO","SAN FRANCISCO",-122.41694641113281,37.759143829345703
9505781,2022,2022-11-08,3801,2022-09-28,1019,1557,TARAV,3,5,7,3801,0,0,0,,0,3I16A,"OCEAN AV","LEE AV",0.00,,Y,A,-,N,,,,,,,,,,Y,2,0,1,2,A,-,00,22101,C,N,A,C,A,A,H,-,A,A,0,,,Y,,Y,,A,01,1,0,0,0,0,0,0,0,0,"- ","- ",,,"SAN FRANCISCO","SAN FRANCISCO",-122.4541015625,37.723491668701172
9505788,2022,2022-11-21,3801,2022-09-30,2000,713,CENTR,5,5,7,3801,0,0,0,,0,3A13D,"LARKIN ST","NORTH POINT",81.00,S,N,A,-,N,,,,,,,,,,N,2,0,1,1,A,-,03,22350,,N,H,A,A,A,H,-,C,D,0,,,,,Y,,M,94,1,0,0,0,0,0,0,0,0,"- ","- ",,,"SAN FRANCISCO","SAN FRANCISCO",-122.42195129394531,37.805290222167969
9505937,2022,2022-11-14,3801,2022-10-09,2316,2708,SOUTH,7,5,7,3801,0,0,0,,0,,"MISSION ST","MINT ST",0.00,,Y,A,-,N,,,,,,,,,,N,2,0,1,2,A,-,03,22350,,F,A,B,C,A,H,-,C,A,0,Y,,,,Y,,A,01,1,0,0,0,1,0,0,0,0,"- ","- ",,,"SAN FRANCISCO","SAN FRANCISCO",-122.40716552734375,37.782188415527344
9505988,2022,2022-11-10,3801,2022-10-22,0556,2262,BAYVI,6,5,7,3801,0,0,0,,0,3C11A,"INDIANA ST","TULARE ST",37.00,N,N,F,-,N,,,,,,,,,,N,2,0,1,2,A,-,17,21663,,N,G,B,F,B,H,-,C,A,0,Y,,,,Y,Y,A,07,1,0,0,0,1,0,0,0,0,"- ","- ",,,"SAN FRANCISCO","SAN FRANCISCO",,
9506399,2022,2022-10-11,3801,2022-09-04,0156,4004,CENTR,7,5,7,3801,0,0,0,,0,3A11E,"BAY ST","STOCKTON ST",51.00,S,N,A,-,N,,,,,,,,,,Y,2,0,1,2,A,-,03,22350,,N,D,C,A,A,H,-,D,A,0,,,Y,,Y,,C,02,1,0,0,0,0,0,0,0,1,"- ","- ",,,"SAN FRANCISCO","SAN FRANCISCO",-122.41047668457031,37.806018829345703
9506413,2022,2022-10-14,3801,2022-09-16,1739,654,PARK,5,5,7,3801,0,0,0,,0,3F11D,"LINCOLN WY","4TH AV",0.00,,Y,A,-,N,,,,,,,,,,N,2,0,1,2,A,-,08,22107,,N,C,D,A,A,H,-,B,D,0,,,Y,,Y,,C,03,1,0,0,0,0,0,0,0,1,"- ","- ",,,"SAN FRANCISCO","SAN FRANCISCO",-122.46107482910156,37.766159057617188
9506529,2022,2022-10-11,3801,2022-09-16,2004,499,PARK,5,5,7,3801,0,0,0,,0,3F11D,"7TH AV","LAWTON ST",0.00,,N,A,-,N,,,,,,,,,,Y,2,0,1,2,A,-,17,23109,C,N,D,C,A,A,-,-,C,D,0,,,Y,,Y,,C,02,1,0,0,0,0,0,0,0,1,"- ","- ",,,"SAN FRANCISCO","SAN FRANCISCO",-122.46382904052734,37.758537292480469
9506555,2022,2022-10-10,3801,2022-09-22,1237,4102,SOUTH,4,5,7,3801,0,0,0,,0,3B47,"16TH ST","ILLINOIS ST",60.00,W,N,-,-,N,,,,,,,,,,N,2,0,1,2,A,-,09,21804,A,N,D,C,A,A,H,-,A,D,0,,,Y,,Y,,A,07,1,0,0,0,0,0,0,0,1,"- ","- ",,,"SAN FRANCISCO","SAN FRANCISCO",-122.38837432861328,37.766956329345703