CASE_ID,ACCIDENT_YEAR,PROC_DATE,JURIS,COLLISION_DATE,COLLISION_TIME,OFFICER_ID,REPORTING_DISTRICT,DAY_OF_WEEK,CHP_SHIFT,POPULATION,CNTY_CITY_LOC,SPECIAL_COND,BEAT_TYPE,CHP_BEAT_TYPE,CITY_DIVISION_LAPD,CHP_BEAT_CLASS,BEAT_NUMBER,PRIMARY_RD,SECONDARY_RD,DISTANCE,DIRECTION,INTERSECTION,WEATHER_1,WEATHER_2,STATE_HWY_IND,CALTRANS_COUNTY,CALTRANS_DISTRICT,STATE_ROUTE,ROUTE_SUFFIX,POSTMILE_PREFIX,POSTMILE,LOCATION_TYPE,RAMP_INTERSECTION,SIDE_OF_HWY,TOW_AWAY,COLLISION_SEVERITY,NUMBER_KILLED,NUMBER_INJURED,PARTY_COUNT,PRIMARY_COLL_FACTOR,PCF_CODE_OF_VIOL,PCF_VIOL_CATEGORY,PCF_VIOLATION,PCF_VIOL_SUBSECTION,HIT_AND_RUN,TYPE_OF_COLLISION,MVIW,PED_ACTION,ROAD_SURFACE,ROAD_COND_1,ROAD_COND_2,LIGHTING,CONTROL_DEVICE,CHP_ROAD_TYPE,PEDESTRIAN_ACCIDENT,BICYCLE_ACCIDENT,MOTORCYCLE_ACCIDENT,TRUCK_ACCIDENT,NOT_PRIVATE_PROPERTY,ALCOHOL_INVOLVED,STWD_VEHTYPE_AT_FAULT,CHP_VEHTYPE_AT_FAULT,COUNT_SEVERE_INJ,COUNT_VISIBLE_INJ,COUNT_COMPLAINT_PAIN,COUNT_PED_KILLED,COUNT_PED_INJURED,COUNT_BICYCLIST_KILLED,COUNT_BICYCLIST_INJURED,COUNT_MC_KILLED,COUNT_MC_INJURED,PRIMARY_RAMP,SECONDARY_RAMP,LATITUDE,LONGITUDE,COUNTY,CITY,POINT_X,POINT_Y
9506565,2022,2022-11-01,3801,2022-08-09,1224,1352,MISSI,2,5,7,3801,0,0,0,,0,3D44C,"MISSION ST","26TH ST",0.00,,Y,A,-,N,,,,,,,,,,N,2,0,1,2,A,-,10,21950,,N,G,-,B,A,H,-,A,A,0,Y,,,,Y,,A,01,1,0,0,0,1,0,0,0,0,"- ","- ",,,"SAN FRANCISCO","SAN FRANCISCO",-122.41813659667969,37.749061584472656
9506570,2022,2022-10-17,3801,2022-08-31,1819,1631,SOUTH,3,5,7,3801,0,0,0,,0,3B14D,"MARKET ST","GOUGH ST",0.00,,Y,A,-,N,,,,,,,,,,N,2,0,3,2,A,-,08,22107,,N,D,C,A,A,H,-,A,A,0,,,,,Y,,A,07,1,0,2,0,0,0,0,0,0,"- ","- ",,,"SAN FRANCISCO","SAN FRANCISCO",-122.42221069335938,37.772872924804688
9506571,2022,2022-10-10,3801,2022-08-31,1710,104,TRAFF,3,5,7,3801,0,0,0,,0,4B4F,"LANE ST","VAN DYKE AV",45.00,S,N,A,-,N,,,,,,,,,,Y,2,0,1,1,A,-,08,22107,,N,E,I,A,A,H,-,A,A,0,,,Y,,Y,,C,02,1,0,0,0,0,0,0,0,1,"- ","- ",,,"SAN FRANCISCO","SAN FRANCISCO",-122.39252471923828,37.729042053222656
9506579,2022,2022-10-10,3801,2022-08-30,1552,1358,TENDE,2,5,7,3801,0,0,0,,0,3J13D,"HYDE ST",MCALLISTER,7.00,N,N,A,-,N,,,,,,,,,,Y,2,0,1,2,A,-,10,21950,A,F,G,B,B,A,H,-,A,A,0,Y,,,,Y,,A,01,1,0,0,0,1,0,0,0,0,"- ","- ",,,"SAN FRANCISCO","SAN FRANCISCO",-122.41532135009766,37.780757904052734
9506626,2022,2022-10-10,3801,2022-09-08,0405,2412,SOUTH,4,5,7,3801,0,0,0,,0,0B4,"OCTAVIA ST","MARKET ST",0.00,,Y,A,-,N,,,,,,,,,,Y,2,0,2,2,A,-,12,21453,A,F,D,C,A,A,H,-,C,A,0,,,,,Y,,A,01,1,0,1,0,0,0,0,0,0,"- ","- ",,,"SAN FRANCISCO","SAN FRANCISCO",-122.42359161376953,37.771774291992188
9506630,2022,2022-10-10,3801,2022-09-05,1518,1371,NORTH,1,5,7,3801,0,0,0,,0,001,"OAK ST","SCOTT ST",151.00,W,N,A,-,N,,,,,,,,,,N,2,0,1,1,A,-,03,22350,,N,H,J,A,A,H,-,A,A,0,,Y,,,Y,,L,04,1,0,0,0,0,0,1,0,0,"- ","- ",,,"SAN FRANCISCO","SAN FRANCISCO",-122.43628692626953,37.773269653320312
9506638,2022,2022-10-10,3801,2022-09-23,0925,1657,BAYVI,5,5,7,3801,0,0,0,,0,,"MARIPOSA ST","CONNECTICUT ST",8.00,W,N,A,-,N,,,,,,,,,,Y,2,0,2,3,A,-,07,21658,A,F,A,E,A,A,H,-,A,D,0,,,,,Y,,A,01,1,0,1,0,0,0,0,0,0,"- ","- ",,,"SAN FRANCISCO","SAN FRANCISCO",-122.39766693115234,37.763790130615234
9509944,2022,2022-12-15,3801,2022-11-04,1943,1406,TENDE,5,5,7,3801,0,0,0,,0,3J4,"EDDY ST","JONES ST",110.00,W,N,A,-,N,,,,,,,,,,N,2,0,1,2,A,-,11,21955,,N,G,B,D,B,H,-,C,D,0,Y,,Y,,Y,,N,60,1,0,0,0,1,0,0,0,0,"- ","- ",,,"SAN FRANCISCO","SAN FRANCISCO",-122.4129638671875,37.783889770507812
9509968,2022,2022-12-16,3801,2022-11-06,2247,2157,RICHM,7,5,7,3801,0,0,0,,0,004,"GEARY BL","18TH AV",112.00,E,N,C,-,N,,,,,,,,,,,2,0,1,2,A,-,11,21950,B,F,G,B,D,B,H,-,C,D,0,Y,,,,Y,,N,60,1,0,0,0,1,0,0,0,0,"- ","- ",,,"SAN FRANCISCO","SAN FRANCISCO",-122.47686004638672,37.780506134033203
9514146,2023,2023-02-22,3801,2023-01-17,"910 ",1825,SOUTH,2,5,7,3801,0,0,0,,0,3B14A,"S VAN NESS AV","12TH ST",0.00,,Y,A,-,Y,SF,4,101,-,T,4.706,I,5,S,Y,2,0,1,2,A,-,09,21801,A,N,D,C,A,A,H,-,A,D,0,,,Y,,Y,,C,02,1,0,0,0,0,0,0,0,1,"- ","- ",,,"SAN FRANCISCO","SAN FRANCISCO",-122.41862487792969,37.773017883300781
9520020,2022,2022-11-04,3801,2022-10-24,1050,917,TRAFF,1,5,7,3801,0,0,0,,0,4B2E,"SANTIAGO ST","24TH ST",13.00,E,N,A,-,N,,,,,,,,,,Y,1,1,3,7,A,-,01,23152,,N,G,B,B,A,H,-,A,A,0,Y,,,,Y,,A,01,1,0,2,1,1,0,0,0,0,"- ","- ",,,"SAN FRANCISCO","SAN FRANCISCO",-122.48115539550781,37.744663238525391
9520245,2022,2023-01-18,3801,2022-10-28,0146,2035,MISSI,5,5,7,3801,0,0,0,,0,3D16E,"HARRISON ST","14TH ST",98.00,N,N,A,-,N,,,,,,,,,,Y,1,1,0,1,A,-,03,22350,,N,E,I,A,A,H,-,C,D,0,,,Y,,Y,,C,03,0,0,0,0,0,0,0,1,0,"- ","- ",,,"SAN FRANCISCO","SAN FRANCISCO",-122.41347503662109,37.768928527832031
9520602,2023,2023-06-14,3801,2023-04-11,1213,202,TRAFF,2,5,7,3801,0,0,0,,0,4B2D,"JONES ST","GEARY BL",92.00,N,N,A,-,N,,,,,,,,,,Y,1,1,1,3,A,-,21,22106,,N,B,C,A,A,H,-,A,D,0,,,,Y,Y,,F,26,0,0,1,0,0,0,0,0,0,"- ","- ",,,"SAN FRANCISCO","SAN FRANCISCO",-122.41320037841797,37.786998748779297
9520835,2023,2024-02-28,3801,2023-07-08,1055,202,TRAFF,6,5,7,3801,0,0,0,,0,4B2D,"MARKET ST","4TH ST",126.00,E,N,A,-,N,,,,,,,,,,N,1,1,1,2,A,-,03,22411,,N,G,B,D,A,H,-,A,D,0,Y,,,,Y,,M,94,0,0,1,1,0,0,0,0,0,"- ","- ",,,"SAN FRANCISCO","SAN FRANCISCO",-122.40558624267578,37.785945892333984
9520935,2023,2023-09-12,3801,2023-08-15,1715,4084,TRAFF,2,5,7,3801,0,0,0,,0,4B104,"KING ST","4TH ST",12.00,S,N,A,-,N,,,,,,,,,,Y,1,1,1,3,A,-,10,21950,A,N,G,B,B,A,H,-,A,A,0,Y,,,,Y,,A,07,0,1,0,1,1,0,0,0,0,"- ","- ",,,"SAN FRANCISCO","SAN FRANCISCO",-122.39418029785156,37.776405334472656
9520936,2023,2025-06-25,3801,2023-07-07,2500,443,TRAFF,5,5,7,3801,0,0,0,,0,4C1,"S VAN NESS AV","18TH ST",6.00,N,N,B,-,N,,,,,,,,,,N,1,1,0,2,D,-,00,,,F,G,B,B,A,H,-,C,A,0,Y,,,,Y,Y,-,"- ",0,0,0,1,0,0,0,0,0,"- ","- ",,,"SAN FRANCISCO","SAN FRANCISCO",-122.41719818115234,37.761966705322266
9522330,2022,2022-12-29,3801,2022-11-19,1034,1457,TARAV,6,5,7,3801,0,0,0,,0,2CAR,"23RD AV","MORAGA ST",0.00,,Y,A,-,N,,,,,,,,,,N,2,0,1,2,A,-,11,21954,A,N,G,B,A,A,H,-,A,A,0,,,,,Y,,M,93,1,0,0,0,0,0,0,0,0,"- ","- ",,,"SAN FRANCISCO","SAN FRANCISCO",-122.48091125488281,37.755901336669922
9522566,2022,2022-12-12,3801,2022-08-16,0643,392,MISSI,2,5,7,3801,0,0,0,,0,3D11A,"GUERRERO ST","16TH ST",0.00,,Y,A,-,N,,,,,,,,,,Y,2,0,1,3,A,-,09,21801,A,N,D,C,A,A,H,-,A,A,0,,,Y,,Y,,A,01,1,0,0,0,0,0,0,0,1,"- ","- ",,,"SAN FRANCISCO","SAN FRANCISCO",-122.42410278320312,37.764781951904297
9531012,2022,2023-01-12,3801,2022-11-19,1221,713,CENTR,6,5,7,3801,0,0,0,,0,3A15D,"NORTHPOINT ST","POLK ST",0.00,,Y,A,-,N,,,,,,,,,,Y,2,0,2,2,A,-,12,21453,A,N,D,C,A,A,H,-,A,A,0,,,Y,,Y,,C,03,2,0,0,0,0,0,0,0,2,"- ","- ",,,"SAN FRANCISCO","SAN FRANCISCO",-122.42363739013672,37.805301666259766
9531032,2022,2022-12-21,3801,2022-11-21,0156,740,MISSI,1,5,7,3801,0,0,0,,0,0D5,"MISSION ST","14TH ST",275.00,S,N,A,-,N,,,,,,,,,,Y,2,0,2,2,A,-,01,23153,A,N,C,E,A,A,H,-,C,D,0,,,,Y,Y,Y,A,07,1,1,0,0,0,0,0,0,0,"- ","- ",,,"SAN FRANCISCO","SAN FRANCISCO",-122.41989898681641,37.767536163330078
9531359,2022,2022-12-19,3801,2022-11-25,2126,2089,TENDE,5,5,7,3801,0,0,0,,0,COJ2CA,"CYRIL MAGNIN ST","EDDY ST",0.00,,Y,A,-,N,,,,,,,,,,N,2,0,1,2,A,-,11,21955,,F,G,B,D,A,H,-,C,A,0,Y,,,,Y,,N,60,1,0,0,0,1,0,0,0,0,"- ","- ",,,"SAN FRANCISCO","SAN FRANCISCO",-122.40851593017578,37.784500122070312
9531441,2022,2022-11-21,3801,2022-10-30,1330,310,SOUTH,7,5,7,3801,0,0,0,,0,3B12A,"MISSION ST","SOUTH VAN NESS AV",0.00,E,N,A,-,N,,,,,,,,,,N,2,0,1,1,A,-,03,22350,,N,H,J,A,A,H,-,A,D,0,,,,,Y,,M,94,1,0,0,0,0,0,0,0,0,"- ","- ",,,"SAN FRANCISCO","SAN FRANCISCO",-122.41863250732422,37.773109436035156
9531456,2022,2022-11-10,3801,2022-10-03,0848,1364,NORTH,1,5,7,3801,0,0,0,,0,NORTHE,"OAK ST",GOUGH,5.00,W,N,A,-,N,,,,,,,,,,N,2,0,2,2,A,-,11,21950,B,N,D,B,B,A,H,-,A,A,0,Y,Y,,,Y,,N,60,1,1,0,0,1,0,1,0,0,"- ","- ",,,"SAN FRANCISCO","SAN FRANCISCO",-122.422607421875,37.775016784667969
9531543,2022,2022-11-07,3801,2022-08-07,1457,1355,TARAV,7,5,7,3801,0,0,0,,0,3I13B,"SKYLINE BL","LAKE MERCED BL",0.00,,Y,A,-,N,,,,,,,,,,Y,2,0,2,3,A,-,09,21801,A,N,D,C,A,A,H,-,A,D,0,,,,,Y,,A,01,1,0,1,0,0,0,0,0,0,"- ","- ",,,"SAN FRANCISCO","SAN FRANCISCO",-122.49894714355469,37.731536865234375
9531776,2022,2023-03-29,3801,2022-10-22,1240,4117,TARAV,6,5,7,3801,0,0,0,,0,3I13A,"BUCKINGHAM WY","19TH AV",0.00,,Y,A,-,N,,,,,,,,,,N,1,1,0,2,A,-,10,21950,,N,G,B,B,A,H,-,A,A,0,Y,,,,Y,,A,01,0,0,0,1,0,0,0,0,0,"- ","- ",,,"SAN FRANCISCO","SAN FRANCISCO",-122.47509765625,37.725715637207031
9543008,2022,2023-01-11,3801,2022-08-27,0142,899,NORTH,6,5,7,3801,0,0,0,,0,3E14E,"LOMBARD ST","SCOTT ST",0.00,,Y,A,-,N,,,,,,,,,,Y,2,0,1,1,A,-,01,23152,A,N,E,I,A,A,H,-,C,A,0,,,,,Y,Y,A,01,1,0,0,0,0,0,0,0,0,"- ","- ",,,"SAN FRANCISCO","SAN FRANCISCO",-122.44100189208984,37.799209594726562
9543226,2022,2023-02-16,3801,2022-12-15,2316,524,INGLE,4,5,7,3801,0,0,0,,0,3H13E,"FORESTER ST","TERESITA BL",0.00,,Y,A,-,N,,,,,,,,,,N,2,0,1,2,A,-,11,21954,A,F,G,B,E,A,H,-,D,A,0,Y,,,,Y,,N,60,1,0,0,0,1,0,0,0,0,"- ","- ",,,"SAN FRANCISCO","SAN FRANCISCO",-122.44889068603516,37.734272003173828
9543268,2022,2023-01-18,3801,2022-11-11,0715,1936,TRAFF,5,5,7,3801,0,0,0,,0,4B1D,"PINE ST","POLK ST",0.00,,Y,A,-,N,,,,,,,,,,N,2,0,1,2,A,-,12,21453,A,N,D,C,A,A,H,-,A,A,0,,,,,Y,,M,94,1,0,0,0,0,0,0,0,0,"- ","- ",,,"SAN FRANCISCO","SAN FRANCISCO",-122.42050170898438,37.789642333984375
9543558,2022,2023-01-17,3801,2022-11-30,0004,1217,MISSI,3,5,7,3801,0,0,0,,0,1CAR,"VALENCIA ST","18TH ST",215.00,S,N,A,-,N,,,,,,,,,,N,2,0,2,2,A,-,11,21955,,N,D,-,D,A,H,-,C,D,0,Y,Y,,,Y,Y,N,60,1,0,1,0,1,0,1,0,0,"- ","- ",,,"SAN FRANCISCO","SAN FRANCISCO",-122.42150115966797,37.761119842529297
9545206,2023,2023-02-24,3801,2023-01-14,1442,2400,BAYVI,6,5,7,3801,0,0,0,,0,0C1,"DAKOTA ST","25TH ST",298.00,N,N,B,-,N,,,,,,,,,,N,2,0,1,2,A,-,03,22350,,F,G,B,D,A,H,-,A,D,0,Y,,,,Y,,D,22,1,0,0,0,1,0,0,0,0,"- ","- ",,,"SAN FRANCISCO","SAN FRANCISCO",-122.39518737792969,37.753120422363281
9545594,2023,2023-02-17,3801,2023-01-21,"230 ",2307,NORTH,6,5,7,3801,0,0,0,,0,3E12E,"STEINER ST","WILMOT ST",0.00,,Y,A,-,N,,,,,,,,,,Y,2,0,2,3,A,-,01,23153,A,N,C,E,A,A,H,-,C,A,0,,,,,Y,Y,A,01,1,1,0,0,0,0,0,0,0,"- ","- ",,,"SAN FRANCISCO","SAN FRANCISCO",-122.43519592285156,37.787284851074219
9545852,2022,2023-02-13,3801,2022-11-03,0626,707,TRAFF,4,5,7,3801,0,0,0,,0,4B1C,"COLUMBUS AV","UNION ST",0.00,,Y,A,-,N,,,,,,,,,,Y,2,0,1,2,-,-,"- ",,,N,G,B,B,A,H,-,D,A,0,Y,,,,Y,,-,"- ",1,0,0,0,1,0,0,0,0,"- ","- ",,,"SAN FRANCISCO","SAN FRANCISCO",-122.41017150878906,37.800304412841797
9553797,2023,2023-04-21,3801,2023-01-04,1842,4375,TRAFF,3,5,7,3801,0,0,0,,0,4B1F,"MORSE ST","LOWELL ST",30.00,W,N,C,-,N,,,,,,,,,,N,2,0,1,2,A,-,11,21954,A,N,G,B,E,B,H,-,C,D,0,Y,,,,Y,,N,60,1,0,0,0,1,0,0,0,0,"- ","- ",,,"SAN FRANCISCO","SAN FRANCISCO",-122.44628143310547,37.710987091064453
9553987,2023,2023-03-25,3801,2023-02-21,1225,390,PARK,2,5,7,3801,0,0,0,,0,004,"CASTRO ST","14TH ST",0.00,,Y,B,-,N,,,,,,,,,,Y,2,0,1,2,A,-,17,21461,A,N,D,C,A,A,H,-,A,A,0,,,Y,,Y,,A,01,1,0,0,0,0,0,0,0,0,"- ","- ",,,"SAN FRANCISCO","SAN FRANCISCO",-122.43562316894531,37.767330169677734
9553997,2023,2023-03-25,3801,2023-02-21,1742,1823,MISSI,2,5,7,3801,0,0,0,,0,006,17TH,"FLORIDA ST",0.00,,Y,A,-,N,,,,,,,,,,N,2,0,1,2,A,-,12,22450,,N,D,G,A,A,H,-,A,D,0,,Y,,,Y,,L,04,1,0,0,0,0,0,1,0,0,"- ","- ",,,"SAN FRANCISCO","SAN FRANCISCO",-122.41130828857422,37.764244079589844
9554117,2023,2023-03-16,3801,2023-02-24,1800,1591,INGLE,5,5,7,3801,0,0,0,,0,3H11D,"SAN JOSE AV","SAN JUAN AV",0.00,,-,A,-,N,,,,,,,,,,N,2,0,1,1,A,-,03,22350,,N,-,A,A,A,H,-,C,A,0,,,Y,,Y,,C,02,1,0,0,0,0,0,0,0,1,"- ","- ",,,"SAN FRANCISCO","SAN FRANCISCO",-122.44145202636719,37.726982116699219
9554160,2023,2023-03-25,3801,2023-02-07,1145,1075,SOUTH,2,5,7,3801,0,0,0,,0,3B13A,"KING ST","4TH ST",30.00,S,N,A,-,N,,,,,,,,,,N,2,0,1,2,A,-,11,21954,A,N,G,B,D,A,A,H,A,-,0,Y,,,,Y,,N,60,1,0,0,0,1,0,0,0,0,"- ","- ",,,"SAN FRANCISCO","SAN FRANCISCO",-122.39422607421875,37.776371002197266
9554844,2022,2023-03-23,3801,2022-12-01,0658,1457,TARAV,4,5,7,3801,0,0,0,,0,5CAR,"19TH AV","WINSTON DR",0.00,,Y,B,C,Y,SF,4,1,-,-,1.350,I,5,S,N,2,0,1,2,A,-,11,21453,D,N,G,B,D,B,H,-,B,A,0,Y,,,,Y,,N,60,1,0,0,0,1,0,0,0,0,"- ","- ",,,"SAN FRANCISCO","SAN FRANCISCO",-122.47506713867188,37.726974487304688
9560998,2023,2023-05-08,3801,2023-03-03,"838 ",2499,TARAV,5,5,7,3801,0,0,0,,0,3I16E,"SAN JOSE AV","ALEMANY BL",0.00,,Y,A,-,N,,,,,,,,,,Y,2,0,6,3,A,-,03,22350,,N,D,I,A,A,H,-,A,A,0,,,,,Y,,A,01,1,0,5,0,0,0,0,0,0,"- ","- ",,,"SAN FRANCISCO","SAN FRANCISCO",-122.45709991455078,37.710071563720703
9561333,2023,2023-04-18,3801,2023-03-13,2101,1435,TRAFF,1,5,7,3801,0,0,0,,0,4B4C,"DOLORES ST","CUMBERLAND ST",65.00,N,N,-,-,N,,,,,,,,,,N,2,0,1,2,A,-,11,21954,A,N,G,B,E,A,H,-,C,A,0,Y,,,,Y,,N,60,1,0,0,0,1,0,0,0,0,"- ","- ",,,"SAN FRANCISCO","SAN FRANCISCO",-122.42593383789062,37.759208679199219
9561349,2023,2023-04-17,3801,2023-03-08,1520,1496,INGLE,3,5,7,3801,0,0,0,,0,,"MISSION ST","POPE ST",0.00,,Y,A,-,N,,,,,,,,,,N,2,0,1,2,A,-,11,21453,D,N,G,B,B,A,-,-,A,A,0,Y,,,,Y,,N,60,1,0,0,0,1,0,0,0,0,"- ","- ",,,"SAN FRANCISCO","SAN FRANCISCO",-122.44183349609375,37.715427398681641
9567979,2023,2023-06-22,3801,2023-05-26,2315,1096,CENTR,5,5,7,3801,0,0,0,,0,3A15E,"STEVENSON ST","2ND ST",10.00,W,N,A,-,N,,,,,,,,,,N,2,0,1,2,A,-,03,22350,,F,G,B,E,A,H,-,C,D,0,Y,,,,Y,,A,01,1,0,0,0,1,0,0,0,0,"- ","- ",,,"SAN FRANCISCO","SAN FRANCISCO",-122.40086364746094,37.788780212402344
9567990,2023,2023-06-22,3801,2023-05-04,"637 ",1396,SOUTH,4,5,7,3801,0,0,0,,0,3B13A,"5TH ST","BRANNAN ST",0.00,,Y,A,-,N,,,,,,,,,,N,2,0,1,2,A,-,12,21453,A,N,D,J,A,A,H,-,A,A,0,,,Y,,Y,,C,03,1,0,0,0,0,0,0,0,1,"- ","- ",,,"SAN FRANCISCO","SAN FRANCISCO",-122.39875793457031,37.776573181152344
9572423,2023,2023-06-09,3801,2023-05-02,1038,1657,BAYVI,2,5,7,3801,0,0,0,,0,3801,"3RD ST","ARMSTRONG AV",0.00,,Y,A,-,N,,,,,,,,,,Y,2,0,1,2,A,-,11,21453,D,N,G,B,B,A,H,-,A,A,0,Y,,,,Y,,N,60,1,0,0,0,1,0,0,0,0,"- ","- ",,,"SAN FRANCISCO","SAN FRANCISCO",-122.39366912841797,37.727035522460938
9572428,2023,2023-06-09,3801,2023-05-27,"231 ",2457,SOUTH,6,5,7,3801,0,0,0,,0,3B14E,"11TH ST","FOLSOM ST",140.00,S,N,A,-,N,,,,,,,,,,N,2,0,1,2,A,-,11,21954,A,N,G,B,D,A,H,-,C,D,0,Y,Y,,,Y,Y,N,60,1,0,0,0,1,0,0,0,0,"- ","- ",,,"SAN FRANCISCO","SAN FRANCISCO",-122.41367340087891,37.7716064453125
9572467,2023,2023-06-16,3801,2023-05-07,1551,2186,INGLE,7,5,7,3801,0,0,0,,0,3H4D,"SILVER AV","CAMELLIA AV",0.00,,Y,A,-,N,,,,,,,,,,N,2,0,2,2,A,-,08,22107,,N,D,C,A,A,H,-,A,A,0,,,,,Y,Y,A,01,1,1,0,0,0,0,0,0,0,"- ","- ",,,"SAN FRANCISCO","SAN FRANCISCO",-122.43230438232422,37.729259490966797
9572531,2023,2023-06-16,3801,2023-05-14,1739,2408,MISSI,7,5,7,3801,0,0,0,,0,3D3D,"23RD ST","TREAT WY",39.00,W,N,A,-,N,,,,,,,,,,N,2,0,1,1,A,-,03,22350,,N,F,J,A,A,H,-,A,D,0,,,,,Y,,M,94,1,0,0,0,0,0,0,0,0,"- ","- ",,,"SAN FRANCISCO","SAN FRANCISCO",-122.41325378417969,37.754165649414062
9573268,2023,2023-05-12,3801,2023-04-13,1429,643,TARAV,4,5,7,3801,0,0,0,,0,3I2B,"TARAVAL ST","32ND AV",0.00,,Y,A,-,N,,,,,,,,,,N,2,0,2,3,A,-,10,21950,A,N,G,B,B,A,H,-,A,A,0,Y,,,,Y,,D,23,1,1,0,0,2,0,0,0,0,"- ","- ",,,"SAN FRANCISCO","SAN FRANCISCO",-122.48963165283203,37.742427825927734
9573359,2023,2023-05-13,3801,2023-04-04,1040,390,PARK,2,5,7,3801,0,0,0,,0,003,"HAIGHT ST","STANYAN ST",110.00,E,N,A,-,N,,,,,,,,,,N,2,0,1,2,A,-,11,21950,B,N,D,B,E,A,H,-,A,D,0,Y,,,,Y,,N,60,1,0,0,0,1,0,0,0,0,"- ","- ",,,"SAN FRANCISCO","SAN FRANCISCO",-122.45315551757812,37.769195556640625
9576086,2023,2023-06-27,3801,2023-04-14,1754,2425,TENDE,5,5,7,3801,0,0,0,,0,3J13D,"LARKIN ST","TURK ST",0.00,,Y,A,-,N,,,,,,,,,,N,2,0,1,2,A,-,10,21950,A,N,G,B,B,A,H,-,A,A,0,Y,,,,Y,,A,01,1,0,0,0,1,0,0,0,0,"- ","- ",,,"SAN FRANCISCO","SAN FRANCISCO",-122.41733551025391,37.782379150390625
9576304,2023,2023-05-09,3801,2023-03-08,1553,2091,NORTH,3,5,7,3801,0,0,0,,0,3E12D,"MCALLISTER ST","WEBSTER ST",128.00,E,N,A,-,N,,,,,,,,,,Y,2,0,1,3,A,-,06,21750,A,N,D,C,A,A,H,-,A,D,0,,,,,Y,,M,94,1,0,0,0,0,0,0,0,0,"- ","- ",,,"SAN FRANCISCO","SAN FRANCISCO",-122.42967224121094,37.778892517089844
9576316,2023,2023-05-09,3801,2023-03-31,1041,4301,TARAV,5,5,7,3801,0,0,0,,0,3I15A,"19TH AV","OCEAN AV",207.00,S,N,A,-,N,,,,,,,,,,N,2,0,1,2,A,-,08,22107,,F,D,C,A,A,H,-,A,A,0,,,Y,,Y,,-,,1,0,0,0,0,0,0,0,1,"- ","- ",,,"SAN FRANCISCO","SAN FRANCISCO",-122.47491455078125,37.731853485107422
9576690,2023,2023-05-09,3801,2023-03-31,2139,2457,SOUTH,5,5,7,3801,0,0,0,,0,3B14E,"MARKET ST","GOUGH ST",0.00,,Y,A,-,N,,,,,,,,,,N,2,0,1,2,A,-,08,22107,,F,B,C,A,A,-,-,C,A,0,,,Y,,Y,,A,01,1,0,0,0,0,0,0,0,1,"- ","- ",,,"SAN FRANCISCO","SAN FRANCISCO",-122.42221069335938,37.772872924804688
9579955,2023,2023-06-21,3801,2023-05-18,1249,1021,SOUTH,4,5,7,3801,0,0,0,,0,3B12A,"MISSION ST","MINT ST",170.00,W,N,A,-,N,,,,,,,,,,Y,2,0,1,2,A,-,09,21801,A,N,D,C,A,A,H,-,A,D,0,,,Y,,Y,,A,01,1,0,0,0,0,0,0,0,1,"- ","- ",,,"SAN FRANCISCO","SAN FRANCISCO",-122.40758514404297,37.7818603515625
9580080,2023,2023-06-14,3801,2023-05-14,"932 ",1511,BAYVI,7,5,7,3801,0,0,0,,0,3C11A,"17TH ST","VERMONT ST",0.00,,Y,A,-,N,,,,,,,,,,Y,2,0,1,2,A,-,06,21751,,F,B,C,A,A,H,-,A,D,0,,,Y,,Y,,-,,1,0,0,0,0,0,0,0,1,"- ","- ",,,"SAN FRANCISCO","SAN FRANCISCO",-122.40448760986328,37.764682769775391
9591080,2023,2023-07-14,3801,2023-06-12,1204,2315,MISSI,1,5,7,3801,0,0,0,,0,3D14A,"CESAR CHAVEZ ST","FOLSOM ST",170.00,E,N,A,-,N,,,,,,,,,,N,2,0,1,1,A,-,03,22350,,N,B,J,A,A,H,-,A,D,0,,,Y,,Y,,C,02,1,0,0,0,0,0,0,0,1,"- ","- ",,,"SAN FRANCISCO","SAN FRANCISCO",-122.41309356689453,37.748321533203125
9591737,2023,2023-07-12,3801,2023-06-17,2116,245,PARK,6,5,7,3801,0,0,0,,0,"3 CAR","MASONIC AV","FULTON ST",0.00,,Y,A,-,N,,,,,,,,,,Y,2,0,1,2,A,-,12,21453,A,N,D,B,A,A,H,-,C,A,0,,,,,Y,,-,,1,0,0,0,0,0,0,0,0,"- ","- ",,,"SAN FRANCISCO","SAN FRANCISCO",-122.44647216796875,37.775791168212891
9593802,2023,2023-07-17,3801,2023-06-18,"333 ",1902,INGLE,7,5,7,3801,0,0,0,,0,3H11E,"ALEMANY BL","RT 101",140.00,S,N,A,-,N,,,,,,,,,,N,2,0,1,1,A,-,07,21658,A,N,E,I,A,A,H,-,C,D,0,,,,,Y,,M,96,1,0,0,0,0,0,0,0,0,"- ",SO,,,"SAN FRANCISCO","SAN FRANCISCO",,
9593816,2023,2023-07-17,3801,2023-06-10,"35  ",1123,SOUTH,6,5,7,3801,0,0,0,,0,3B12E,"MISSION ST","7TH ST",0.00,,Y,A,-,N,,,,,,,,,,N,2,0,1,2,A,-,12,21453,A,F,G,B,-,A,H,-,C,A,0,Y,,,,Y,,A,01,1,0,0,0,1,0,0,0,0,"- ","- ",,,"SAN FRANCISCO","SAN FRANCISCO",-122.41089630126953,37.779209136962891
9600318,2023,2023-08-16,3801,2023-05-27,1750,4084,TRAFF,6,5,7,3801,0,0,0,,0,4B4B,OFARRELL,"HYDE ST",58.00,W,N,B,-,N,,,,,,,,,,Y,2,0,1,4,A,-,03,22350,,N,B,C,A,A,H,-,A,A,0,,,Y,,Y,,C,02,1,0,0,0,0,0,0,0,1,"- ","- ",,,"SAN FRANCISCO","SAN FRANCISCO",-122.41645812988281,37.785362243652344