CASE_ID,ACCIDENT_YEAR,PROC_DATE,JURIS,COLLISION_DATE,COLLISION_TIME,OFFICER_ID,REPORTING_DISTRICT,DAY_OF_WEEK,CHP_SHIFT,POPULATION,CNTY_CITY_LOC,SPECIAL_COND,BEAT_TYPE,CHP_BEAT_TYPE,CITY_DIVISION_LAPD,CHP_BEAT_CLASS,BEAT_NUMBER,PRIMARY_RD,SECONDARY_RD,DISTANCE,DIRECTION,INTERSECTION,WEATHER_1,WEATHER_2,STATE_HWY_IND,CALTRANS_COUNTY,CALTRANS_DISTRICT,STATE_ROUTE,ROUTE_SUFFIX,POSTMILE_PREFIX,POSTMILE,LOCATION_TYPE,RAMP_INTERSECTION,SIDE_OF_HWY,TOW_AWAY,COLLISION_SEVERITY,NUMBER_KILLED,NUMBER_INJURED,PARTY_COUNT,PRIMARY_COLL_FACTOR,PCF_CODE_OF_VIOL,PCF_VIOL_CATEGORY,PCF_VIOLATION,PCF_VIOL_SUBSECTION,HIT_AND_RUN,TYPE_OF_COLLISION,MVIW,PED_ACTION,ROAD_SURFACE,ROAD_COND_1,ROAD_COND_2,LIGHTING,CONTROL_DEVICE,CHP_ROAD_TYPE,PEDESTRIAN_ACCIDENT,BICYCLE_ACCIDENT,MOTORCYCLE_ACCIDENT,TRUCK_ACCIDENT,NOT_PRIVATE_PROPERTY,ALCOHOL_INVOLVED,STWD_VEHTYPE_AT_FAULT,CHP_VEHTYPE_AT_FAULT,COUNT_SEVERE_INJ,COUNT_VISIBLE_INJ,COUNT_COMPLAINT_PAIN,COUNT_PED_KILLED,COUNT_PED_INJURED,COUNT_BICYCLIST_KILLED,COUNT_BICYCLIST_INJURED,COUNT_MC_KILLED,COUNT_MC_INJURED,PRIMARY_RAMP,SECONDARY_RAMP,LATITUDE,LONGITUDE,COUNTY,CITY,POINT_X,POINT_Y
9602208,2023,2023-08-11,3801,2023-07-27,"303 ",2175,BAYVI,4,5,7,3801,0,0,0,,0,3C12E,"BAYSHORE BL","SILVER AV",0.00,,Y,A,-,N,,,,,,,,,,Y,2,0,1,2,A,-,12,21453,A,F,D,C,A,A,H,-,C,A,0,,,,,Y,,A,01,1,0,0,0,0,0,0,0,0,"- ","- ",,,"SAN FRANCISCO","SAN FRANCISCO",-122.40464782714844,37.732959747314453
9602282,2023,2023-09-08,3801,2023-06-14,"727 ",1849,TENDE,3,5,7,3801,0,0,0,,0,3J11A,"MARKET ST","10TH ST",0.00,,Y,A,-,N,,,,,,,,,,N,2,0,1,1,C,-,18,,,N,H,A,A,A,H,-,A,A,0,,,Y,,Y,,-,"- ",1,0,0,0,0,0,0,0,1,"- ","- ",,,"SAN FRANCISCO","SAN FRANCISCO",-122.41753387451172,37.776527404785156
9602287,2023,2023-08-10,3801,2023-06-30,1936,1696,NORTH,5,5,7,3801,0,0,0,,0,3E15D,"DIVISADERO ST","GEARY BL",0.00,,Y,A,-,N,,,,,,,,,,Y,2,0,2,1,A,-,03,22350,,N,H,I,A,A,H,-,A,A,0,,,Y,,Y,,C,02,2,0,0,0,0,0,0,0,2,"- ","- ",,,"SAN FRANCISCO","SAN FRANCISCO",-122.43947601318359,37.783359527587891
9602299,2023,2023-09-08,3801,2023-06-30,"924 ",2707,TARAV,5,5,7,3801,0,0,0,,0,2CAR,"TARAVAL ST","TARAVAL ST 2533",0.00,,Y,A,-,N,,,,,,,,,,N,2,0,1,1,A,-,"- ",,,N,H,-,A,A,C,-,A,B,0,,Y,,,Y,,L,04,1,0,0,0,0,0,1,0,0,"- ","- ",,,"SAN FRANCISCO","SAN FRANCISCO",,
9603684,2023,2023-08-11,3801,2023-07-14,1727,1707,NORTH,5,5,7,3801,0,0,0,,0,3E13D,"GROVE ST","FRANKLIN ST",80.00,W,N,A,-,N,,,,,,,,,,N,2,0,1,2,A,-,05,21651,B,F,A,G,A,A,H,-,A,-,0,,Y,,,Y,,L,04,1,0,0,0,0,0,1,0,0,"- ","- ",,,"SAN FRANCISCO","SAN FRANCISCO",-122.42179107666016,37.777984619140625
9604457,2023,2023-08-11,3801,2023-06-21,1711,4375,TRAFF,3,5,7,3801,0,0,0,,0,4B1F,"22ND ST","VALENCIA ST",0.00,,Y,A,-,N,,,,,,,,,,Y,2,0,5,5,A,-,00,21056,,N,D,C,F,A,H,-,A,A,0,Y,,Y,,Y,,J,48,1,2,2,0,2,0,0,0,1,"- ","- ",,,"SAN FRANCISCO","SAN FRANCISCO",-122.42096710205078,37.755306243896484
9609409,2023,2023-09-21,3801,2023-08-30,1614,1931,NORTH,3,5,7,3801,0,0,0,,0,3E16D,"VAN NESS AV","GREEN ST",0.00,,Y,A,-,Y,SF,4,101,-,-,6.450,I,5,S,N,2,0,1,2,A,-,11,21453,D,N,B,B,B,A,H,-,A,A,0,Y,,,,Y,,N,60,1,0,0,0,1,0,0,0,0,"- ","- ",,,"SAN FRANCISCO","SAN FRANCISCO",-122.42390441894531,37.797611236572266
9610676,2023,2023-09-14,3801,2023-08-04,1641,2017,MISSI,5,5,7,3801,0,0,0,,0,3D11D,"SOUTH VAN NESS AV","18TH ST",25.00,S,N,A,-,N,,,,,,,,,,N,2,0,1,2,A,-,10,21950,,N,G,B,D,A,H,-,A,A,0,Y,,,,Y,,A,01,1,0,0,0,1,0,0,0,0,"- ","- ",,,"SAN FRANCISCO","SAN FRANCISCO",-122.41719055175781,37.761882781982422
9625580,2023,2023-10-11,3801,2023-09-17,1629,1511,BAYVI,7,5,7,3801,0,0,0,,0,3C90D,"3RD ST","QUESADA AV",0.00,,Y,A,-,N,,,,,,,,,,Y,2,0,1,3,A,-,03,22350,,N,C,C,A,A,H,-,A,A,0,,,Y,,Y,,A,01,1,0,0,0,0,0,0,0,1,"- ","- ",,,"SAN FRANCISCO","SAN FRANCISCO",-122.39132690429688,37.733272552490234
9626064,2023,2023-10-11,3801,2023-09-06,2219,2140,MISSI,3,5,7,3801,0,0,0,,0,3D11E,"DUBOCE AV","VALENCIA ST",0.00,,Y,A,-,N,,,,,,,,,,N,2,0,1,2,A,-,12,21453,A,F,A,G,A,A,H,-,C,A,0,,Y,,,Y,,A,01,1,0,0,0,0,0,1,0,0,"- ","- ",,,"SAN FRANCISCO","SAN FRANCISCO",-122.42236328125,37.769866943359375
9626216,2023,2023-10-13,3801,2023-09-17,2030,2398,NORTH,7,5,7,3801,0,0,0,,0,02E,"GOUGH ST","TURK ST",0.00,,Y,A,-,N,,,,,,,,,,N,2,0,1,2,A,-,12,21453,A,N,D,G,A,A,H,-,C,A,0,,Y,,,Y,,L,04,1,0,0,0,0,0,1,0,0,"- ","- ",,,"SAN FRANCISCO","SAN FRANCISCO",-122.42391967773438,37.781532287597656
9626218,2023,2023-10-13,3801,2023-09-10,1005,1796,RICHM,7,5,7,3801,0,0,0,,0,,"JOHN F KENNEDY DR","MARX MEADOWS",0.00,,Y,A,-,N,,,,,,,,,,N,2,0,2,2,A,-,11,21955,,N,G,B,D,A,H,-,A,D,0,Y,Y,,,Y,,N,60,1,0,1,0,1,0,1,0,0,"- ","- ",,,"SAN FRANCISCO","SAN FRANCISCO",,
9626236,2023,2023-10-11,3801,2023-09-13,1144,311,PARK,3,5,7,3801,0,0,0,,0,3F1A,"7TH AV","HUGO ST",0.00,,Y,A,-,N,,,,,,,,,,N,2,0,1,1,A,-,03,22350,,N,H,A,A,A,H,-,A,D,0,,Y,,,Y,,-,"- ",1,0,0,0,0,0,1,0,0,"- ","- ",,,"SAN FRANCISCO","SAN FRANCISCO",-122.46424102783203,37.765060424804688
9626247,2023,2023-10-11,3801,2023-09-03,"102 ",2437,BAYVI,7,5,7,3801,0,0,0,,0,3C15E,"3RD ST","BANCROFT AV",100.00,S,N,A,-,N,,,,,,,,,,Y,2,0,3,2,A,-,03,22350,,F,B,C,A,A,H,-,C,A,0,,,,,Y,,B,01,1,1,1,0,0,0,0,0,0,"- ","- ",,,"SAN FRANCISCO","SAN FRANCISCO",-122.39412689208984,37.72601318359375
9626409,2023,2023-10-13,3801,2023-03-08,1216,1051,NORTH,3,5,7,3801,0,0,0,,0,3E13C,"TURK ST","VAN NESS AV",150.00,W,N,A,-,N,,,,,,,,,,N,2,0,1,2,A,-,10,21952,,N,G,B,F,A,H,-,A,D,0,Y,,,,Y,,A,01,1,0,0,0,1,0,0,0,0,"- ","- ",,,"SAN FRANCISCO","SAN FRANCISCO",-122.42109680175781,37.781879425048828
9633778,2023,2023-12-05,3801,2023-10-03,1843,1420,INGLE,2,5,7,3801,0,0,0,,0,3H11D,"PORTOLA DR","FOWLER AV",0.00,,Y,A,-,N,,,,,,,,,,N,2,0,1,2,A,-,08,22107,,N,D,J,A,A,H,-,C,A,0,,,,,Y,Y,M,94,1,0,0,0,0,0,0,0,0,"- ","- ",,,"SAN FRANCISCO","SAN FRANCISCO",-122.453369140625,37.744522094726562
9633789,2023,2024-01-06,3801,2023-10-04,"533 ",1982,MISSI,3,5,7,3801,0,0,0,,0,3D14E,"MISSION ST","18TH ST",0.00,,Y,A,-,N,,,,,,,,,,Y,2,0,2,2,A,-,07,21658,A,N,G,B,F,A,-,-,C,A,0,Y,,,,Y,,A,01,1,0,1,0,1,0,0,0,0,"- ","- ",,,"SAN FRANCISCO","SAN FRANCISCO",-122.41936492919922,37.7618408203125
9633839,2023,2023-11-22,3801,2023-10-23,"230 ",2498,NORTH,1,5,7,3801,0,0,0,,0,3E12E,"DIVISADERO ST",MCALLISTER,0.00,,Y,B,-,N,,,,,,,,,,Y,2,0,1,2,A,-,01,23152,A,N,C,E,A,B,H,-,C,D,0,,,,,Y,Y,A,01,1,0,0,0,0,0,0,0,0,"- ","- ",,,"SAN FRANCISCO","SAN FRANCISCO",-122.4383544921875,37.777786254882812
9633858,2023,2023-11-20,3801,2023-10-20,2253,2724,BAYVI,5,5,7,3801,0,0,0,,0,3C15E,"BAYSHORE BL","SILVER AVE",0.00,,Y,A,-,N,,,,,,,,,,N,2,0,1,2,A,-,03,22350,,F,G,B,B,A,H,-,C,A,0,Y,,,,Y,,-,99,1,0,0,0,1,0,0,0,0,"- ","- ",,,"SAN FRANCISCO","SAN FRANCISCO",-122.40464782714844,37.732959747314453
9634267,2023,2023-11-14,3801,2023-09-25,"210 ",2498,NORTH,1,5,7,3801,0,0,0,,0,3E13E,"POLK ST","EDDY ST",0.00,,Y,A,-,N,,,,,,,,,,N,2,0,1,1,A,-,03,22350,,N,H,-,A,A,H,-,C,D,0,,Y,,,Y,,L,04,1,0,0,0,0,0,1,0,0,"- ","- ",,,"SAN FRANCISCO","SAN FRANCISCO",-122.41918182373047,37.7830810546875
9634703,2023,2024-01-26,3801,2023-11-26,1216,189,NORTH,7,5,7,3801,0,0,0,,0,001,"PAGE ST","LAGUNA ST",0.00,,Y,A,-,N,,,,,,,,,,N,2,0,1,2,A,-,03,22350,A,N,F,-,A,A,H,-,A,D,0,,Y,,,Y,,L,04,1,0,0,0,0,0,1,0,0,"- ","- ",,,"SAN FRANCISCO","SAN FRANCISCO",-122.42569732666016,37.773658752441406
9634705,2023,2024-01-26,3801,2023-11-25,1324,1906,PARK,6,5,7,3801,0,0,0,,0,3F1A,"6TH AV","IRVING ST",6.00,,N,A,-,N,,,,,,,,,,N,2,0,1,2,A,-,10,21950,A,N,G,B,B,A,H,-,A,A,0,Y,,,,Y,,A,01,1,0,0,0,1,0,0,0,0,"- ","- ",,,"SAN FRANCISCO","SAN FRANCISCO",-122.46309661865234,37.764190673828125
9634854,2023,2023-12-22,3801,2023-10-13,1034,4375,TRAFF,5,5,7,3801,0,0,0,,0,4B1F,"MCALLISTER ST","LAGUNA ST",0.00,,N,A,-,N,,,,,,,,,,Y,2,0,3,3,A,-,12,21453,A,N,D,C,A,A,H,-,A,A,0,,,Y,,Y,Y,A,08,1,1,1,0,0,0,0,0,2,"- ","- ",,,"SAN FRANCISCO","SAN FRANCISCO",-122.42681884765625,37.779262542724609
9636279,2023,2024-02-20,3801,2023-12-11,2217,679,NORTH,1,5,7,3801,0,0,0,,0,0E6,"FRANKLIN ST","GREEN ST",1.00,N,N,B,-,N,,,,,,,,,,N,2,0,1,2,A,-,11,21456,,N,G,B,B,A,H,-,C,A,0,Y,,,,Y,,N,60,1,0,0,0,1,0,0,0,0,"- ","- ",,,"SAN FRANCISCO","SAN FRANCISCO",-122.42543029785156,37.797401428222656
9640212,2024,2024-07-31,3801,2024-01-01,2026,1435,TRAFF,1,5,7,3801,0,0,0,,0,4B4C,"RT 1","PALMETTO AV",601.00,S,N,A,-,Y,SF,4,1,-,R,0.050,H,-,N,Y,1,1,2,1,A,-,01,23152,G,N,E,I,A,A,H,-,C,D,0,,,,,Y,Y,A,01,1,1,0,0,0,0,0,0,0,"- ","- ",,,"SAN FRANCISCO","SAN FRANCISCO",-122.47102355957031,37.708942413330078
9640284,2024,2024-07-23,3801,2024-02-08,"458 ",917,TRAFF,4,5,7,3801,0,0,0,,0,4B2E,"6TH ST","BRYANT ST",0.00,,Y,A,-,N,,,,,,,,,,N,1,1,0,2,A,-,11,21954,A,N,G,B,E,A,H,-,C,A,0,Y,,,,Y,,N,60,0,0,0,1,0,0,0,0,0,"- ","- ",,,"SAN FRANCISCO","SAN FRANCISCO",-122.40250396728516,37.776058197021484
9640373,2024,2024-04-16,3801,2024-03-02,"25  ",4375,TRAFF,6,5,7,3801,0,0,0,,0,4BIF,"GOLDEN GATE AV","HYDE ST",95.00,E,N,C,-,N,,,,,,,,,,N,1,1,0,2,A,-,21,22106,,F,G,B,E,B,H,-,C,D,0,Y,,,,Y,,D,23,0,0,0,1,0,0,0,0,0,"- ","- ",,,"SAN FRANCISCO","SAN FRANCISCO",-122.41517639160156,37.781696319580078
9640485,2023,2025-06-30,3801,2023-10-28,1053,1422,TRAFF,6,5,7,3801,0,0,0,,0,4B2F,"POST ST","HYDE ST",0.00,,Y,A,-,N,,,,,,,,,,Y,1,1,1,3,A,-,01,23152,F,N,D,C,B,A,H,-,A,A,0,Y,,,,Y,,A,01,0,0,1,1,0,0,0,0,0,"- ","- ",,,"SAN FRANCISCO","SAN FRANCISCO",-122.41661834716797,37.787246704101562
9640710,2024,2024-07-16,3801,2024-05-23,1237,1936,TRAFF,4,5,7,3801,0,0,0,,0,4B1D,"ELLIS ST","JONES ST",42.00,E,N,A,-,N,,,,,,,,,,Y,1,1,0,2,A,-,00,21955,A,N,G,B,D,A,H,-,A,A,0,Y,,,,Y,,N,60,0,0,0,1,0,0,0,0,0,"- ","- ",,,"SAN FRANCISCO","SAN FRANCISCO",-122.41263580322266,37.784915924072266
9640775,2024,2025-07-14,3801,2024-06-10,"341 ",917,TRAFF,1,5,7,3801,0,0,0,,0,4B2E,"MISSION ST","CORTLAND AV",109.00,N,N,A,-,N,,,,,,,,,,N,1,1,0,2,-,-,"- ",,,F,G,B,E,A,H,-,C,A,0,Y,,,,Y,,-,"- ",0,0,0,1,0,0,0,0,0,"- ","- ",,,"SAN FRANCISCO","SAN FRANCISCO",-122.42267608642578,37.741279602050781
9640936,2024,2025-01-24,3801,2024-08-09,1538,2305,TRAFF,5,5,7,3801,0,0,0,,0,4B3F,"BAY SHORE BL","HELENA ST",77.00,N,N,A,-,N,,,,,,,,,,Y,1,1,0,2,A,-,09,21801,A,N,D,G,A,A,H,-,A,D,0,,Y,,,Y,,D,22,0,0,0,0,0,1,0,0,0,"- ","- ",,,"SAN FRANCISCO","SAN FRANCISCO",-122.40677642822266,37.736560821533203
9641813,2023,2023-12-11,3801,2023-10-14,1435,1562,INGLE,6,5,7,3801,0,0,0,,0,3H11A,"ALEMANY BL","PUTNAM ST",0.00,,Y,A,-,N,,,,,,,,,,Y,2,0,1,2,A,-,09,21800,A,N,B,-,A,A,H,-,A,A,0,,,Y,,Y,,C,02,1,0,0,0,0,0,0,0,1,"- ","- ",,,"SAN FRANCISCO","SAN FRANCISCO",-122.41084289550781,37.734832763671875
9641825,2023,2023-12-08,3801,2023-10-30,1721,1057,SOUTH,1,5,7,3801,0,0,0,,0,3B13D,"THE EMBARCADERO SOUTH","BRYANT ST",0.00,,Y,A,-,N,,,,,,,,,,N,2,0,1,1,A,-,17,21663,,N,E,A,A,A,G,-,A,A,0,,Y,,,Y,,L,04,1,0,0,0,0,0,1,0,0,"- ","- ",,,"SAN FRANCISCO","SAN FRANCISCO",-122.38801574707031,37.787094116210938
9641869,2023,2024-01-23,3801,2023-11-04,"236 ",1406,CENTR,6,5,7,3801,0,0,0,,0,3A1,"BUSH ST","LEAVENWORTH ST",8.00,E,N,A,-,N,,,,,,,,,,N,2,0,1,2,D,-,00,,,N,G,B,D,A,H,-,C,A,0,Y,,,,Y,,-,"- ",1,0,0,0,1,0,0,0,0,"- ","- ",,,"SAN FRANCISCO","SAN FRANCISCO",-122.41535186767578,37.789344787597656
9642142,2022,2023-12-14,3801,2022-08-31,1300,2491,SOUTH,3,5,7,3801,0,0,0,,0,3B91,"TOWNSEND ST","CLARENCE ST",0.00,,Y,A,-,N,,,,,,,,,,N,2,0,1,2,A,-,08,22107,,N,H,-,A,A,H,-,A,D,0,,,Y,,Y,,A,01,1,0,0,0,0,0,0,0,1,"- ","- ",,,"SAN FRANCISCO","SAN FRANCISCO",-122.39221954345703,37.779289245605469
9649368,2023,2024-02-16,3801,2023-12-14,1810,312,TARAV,4,5,7,3801,0,0,0,,0,4CAR,"ULLOA ST","17TH AV",0.00,,Y,A,-,N,,,,,,,,,,N,2,0,1,2,A,-,10,21950,A,N,G,B,B,A,H,-,D,-,0,Y,,,,Y,,A,07,1,0,0,0,1,0,0,0,0,"- ","- ",,,"SAN FRANCISCO","SAN FRANCISCO",-122.47344207763672,37.741283416748047
9649631,2023,2023-12-30,3801,2023-10-31,1511,1666,PARK,2,5,7,3801,0,0,0,,0,4CAR,"HAIGHT ST","DIVISADERO ST",1540.00,W,N,A,-,N,,,,,,,,,,N,2,0,1,2,A,-,09,21801,A,N,D,G,A,A,H,-,A,A,0,,Y,,,Y,,A,01,1,0,0,0,0,0,1,0,0,"- ","- ",,,"SAN FRANCISCO","SAN FRANCISCO",-122.44229888916016,37.770599365234375
9650253,2023,2024-01-11,3801,2023-11-24,1830,917,NORTH,5,5,7,3801,0,0,0,,0,4B2E,"GEARY BL","BUCHANAN ST",42.00,E,N,A,-,N,,,,,,,,,,Y,2,0,1,2,A,-,11,21954,A,N,G,B,D,A,H,-,C,D,0,Y,,,,Y,,N,60,1,0,0,0,1,0,0,0,0,"- ","- ",,,"SAN FRANCISCO","SAN FRANCISCO",-122.42947387695312,37.784698486328125
9650266,2023,2024-02-13,3801,2023-12-05,1724,1243,PARK,2,5,7,3801,0,0,0,,0,3F12C,"HAIGHT ST","COLE ST",0.00,,Y,A,-,N,,,,,,,,,,N,2,0,1,2,A,-,06,21755,A,N,C,G,A,A,H,-,C,D,0,,Y,,,Y,,L,04,1,0,0,0,0,0,1,0,0,"- ","- ",,,"SAN FRANCISCO","SAN FRANCISCO",-122.45072937011719,37.769508361816406
9650282,2023,2024-02-05,3801,2023-12-12,"540 ",2020,SOUTH,2,5,7,3801,0,0,0,,0,3B71,"MISSION ST","ANTHONY ST",0.00,,Y,B,-,N,,,,,,,,,,N,2,0,1,2,A,-,08,22102,,N,D,J,A,A,H,-,C,A,0,,,,,Y,,A,01,1,0,0,0,0,0,0,0,0,"- ","- ",,,"SAN FRANCISCO","SAN FRANCISCO",-122.39933013916016,37.788379669189453
9650302,2023,2024-02-23,3801,2023-12-03,2122,2724,BAYVI,7,5,7,3801,0,0,0,,0,3C15E,"JENNINGS ST","BANCROFT AV",0.00,,Y,A,-,N,,,,,,,,,,Y,2,0,2,2,A,-,12,22450,A,N,D,C,A,A,H,-,C,A,0,,,,,Y,,A,01,1,0,1,0,0,0,0,0,0,"- ","- ",,,"SAN FRANCISCO","SAN FRANCISCO",-122.39092254638672,37.724525451660156
9650311,2023,2024-02-23,3801,2023-12-02,"550 ",764,PARK,6,5,7,3801,0,0,0,,0,3E12A,"OAK ST",SHRADER,159.00,E,N,C,-,N,,,,,,,,,,Y,2,0,1,3,A,-,22,23123,A,N,B,E,A,B,H,-,C,A,0,,,,,Y,,A,01,1,0,0,0,0,0,0,0,0,"- ","- ",,,"SAN FRANCISCO","SAN FRANCISCO",-122.45167541503906,37.771308898925781
9658379,2023,2024-02-13,3801,2023-12-26,"635 ",917,TRAFF,2,5,7,3801,0,0,0,,0,4B2E,"BAY SHORE BL","SILVER AV",5.00,S,N,A,-,N,,,,,,,,,,N,2,0,1,2,A,-,10,21950,A,F,G,B,B,A,H,-,C,A,0,Y,,,,Y,,A,01,1,0,0,0,1,0,0,0,0,"- ","- ",,,"SAN FRANCISCO","SAN FRANCISCO",-122.40464019775391,37.732948303222656
9658380,2023,2025-07-23,3801,2023-12-26,"637 ",917,TRAFF,2,5,7,3801,0,0,0,,0,4B2E,"BAY SHORE BL","SILVER AV",15.00,S,N,A,-,N,,,,,,,,,,Y,1,1,0,2,A,-,03,22350,,F,G,B,E,A,H,-,C,A,0,Y,,,,Y,,A,01,0,0,0,1,0,0,0,0,0,"- ","- ",,,"SAN FRANCISCO","SAN FRANCISCO",-122.40463256835938,37.732921600341797
9658608,2024,2024-03-19,3801,2024-01-15,1133,2229,TENDE,1,5,7,3801,0,0,0,,0,00J,"OFARRELL ST","LEAVENWORTH ST",26.00,N,N,A,-,N,,,,,,,,,,N,2,0,1,2,A,-,10,21950,,N,G,B,B,A,H,-,A,A,0,Y,,,,Y,Y,A,01,1,0,0,0,1,0,0,0,0,"- ","- ",,,"SAN FRANCISCO","SAN FRANCISCO",-122.41452026367188,37.785610198974609
9658626,2024,2024-03-19,3801,2024-01-17,"650 ",1580,SOUTH,3,5,7,3801,0,0,0,,0,3B14A,"10TH ST","MISSION ST",0.00,,Y,A,-,N,,,,,,,,,,N,2,0,1,2,A,-,10,21950,A,F,G,B,B,A,H,-,C,A,0,Y,,,,Y,,-,,1,0,0,0,1,0,0,0,0,"- ","- ",,,"SAN FRANCISCO","SAN FRANCISCO",-122.41590881347656,37.775276184082031
9658638,2023,2024-02-14,3801,2023-12-26,1824,327,MISSI,2,5,7,3801,0,0,0,,0,3D16C,"DOLORES ST","16TH ST",0.00,,Y,A,-,N,,,,,,,,,,Y,2,0,3,2,A,-,12,21453,A,N,D,C,A,A,H,-,C,A,0,,,,,Y,,A,01,1,0,2,0,0,0,0,0,0,"- ","- ",,,"SAN FRANCISCO","SAN FRANCISCO",-122.42644500732422,37.764640808105469
9658652,2024,2024-04-20,3801,2024-01-01,"454 ",614,TARAV,1,5,7,3801,0,0,0,,0,3111E,"LINCOLN WY","18TH AV",0.00,,Y,A,-,N,,,,,,,,,,,2,0,1,2,A,-,03,22350,,N,D,C,A,A,H,-,C,D,0,,,Y,,Y,,C,02,1,0,0,0,0,0,0,0,1,"- ","- ",,,"SAN FRANCISCO","SAN FRANCISCO",-122.47618865966797,37.765495300292969
9659704,2024,2024-03-22,3801,2024-01-16,1015,1723,CENTR,2,5,7,3801,0,0,0,,0,001,"SUTTER ST","TAYLOR ST",0.00,,Y,B,-,N,,,,,,,,,,N,2,0,1,2,A,-,10,21950,A,F,G,B,B,A,H,-,A,A,0,Y,,,,Y,,A,01,1,0,0,0,1,0,0,0,0,"- ","- ",,,"SAN FRANCISCO","SAN FRANCISCO",-122.41188049316406,37.788814544677734
9662560,2024,2024-03-26,3801,2024-01-05,1650,1994,TRAFF,5,5,7,3801,0,0,0,,0,4B3G,"INGALLS ST","OAKDALE AV",89.00,S,N,A,-,N,,,,,,,,,,Y,2,0,1,5,A,-,12,22450,A,F,B,C,A,A,H,-,A,A,0,,,,,Y,,A,01,1,0,0,0,0,0,0,0,0,"- ","- ",,,"SAN FRANCISCO","SAN FRANCISCO",-122.38306427001953,37.730144500732422
9670585,2024,2024-07-01,3801,2024-01-07,"5   ",4115,SOUTH,7,5,7,3801,0,0,0,,0,3B16E,"HOWARD ST","3RD ST",0.00,,Y,A,-,N,,,,,,,,,,Y,2,0,2,2,A,-,12,21453,,N,D,G,A,A,H,-,C,A,0,,Y,Y,,Y,,-,"- ",2,0,0,0,0,0,1,0,1,"- ","- ",,,"SAN FRANCISCO","SAN FRANCISCO",-122.40049743652344,37.785007476806641
9670628,2024,2024-03-18,3801,2024-01-12,1936,2459,SOUTH,5,5,7,3801,0,0,0,,0,3B14D,"8TH AV","MISSION ST",0.00,,Y,A,-,N,,,,,,,,,,N,2,0,1,2,A,-,12,21453,,F,G,B,B,A,H,-,C,A,0,Y,,,,Y,Y,-,99,1,0,0,0,1,0,0,0,0,"- ","- ",,,"SAN FRANCISCO","SAN FRANCISCO",-122.41315460205078,37.7774658203125
9671733,2024,2024-04-18,3801,2024-02-29,1917,1291,TENDE,4,5,7,3801,0,0,0,,0,3J11D,"FELL ST","MARKET ST",0.00,,Y,B,-,N,,,,,,,,,,N,2,0,1,2,A,-,11,21453,D,N,G,E,B,B,-,-,C,A,0,Y,,,,Y,,N,60,1,0,0,0,1,0,0,0,0,"- ","- ",,,"SAN FRANCISCO","SAN FRANCISCO",-122.41753387451172,37.776527404785156
9672915,2024,2024-04-24,3801,2024-02-27,"916 ",1642,PARK,2,5,7,3801,0,0,0,,0,3F13A,"CLARENDON AV","CLARENDON WOODS AV",250.00,W,N,A,-,N,,,,,,,,,,N,2,0,1,2,A,-,03,22350,A,N,D,G,A,A,H,-,A,D,0,,Y,,Y,Y,,L,04,1,0,0,0,0,0,1,0,0,"- ","- ",,,"SAN FRANCISCO","SAN FRANCISCO",,
9676926,2024,2024-05-28,3801,2024-04-27,"14  ",1096,CENTR,6,5,7,3801,0,0,0,,0,3A15E,"COLUMBUS AV","BAY ST",0.00,,Y,A,-,N,,,,,,,,,,Y,2,0,1,2,A,-,12,21453,A,N,D,C,A,A,H,-,C,A,0,,,Y,,Y,,A,01,1,0,0,0,0,0,0,0,1,"- ","- ",,,"SAN FRANCISCO","SAN FRANCISCO",-122.41719818115234,37.805194854736328
9676951,2024,2024-06-03,3801,2024-04-12,"712 ",1118,SOUTH,5,5,7,3801,0,0,0,,0,3BA4,"10TH ST","FOLSOM ST",0.00,,Y,A,-,N,,,,,,,,,,N,2,0,1,2,A,-,17,21663,,N,D,-,A,A,H,-,A,D,0,,Y,,,Y,,L,04,1,0,0,0,0,0,1,0,0,"- ","- ",,,"SAN FRANCISCO","SAN FRANCISCO",-122.41281890869141,37.772819519042969
9677000,2024,2024-05-30,3801,2024-04-21,1348,1203,MISSI,7,5,7,3801,0,0,0,,0,3D13,"DIVISION ST",POTRERO,20.00,W,N,A,-,N,,,,,,,,,,N,2,0,1,1,A,-,03,22350,,N,F,A,A,A,H,-,A,D,0,,Y,,,Y,,L,04,1,0,0,0,0,0,1,0,0,"- ","- ",,,"SAN FRANCISCO","SAN FRANCISCO",-122.40840911865234,37.769199371337891
9677004,2024,2024-05-29,3801,2024-04-20,"203 ",1688,BAYVI,6,5,7,3801,0,0,0,,0,3C15E,"OAKDALE AV","LANE ST",121.00,W,N,A,-,N,,,,,,,,,,Y,2,0,1,2,A,-,03,22350,,F,G,B,D,A,H,-,C,D,0,Y,,,,Y,,-,99,1,0,0,0,1,0,0,0,0,"- ","- ",,,"SAN FRANCISCO","SAN FRANCISCO",-122.38883972167969,37.733734130859375
9677653,2024,2024-05-29,3801,2024-03-26,2207,2408,MISSI,2,5,7,3801,0,0,0,,0,3D163,"FOLSOM ST","17TH ST",75.00,N,N,A,-,N,,,,,,,,,,N,2,0,1,2,A,-,11,21955,,F,D,G,A,A,H,-,C,D,0,,Y,,,Y,,L,04,1,0,0,0,0,0,1,0,0,"- ","- ",,,"SAN FRANCISCO","SAN FRANCISCO",-122.41516876220703,37.763896942138672