CASE_ID,ACCIDENT_YEAR,PROC_DATE,JURIS,COLLISION_DATE,COLLISION_TIME,OFFICER_ID,REPORTING_DISTRICT,DAY_OF_WEEK,CHP_SHIFT,POPULATION,CNTY_CITY_LOC,SPECIAL_COND,BEAT_TYPE,CHP_BEAT_TYPE,CITY_DIVISION_LAPD,CHP_BEAT_CLASS,BEAT_NUMBER,PRIMARY_RD,SECONDARY_RD,DISTANCE,DIRECTION,INTERSECTION,WEATHER_1,WEATHER_2,STATE_HWY_IND,CALTRANS_COUNTY,CALTRANS_DISTRICT,STATE_ROUTE,ROUTE_SUFFIX,POSTMILE_PREFIX,POSTMILE,LOCATION_TYPE,RAMP_INTERSECTION,SIDE_OF_HWY,TOW_AWAY,COLLISION_SEVERITY,NUMBER_KILLED,NUMBER_INJURED,PARTY_COUNT,PRIMARY_COLL_FACTOR,PCF_CODE_OF_VIOL,PCF_VIOL_CATEGORY,PCF_VIOLATION,PCF_VIOL_SUBSECTION,HIT_AND_RUN,TYPE_OF_COLLISION,MVIW,PED_ACTION,ROAD_SURFACE,ROAD_COND_1,ROAD_COND_2,LIGHTING,CONTROL_DEVICE,CHP_ROAD_TYPE,PEDESTRIAN_ACCIDENT,BICYCLE_ACCIDENT,MOTORCYCLE_ACCIDENT,TRUCK_ACCIDENT,NOT_PRIVATE_PROPERTY,ALCOHOL_INVOLVED,STWD_VEHTYPE_AT_FAULT,CHP_VEHTYPE_AT_FAULT,COUNT_SEVERE_INJ,COUNT_VISIBLE_INJ,COUNT_COMPLAINT_PAIN,COUNT_PED_KILLED,COUNT_PED_INJURED,COUNT_BICYCLIST_KILLED,COUNT_BICYCLIST_INJURED,COUNT_MC_KILLED,COUNT_MC_INJURED,PRIMARY_RAMP,SECONDARY_RAMP,LATITUDE,LONGITUDE,COUNTY,CITY,POINT_X,POINT_Y
9677657,2024,2024-05-29,3801,2024-03-31,1450,2192,BAYVI,7,5,7,3801,0,0,0,,0,3C12A,"LEDYARD ST","LEDYARD ST 64",0.00,,Y,A,-,N,,,,,,,,,,N,2,0,1,1,A,-,03,22350,,N,H,-,A,A,H,-,A,D,0,,,Y,,Y,,C,02,1,0,0,0,0,0,0,0,1,"- ","- ",,,"SAN FRANCISCO","SAN FRANCISCO",,
9677660,2024,2024-05-29,3801,2024-03-30,"305 ",715,MISSI,6,5,7,3801,0,0,0,,0,3D14E,"MISSION ST","21ST ST",0.00,,Y,A,-,N,,,,,,,,,,Y,2,0,4,2,A,-,12,21453,A,F,D,C,A,B,-,-,C,A,0,,,,,Y,,A,01,1,3,0,0,0,0,0,0,0,"- ","- ",,,"SAN FRANCISCO","SAN FRANCISCO",-122.41891479492188,37.757015228271484
9678152,2024,2024-05-04,3801,2024-02-04,1902,307,NORTH,7,5,7,3801,0,0,0,,0,3E13D,"POLK ST","MCALLISTER ST",16.00,S,N,C,-,N,,,,,,,,,,N,2,0,2,3,A,-,10,21950,A,N,G,B,B,B,G,-,C,A,0,Y,,,,Y,,A,01,1,1,0,0,2,0,0,0,0,"- ","- ",,,"SAN FRANCISCO","SAN FRANCISCO",-122.41859436035156,37.780227661132812
9678262,2024,2024-03-08,3801,2024-01-07,1348,1339,TRAFF,7,5,7,3801,0,0,0,,0,,"PACIFIC AV","STOCKTON ST",0.00,,Y,A,-,N,,,,,,,,,,N,2,0,1,2,A,-,11,21954,A,N,G,B,D,A,H,-,A,A,0,Y,,,,Y,,N,60,1,0,0,0,1,0,0,0,0,"- ","- ",,,"SAN FRANCISCO","SAN FRANCISCO",-122.40840911865234,37.796722412109375
9691009,2024,2024-08-30,3801,2024-03-21,1146,1452,MISSI,4,5,7,3801,0,0,0,,0,3D13C,"16TH ST","HARRISON ST",23.00,S,N,A,-,N,,,,,,,,,,Y,2,0,1,2,A,-,12,21453,A,N,H,J,D,A,H,-,A,A,0,Y,,,,Y,,N,60,1,0,0,0,1,0,0,0,0,"- ","- ",,,"SAN FRANCISCO","SAN FRANCISCO",-122.41323089599609,37.765445709228516
9691019,2024,2024-06-13,3801,2024-03-09,"221 ",1078,NORTH,6,5,7,3801,0,0,0,,0,3E12E,"WEBSTER ST","GOLDEN GATE AV",0.00,,Y,A,-,N,,,,,,,,,,Y,2,0,5,2,A,-,12,21453,A,N,D,C,A,A,H,-,C,A,0,,,,,Y,,A,01,1,0,4,0,0,0,0,0,0,"- ","- ",,,"SAN FRANCISCO","SAN FRANCISCO",-122.4302978515625,37.779758453369141
9691036,2024,2024-05-28,3801,2024-03-17,2223,2408,MISSI,7,5,7,3801,0,0,0,,0,3D11E,"VALENCIA ST",SYCAMORE,89.00,S,N,A,-,N,,,,,,,,,,Y,2,0,1,4,A,-,17,21209,,F,A,G,A,A,H,-,C,A,0,,Y,,,Y,Y,A,01,1,0,0,0,0,0,1,0,0,"- ","- ",,,"SAN FRANCISCO","SAN FRANCISCO",-122.42162322998047,37.762306213378906
9691088,2024,2024-06-07,3801,2024-03-12,2206,2476,SOUTH,2,5,7,3801,0,0,0,,0,3B12E,"3RD ST","MISSION ST",0.00,,Y,A,-,N,,,,,,,,,,Y,2,0,1,3,A,-,12,21453,A,N,D,C,A,A,H,-,C,A,0,,,Y,,Y,,A,01,1,0,0,0,0,0,0,0,1,"- ","- ",,,"SAN FRANCISCO","SAN FRANCISCO",-122.40200042724609,37.786266326904297
9691101,2024,2024-05-14,3801,2024-03-19,2025,1435,TRAFF,2,5,7,3801,0,0,0,,0,4B4C,"POLK ST","ELLIS ST",0.00,,Y,A,-,N,,,,,,,,,,N,2,0,2,2,A,-,09,21801,B,N,D,G,A,A,H,-,C,A,0,,Y,,,Y,Y,L,04,1,1,0,0,0,0,2,0,0,"- ","- ",,,"SAN FRANCISCO","SAN FRANCISCO",-122.41934967041016,37.784042358398438
9691124,2024,2024-04-10,3801,2024-02-07,"734 ",1598,RICHM,3,5,7,3801,0,0,0,,0,,"FULTON ST","WILLARD NORTH",0.00,,Y,B,-,N,,,,,,,,,,,2,0,1,2,A,-,10,21950,A,N,G,B,B,B,H,-,A,D,0,Y,,,,Y,,A,01,1,0,0,0,1,0,0,0,0,"- ","- ",,,"SAN FRANCISCO","SAN FRANCISCO",-122.456298828125,37.774539947509766
9691132,2024,2024-04-10,3801,2024-02-02,2300,2035,MISSI,5,5,7,3801,0,0,0,,0,3D13E,"FOLSOM ST","22ND ST",0.00,,Y,C,-,N,,,,,,,,,,Y,2,0,1,2,A,-,09,21801,A,N,A,C,A,B,H,-,C,A,0,,,,,Y,,A,01,1,0,0,0,0,0,0,0,0,"- ","- ",,,"SAN FRANCISCO","SAN FRANCISCO",-122.41439056396484,37.755718231201172
9691135,2024,2024-04-10,3801,2024-02-27,1900,438,NORTH,2,5,7,3801,0,0,0,,0,3E14D,"WEBSTER ST","CALIFORNIA ST",25.00,S,N,A,-,N,,,,,,,,,,N,2,0,1,2,A,-,17,22517,,N,B,C,A,A,H,-,C,A,0,,,,,Y,,A,01,1,0,0,0,0,0,0,0,0,"- ","- ",,,"SAN FRANCISCO","SAN FRANCISCO",-122.43217468261719,37.789031982421875
9691155,2024,2024-04-19,3801,2024-02-28,1352,764,MISSI,3,5,7,3801,0,0,0,,0,3D13C,"ALABAMA ST","20TH ST",0.00,,Y,A,-,N,,,,,,,,,,N,2,0,1,1,A,-,03,22350,,N,A,I,A,A,H,-,A,A,0,,,,,Y,,M,93,1,0,0,0,0,0,0,0,0,"- ","- ",,,"SAN FRANCISCO","SAN FRANCISCO",-122.41153717041016,37.759086608886719
9699238,2024,2024-06-17,3801,2024-01-27,"750 ",748,CENTR,6,5,7,3801,0,0,0,,0,0A3,"GREENWICH ST","VIA BUFANO",0.00,,Y,A,-,N,,,,,,,,,,N,2,0,1,2,-,-,"- ",,,N,G,B,E,A,H,-,A,D,0,Y,,,Y,Y,,-,"- ",1,0,0,0,1,0,0,0,0,"- ","- ",,,"SAN FRANCISCO","SAN FRANCISCO",-122.41161346435547,37.802059173583984
9703922,2024,2024-08-14,3801,2024-05-07,"928 ",202,TRAFF,2,5,7,3801,0,0,0,,0,4B2C,"FRANCISCO ST","POWELL ST",223.00,W,N,A,-,N,,,,,,,,,,N,2,0,1,2,A,-,10,21950,A,F,G,B,-,A,H,-,A,-,0,Y,,,,Y,,A,01,1,0,0,0,1,0,0,0,0,"- ","- ",,,"SAN FRANCISCO","SAN FRANCISCO",-122.41252899169922,37.804801940917969
9703932,2024,2024-07-09,3801,2024-05-13,1233,2384,TARAV,1,5,7,3801,0,0,0,,0,0I2,"ORTEGA ST","33RD AV",12.00,W,N,A,-,N,,,,,,,,,,N,2,0,1,2,A,-,10,21950,A,N,G,B,B,A,H,-,A,D,0,Y,,,,Y,,A,01,1,0,0,0,1,0,0,0,0,"- ","- ",,,"SAN FRANCISCO","SAN FRANCISCO",-122.49139404296875,37.751716613769531
9703940,2024,2024-07-09,3801,2024-05-11,2315,2192,BAYVI,6,5,7,3801,0,0,0,,0,3C11E,"CARROLL AV","GIANTS DR",0.00,,Y,A,-,N,,,,,,,,,,N,2,0,1,2,A,-,10,21950,A,N,G,B,D,A,H,-,C,D,0,Y,,,,Y,,A,01,1,0,0,0,1,0,0,0,0,"- ","- ",,,"SAN FRANCISCO","SAN FRANCISCO",-122.385009765625,37.720249176025391
9703952,2024,2024-07-10,3801,2024-05-22,1514,1994,TRAFF,3,5,7,3801,0,0,0,,0,4B3C,BROADWAY,"COLUMBUS AV",6.00,W,N,A,-,N,,,,,,,,,,N,2,0,1,2,A,-,10,21950,A,F,G,B,B,A,H,-,A,A,0,Y,Y,,,Y,,L,04,1,0,0,0,1,0,0,0,0,"- ","- ",,,"SAN FRANCISCO","SAN FRANCISCO",-122.40666198730469,37.797889709472656
9704945,2024,2024-08-13,3801,2024-05-20,"928 ",1580,SOUTH,1,5,7,3801,0,0,0,,0,3B5A,"12TH ST","S VAN NESS AV",0.00,,Y,A,-,N,,,,,,,,,,N,2,0,2,2,A,-,03,22350,,N,C,E,A,A,H,-,A,D,0,,,Y,Y,Y,,C,02,1,0,1,0,0,0,0,0,1,"- ","- ",,,"SAN FRANCISCO","SAN FRANCISCO",-122.41876983642578,37.773540496826172
9705136,2024,2024-07-01,3801,2024-05-12,1458,1523,NORTH,7,5,7,3801,0,0,0,,0,4CAR,"WEBSTER ST","POST ST",0.00,,Y,A,-,N,,,,,,,,,,N,2,0,1,2,A,-,11,21954,A,N,G,B,E,A,H,-,B,A,0,Y,,,,Y,,N,60,1,0,0,0,1,0,0,0,0,"- ","- ",,,"SAN FRANCISCO","SAN FRANCISCO",-122.43145751953125,37.785358428955078
9705143,2024,2024-07-01,3801,2024-05-18,"630 ",1194,TENDE,6,5,7,3801,0,0,0,,0,0J3,"EDDY ST","HYDE ST",250.00,W,N,A,-,N,,,,,,,,,,N,2,0,1,2,A,-,08,22102,,F,D,C,A,A,H,-,A,D,0,,,,,Y,,-,,1,0,0,0,0,0,0,0,0,"- ","- ",,,"SAN FRANCISCO","SAN FRANCISCO",-122.416748046875,37.783401489257812
9705160,2024,2024-07-01,3801,2024-05-22,"938 ",2728,TENDE,3,5,7,3801,0,0,0,,0,908,"LEAVENWORTH ST","GOLDEN GATE AV",145.00,N,N,A,-,N,,,,,,,,,,N,2,0,1,2,A,-,21,22106,,F,G,B,D,A,H,-,A,D,0,Y,,,,Y,,A,01,1,0,0,0,1,0,0,0,0,"- ","- ",,,"SAN FRANCISCO","SAN FRANCISCO",-122.41393280029297,37.782264709472656
9705225,2024,2024-06-27,3801,2024-04-21,"255 ",262,TRAFF,7,5,7,3801,0,0,0,,0,4B1E,"GUERRERO ST","DUBOCE AV",0.00,,Y,A,-,N,,,,,,,,,,Y,2,0,1,2,A,-,12,21453,A,N,D,C,A,A,H,-,C,A,0,,,,,Y,,A,01,1,0,0,0,0,0,0,0,0,"- ","- ",,,"SAN FRANCISCO","SAN FRANCISCO",-122.42459106445312,37.769741058349609
9705231,2024,2024-06-28,3801,2024-06-06,1130,891,PARK,4,5,7,3801,0,0,0,,0,,"GROVE ST","BAKER ST",0.00,,Y,A,-,N,,,,,,,,,,N,2,0,1,2,A,-,10,21950,A,F,G,B,B,A,H,-,A,A,0,Y,,,,Y,,-,,1,0,0,0,1,0,0,0,0,"- ","- ",,,"SAN FRANCISCO","SAN FRANCISCO",-122.44127655029297,37.775493621826172
9705262,2024,2024-06-28,3801,2024-04-06,"100 ",451,MISSI,6,5,7,3801,0,0,0,,0,3D15E,"18TH ST","FOLSOM ST",0.00,,Y,A,-,N,,,,,,,,,,N,2,0,1,2,A,-,09,21801,A,F,-,C,A,A,H,-,C,A,0,,,,,Y,,-,99,1,0,0,0,0,0,0,0,0,"- ","- ",,,"SAN FRANCISCO","SAN FRANCISCO",-122.41499328613281,37.762100219726562
9705284,2024,2024-06-27,3801,2024-03-24,1400,2728,TENDE,7,5,7,3801,0,0,0,,0,908,"MCALLISTER ST","LARKIN ST",0.00,,Y,-,-,N,,,,,,,,,,N,2,0,1,2,D,-,00,,,F,-,B,-,-,-,-,-,A,0,Y,,,,Y,,-,"- ",1,0,0,0,1,0,0,0,0,"- ","- ",,,"SAN FRANCISCO","SAN FRANCISCO",-122.41693878173828,37.780498504638672
9705285,2024,2024-06-27,3801,2024-03-31,2225,917,TRAFF,7,5,7,3801,0,0,0,,0,4B2E,"MARKET ST","OCTAVIA ST",0.00,,Y,A,-,N,,,,,,,,,,N,2,0,1,2,A,-,08,22107,,F,D,G,A,A,H,-,C,A,0,,Y,,,Y,,-,99,1,0,0,0,0,0,1,0,0,"- ","- ",,,"SAN FRANCISCO","SAN FRANCISCO",-122.42359161376953,37.771774291992188
9708108,2024,2024-09-09,3801,2024-06-21,2150,451,MISSI,5,5,7,3801,0,0,0,,0,3D11E,"VALENCIA ST","17TH ST",108.00,S,N,A,-,N,,,,,,,,,,N,2,0,1,2,A,-,07,21658,A,F,A,G,A,A,H,-,C,D,0,,Y,,,Y,,-,,1,0,0,0,0,0,1,0,0,"- ","- ",,,"SAN FRANCISCO","SAN FRANCISCO",-122.42170715332031,37.763004302978516
9708118,2024,2024-08-12,3801,2024-06-25,1016,428,CENTR,2,5,7,3801,0,0,0,,0,02A,"STOCKTON ST","CLAY ST",0.00,,Y,A,-,N,,,,,,,,,,N,2,0,1,2,A,-,11,21954,A,N,G,B,D,A,H,-,A,D,0,Y,,,,Y,,N,60,1,0,0,0,1,0,0,0,0,"- ","- ",,,"SAN FRANCISCO","SAN FRANCISCO",-122.40784454345703,37.7940673828125
9708223,2024,2024-08-07,3801,2024-06-18,"749 ",381,BAYVI,2,5,7,3801,0,0,0,,0,0C2,"PHELPS ST","INNES AV",0.00,,Y,A,-,N,,,,,,,,,,Y,2,0,1,2,A,-,09,21801,B,N,D,C,A,A,H,-,A,A,0,,,Y,,Y,,A,08,1,0,0,0,0,0,0,0,1,"- ","- ",,,"SAN FRANCISCO","SAN FRANCISCO",-122.39068603515625,37.740482330322266
9708594,2024,2024-07-11,3801,2024-05-24,"747 ",262,TRAFF,5,5,7,3801,0,0,0,,0,4B1E,"PRECITA AV","EMMETT CT",0.00,,Y,B,-,N,,,,,,,,,,Y,2,0,1,2,A,-,17,21657,,N,A,C,A,A,H,-,A,D,0,,,Y,,Y,,A,01,1,0,0,0,0,0,0,0,1,"- ","- ",,,"SAN FRANCISCO","SAN FRANCISCO",-122.41618347167969,37.747493743896484
9708595,2024,2024-07-19,3801,2024-05-31,1713,301,INGLE,5,5,7,3801,0,0,0,,0,3H13D,"BOSWORTH ST","RT 280",27.00,N,N,A,-,N,,,,,,,,,,Y,2,0,1,2,A,-,08,22107,,F,D,C,A,A,H,-,A,D,0,,,Y,,Y,,A,01,1,0,0,0,0,0,0,0,1,"- ",SO,,,"SAN FRANCISCO","SAN FRANCISCO",,
9708598,2024,2024-07-12,3801,2024-05-07,1155,1422,TRAFF,2,5,7,3801,0,0,0,,0,,"SUTTER ST","BUCHANAN ST",0.00,,Y,A,-,N,,,,,,,,,,Y,2,0,1,2,A,-,11,21954,A,N,G,B,D,A,H,-,A,D,0,Y,,,,Y,,N,60,1,0,0,0,1,0,0,0,0,"- ","- ",,,"SAN FRANCISCO","SAN FRANCISCO",-122.42997741699219,37.786510467529297
9710226,2024,2024-07-22,3801,2024-05-25,"331 ",1205,TENDE,6,5,7,3801,0,0,0,,0,3J11E,"4TH ST","STEVENSON ST",0.00,,Y,A,-,N,,,,,,,,,,N,2,0,1,2,A,-,11,21955,,F,H,B,D,A,H,-,C,D,0,Y,,,,Y,,N,60,1,0,0,0,1,0,0,0,0,"- ","- ",,,"SAN FRANCISCO","SAN FRANCISCO",-122.40518951416016,37.785293579101562
9721821,2024,2024-08-30,3801,2024-07-06,"510 ",1806,SOUTH,6,5,7,3801,0,0,0,,0,3B12A,"MISSION ST","WEST MONTGOMERY",40.00,W,N,A,-,N,,,,,,,,,,N,2,0,1,2,A,-,21,22106,,F,G,B,E,A,H,-,C,A,0,Y,,,,Y,,A,01,1,0,0,0,1,0,0,0,0,"- ","- ",37.787330627441406,-122.40067291259766,"SAN FRANCISCO","SAN FRANCISCO",,
9721829,2024,2024-08-30,3801,2024-07-03,"900 ",2195,NORTH,3,5,7,3801,0,0,0,,0,003,"VAN NESS AV","BUSH ST",0.00,,Y,A,-,N,,,,,,,,,,N,2,0,1,2,A,-,12,21453,A,F,G,B,B,A,H,-,A,A,0,Y,,,,Y,,-,,1,0,0,0,1,0,0,0,0,"- ","- ",,,"SAN FRANCISCO","SAN FRANCISCO",-122.42191314697266,37.788490295410156
9721833,2024,2024-08-30,3801,2024-07-08,2114,2463,SOUTH,1,5,7,3801,0,0,0,,0,3B14E,"OTIS ST","MCCOPPIN ST",0.00,,Y,A,-,N,,,,,,,,,,Y,2,0,1,1,A,-,03,22350,,N,E,I,A,A,H,-,C,A,0,,,Y,,Y,Y,C,03,1,0,0,0,0,0,0,0,1,"- ","- ",,,"SAN FRANCISCO","SAN FRANCISCO",-122.42033386230469,37.771774291992188
9721916,2024,2024-08-30,3801,2024-07-03,1157,1637,SOUTH,3,5,7,3801,0,0,0,,0,3B14A,"DUBOCE ST","STEVEN ST",0.00,,Y,A,-,N,,,,,,,,,,Y,2,0,1,2,A,-,08,22100,A,N,E,C,A,A,H,-,A,A,0,,,,,Y,,A,01,1,0,0,0,0,0,0,0,0,"- ","- ",,,"SAN FRANCISCO","SAN FRANCISCO",,
9722449,2024,2024-09-19,3801,2024-08-06,2200,1836,TARAV,2,5,7,3801,0,0,0,,0,1CAR,"18TH AV","IRVING ST",0.00,,Y,A,-,N,,,,,,,,,,N,2,0,1,2,A,-,10,21950,A,N,G,B,B,A,H,-,C,A,0,Y,,,,Y,,A,01,1,0,0,0,1,0,0,0,0,"- ","- ",,,"SAN FRANCISCO","SAN FRANCISCO",-122.47605133056641,37.763614654541016
9722458,2024,2024-09-19,3801,2024-08-27,1431,54,TARAV,2,5,7,3801,0,0,0,,0,3I13A,"SUNSET BL","IRVING ST",0.00,,Y,A,-,N,,,,,,,,,,Y,2,0,1,2,A,-,12,21453,A,N,D,C,A,A,H,-,A,A,0,,,,,Y,,A,01,1,0,0,0,0,0,0,0,0,"- ","- ",,,"SAN FRANCISCO","SAN FRANCISCO",-122.4959716796875,37.762748718261719
9723478,2024,2024-10-11,3801,2024-09-17,1709,1951,SOUTH,2,5,7,3801,0,0,0,,0,0B1,"BRYANT ST","JACK LONDON ALY",0.00,,Y,A,-,N,,,,,,,,,,Y,2,0,1,2,A,-,08,22107,,F,B,C,A,A,H,-,A,A,0,,,Y,,Y,,-,,1,0,0,0,0,0,0,0,1,"- ","- ",,,"SAN FRANCISCO","SAN FRANCISCO",-122.39473724365234,37.782188415527344
9728877,2024,2024-08-30,3801,2024-07-01,2208,4125,RICHM,1,5,7,3801,0,0,0,,0,3G12E,"GEARY BL","DIVISADERO ST",0.00,,Y,A,-,N,,,,,,,,,,N,2,0,1,2,A,-,11,21456,A,N,G,B,B,A,H,-,C,A,0,Y,,,,Y,,N,60,1,0,0,0,1,0,0,0,0,"- ","- ",,,"SAN FRANCISCO","SAN FRANCISCO",-122.43947601318359,37.783359527587891
9728878,2024,2024-08-30,3801,2024-07-01,"108 ",2140,MISSI,1,5,7,3801,0,0,0,,0,3D13E,"FOLSOM ST","23RD ST",0.00,,Y,A,-,N,,,,,,,,,,Y,2,0,2,2,A,-,12,21453,,F,A,C,A,A,H,-,C,A,0,,,,,Y,,A,01,1,0,1,0,0,0,0,0,0,"- ","- ",,,"SAN FRANCISCO","SAN FRANCISCO",-122.41425323486328,37.754119873046875
9728905,2024,2024-08-30,3801,2024-07-16,"736 ",1297,PARK,2,5,7,3801,0,0,0,,0,3F1A,"NANCY PELOSI DR","BOWLING GREEN DR",0.00,,Y,A,-,N,,,,,,,,,,N,2,0,1,2,A,-,04,21703,,N,C,G,A,A,H,-,A,D,0,,Y,,,Y,,L,04,1,0,0,0,0,0,1,0,0,"- ","- ",,,"SAN FRANCISCO","SAN FRANCISCO",-122.46029663085938,37.770381927490234
9729132,2024,2024-09-23,3801,2024-07-09,1834,2007,TARAV,2,5,7,3801,0,0,0,,0,3115D,"ALEMANY BL","ARCH ST",0.00,,Y,B,-,N,,,,,,,,,,Y,2,0,2,4,A,-,00,23153,F,N,D,C,A,A,H,-,A,A,0,,,,,Y,,A,07,2,0,0,0,0,0,0,0,0,"- ","- ",,,"SAN FRANCISCO","SAN FRANCISCO",-122.46704864501953,37.711612701416016
9729134,2024,2024-09-09,3801,2024-07-15,1445,2007,TARAV,1,5,7,3801,0,0,0,,0,3115D,"25TH AV","NORIEGA ST",280.00,S,N,A,-,N,,,,,,,,,,Y,2,0,2,2,A,-,05,21650,,N,A,E,A,A,H,-,A,A,0,,,,,Y,,A,08,1,0,1,0,0,0,0,0,0,"- ","- ",,,"SAN FRANCISCO","SAN FRANCISCO",-122.48286437988281,37.753200531005859
9730204,2024,2024-09-17,3801,2024-07-02,"937 ",392,MISSI,2,5,7,3801,0,0,0,,0,0D2,"DIAMOND HEIGHTS BL","SAFIRA LN",51.00,S,N,A,-,N,,,,,,,,,,Y,2,0,1,4,A,-,08,22107,,N,B,E,F,A,H,-,A,D,0,Y,,,,Y,,I,19,1,0,0,0,1,0,0,0,0,"- ","- ",,,"SAN FRANCISCO","SAN FRANCISCO",,
9730206,2024,2024-09-23,3801,2024-05-24,1428,1994,TRAFF,5,5,7,3801,0,0,0,,0,,"44TH AV","BALBOA ST",0.00,,Y,A,-,N,,,,,,,,,,Y,2,0,1,2,A,-,12,22450,A,N,D,C,A,A,H,-,A,A,0,,,Y,,Y,,C,03,1,0,0,0,0,0,0,0,1,"- ","- ",,,"SAN FRANCISCO","SAN FRANCISCO",-122.50482940673828,37.775375366210938
9733822,2024,2024-09-20,3801,2024-08-06,1900,1909,NORTH,2,5,7,3801,0,0,0,,0,NORTHE,"FULTON ST","FILLMORE ST",0.00,,Y,A,-,N,,,,,,,,,,N,2,0,1,2,A,-,06,21755,A,N,B,G,A,A,H,-,A,A,0,,Y,,,Y,,L,04,1,0,0,0,0,0,1,0,0,"- ","- ",,,"SAN FRANCISCO","SAN FRANCISCO",-122.43155670166016,37.777690887451172
9733825,2024,2024-09-20,3801,2024-08-17,"819 ",2366,NORTH,6,5,7,3801,0,0,0,,0,2CAR,"LAGUNA ST","TURK ST",0.00,,Y,A,-,N,,,,,,,,,,Y,2,0,1,3,A,-,12,21453,A,N,D,C,A,A,H,-,A,A,0,,,,,Y,,A,01,1,0,0,0,0,0,0,0,0,"- ","- ",,,"SAN FRANCISCO","SAN FRANCISCO",-122.42720031738281,37.781116485595703
9733931,2024,2024-09-25,3801,2024-08-19,1730,1533,NORTH,1,5,7,3801,0,0,0,,0,3E14C,"PACIFIC ST","MASON ST",130.00,E,N,A,-,N,,,,,,,,,,N,2,0,1,2,A,-,06,21755,,N,D,G,A,A,H,-,A,A,0,,Y,,,Y,,L,04,1,0,0,0,0,0,1,0,0,"- ","- ",,,"SAN FRANCISCO","SAN FRANCISCO",-122.41126251220703,37.796363830566406
9733947,2024,2024-09-20,3801,2024-08-09,2200,2407,MISSI,5,5,7,3801,0,0,0,,0,3D13D,"CAPP ST","21ST ST",20.00,N,N,F,-,N,,,,,,,,,,N,2,0,1,2,A,-,17,21663,,F,A,B,F,-,G,-,-,-,0,Y,,,,Y,,-,,1,0,0,0,1,0,0,0,0,"- ","- ",,,"SAN FRANCISCO","SAN FRANCISCO",-122.41781616210938,37.757133483886719
9734519,2024,2024-09-23,3801,2024-08-08,"917 ",1916,NORTH,4,5,7,3801,0,0,0,,0,3E11A,"GOUGH ST","OAK ST",0.00,,Y,A,-,N,,,,,,,,,,Y,2,0,1,3,A,-,12,21453,A,N,D,C,A,A,H,-,A,A,0,,,Y,,Y,,A,01,1,0,0,0,0,0,0,0,1,"- ","- ",,,"SAN FRANCISCO","SAN FRANCISCO",-122.42259216308594,37.775016784667969
9734523,2024,2024-09-23,3801,2024-08-14,1450,1333,CENTR,3,5,7,3801,0,0,0,,0,3A11C,"BATTERY ST","BROADWAY ST",0.00,,Y,A,-,N,,,,,,,,,,N,2,0,1,2,A,-,08,22107,,N,B,J,A,A,H,-,A,A,0,,,,,Y,,N,60,1,0,0,0,0,0,0,0,0,"- ","- ",,,"SAN FRANCISCO","SAN FRANCISCO",-122.40103912353516,37.798595428466797
9736057,2024,2024-09-18,3801,2024-07-05,1658,1994,TRAFF,5,5,7,3801,0,0,0,,0,4B3C,"S VAN NESS AV","14TH ST",0.00,,Y,A,-,N,,,,,,,,,,Y,2,0,6,2,A,-,12,21453,A,N,D,C,A,A,H,-,A,A,0,,,Y,,Y,,C,02,1,0,5,0,0,0,0,0,2,"- ","- ",,,"SAN FRANCISCO","SAN FRANCISCO",-122.41780090332031,37.768417358398438
9739003,2024,2024-12-17,3801,2024-11-15,"848 ",412,MISSI,5,5,7,3801,0,0,0,,0,0600,"24TH ST","NOE ST",0.00,,Y,A,-,N,,,,,,,,,,N,2,0,1,3,A,-,10,21950,A,N,G,B,B,A,H,-,A,D,0,Y,,,,Y,,A,01,1,0,0,0,1,0,0,0,0,"- ","- ",,,"SAN FRANCISCO","SAN FRANCISCO",-122.43186950683594,37.751426696777344
9741532,2024,2024-10-22,3801,2024-09-10,"652 ",1633,TENDE,2,5,7,3801,0,0,0,,0,3J15A,"MASON ST","ELLIS ST",0.00,,Y,A,-,N,,,,,,,,,,N,2,0,1,2,A,-,11,21954,A,F,G,B,D,A,H,-,C,A,0,Y,,,,Y,Y,N,60,1,0,0,0,1,0,0,0,0,"- ","- ",,,"SAN FRANCISCO","SAN FRANCISCO",-122.40946197509766,37.785331726074219
9741675,2024,2024-10-09,3801,2024-08-30,1612,171,CENTR,5,5,7,3801,0,0,0,,0,3CAR,COLUMBUS,"FRANCISCO ST",136.00,N,N,A,-,N,,,,,,,,,,N,2,0,1,2,A,-,00,21955,A,N,D,B,D,A,H,-,A,A,0,Y,,,,Y,,N,60,1,0,0,0,1,0,0,0,0,"- ","- ",,,"SAN FRANCISCO","SAN FRANCISCO",-122.41642761230469,37.804653167724609
9742753,2024,2024-11-06,3801,2024-10-07,"707 ",1580,SOUTH,1,5,7,3801,0,0,0,,0,,"7TH ST","HUBBELL ST",0.00,,Y,A,-,N,,,,,,,,,,N,2,0,1,2,A,-,08,22107,,N,A,C,A,A,H,-,A,D,0,,,,,Y,,A,01,1,0,0,0,0,0,0,0,0,"- ","- ",,,"SAN FRANCISCO","SAN FRANCISCO",-122.39671325683594,37.767833709716797
9742819,2024,2024-11-06,3801,2024-10-13,1312,2366,NORTH,7,5,7,3801,0,0,0,,0,6CAR,"BAY ST","GOUGH ST",0.00,,Y,A,-,N,,,,,,,,,,Y,2,0,2,3,A,-,03,22350,,N,D,C,A,A,H,-,A,A,0,,,Y,,Y,,C,02,2,0,0,0,0,0,0,0,2,"- ","- ",,,"SAN FRANCISCO","SAN FRANCISCO",-122.42839813232422,37.803752899169922