CASE_ID,ACCIDENT_YEAR,PROC_DATE,JURIS,COLLISION_DATE,COLLISION_TIME,OFFICER_ID,REPORTING_DISTRICT,DAY_OF_WEEK,CHP_SHIFT,POPULATION,CNTY_CITY_LOC,SPECIAL_COND,BEAT_TYPE,CHP_BEAT_TYPE,CITY_DIVISION_LAPD,CHP_BEAT_CLASS,BEAT_NUMBER,PRIMARY_RD,SECONDARY_RD,DISTANCE,DIRECTION,INTERSECTION,WEATHER_1,WEATHER_2,STATE_HWY_IND,CALTRANS_COUNTY,CALTRANS_DISTRICT,STATE_ROUTE,ROUTE_SUFFIX,POSTMILE_PREFIX,POSTMILE,LOCATION_TYPE,RAMP_INTERSECTION,SIDE_OF_HWY,TOW_AWAY,COLLISION_SEVERITY,NUMBER_KILLED,NUMBER_INJURED,PARTY_COUNT,PRIMARY_COLL_FACTOR,PCF_CODE_OF_VIOL,PCF_VIOL_CATEGORY,PCF_VIOLATION,PCF_VIOL_SUBSECTION,HIT_AND_RUN,TYPE_OF_COLLISION,MVIW,PED_ACTION,ROAD_SURFACE,ROAD_COND_1,ROAD_COND_2,LIGHTING,CONTROL_DEVICE,CHP_ROAD_TYPE,PEDESTRIAN_ACCIDENT,BICYCLE_ACCIDENT,MOTORCYCLE_ACCIDENT,TRUCK_ACCIDENT,NOT_PRIVATE_PROPERTY,ALCOHOL_INVOLVED,STWD_VEHTYPE_AT_FAULT,CHP_VEHTYPE_AT_FAULT,COUNT_SEVERE_INJ,COUNT_VISIBLE_INJ,COUNT_COMPLAINT_PAIN,COUNT_PED_KILLED,COUNT_PED_INJURED,COUNT_BICYCLIST_KILLED,COUNT_BICYCLIST_INJURED,COUNT_MC_KILLED,COUNT_MC_INJURED,PRIMARY_RAMP,SECONDARY_RAMP,LATITUDE,LONGITUDE,COUNTY,CITY,POINT_X,POINT_Y
9742824,2024,2024-11-07,3801,2024-10-15,2041,276,NORTH,2,5,7,3801,0,0,0,,0,3E15E,"VAN NESS AV","BROADWAY ST",0.00,,Y,A,-,N,,,,,,,,,,N,2,0,1,2,A,-,09,21801,A,N,A,C,A,A,H,-,C,A,0,,,Y,,Y,,A,07,1,0,0,0,0,0,0,0,1,"- ","- ",,,"SAN FRANCISCO","SAN FRANCISCO",-122.42332458496094,37.795753479003906
9742924,2024,2024-11-06,3801,2024-09-22,1119,1796,RICHM,7,5,7,3801,0,0,0,,0,,"FULTON ST","29TH AV",0.00,,Y,B,-,N,,,,,,,,,,Y,2,0,1,2,D,-,00,,,N,C,E,A,-,H,-,A,D,0,,,,,Y,,-,"- ",1,0,0,0,0,0,0,0,0,"- ","- ",,,"SAN FRANCISCO","SAN FRANCISCO",-122.48847198486328,37.772380828857422
9742943,2024,2024-11-06,3801,2024-09-24,1845,826,INGLE,2,5,7,3801,0,0,0,,0,3H15D,"VALENCIA ST","VALENCIA ST 1384",0.00,,N,F,-,N,,,,,,,,,,N,2,0,1,2,A,-,17,22517,,N,H,G,A,-,G,-,-,D,0,,Y,,,Y,,A,01,1,0,0,0,0,0,1,0,0,"- ","- ",,,"SAN FRANCISCO","SAN FRANCISCO",,
9742947,2024,2025-01-24,3801,2024-09-30,"810 ",1422,TRAFF,1,5,7,3801,0,0,0,,0,,"ANZA ST","6TH AV",0.00,,Y,A,-,N,,,,,,,,,,N,1,1,0,2,A,-,00,21955,A,N,G,B,D,A,H,-,A,A,0,Y,,,,Y,,N,60,0,0,0,1,0,0,0,0,0,"- ","- ",,,"SAN FRANCISCO","SAN FRANCISCO",-122.46414947509766,37.779102325439453
9747549,2024,2025-02-11,3801,2024-12-27,1840,595,TENDE,5,5,7,3801,0,0,0,,0,3J12D,"MARKET ST","MARKET ST 1145",0.00,,N,A,-,N,,,,,,,,,,N,2,0,1,2,A,-,03,22350,,N,E,E,A,B,H,-,C,A,0,,,,,Y,,M,94,1,0,0,0,0,0,0,0,0,"- ","- ",,,"SAN FRANCISCO","SAN FRANCISCO",,
9748123,2024,2024-11-08,3801,2024-10-21,1154,961,MISSI,1,5,7,3801,0,0,0,,0,3D14C,"24TH ST","NOE ST",223.00,E,N,A,-,N,,,,,,,,,,Y,2,0,1,4,A,-,03,22350,,N,D,C,A,A,H,-,A,D,0,,,,,Y,,A,01,1,0,0,0,0,0,0,0,0,"- ","- ",,,"SAN FRANCISCO","SAN FRANCISCO",-122.43109893798828,37.751476287841797
9750356,2024,2024-11-13,3801,2024-10-01,"737 ",1580,SOUTH,2,5,7,3801,0,0,0,,0,3B1A,"FOLSOM ST","6TH ST",0.00,,Y,A,-,N,,,,,,,,,,N,2,0,1,1,C,-,18,,,N,E,J,A,A,B,-,A,A,0,,Y,,,Y,,-,"- ",1,0,0,0,0,0,1,0,0,"- ","- ",,,"SAN FRANCISCO","SAN FRANCISCO",-122.40560150146484,37.778499603271484
9750371,2024,2025-04-10,3801,2024-05-28,1204,1422,TRAFF,2,5,7,3801,0,0,0,,0,,"MISSION ST","ADMIRAL AV",0.00,,Y,A,G,N,,,,,,,,,,Y,2,0,1,3,A,-,03,22350,,N,C,C,A,A,H,-,A,D,0,,,Y,,Y,,C,02,1,0,0,0,0,0,0,0,1,"- ","- ",,,"SAN FRANCISCO","SAN FRANCISCO",-122.43015289306641,37.729862213134766
9751116,2024,2024-12-13,3801,2024-08-27,1433,4119,BAYVI,2,5,7,3801,0,0,0,,0,4B103,"3RD ST","25TH ST",0.00,,Y,A,-,N,,,,,,,,,,N,2,0,1,2,A,-,05,21651,B,N,D,C,A,A,H,-,A,-,0,,,Y,,Y,,C,03,1,0,0,0,0,0,0,0,1,"- ","- ",,,"SAN FRANCISCO","SAN FRANCISCO",-122.38787841796875,37.752838134765625
9751142,2024,2024-12-13,3801,2024-11-09,"205 ",2307,NORTH,6,5,7,3801,0,0,0,,0,3E13E,"POLK ST","BUSH ST",0.00,,Y,A,-,N,,,,,,,,,,Y,2,0,2,4,A,-,12,21453,A,F,D,C,B,A,H,-,C,A,0,Y,,,,Y,,A,01,1,0,1,0,2,0,0,0,0,"- ","- ",,,"SAN FRANCISCO","SAN FRANCISCO",-122.42029571533203,37.788688659667969
9751166,2024,2024-12-13,3801,2024-11-16,"103 ",4039,CENTR,6,5,7,3801,0,0,0,,0,3A3,"BROADWAY TUNNEL","LARKIN ST",0.00,E,N,A,-,N,,,,,,,,,,Y,2,0,1,1,D,-,00,,,N,H,-,A,A,H,-,C,D,0,,,Y,,Y,,-,"- ",1,0,0,0,0,0,0,0,1,"- ","- ",,,"SAN FRANCISCO","SAN FRANCISCO",-122.42012023925781,37.796077728271484
9751177,2024,2024-12-13,3801,2024-11-18,"833 ",1759,SOUTH,1,5,7,3801,0,0,0,,0,002,"5TH ST","BRANNAN ST",96.00,S,N,A,-,N,,,,,,,,,,N,2,0,1,1,A,-,03,22350,,N,E,I,A,A,H,-,A,A,0,,,,,Y,,-,,1,0,0,0,0,0,0,0,0,"- ","- ",,,"SAN FRANCISCO","SAN FRANCISCO",-122.39852905273438,37.776382446289062
9751230,2024,2024-12-12,3801,2024-11-13,2000,2305,TRAFF,3,5,7,3801,0,0,0,,0,4B3F,"MARKET ST","LAGUNA ST",170.00,W,N,A,-,N,,,,,,,,,,N,2,0,1,1,A,-,03,22350,,N,H,J,A,A,G,-,C,A,0,,,Y,,Y,,C,02,1,0,0,0,0,0,0,0,1,"- ","- ",,,"SAN FRANCISCO","SAN FRANCISCO",-122.42517852783203,37.770378112792969
9751345,2024,2025-01-16,3801,2024-09-12,"550 ",262,TRAFF,4,5,7,3801,0,0,0,,0,4B1E,"LOMBARD ST","LAGUNA ST",5.00,E,N,A,-,Y,,,,,,,,,,N,1,1,0,2,A,-,17,21451,A,N,G,B,B,A,H,-,C,A,0,Y,,,,Y,,D,22,0,0,0,1,0,0,0,0,0,"- ","- ",,,"SAN FRANCISCO","SAN FRANCISCO",-122.43109130859375,37.800483703613281
9751359,2024,2025-01-28,3801,2024-09-03,1639,34,TRAFF,2,5,7,3801,0,0,0,,0,4B4A,"POINT LOBOS AV","48TH AV",1137.00,W,N,A,-,N,,,,,,,,,,Y,1,1,1,2,A,-,03,22350,,N,C,E,A,A,H,-,A,D,0,,,,,Y,,A,07,0,0,1,0,0,0,0,0,0,"- ","- ",,,"SAN FRANCISCO","SAN FRANCISCO",-122.51312255859375,37.779037475585938
9751401,2024,2025-02-07,3801,2024-06-30,1648,1994,TRAFF,7,5,7,3801,0,0,0,,0,4B3C,"HARRISON ST","6TH ST",79.00,E,N,A,-,N,,,,,,,,,,Y,1,1,0,2,A,-,11,21954,A,N,G,B,D,A,H,-,A,A,0,Y,,,,Y,Y,N,60,0,0,0,1,0,0,0,0,0,"- ","- ",,,"SAN FRANCISCO","SAN FRANCISCO",-122.40387725830078,37.777454376220703
9751424,2024,2024-12-06,3801,2024-10-06,"111 ",202,TRAFF,7,5,7,3801,0,0,0,,0,4B2C,"TREASURE ISLAND RD","MACALLA RD",435.00,N,N,A,-,N,,,,,,,,,,Y,1,1,1,1,A,-,08,22107,,N,E,I,A,A,H,-,C,D,0,,,,,Y,,A,01,1,0,0,0,0,0,0,0,0,"- ","- ",,,"SAN FRANCISCO","SAN FRANCISCO",-122.37088775634766,37.8135986328125
9751484,2024,2025-02-14,3801,2024-10-15,"29  ",262,TRAFF,2,5,7,3801,0,0,0,,0,4B1E,"BUSH ST","STOCKTON ST",82.00,E,N,A,-,N,,,,,,,,,,Y,1,1,0,1,D,-,00,,,N,E,I,A,A,H,-,C,A,0,,,Y,,Y,,-,"- ",0,0,0,0,0,0,0,1,0,"- ","- ",,,"SAN FRANCISCO","SAN FRANCISCO",-122.40686798095703,37.790409088134766
9758680,2024,2024-12-16,3801,2024-11-20,1800,1374,TARAV,3,5,7,3801,0,0,0,,0,3I16D,"BUCKINGHAM WY","20TH AV",5.00,W,N,B,C,N,,,,,,,,,,N,2,0,1,2,A,-,00,21955,A,N,G,B,D,B,H,-,C,A,0,Y,,,,Y,,N,60,1,0,0,0,1,0,0,0,0,"- ","- ",,,"SAN FRANCISCO","SAN FRANCISCO",-122.47599792480469,37.730091094970703
9759463,2024,2025-01-10,3801,2024-11-21,1413,1723,MISSI,4,5,7,3801,0,0,0,,0,004,"VALENCIA ST","CESAR CHAVEZ ST",0.00,,Y,C,-,N,,,,,,,,,,Y,2,0,2,2,A,-,09,21801,A,N,A,C,A,B,H,-,A,A,0,,,Y,,Y,,A,01,1,0,1,0,0,0,0,0,1,"- ","- ",,,"SAN FRANCISCO","SAN FRANCISCO",-122.42025756835938,37.748161315917969
9759497,2024,2025-01-10,3801,2024-11-26,1050,392,MISSI,2,5,7,3801,0,0,0,,0,0D6,"POTRERO AV","18TH ST",171.00,S,N,B,-,N,,,,,,,,,,Y,2,0,2,2,A,-,08,22107,,N,B,C,A,B,H,-,A,A,0,,,,,Y,,A,01,1,0,1,0,0,0,0,0,0,"- ","- ",,,"SAN FRANCISCO","SAN FRANCISCO",-122.40718078613281,37.761463165283203
9759516,2024,2025-01-21,3801,2024-11-14,1857,4140,TENDE,4,5,7,3801,0,0,0,,0,3J12D,"5TH ST","STEVENSON ST",0.00,,Y,A,-,N,,,,,,,,,,N,2,0,1,2,A,-,10,21950,A,N,G,B,D,A,H,-,C,D,0,Y,,,,Y,,A,01,1,0,0,0,1,0,0,0,0,"- ","- ",,,"SAN FRANCISCO","SAN FRANCISCO",-122.40746307373047,37.783512115478516
9759520,2024,2025-01-15,3801,2024-11-18,1410,707,TRAFF,1,5,7,3801,0,0,0,,0,4B4C,"SILVER AV","SAN BRUNO AV",0.00,,N,A,-,N,,,,,,,,,,N,2,0,1,2,A,-,11,21955,,N,G,B,D,A,H,-,A,D,0,Y,,,,Y,,N,60,1,0,0,0,1,0,0,0,0,"- ","- ",,,"SAN FRANCISCO","SAN FRANCISCO",-122.40561676025391,37.732444763183594
9759599,2024,2025-01-14,3801,2024-12-05,2012,359,NORTH,4,5,7,3801,0,0,0,,0,3E12D,"WEBSTER ST","FULTON ST",0.00,,Y,A,-,N,,,,,,,,,,N,2,0,1,2,A,-,10,21950,A,N,G,B,B,A,H,-,C,A,0,Y,,,,Y,,A,07,1,0,0,0,1,0,0,0,0,"- ","- ",,,"SAN FRANCISCO","SAN FRANCISCO",-122.42990875244141,37.777912139892578
9759684,2024,2025-01-14,3801,2024-12-16,"746 ",1580,SOUTH,1,5,7,3801,0,0,0,,0,3B5A,"9TH ST","MISSION ST",0.00,,N,C,-,N,,,,,,,,,,N,2,0,1,1,C,-,18,,,N,F,J,A,B,G,-,B,A,0,,,,,Y,,-,"- ",1,0,0,0,0,0,0,0,0,"- ","- ",,,"SAN FRANCISCO","SAN FRANCISCO",-122.41471862792969,37.776241302490234
9759688,2024,2025-01-14,3801,2024-12-14,1822,424,NORTH,6,5,7,3801,0,0,0,,0,3E11C,"HAYES ST","FRANKLIN ST",215.00,W,N,A,-,N,,,,,,,,,,Y,2,0,1,3,A,-,17,21663,,N,C,B,F,B,H,-,C,A,0,Y,,,,Y,,A,01,1,0,0,0,1,0,0,0,0,"- ","- ",,,"SAN FRANCISCO","SAN FRANCISCO",-122.42207336425781,37.776988983154297
9759745,2024,2025-01-14,3801,2024-10-31,"10  ",2496,TENDE,4,5,7,3801,0,0,0,,0,004,"TURK ST","JONES ST",0.00,,Y,C,-,N,,,,,,,,,,N,2,0,1,2,A,-,00,28101,A,F,D,C,A,B,H,-,C,A,0,,,,,Y,,-,,1,0,0,0,0,0,0,0,0,"- ","- ",,,"SAN FRANCISCO","SAN FRANCISCO",-122.41241455078125,37.782997131347656
9761949,2024,2024-12-23,3801,2024-10-28,1921,34,TRAFF,1,5,7,3801,0,0,0,,0,4B4A,"SUNNYDALE AV","SANTOS ST",1238.00,W,N,A,-,N,,,,,,,,,,Y,2,0,1,2,A,-,05,21651,A,N,A,C,A,A,H,-,D,D,0,,,,,Y,,A,01,1,0,0,0,0,0,0,0,0,"- ","- ",37.713691711425781,-124.22324371337891,"SAN FRANCISCO","SAN FRANCISCO",-122.42220306396484,37.713611602783203
9768624,2024,2025-01-15,3801,2024-12-02,1805,1251,BAYVI,1,5,7,3801,0,0,0,,0,3C12D,"BAY SHORE BL","OAKDALE AV",40.00,S,N,A,-,N,,,,,,,,,,N,2,0,1,2,A,-,00,21955,A,F,A,B,D,A,H,-,C,D,0,Y,,,,Y,,N,60,1,0,0,0,1,0,0,0,0,"- ","- ",,,"SAN FRANCISCO","SAN FRANCISCO",-122.40529632568359,37.742946624755859
9768755,2024,2025-01-21,3801,2024-12-06,"18  ",4039,CENTR,5,5,7,3801,0,0,0,,0,3A1E,"DERBY ST","MASON ST",42.00,W,N,A,-,N,,,,,,,,,,N,2,0,1,2,A,-,11,21954,A,N,G,B,E,A,H,-,C,D,0,Y,,,Y,Y,,N,60,1,0,0,0,1,0,0,0,0,"- ","- ",,,"SAN FRANCISCO","SAN FRANCISCO",-122.41005706787109,37.787410736083984
9769412,2025,2025-02-12,3801,2025-01-18,2317,539,NORTH,6,5,7,3801,0,0,0,,0,4CAR,"POST ST","STEINER ST",222.00,W,N,A,-,N,,,,,,,,,,Y,2,0,1,2,A,-,06,21750,A,N,B,C,A,A,H,-,C,D,0,,,Y,,Y,,C,02,1,0,0,0,0,0,0,0,1,"- ","- ",,,"SAN FRANCISCO","SAN FRANCISCO",-122.43547821044922,37.784854888916016
9769416,2025,2025-02-12,3801,2025-01-26,"50  ",2307,NORTH,7,5,7,3801,0,0,0,,0,3E13E,"VAN NESS AV","ARRELL ST",0.00,,Y,A,-,N,,,,,,,,,,N,2,0,1,2,A,-,11,21453,D,F,G,B,B,A,H,-,C,A,0,Y,,,,Y,,N,60,1,0,0,0,1,0,0,0,0,"- ","- ",,,"SAN FRANCISCO","SAN FRANCISCO",,
9769428,2025,2025-02-11,3801,2025-01-02,"320 ",202,TRAFF,4,5,7,3801,0,0,0,,0,4B2C,"DOLORES ST","JERSEY ST",0.00,,Y,F,-,N,,,,,,,,,,Y,2,0,2,1,A,-,03,22350,,N,H,J,A,A,H,-,C,D,0,,,,,Y,,A,01,1,0,1,0,0,0,0,0,0,"- ","- ",,,"SAN FRANCISCO","SAN FRANCISCO",-122.42514038085938,37.751022338867188
9769435,2025,2025-02-11,3801,2025-01-14,1350,788,SOUTH,2,5,7,3801,0,0,0,,0,3B14A,"11TH ST","MISSION ST",45.00,S,N,A,-,N,,,,,,,,,,N,2,0,1,2,A,-,08,22102,,F,D,C,A,A,H,-,A,A,0,,,,,Y,,A,01,1,0,0,0,0,0,0,0,0,"- ","- ",,,"SAN FRANCISCO","SAN FRANCISCO",-122.4169921875,37.774242401123047
9776803,2025,2025-02-10,3801,2025-01-01,1813,4335,RICHM,3,5,7,3801,0,0,0,,0,901,"BALBOA ST","39TH AV",0.00,,Y,A,-,N,,,,,,,,,,N,2,0,1,2,A,-,12,22450,A,N,D,G,A,A,H,-,C,A,0,,Y,,,Y,,L,04,1,0,0,0,0,0,1,0,0,"- ","- ",,,"SAN FRANCISCO","SAN FRANCISCO",-122.49948883056641,37.775619506835938
9776806,2025,2025-02-10,3801,2025-01-04,2242,1527,NORTH,6,5,7,3801,0,0,0,,0,0E3,"CEDAR ST","CEDAR ST 157",0.00,,N,A,-,N,,,,,,,,,,,2,0,1,2,A,-,11,21954,A,N,G,B,E,A,H,-,C,D,0,Y,,,,Y,,N,60,1,0,0,0,1,0,0,0,0,"- ","- ",,,"SAN FRANCISCO","SAN FRANCISCO",-119.44786071777344,35.154575347900391
9776912,2024,2025-02-11,3801,2024-12-29,1929,1144,RICHA,7,5,7,3801,0,0,0,,0,3G13D,"CLEMENT ST","PARK PRESIDIO BL",0.00,,Y,A,-,N,,,,,,,,,,Y,2,0,1,2,A,-,09,21801,A,N,D,C,A,A,H,-,C,A,0,,,Y,,Y,,A,01,1,0,0,0,0,0,0,0,1,"- ","- ",,,"SAN FRANCISCO","SAN FRANCISCO",-122.47246551513672,37.782577514648438
9776925,2024,2025-02-11,3801,2024-12-30,1332,713,CENTR,1,5,7,3801,0,0,0,,0,3A2A,"JONES ST","EDDY ST",0.00,,Y,A,-,N,,,,,,,,,,N,2,0,1,2,A,-,12,21453,A,M,G,B,B,A,H,-,A,A,0,Y,Y,,,Y,,L,04,1,0,0,0,0,0,1,0,0,"- ","- ",,,"SAN FRANCISCO","SAN FRANCISCO",-122.41259002685547,37.783943176269531
9776943,2024,2025-02-12,3801,2024-12-30,"115 ",1024,TENDE,1,5,7,3801,0,0,0,,0,3J13E,LARKIN,"FULTON ST",0.00,,Y,A,-,N,,,,,,,,,,N,2,0,1,2,A,-,00,21954,,N,G,B,D,A,H,-,C,A,0,Y,,,,Y,,N,60,1,0,0,0,1,0,0,0,0,"- ","- ",,,"SAN FRANCISCO","SAN FRANCISCO",-122.41675567626953,37.779586791992188
9780179,2025,2025-03-11,3801,2025-02-16,2109,2714,MISSI,7,5,7,3801,0,0,0,,0,3D13E,"DUBOCE AV","MISSION ST",5.00,S,N,A,-,N,,,,,,,,,,N,2,0,2,2,A,-,03,22350,,F,D,C,A,A,H,-,C,A,0,,,,,Y,,A,07,2,0,0,0,0,0,0,0,0,"- ","- ",,,"SAN FRANCISCO","SAN FRANCISCO",-122.42018127441406,37.769989013671875
9780317,2025,2025-03-11,3801,2025-02-15,"313 ",1496,INGLE,6,5,7,3801,0,0,0,,0,005,"GENEVA AV","MISSION ST",0.00,,Y,A,-,N,,,,,,,,,,Y,2,0,1,1,A,-,03,22350,,N,E,J,A,A,H,-,C,A,0,,,,,Y,,A,01,1,0,0,0,0,0,0,0,0,"- ","- ",,,"SAN FRANCISCO","SAN FRANCISCO",-122.44100189208984,37.716388702392578
9780492,2025,2025-03-13,3801,2025-01-15,"930 ",746,INGLE,3,5,7,3801,0,0,0,,0,3H4C,"CASITAS AV","LANDSDALE AVE",0.00,,Y,A,-,N,,,,,,,,,,N,2,0,1,2,A,-,10,21950,A,N,G,-,B,A,H,-,A,D,0,Y,,,,Y,,A,01,1,0,0,0,1,0,0,0,0,"- ","- ",,,"SAN FRANCISCO","SAN FRANCISCO",-122.46031951904297,37.737873077392578
9781668,2025,2025-02-14,3801,2025-01-22,1210,4102,SOUTH,3,5,7,3801,0,0,0,,0,3B47,"FREMONT ST","RT 80",0.00,,Y,A,-,N,,,,,,,,,,Y,2,0,4,4,A,-,03,22350,,N,D,C,A,-,H,-,A,A,0,,,,Y,Y,,A,08,1,2,1,0,0,0,0,0,0,"- ",WF,,,"SAN FRANCISCO","SAN FRANCISCO",,
9786091,2024,2025-04-29,3801,2024-10-22,"844 ",202,TRAFF,2,5,7,3801,0,0,0,,0,4B2C,"PARNASSUS AV","STANYAN ST",10.00,W,N,A,-,N,,,,,,,,,,Y,1,1,0,2,A,-,11,21950,B,N,G,B,B,A,H,-,A,A,0,Y,,,Y,Y,,N,60,0,0,0,1,0,0,0,0,0,"- ","- ",,,"SAN FRANCISCO","SAN FRANCISCO",-122.45260620117188,37.764488220214844
9786127,2024,2025-04-25,3801,2024-12-12,"619 ",262,TRAFF,4,5,7,3801,0,0,0,,0,4B1E,"BAYSHORE BL","INDUSTRIAL ST",43.00,N,N,C,-,N,,,,,,,,,,Y,1,1,0,2,A,-,11,21954,A,N,G,B,E,B,H,-,C,D,0,Y,,,,Y,,N,60,0,0,0,1,0,0,0,0,0,"- ","- ",,,"SAN FRANCISCO","SAN FRANCISCO",-122.40697479248047,37.738117218017578
9786253,2024,2025-05-07,3801,2024-12-25,1550,4320,TRAFF,3,5,7,3801,0,0,0,,0,4B4E,"PARK PRESIDIO BL","CROSSOVER DR",207.00,N,N,B,-,Y,SF,4,1,-,-,4.550,H,-,S,Y,1,1,0,1,A,-,03,22350,,N,E,I,A,A,H,-,A,D,0,,,,,Y,,A,01,0,0,0,0,0,0,0,0,0,"- ","- ",,,"SAN FRANCISCO","SAN FRANCISCO",-122.47920989990234,37.772125244140625
9786262,2024,2025-06-25,3801,2024-12-03,1727,4375,TRAFF,2,5,7,3801,0,0,0,,0,4B1F,"JUNIPERO SERRA BL","LYNDHURST DR",88.00,S,N,A,-,N,,,,,,,,,,Y,1,1,0,1,D,-,00,,,N,E,I,A,A,H,-,A,B,0,,Y,,,Y,,-,"- ",0,0,0,0,0,1,0,0,0,"- ","- ",,,"SAN FRANCISCO","SAN FRANCISCO",-122.47257995605469,37.724586486816406
9786326,2024,2025-07-10,3801,2024-12-27,"540 ",917,TRAFF,5,5,7,3801,0,0,0,,0,4B2E,"GREAT HWY","ULLOA ST",29.00,N,N,B,-,N,,,,,,,,,,Y,1,1,0,2,A,-,11,21955,,N,G,B,E,B,H,-,D,D,0,Y,,,,Y,,N,60,0,0,0,1,0,0,0,0,0,"- ","- ",,,"SAN FRANCISCO","SAN FRANCISCO",-122.50672149658203,37.739910125732422
9788781,2025,2025-05-13,3801,2025-04-12,1310,917,TRAFF,6,5,7,3801,0,0,0,,0,4B2E,"REPOSA WY","TERESITA BL",0.00,,Y,A,-,N,,,,,,,,,,N,2,0,1,2,D,-,00,,,N,G,B,B,A,H,-,A,D,0,Y,,,,Y,,-,"- ",1,0,0,0,1,0,0,0,0,"- ","- ",,,"SAN FRANCISCO","SAN FRANCISCO",-122.44919586181641,37.740806579589844
9788796,2025,2025-05-13,3801,2025-04-06,1530,1357,NORTH,7,5,7,3801,0,0,0,,0,3E6D,"VAN NESS AV","GREENWICH ST",81.00,N,N,A,-,N,,,,,,,,,,N,2,0,1,1,A,-,03,22350,,N,F,-,A,A,H,-,A,D,0,,Y,,,Y,,L,04,1,0,0,0,0,0,1,0,0,"- ","- ",,,"SAN FRANCISCO","SAN FRANCISCO",-122.42434692382812,37.800640106201172
9788802,2025,2025-05-13,3801,2025-04-13,1314,621,CENTA,7,5,7,3801,0,0,0,,0,3AIIA,"POST ST","HYDE ST",0.00,,Y,A,-,N,,,,,,,,,,N,2,0,1,2,A,-,11,21453,D,N,G,B,E,A,H,-,A,A,0,Y,,,,Y,,N,60,1,0,0,0,1,0,0,0,0,"- ","- ",,,"SAN FRANCISCO","SAN FRANCISCO",-122.41661834716797,37.787246704101562
9788875,2025,2025-05-12,3801,2025-04-12,1149,324,SOUTH,6,5,7,3801,0,0,0,,0,3B50F,"MARKET ST","NEW MONTGOMERY ST",55.00,S,N,A,-,N,,,,,,,,,,N,2,0,1,1,A,-,08,22107,,N,-,J,A,A,G,-,A,A,0,,,,,Y,,M,94,1,0,0,0,0,0,0,0,0,"- ","- ",,,"SAN FRANCISCO","SAN FRANCISCO",-122.40213012695312,37.788665771484375
9788907,2025,2025-05-12,3801,2025-04-29,1210,171,CENTR,2,5,7,3801,0,0,0,,0,5CAR,EMBARCADERO,"EMBARCADERO NORTH",30.00,S,N,A,-,N,,,,,,,,,,N,2,0,1,2,B,-,22,,,N,G,B,A,A,H,-,A,D,0,,,,,Y,,A,07,1,0,0,0,0,0,0,0,0,"- ","- ",,,"SAN FRANCISCO","SAN FRANCISCO",-122.38933563232422,37.780223846435547
9788927,2025,2025-05-13,3801,2025-03-22,"746 ",SFPD306,TENDE,6,5,7,3801,0,0,0,,0,3J13A,"POLK ST","GOLDEN GATE AV",0.00,,Y,A,-,N,,,,,,,,,,Y,2,0,4,3,A,-,03,22350,,N,D,C,A,A,H,-,A,A,0,,,,,Y,,A,01,1,0,3,0,0,0,0,0,0,"- ","- ",,,"SAN FRANCISCO","SAN FRANCISCO",-122.41880035400391,37.781227111816406
9796903,2025,2025-04-21,3801,2025-03-15,1954,141,INGLE,6,5,7,3801,0,0,0,,0,3H16D,"GENEVA AV","BROOKDALE AV",0.00,,Y,A,-,N,,,,,,,,,,Y,2,0,3,3,A,-,07,21658,,N,C,C,A,A,H,-,C,A,0,,,,,Y,,A,01,1,0,2,0,0,0,0,0,0,"- ","- ",,,"SAN FRANCISCO","SAN FRANCISCO",-122.42453002929688,37.710071563720703
9797089,2025,2025-04-15,3801,2025-03-16,2339,614,TARAV,7,5,7,3801,0,0,0,,0,3111E,"19TH AV","LINCOLN WY",0.00,,Y,C,-,N,,,,,,,,,,Y,2,0,2,3,A,-,12,21453,A,F,D,C,A,B,H,-,C,A,0,,,,,Y,,A,07,1,0,1,0,0,0,0,0,0,"- ","- ",,,"SAN FRANCISCO","SAN FRANCISCO",-122.47732543945312,37.76544189453125
9797135,2025,2025-04-18,3801,2025-03-17,1047,1500,CENTR,1,5,7,3801,0,0,0,,0,3A4A,"JACKSON ST","STOCKTON ST",0.00,,Y,B,C,N,,,,,,,,,,N,2,0,1,2,A,-,11,21453,D,N,H,B,B,B,H,-,A,A,0,Y,,,,Y,,N,60,1,0,0,0,1,0,0,0,0,"- ","- ",,,"SAN FRANCISCO","SAN FRANCISCO",-122.40821838378906,37.795833587646484
9797139,2025,2025-04-18,3801,2025-03-16,"24  ",1194,TENDE,7,5,7,3801,0,0,0,,0,0J4,"TURK ST","TAYLOR ST",20.00,W,N,A,-,N,,,,,,,,,,N,2,0,1,1,A,-,03,22350,,N,A,I,A,A,H,-,C,A,0,,Y,,,Y,,L,04,1,0,0,0,0,0,1,0,0,"- ","- ",,,"SAN FRANCISCO","SAN FRANCISCO",-122.41085052490234,37.783203125
9797162,2025,2025-04-09,3801,2025-02-28,1555,826,NORTH,5,5,7,3801,0,0,0,,0,0E6,"GOUGH ST","VALLEJO ST",0.00,,Y,A,-,N,,,,,,,,,,N,2,0,1,2,A,-,10,21950,A,N,G,B,B,A,H,-,A,D,0,Y,,,,Y,,A,01,1,0,0,0,1,0,0,0,0,"- ","- ",,,"SAN FRANCISCO","SAN FRANCISCO",-122.4268798828125,37.796291351318359