CASE_ID,ACCIDENT_YEAR,PROC_DATE,JURIS,COLLISION_DATE,COLLISION_TIME,OFFICER_ID,REPORTING_DISTRICT,DAY_OF_WEEK,CHP_SHIFT,POPULATION,CNTY_CITY_LOC,SPECIAL_COND,BEAT_TYPE,CHP_BEAT_TYPE,CITY_DIVISION_LAPD,CHP_BEAT_CLASS,BEAT_NUMBER,PRIMARY_RD,SECONDARY_RD,DISTANCE,DIRECTION,INTERSECTION,WEATHER_1,WEATHER_2,STATE_HWY_IND,CALTRANS_COUNTY,CALTRANS_DISTRICT,STATE_ROUTE,ROUTE_SUFFIX,POSTMILE_PREFIX,POSTMILE,LOCATION_TYPE,RAMP_INTERSECTION,SIDE_OF_HWY,TOW_AWAY,COLLISION_SEVERITY,NUMBER_KILLED,NUMBER_INJURED,PARTY_COUNT,PRIMARY_COLL_FACTOR,PCF_CODE_OF_VIOL,PCF_VIOL_CATEGORY,PCF_VIOLATION,PCF_VIOL_SUBSECTION,HIT_AND_RUN,TYPE_OF_COLLISION,MVIW,PED_ACTION,ROAD_SURFACE,ROAD_COND_1,ROAD_COND_2,LIGHTING,CONTROL_DEVICE,CHP_ROAD_TYPE,PEDESTRIAN_ACCIDENT,BICYCLE_ACCIDENT,MOTORCYCLE_ACCIDENT,TRUCK_ACCIDENT,NOT_PRIVATE_PROPERTY,ALCOHOL_INVOLVED,STWD_VEHTYPE_AT_FAULT,CHP_VEHTYPE_AT_FAULT,COUNT_SEVERE_INJ,COUNT_VISIBLE_INJ,COUNT_COMPLAINT_PAIN,COUNT_PED_KILLED,COUNT_PED_INJURED,COUNT_BICYCLIST_KILLED,COUNT_BICYCLIST_INJURED,COUNT_MC_KILLED,COUNT_MC_INJURED,PRIMARY_RAMP,SECONDARY_RAMP,LATITUDE,LONGITUDE,COUNTY,CITY,POINT_X,POINT_Y
9798726,2025,2025-06-13,3801,2025-05-08,"36  ",4035,CENTR,4,5,7,3801,0,0,0,,0,3A13E,"BROADWAY ST","LARKIN ST",0.00,,Y,A,-,N,,,,,,,,,,N,2,0,1,2,A,-,07,21658,A,N,B,C,A,A,H,-,C,A,0,,,Y,,Y,,A,01,1,0,0,0,0,0,0,0,1,"- ","- ",,,"SAN FRANCISCO","SAN FRANCISCO",-122.42012786865234,37.796218872070312
9798731,2025,2025-06-16,3801,2025-05-06,2221,4136,RICHM,2,5,7,3801,0,0,0,,0,3G12E,"ARGUELLO BL","ANZA ST",0.00,,Y,A,-,N,,,,,,,,,,Y,2,0,2,2,A,-,12,21453,,N,D,C,A,A,H,-,C,A,0,,,,,Y,,A,01,1,0,1,0,0,0,0,0,0,"- ","- ",,,"SAN FRANCISCO","SAN FRANCISCO",-122.45875549316406,37.779354095458984
9798781,2025,2025-06-23,3801,2025-05-04,1625,2147,NORTH,7,5,7,3801,0,0,0,,0,1CAR,"WEBSTER ST","FELL ST",30.00,S,N,A,-,N,,,,,,,,,,N,2,0,1,1,A,-,03,22350,,N,H,I,A,A,G,-,A,D,0,,Y,,,Y,,L,04,1,0,0,0,0,0,1,0,0,"- ","- ",,,"SAN FRANCISCO","SAN FRANCISCO",-122.42931365966797,37.775039672851562
9801563,2024,2025-04-11,3801,2024-12-21,"958 ",788,MISSI,6,5,7,3801,0,0,0,,0,3B4A,"DUBOCE ST","MISSION ST",0.00,,Y,C,-,N,,,,,,,,,,N,2,0,1,1,A,-,12,21453,A,N,-,A,A,B,H,-,A,A,0,,Y,,,Y,,L,04,1,0,0,0,0,0,1,0,0,"- ","- ",,,"SAN FRANCISCO","SAN FRANCISCO",-122.42018127441406,37.769992828369141
9801615,2025,2025-04-23,3801,2025-03-22,2202,1173,RICHM,6,5,7,3801,0,0,0,,0,901,"GREAT HWY","FULTON ST",50.00,S,N,A,-,N,,,,,,,,,,Y,2,0,2,2,A,-,05,21651,B,N,B,C,A,A,H,-,C,D,0,,,Y,,Y,,A,01,1,0,1,0,0,0,0,0,2,"- ","- ",,,"SAN FRANCISCO","SAN FRANCISCO",-122.51112365722656,37.771152496337891
9810172,2024,2025-05-19,3801,2024-12-12,1728,4040,CENTR,4,5,7,3801,0,0,0,,0,,"MARKET ST","STEUART ST",0.00,,Y,B,C,N,,,,,,,,,,,2,0,1,1,C,-,18,,,N,H,A,A,B,G,-,C,D,0,,,,,Y,,-,"- ",1,0,0,0,0,0,0,0,0,"- ","- ",,,"SAN FRANCISCO","SAN FRANCISCO",-122.39479064941406,37.794502258300781
9811352,2025,2025-07-14,3801,2025-04-10,"740 ",2196,MISSI,4,5,7,3801,0,0,0,,0,3D2A,"PORTOLA DR","CLIPPER ST",0.00,,Y,E,-,N,,,,,,,,,,,2,0,1,2,A,-,09,21801,A,N,A,C,A,A,H,-,A,A,0,,,,,Y,,A,01,1,0,0,0,0,0,0,0,0,"- ","- ",,,"SAN FRANCISCO","SAN FRANCISCO",-122.44483947753906,37.746936798095703
9811378,2025,2025-07-29,3801,2025-06-16,"200 ",4375,TRAFF,1,5,7,3801,0,0,0,,0,4B2F,"SUTTER ST","KEARNY ST",220.00,E,N,A,-,N,,,,,,,,,,Y,2,0,2,2,A,-,17,21657,,N,A,E,A,A,H,-,C,A,0,,,,,Y,,A,01,2,0,0,0,0,0,0,0,0,"- ","- ",,,"SAN FRANCISCO","SAN FRANCISCO",-122.40308380126953,37.789909362792969
9811385,2025,2025-07-18,3801,2025-06-22,"105 ",308,RICHM,7,5,7,3801,0,0,0,,0,3G5E,"POINT LOBOS AV","48TH AV",123.00,E,N,A,-,N,,,,,,,,,,Y,2,0,1,1,A,-,05,21651,A,N,E,I,A,A,H,-,C,D,0,,,Y,,Y,,C,02,1,0,0,0,0,0,0,0,1,"- ","- ",,,"SAN FRANCISCO","SAN FRANCISCO",-122.50901794433594,37.779884338378906
9811417,2025,2025-07-18,3801,2025-06-16,1618,2458,BAYVI,1,5,7,3801,0,0,0,,0,02C,"BAYSHORE BL","JERROLD AV",502.00,S,N,A,-,N,,,,,,,,,,Y,2,0,4,3,A,-,08,22107,,F,B,B,D,A,H,-,A,D,0,Y,,,,Y,,A,01,1,0,3,0,1,0,0,0,0,"- ","- ",,,"SAN FRANCISCO","SAN FRANCISCO",-122.40383911132812,37.746025085449219
9811771,2025,2025-07-17,3801,2025-06-05,1225,1333,TARAV,4,5,7,3801,0,0,0,,0,3115A,"19TH AV","EUCALYPTUS DR",85.00,N,N,A,-,N,,,,,,,,,,N,2,0,1,2,A,-,11,21954,A,N,G,B,E,A,H,-,A,D,0,Y,,,,Y,,N,60,1,0,0,0,1,0,0,0,0,"- ","- ",,,"SAN FRANCISCO","SAN FRANCISCO",-122.47488403320312,37.731311798095703
9811828,2025,2025-07-11,3801,2025-05-14,1727,4047,MISSI,3,5,7,3801,0,0,0,,0,3D15D,"18TH ST","SANCHEZ ST",35.00,E,N,A,-,N,,,,,,,,,,Y,2,0,2,3,A,-,03,22350,,N,B,E,A,A,H,-,A,A,0,,,,,Y,,A,01,1,0,1,0,0,0,0,0,0,"- ","- ",,,"SAN FRANCISCO","SAN FRANCISCO",-122.43045043945312,37.761157989501953
9812167,2025,2025-07-14,3801,2025-05-20,1339,93,SOUTH,2,5,7,3801,0,0,0,,0,3B13C,"17TH ST","MISSISSIPPI ST",96.00,W,N,A,-,N,,,,,,,,,,N,2,0,1,1,A,-,03,22350,,N,H,A,A,A,H,-,A,A,0,,Y,,,Y,,L,04,1,0,0,0,0,0,1,0,0,"- ","- ",,,"SAN FRANCISCO","SAN FRANCISCO",-122.39517974853516,37.765224456787109
9817445,2025,2025-06-13,3801,2025-05-15,"820 ",262,TRAFF,4,5,7,3801,0,0,0,,0,4B1C,"BAYSHORE BL","BLANKEN AV",3.00,S,N,A,-,N,,,,,,,,,,N,2,0,2,2,A,-,11,21456,A,N,G,B,B,A,H,-,A,A,0,Y,,,,Y,,N,60,1,0,1,0,1,0,0,0,0,"- ","- ",,,"SAN FRANCISCO","SAN FRANCISCO",-122.40160369873047,37.712535858154297
9817448,2025,2025-06-13,3801,2025-05-24,1814,202,TRAFF,6,5,7,3801,0,0,0,,0,4B104,"31ST AV","CLEMENT ST",5.00,S,N,A,-,N,,,,,,,,,,N,2,0,1,2,A,-,10,21950,A,F,G,B,B,A,H,-,A,D,0,Y,,,,Y,,A,07,1,0,0,0,1,0,0,0,0,"- ","- ",,,"SAN FRANCISCO","SAN FRANCISCO",-122.49131011962891,37.781707763671875
9817640,2025,2025-06-18,3801,2025-05-14,1627,1374,TARAV,3,5,7,3801,0,0,0,,0,214D,"WEST PORTAL AV","15TH AV",0.00,,Y,A,-,N,,,,,,,,,,N,2,0,1,2,A,-,10,21950,A,N,G,B,B,A,H,-,A,A,0,Y,,,,Y,,A,01,1,0,0,0,1,0,0,0,0,"- ","- ",,,"SAN FRANCISCO","SAN FRANCISCO",-122.4705810546875,37.736587524414062
9868884,2025,2025-08-07,3801,2025-06-29,1646,1066,NORTH,7,5,7,3801,0,0,0,,0,3E12D,"GEARY ST","DIVISADERO ST",0.00,,Y,A,-,N,,,,,,,,,,N,2,0,1,2,A,-,08,22101,D,N,D,G,A,A,H,-,A,A,0,,Y,,,Y,,L,04,1,0,0,0,0,0,1,0,0,"- ","- ",,,"SAN FRANCISCO","SAN FRANCISCO",-122.43947601318359,37.783359527587891
9868888,2025,2025-08-07,3801,2025-06-20,1759,664,MISSI,5,5,7,3801,0,0,0,,0,1CAR,"VALENCIA ST","15TH ST",0.00,,Y,A,-,N,,,,,,,,,,N,2,0,1,2,A,-,12,21453,A,N,D,G,A,A,H,-,A,A,0,,Y,,,Y,,L,04,1,0,0,0,0,0,1,0,0,"- ","- ",,,"SAN FRANCISCO","SAN FRANCISCO",-122.42203521728516,37.766529083251953
9868890,2025,2025-08-07,3801,2025-06-18,1509,1057,SOUTH,3,5,7,3801,0,0,0,,0,,"MISSION ST","LASKIE ST",0.00,,Y,A,-,N,,,,,,,,,,Y,2,0,1,2,A,-,08,22102,,N,D,C,A,A,H,-,A,A,0,,,Y,,Y,,A,01,1,0,0,0,0,0,0,0,1,"- ","- ",,,"SAN FRANCISCO","SAN FRANCISCO",-122.41412353515625,37.776718139648438
6292184,2015,2015-05-21,3801,2015-03-12,0939,1939,TARAV,4,5,7,3801,0,0,0,,0,4K6C,"LINCOLN WY","15TH AV",75.00,E,N,A,-,N,,,,,,,,,,N,1,1,0,2,A,-,03,22350,,N,C,C,A,A,H,-,A,D,0,,,Y,,Y,,C,02,0,0,0,0,0,0,0,1,0,"- ","- ",,,"SAN FRANCISCO","SAN FRANCISCO",-122.47266080999999,37.765650800000003
6482286,2014,2016-04-20,9335,2014-05-02,1558,18688,,5,2,7,3801,0,1,1,,2,080,"RT 80","OAK GROVE ST",60.00,W,N,A,-,Y,SF,4,80,-,-,4.760,H,-,E,Y,2,0,1,2,A,-,08,22107,,N,C,C,A,A,H,-,A,D,1,,,Y,Y,Y,,C,02,1,0,0,0,0,0,0,0,1,"- ","- ",37.463850000000001,-122.24849,"SAN FRANCISCO","SAN FRANCISCO",-122.39987118000001,37.779090879999998
6518602,2014,2015-12-14,3801,2014-05-01,2255,227,MISSI,4,5,7,3801,0,0,0,,0,,"BRANNAN ST","8TH ST",0.00,,Y,A,-,N,,,,,,,,,,,2,0,1,1,-,-,"- ",,,N,A,I,A,A,H,-,C,D,0,,Y,,,Y,,-,"- ",1,0,0,0,0,0,1,0,0,"- ","- ",,,"SAN FRANCISCO","SAN FRANCISCO",-122.40542986,37.771289930000002
6545264,2014,2016-04-20,9335,2014-06-21,0530,020658,,6,3,7,3801,0,1,1,,2,080,"RT 80","5TH ST",250.00,E,N,A,-,Y,SF,4,80,-,-,5.044,R,2,W,Y,2,0,1,1,A,-,01,23152,A,N,E,I,A,A,H,-,B,D,1,,,,,Y,Y,A,01,1,0,0,0,0,0,0,0,0,TO,"- ",37.46443,-122.24272000000001,"SAN FRANCISCO","SAN FRANCISCO",-122.39682489,37.782100389999997
6546034,2014,2014-07-21,3801,2014-01-22,1937,4301,SOUTH,3,5,7,3801,0,0,0,,0,3B13D,"MARKET ST","SUTTER ST",0.00,,Y,A,-,N,,,,,,,,,,N,2,0,1,1,A,-,03,22350,,N,-,J,A,A,H,-,C,A,0,,,Y,,Y,,C,03,1,0,0,0,0,0,0,0,1,"- ","- ",,,"SAN FRANCISCO","SAN FRANCISCO",-122.40013999,37.790299990000001
6546115,2014,2014-07-18,3801,2014-01-17,2230,002285,NORTH,5,5,7,3801,0,0,0,,0,3E13E,"LARKIN ST","GEARY ST",112.00,N,N,A,-,N,,,,,,,,,,N,2,0,1,1,D,-,00,,,N,F,A,A,A,H,-,C,D,0,,Y,,,Y,,-,"- ",1,0,0,0,0,0,1,0,0,"- ","- ",,,"SAN FRANCISCO","SAN FRANCISCO",-122.41816301,37.786414790000002
6546185,2014,2014-07-21,3801,2014-02-24,0845,2002,PARK,1,5,7,3801,0,0,0,,0,3F13A,"MCALLISTER ST","SCOTT ST",0.00,,Y,A,-,N,,,,,,,,,,N,2,0,1,2,A,-,12,22450,A,N,A,G,A,A,H,-,A,A,0,,Y,,,Y,,L,04,1,0,0,0,0,0,1,0,0,"- ","- ",,,"SAN FRANCISCO","SAN FRANCISCO",-122.43669993,37.77800998
6546190,2014,2014-07-22,3801,2014-02-07,1550,002036,BAYVI,5,5,7,3801,0,0,0,,0,3C6D,"17TH ST","POTRERO AV",0.00,,Y,B,C,N,,,,,,,,,,N,2,0,1,2,A,-,17,21209,A,N,B,-,A,B,H,-,A,D,0,,Y,,,Y,,A,01,1,0,0,0,0,0,1,0,0,"- ","- ",,,"SAN FRANCISCO","SAN FRANCISCO",-122.40742988,37.764489990000001
6546240,2014,2014-07-22,3801,2014-02-20,1544,2013,MISSI,4,5,7,3801,0,0,0,,0,3D13C,"SOUTH VAN NESS","17TH ST",0.00,,Y,A,-,N,,,,,,,,,,Y,2,0,2,2,A,-,08,22107,,N,D,C,A,A,H,-,A,A,0,,,Y,,Y,,A,01,1,1,0,0,0,0,0,0,2,"- ","- ",,,"SAN FRANCISCO","SAN FRANCISCO",-122.41733986,37.763559999999998
6547489,2014,2014-07-22,3801,2014-02-16,0137,002380,PARKD,7,5,7,3801,0,0,0,,0,3F63,"CASTRO ST","BEAVER ST",115.00,S,N,A,-,N,,,,,,,,,,N,2,0,1,1,D,-,00,,,N,E,I,A,B,H,-,D,A,0,,,,,Y,,-,"- ",1,0,0,0,0,0,0,0,0,"- ","- ",,,"SAN FRANCISCO","SAN FRANCISCO",-122.43538316999999,37.764674800000002
6547561,2014,2014-07-21,3801,2014-01-30,0825,00144,INGLE,4,5,7,3801,0,0,0,,0,3H60,"OSHAUGHNESSY BL","MALTA DR",75.00,S,N,A,-,N,,,,,,,,,,Y,2,0,1,1,A,-,03,22350,,N,F,A,A,A,H,-,A,D,0,,,Y,,Y,,C,02,1,0,0,0,0,0,0,0,1,"- ","- ",,,"SAN FRANCISCO","SAN FRANCISCO",-122.44379913,37.736326089999999
6547565,2014,2014-07-21,3801,2014-01-30,1538,001763,BAYVI,4,5,7,3801,0,0,0,,0,3D14D,"FITZGERALD AV","JENNINGS ST",0.00,,Y,A,-,N,,,,,,,,,,Y,2,0,3,3,A,-,12,22450,A,F,D,C,A,A,H,-,A,D,0,,,,,Y,,A,01,1,1,1,0,0,0,0,0,0,"- ","- ",,,"SAN FRANCISCO","SAN FRANCISCO",-122.39319992999999,37.722009919999998
6550879,2014,2016-05-28,9335,2014-07-04,2140,020557,,5,2,7,3801,0,1,1,,1,081,"RT 80","CECTER ANCHORAGE",705.00,W,N,A,-,Y,SF,4,80,-,-,6.680,H,-,W,Y,2,0,1,2,A,-,03,22350,,N,C,C,A,A,H,-,C,D,4,,,Y,,Y,,C,02,1,0,0,0,0,0,0,0,1,"- ","- ",37.796799999999998,-122.37915,"SAN FRANCISCO","SAN FRANCISCO",-122.37836908,37.797791459999999
6557014,2014,2014-07-21,3801,2014-03-21,1721,4175,4K7D,5,5,7,3801,0,0,0,,0,MISSIO,"13TH ST","MISSION ST",0.00,,N,A,-,N,,,,,,,,,,N,2,0,2,3,A,-,12,21453,A,N,B,G,A,A,H,-,A,A,0,,Y,Y,,Y,,L,04,1,0,1,0,0,0,1,0,1,"- ","- ",,,"SAN FRANCISCO","SAN FRANCISCO",-122.42017991,37.769989959999997
6557017,2014,2014-07-21,3801,2014-03-22,1413,186,PARK,6,5,7,3801,0,0,0,,0,4CAR,"FELL ST","DIVISADERO ST",130.00,E,N,A,-,N,,,,,,,,,,N,2,0,1,1,-,-,"- ",,,N,F,J,A,A,H,-,A,A,0,,,Y,,Y,,-,"- ",1,0,0,0,0,0,0,0,1,"- ","- ",,,"SAN FRANCISCO","SAN FRANCISCO",-122.43715618,37.774118620000003
6557034,2014,2014-07-21,3801,2014-03-25,0630,2118,SOUTH,2,5,7,3801,0,0,0,,0,0B1,"THE EMBARCADERO","MISSION ST",250.00,N,N,B,-,N,,,,,,,,,,N,2,0,1,2,A,-,17,21663,,N,D,G,A,A,H,-,C,D,0,,Y,,,Y,,L,04,1,0,0,0,0,0,1,0,0,"- ","- ",,,"SAN FRANCISCO","SAN FRANCISCO",-122.39322111,37.794209500000001
6557072,2014,2014-07-21,3801,2014-03-16,2143,1881,SOUTH,7,5,7,3801,0,0,0,,0,3B62,"ULLOA ST","39TH AV",10.00,E,N,A,-,N,,,,,,,,,,Y,2,0,1,2,A,-,10,21950,A,N,G,B,B,A,H,-,C,A,0,Y,,,,Y,Y,A,01,1,0,0,0,1,0,0,0,0,"- ","- ",,,"SAN FRANCISCO","SAN FRANCISCO",-122.49696548999999,37.740241920000003
6557114,2014,2014-07-21,3801,2014-03-03,1946,001994,SOUTH,1,5,7,3801,0,0,0,,0,4K5C,"MARKET ST","KEARNY ST",84.00,W,N,C,-,N,,,,,,,,,,N,2,0,1,2,A,-,11,21453,D,N,G,B,D,B,H,-,C,A,0,Y,,,,Y,,N,60,1,0,0,0,1,0,0,0,0,"- ","- ",,,"SAN FRANCISCO","SAN FRANCISCO",-122.40366537,37.787496640000001
6565510,2014,2016-05-28,9335,2014-07-13,2325,20435,,7,3,7,3801,0,1,1,,2,080,"RT 80","5TH ST",286.00,E,N,A,-,Y,SF,4,80,-,-,5.044,R,2,W,Y,2,0,1,1,A,-,01,23152,A,N,E,I,A,A,H,-,C,D,1,,,,,Y,Y,A,01,1,0,0,0,0,0,0,0,0,"- ","- ",37.779000000000003,-122.40079,"SAN FRANCISCO","SAN FRANCISCO",-122.39682489,37.782100389999997
6565971,2014,2014-07-25,3801,2014-04-11,0058,1524,NORTH,5,5,7,3801,0,0,0,,0,3E12E,"FRANKLIN ST","GOLDEN GATE AV",6.00,S,N,A,-,N,,,,,,,,,,N,2,0,1,2,A,-,11,21453,D,N,G,B,B,A,H,-,C,A,0,Y,,,,Y,Y,N,60,1,0,0,0,1,0,0,0,0,"- ","- ",,,"SAN FRANCISCO","SAN FRANCISCO",-122.42209613,37.780803810000002
6565978,2014,2014-07-25,3801,2014-04-28,1818,530,MISSI,1,5,7,3801,0,0,0,,0,3D11D,"BRYANT ST","20TH ST",120.00,S,N,A,-,N,,,,,,,,,,N,2,0,1,1,C,-,18,,,N,H,A,A,A,H,-,A,D,0,,Y,,,Y,,-,"- ",1,0,0,0,0,0,1,0,0,"- ","- ",,,"SAN FRANCISCO","SAN FRANCISCO",-122.40973706,37.758882110000002
6565989,2014,2014-07-24,3801,2014-04-02,2242,4341,RICHM,3,5,7,3801,0,0,0,,0,3G13E,"8TH AV","BALBOA ST",107.00,S,N,A,-,N,,,,,,,,,,N,2,0,1,2,A,-,07,21658,A,N,E,G,A,A,H,-,C,A,0,,Y,,,Y,,L,04,1,0,0,0,0,0,1,0,0,"- ","- ",,,"SAN FRANCISCO","SAN FRANCISCO",-122.46614647,37.776846650000003
6572519,2014,2016-05-28,9335,2014-07-06,1322,19631,,7,1,7,3801,0,1,2,,2,015,"RT 101","RT 80",103.00,N,N,B,-,Y,SF,4,101,-,R,4.710,H,-,N,Y,2,0,2,4,A,-,03,22350,,N,-,C,A,A,H,-,A,D,1,,,Y,,Y,,C,02,1,1,0,0,0,0,0,0,2,"- ","- ",37.769410000000001,-122.41037,"SAN FRANCISCO","SAN FRANCISCO",-122.41076561,37.769480299999998
6678218,2017,2018-01-18,3801,2017-11-22,2316,1871,BAYVI,3,5,7,3801,0,0,0,,0,3C15E,"BAYSHORE BL","JAMESTOWN AV",0.00,,-,A,-,N,,,,,,,,,,Y,1,1,0,1,D,-,00,,,N,E,I,A,A,H,-,D,D,0,,,,,Y,,-,"- ",0,0,0,0,0,0,0,0,0,"- ","- ",37.719540000000002,-122.39941,"SAN FRANCISCO","SAN FRANCISCO",,
6705693,2014,2016-05-28,9335,2014-09-13,0155,020384,,6,3,7,3801,0,1,2,,2,013,"RT 101","BAY SHORE BL",170.00,S,N,A,-,Y,SF,4,101,-,-,2.910,R,2,S,Y,2,0,1,1,A,-,08,22107,,N,E,I,A,A,H,-,C,D,1,,,Y,,Y,Y,C,02,1,0,0,0,0,0,0,0,1,FR,"- ",37.747999999999998,-122.4044,"SAN FRANCISCO","SAN FRANCISCO",-122.40424409000001,37.748033499999998
6710057,2014,2016-06-18,9335,2014-11-10,0535,020435,,1,3,7,3801,0,1,2,,2,015,"RT 101","ALAMEDA ST",45.00,S,N,A,-,Y,SF,4,101,-,R,4.410,H,-,N,Y,2,0,1,2,A,-,03,22350,,N,C,C,A,A,H,-,C,D,1,,,Y,,Y,,C,02,1,0,0,0,0,0,0,0,1,"- ","- ",37.7684,-122.40608,"SAN FRANCISCO","SAN FRANCISCO",-122.40613793,37.768418619999998
6718168,2014,2015-03-11,9335,2014-10-26,0415,20384,,7,3,7,3801,0,1,1,,2,080,"RT 80","5TH ST",250.00,E,N,A,-,Y,SF,4,80,-,-,5.044,R,2,W,Y,1,1,3,1,A,-,08,22107,,N,E,I,A,A,H,-,C,A,1,,,,,Y,Y,A,08,1,1,1,0,0,0,0,0,0,"- ","- ",37.779000000000003,-122.4006,"SAN FRANCISCO","SAN FRANCISCO",-122.39682489,37.782100389999997
6718606,2017,2018-02-16,3801,2017-12-07,0827,1764,INGLE,4,5,7,3801,0,0,0,,0,4B2E,"OCEAN AV","MIRAMAR AV",10.00,E,N,A,-,N,,,,,,,,,,Y,1,1,0,2,A,-,10,21950,A,N,G,B,B,A,H,-,A,A,0,Y,,,,Y,,A,01,0,0,0,1,0,0,0,0,0,"- ","- ",37.724229999999999,-122.45811999999999,"SAN FRANCISCO","SAN FRANCISCO",-122.45817666000001,37.72431271
6718700,2017,2018-03-02,3801,2017-09-26,1248,1486,TENDE,2,5,7,3801,0,0,0,,0,4B2J,"LEAVENWORTH ST","GOLDEN GATE AV",3.00,S,N,A,-,N,,,,,,,,,,Y,1,1,0,2,A,-,10,21950,A,N,G,B,B,A,H,-,-,A,0,Y,,,Y,Y,,F,55,0,0,0,1,0,0,0,0,0,"- ","- ",37.781849999999999,-122.41394,"SAN FRANCISCO","SAN FRANCISCO",-122.41385857,37.781861839999998
6725278,2014,2016-06-18,9335,2014-11-22,0223,020610,,6,3,7,3801,0,1,1,,2,023,"RT 280","MISSION ST",120.00,S,N,C,-,Y,SF,4,280,-,R,3.090,H,-,N,Y,2,0,1,1,A,-,08,22107,,N,E,I,A,B,H,-,D,D,1,,,,,Y,Y,A,01,1,0,0,0,0,0,0,0,0,"- ","- ",37.668990000000001,-122.39348,"SAN FRANCISCO","SAN FRANCISCO",-122.42862092,37.731951299999999
6854099,2014,2015-03-23,3801,2014-06-05,1503,000845,BAYVI,4,5,7,3801,0,0,0,,0,4K4A,"BARNEVELD AV","JERROLD ST",398.00,S,N,A,-,N,,,,,,,,,,Y,1,1,1,2,A,-,03,22350,,N,A,E,A,A,H,-,A,A,0,,,,,Y,,A,01,1,0,0,0,0,0,0,0,0,"- ","- ",,,"SAN FRANCISCO","SAN FRANCISCO",-122.40286952,37.745267040000002
6854104,2014,2016-01-14,3801,2014-08-28,0905,1939,BAYVI,4,5,7,3801,0,0,0,,0,4K6C,"QUINT ST","NEWCOMB ST",185.00,N,N,A,-,N,,,,,,,,,,Y,1,1,0,2,A,-,11,21954,A,N,G,B,E,A,H,-,A,D,0,Y,,,,Y,,N,60,0,0,0,1,0,0,0,0,0,"- ","- ",,,"SAN FRANCISCO","SAN FRANCISCO",-122.39503573,37.738822249999998
6854255,2014,2015-04-20,3801,2014-01-17,1519,1957,RICHM,5,5,7,3801,0,0,0,,0,4B7G,"BUSH ST","BRODERICK AV",62.00,W,N,A,-,N,,,,,,,,,,Y,1,1,0,2,A,-,07,21658,A,N,B,C,A,A,H,-,A,A,0,,,Y,,Y,,C,02,0,0,0,0,0,0,0,1,0,"- ","- ",,,"SAN FRANCISCO","SAN FRANCISCO",-122.44194193,37.78593317
6854259,2014,2016-01-12,3801,2014-02-05,0223,443,NORTH,3,5,7,3801,0,0,0,,0,4C1,"VAN NESS AV","GROVE ST",0.00,,Y,B,-,Y,SF,4,101,-,T,5.076,I,5,S,N,1,1,0,2,A,-,11,21453,D,N,G,B,B,A,H,-,C,A,0,Y,,,,Y,Y,N,60,0,0,0,1,0,0,0,0,0,"- ","- ",,,"SAN FRANCISCO","SAN FRANCISCO",-122.41997107,37.778267550000002
6854261,2014,2016-01-14,3801,2014-02-18,1714,868,,2,5,7,3801,0,0,0,,0,4B5G,"JOHN F KENNEDY DR","GOLDEN GATE EQUISTRIAN CENTER",230.00,W,N,A,-,N,,,,,,,,,,Y,1,1,0,2,A,-,03,22350,,N,E,I,A,A,H,-,A,D,0,,,Y,,Y,,C,02,0,0,0,0,0,0,0,1,0,"- ","- ",,,"SAN FRANCISCO","SAN FRANCISCO",-122.49482721,37.770197410000002
6854262,2014,2015-04-20,3801,2014-02-20,1511,1324,NORTH,4,5,7,3801,0,0,0,,0,4C4,"FILLMORE AV","CALIFORNIA ST",32.00,N,N,A,-,N,,,,,,,,,,N,1,1,0,2,A,-,11,21954,A,N,G,B,D,-,H,-,A,D,0,Y,,,Y,Y,,N,60,0,0,0,1,0,0,0,0,0,"- ","- ",,,"SAN FRANCISCO","SAN FRANCISCO",-122.43383772999999,37.788996779999998
6854263,2014,2015-04-20,3801,2014-03-19,1127,73,MISSI,3,5,7,3801,0,0,0,,0,4B6D,"FOLSOM ST","13TH ST",35.00,S,N,A,-,N,,,,,,,,,,Y,1,1,0,2,A,-,05,21650,,N,H,G,A,A,H,-,A,A,0,,Y,,,Y,Y,L,04,0,0,0,0,0,1,0,0,0,"- ","- ",,,"SAN FRANCISCO","SAN FRANCISCO",-122.41561183,37.769425419999997
6854340,2014,2015-05-15,3801,2014-11-03,0047,2286,NORTH,1,5,7,3801,0,0,0,,0,0E3,"LARKIN ST","EDDY ST",0.00,,Y,A,-,N,,,,,,,,,,N,1,1,0,2,A,-,10,21950,A,F,G,B,B,A,H,-,C,A,0,Y,,,,Y,,A,01,0,0,0,1,0,0,0,0,0,"- ","- ",,,"SAN FRANCISCO","SAN FRANCISCO",-122.41751985000001,37.783299909999997
6854414,2014,2015-04-22,3801,2014-08-15,2237,01324,SOUTH,5,5,7,3801,0,0,0,,0,4C4,"MISSION ST","4TH ST",437.00,W,N,A,-,N,,,,,,,,,,N,1,1,0,2,A,-,11,21456,B,F,G,B,C,A,H,-,C,A,0,Y,,,,Y,,N,60,0,0,0,1,0,0,0,0,0,"- ","- ",,,"SAN FRANCISCO","SAN FRANCISCO",-122.40531562,37.783660210000001
6854742,2015,2015-07-20,9335,2015-06-06,0605,19631,,6,1,7,3801,0,1,1,,2,080,"RT 80","2ND ST",278.00,E,N,B,-,Y,SF,4,80,-,-,5.420,H,-,E,Y,1,1,0,1,A,-,08,22107,,N,E,I,A,A,H,-,B,D,1,,,,,Y,,A,01,0,0,0,0,0,0,0,0,0,"- ","- ",37.784390000000002,-122.39359,"SAN FRANCISCO","SAN FRANCISCO",-122.39212634,37.785228650000001