CASE_ID,ACCIDENT_YEAR,PROC_DATE,JURIS,COLLISION_DATE,COLLISION_TIME,OFFICER_ID,REPORTING_DISTRICT,DAY_OF_WEEK,CHP_SHIFT,POPULATION,CNTY_CITY_LOC,SPECIAL_COND,BEAT_TYPE,CHP_BEAT_TYPE,CITY_DIVISION_LAPD,CHP_BEAT_CLASS,BEAT_NUMBER,PRIMARY_RD,SECONDARY_RD,DISTANCE,DIRECTION,INTERSECTION,WEATHER_1,WEATHER_2,STATE_HWY_IND,CALTRANS_COUNTY,CALTRANS_DISTRICT,STATE_ROUTE,ROUTE_SUFFIX,POSTMILE_PREFIX,POSTMILE,LOCATION_TYPE,RAMP_INTERSECTION,SIDE_OF_HWY,TOW_AWAY,COLLISION_SEVERITY,NUMBER_KILLED,NUMBER_INJURED,PARTY_COUNT,PRIMARY_COLL_FACTOR,PCF_CODE_OF_VIOL,PCF_VIOL_CATEGORY,PCF_VIOLATION,PCF_VIOL_SUBSECTION,HIT_AND_RUN,TYPE_OF_COLLISION,MVIW,PED_ACTION,ROAD_SURFACE,ROAD_COND_1,ROAD_COND_2,LIGHTING,CONTROL_DEVICE,CHP_ROAD_TYPE,PEDESTRIAN_ACCIDENT,BICYCLE_ACCIDENT,MOTORCYCLE_ACCIDENT,TRUCK_ACCIDENT,NOT_PRIVATE_PROPERTY,ALCOHOL_INVOLVED,STWD_VEHTYPE_AT_FAULT,CHP_VEHTYPE_AT_FAULT,COUNT_SEVERE_INJ,COUNT_VISIBLE_INJ,COUNT_COMPLAINT_PAIN,COUNT_PED_KILLED,COUNT_PED_INJURED,COUNT_BICYCLIST_KILLED,COUNT_BICYCLIST_INJURED,COUNT_MC_KILLED,COUNT_MC_INJURED,PRIMARY_RAMP,SECONDARY_RAMP,LATITUDE,LONGITUDE,COUNTY,CITY,POINT_X,POINT_Y
6854760,2015,2015-07-16,3801,2015-06-17,1800,1994,CENTR,3,5,7,3801,0,0,0,,0,4B4B,"KEARRY ST","CLAY ST",8.00,N,N,A,-,N,,,,,,,,,,Y,1,1,0,2,A,-,10,21950,A,N,A,B,B,A,H,-,A,A,0,Y,,,,Y,,D,22,0,0,0,1,0,0,0,0,0,"- ","- ",,,"SAN FRANCISCO","SAN FRANCISCO",-122.40478539,37.794471559999998
6866867,2015,2015-09-01,3801,2015-02-11,1600,211,,3,5,7,3801,0,0,0,,0,,"FOLSOM ST","MAIN ST",0.00,,Y,A,-,N,,,,,,,,,,Y,2,0,1,2,A,-,05,21650,,N,G,B,E,A,H,-,A,D,0,Y,,,,Y,,A,01,1,0,0,0,1,0,0,0,0,"- ","- ",,,"SAN FRANCISCO","SAN FRANCISCO",-122.39185990999999,37.789399930000002
6905610,2015,2015-05-21,9335,2015-04-06,2007,18845,,1,2,7,3801,0,1,1,,1,081,"RT 80","CECTER ANCHORAGE",634.00,E,N,B,-,Y,SF,4,80,-,-,6.930,H,-,W,Y,1,1,0,1,A,-,08,22107,,N,E,I,A,A,H,-,C,A,4,,,Y,,Y,,C,02,0,0,0,0,0,0,0,1,0,"- ","- ",37.9955,-122.37629,"SAN FRANCISCO","SAN FRANCISCO",-122.37558583000001,37.800300110000002
6905616,2015,2015-05-15,3801,2015-04-18,2228,1939,,6,5,7,3801,0,0,0,,0,4B8F,"PINE ST","LARKIN ST",63.00,W,N,A,-,N,,,,,,,,,,Y,1,1,0,2,A,-,11,21954,A,N,G,B,D,A,H,-,C,D,0,Y,,,,Y,,N,60,0,0,0,1,0,0,0,0,0,"- ","- ",,,"SAN FRANCISCO","SAN FRANCISCO",-122.4190758,37.789805000000001
6905622,2015,2015-05-15,3801,2015-04-10,2200,1939,CENTR,5,5,7,3801,0,0,0,,0,4B8F,"CALIFORNIA AV","KEARRY ST",9.00,E,N,A,-,N,,,,,,,,,,Y,1,1,0,2,A,-,12,21453,A,F,G,B,B,A,H,-,C,A,0,Y,,,,Y,,A,01,0,0,0,1,0,0,0,0,0,"- ","- ",,,"SAN FRANCISCO","SAN FRANCISCO",-122.40434930000001,37.792684229999999
6960272,2015,2016-12-17,9335,2015-06-02,2110,16137,,2,2,7,3801,0,1,2,,2,013,"RT 101","SILVER AV",500.00,S,N,A,-,Y,SF,4,101,-,-,1.230,H,-,N,N,2,0,1,2,A,-,11,21954,A,N,G,B,E,A,H,-,C,D,1,Y,,,,Y,,N,60,1,0,0,0,1,0,0,0,0,"- ","- ",,,"SAN FRANCISCO","SAN FRANCISCO",-122.40167627,37.72524611
6960308,2015,2016-11-03,9335,2015-06-05,1150,17806,,5,1,7,3801,0,1,1,,2,022,"RT 280","THERESA ST",178.00,S,N,A,-,Y,SF,4,280,-,R,2.574,R,1,S,Y,2,0,1,2,A,-,03,22350,,N,C,C,A,A,H,-,A,D,1,,,,,Y,,A,01,1,0,0,0,0,0,0,0,0,FR,"- ",37.730960000000003,-122.43729,"SAN FRANCISCO","SAN FRANCISCO",-122.43766816999999,37.730732420000002
6970918,2014,2015-08-11,3801,2014-07-17,0842,01857,MISSI,4,5,7,3801,0,0,0,,0,3D15A,"DOLORES ST","25TH ST",0.00,,Y,B,-,N,,,,,,,,,,N,2,0,1,2,A,-,10,21950,A,N,G,B,B,A,H,-,A,A,0,Y,,,,Y,,D,22,1,0,0,0,1,0,0,0,0,"- ","- ",,,"SAN FRANCISCO","SAN FRANCISCO",-122.42506997,37.750239989999997
6997365,2014,2015-08-07,3801,2014-05-15,1155,804,NORTH,4,5,7,3801,0,0,0,,0,3E4A,"CALIFORNIA ST","OCTAVIA ST",0.00,,Y,A,-,N,,,,,,,,,,N,2,0,1,2,A,-,09,21801,A,N,D,C,A,A,H,-,A,A,0,,,,,Y,,-,,1,0,0,0,0,0,0,0,0,"- ","- ",,,"SAN FRANCISCO","SAN FRANCISCO",-122.42726,37.789729899999998
6997406,2014,2015-08-07,3801,2014-05-09,1615,001387,INGLE,5,5,7,3801,0,0,0,,0,3H16D,"OCEAN AV","CAYUGA DR",30.00,E,N,A,-,N,,,,,,,,,,N,2,0,1,2,A,-,11,21954,A,N,G,B,D,A,H,-,A,D,0,Y,,,,Y,,N,60,1,0,0,0,1,0,0,0,0,"- ","- ",,,"SAN FRANCISCO","SAN FRANCISCO",-122.43868668,37.72363756
6997430,2014,2015-08-05,3801,2014-05-11,1700,001387,INGLE,7,5,7,3801,0,0,0,,0,3H16D,"BAYSHORE BL","ARLETA AV",0.00,,Y,A,-,N,,,,,,,,,,N,2,0,1,2,A,-,11,21453,D,N,G,B,B,A,H,-,A,A,0,Y,,,,Y,,N,60,1,0,0,0,1,0,0,0,0,"- ","- ",,,"SAN FRANCISCO","SAN FRANCISCO",-122.40260997999999,37.712269990000003
6997466,2014,2015-08-06,3801,2014-09-23,0620,01196,INGLE,2,5,7,3801,0,0,0,,0,0H4,"RANDALL ST","MISSION ST",0.00,,Y,A,-,N,,,,,,,,,,N,2,0,1,2,A,-,05,21202,A,N,D,G,A,A,H,-,A,D,0,,Y,,,Y,,L,04,1,0,0,0,0,0,1,0,0,"- ","- ",,,"SAN FRANCISCO","SAN FRANCISCO",-122.42361995,37.739799920000003
6997902,2014,2015-08-05,3801,2014-08-06,1530,004349,CENTR,3,5,7,3801,0,0,0,,0,2CAR,"PINE ST","MONTGOMERY ST",0.00,,Y,A,-,N,,,,,,,,,,,2,0,1,2,A,-,11,21453,D,N,G,B,B,A,H,-,A,A,0,Y,,Y,,Y,,-,"- ",1,0,0,0,1,0,0,0,0,"- ","- ",,,"SAN FRANCISCO","SAN FRANCISCO",-122.40255000000001,37.791919929999999
7004025,2014,2015-08-11,3801,2014-06-20,1345,01846,MISSI,5,5,7,3801,0,0,0,,0,3D41C,"18TH ST","CHURCH ST",45.00,W,N,A,-,N,,,,,,,,,,N,2,0,1,1,A,-,03,22350,,N,F,I,A,A,H,-,A,D,0,,Y,,,Y,Y,L,04,1,0,0,0,0,0,1,0,0,"- ","- ",,,"SAN FRANCISCO","SAN FRANCISCO",-122.42853513999999,37.76128937
7004041,2014,2015-08-11,3801,2014-06-09,2007,195,NORTH,1,5,7,3801,0,0,0,,0,3E15D,FRANCISCO,POLK,0.00,,Y,A,-,N,,,,,,,,,,N,2,0,2,2,A,-,"- ",,,N,H,A,A,A,H,-,A,D,0,,Y,,,Y,,L,04,2,0,0,0,0,0,2,0,0,"- ","- ",,,"SAN FRANCISCO","SAN FRANCISCO",-122.42326994,37.803419910000002
7004045,2014,2015-08-11,3801,2014-06-12,1550,01922,SOUTH,4,5,7,3801,0,0,0,,0,3B3C,"HOWARD ST","HARRIET ST",0.00,,Y,A,-,N,,,,,,,,,,N,2,0,1,2,A,-,"- ",,,F,G,B,B,A,H,-,A,A,0,Y,Y,,,Y,,L,04,1,0,0,0,1,0,0,0,0,"- ","- ",,,"SAN FRANCISCO","SAN FRANCISCO",-122.40767989,37.779319999999998
7004084,2014,2015-09-28,3801,2014-10-28,1000,004279,,2,5,7,3801,0,0,0,,0,,"MONTEREY BL","MONTEREY BL 36",0.00,,N,A,-,N,,,,,,,,,,N,2,0,1,2,A,-,"- ",,,F,B,B,E,A,H,-,A,A,0,Y,Y,,,Y,,L,04,1,0,0,0,1,0,0,0,0,"- ","- ",,,"SAN FRANCISCO","SAN FRANCISCO",-122.43587852,37.731909129999998
7006415,2015,2016-01-26,3801,2015-11-22,0232,443,"CO H",7,5,7,3801,0,0,0,,0,4C1,"SAN JOSE AV","ARLINGTON ST",81.00,N,N,A,-,N,,,,,,,,,,Y,1,1,0,2,A,-,03,22350,,F,C,C,A,A,H,-,C,D,0,,,Y,,Y,,A,01,0,0,0,0,0,0,0,1,0,"- ","- ",,,"SAN FRANCISCO","SAN FRANCISCO",,
7006443,2015,2016-01-15,3801,2015-12-18,0220,2008,MISSI,5,5,7,3801,0,0,0,,0,3D13E,"MISSION ST","26TH ST",47.00,N,N,A,-,N,,,,,,,,,,N,1,1,0,2,A,-,03,22350,,F,G,B,D,A,H,-,C,A,0,Y,,,,Y,,-,,0,0,0,1,0,0,0,0,0,"- ","- ",,,"SAN FRANCISCO","SAN FRANCISCO",-122.41815484,37.749188580000002
7006546,2015,2015-12-30,3801,2015-11-04,1001,1626,NORTH,3,5,7,3801,0,0,0,,0,3E14A,"BUSH ST","BUCHANAN AV",0.00,,Y,A,-,N,,,,,,,,,,N,1,1,0,2,A,-,10,21950,A,N,G,B,B,A,H,-,A,A,0,Y,,,,Y,,A,01,0,0,0,1,0,0,0,0,0,"- ","- ",,,"SAN FRANCISCO","SAN FRANCISCO",-122.43014999,37.78743995
7006548,2015,2016-01-05,3801,2015-11-13,1851,13,TARAV,5,5,7,3801,0,0,0,,0,,"24TH AV","17TH AV",20.00,S,N,A,-,N,,,,,,,,,,Y,1,1,0,2,A,-,03,22350,,F,G,B,D,A,H,-,D,D,0,Y,,Y,,Y,,C,02,0,0,0,1,0,0,0,0,0,"- ","- ",,,"SAN FRANCISCO","SAN FRANCISCO",,
7008060,2014,2015-08-05,3801,2014-05-14,2103,2286,TARAV,3,5,7,3801,0,0,0,,0,0I3,"GREAT HWY","LAWTON ST",279.00,N,N,A,-,N,,,,,,,,,,Y,2,0,1,2,A,-,11,21954,A,N,G,B,D,A,H,-,D,D,0,Y,,,,Y,Y,N,60,1,0,0,0,1,0,0,0,0,"- ","- ",,,"SAN FRANCISCO","SAN FRANCISCO",-122.50955905000001,37.757302420000002
7009961,2014,2015-08-14,3801,2014-08-13,1542,001663,NORTH,3,5,7,3801,0,0,0,,0,3E13C,"VAN NESS AV","SACRAMENTO ST",45.00,S,N,A,-,N,,,,,,,,,,N,2,0,1,2,A,-,11,21955,,N,G,B,D,A,H,-,A,A,0,Y,,,,Y,,N,60,1,0,0,0,1,0,0,0,0,"- ","- ",,,"SAN FRANCISCO","SAN FRANCISCO",-122.42255763999999,37.791157660000003
7009973,2014,2015-11-03,3801,2014-08-02,2159,004305,,6,5,7,3801,0,0,0,,0,,"GEARY ST","POLK ST",0.00,,Y,A,-,N,,,,,,,,,,Y,2,0,2,4,D,-,00,,,N,C,B,F,A,H,-,C,A,0,Y,,,,Y,,-,"- ",1,0,1,0,1,0,0,0,0,"- ","- ",,,"SAN FRANCISCO","SAN FRANCISCO",-122.41973999,37.785899960000002
7010064,2014,2016-01-13,3801,2014-08-17,1813,004175,4K7D,7,5,7,3801,0,0,0,,0,,"MISSION ST","24TH ST",48.00,N,N,A,-,N,,,,,,,,,,,2,0,1,2,A,-,11,21955,,N,G,B,D,A,H,-,A,A,0,Y,,,,Y,Y,N,60,1,0,0,0,1,0,0,0,0,"- ","- ",,,"SAN FRANCISCO","SAN FRANCISCO",-122.4184994,37.75239165
7014882,2014,2015-08-12,3801,2014-07-31,2035,529,,4,5,7,3801,0,0,0,,0,3D11D,"CHURCH ST","15TH ST",0.00,,Y,A,-,N,,,,,,,,,,N,2,0,1,2,A,-,12,21453,A,N,D,G,A,A,H,-,B,A,0,,Y,,,Y,,A,01,1,0,0,0,0,0,1,0,0,"- ","- ",,,"SAN FRANCISCO","SAN FRANCISCO",-122.4287999,37.766129980000002
7014937,2014,2016-05-18,3801,2014-07-19,2359,001355,,6,5,7,3801,0,0,0,,0,3E15E,"LOMBARD ST","BUCHANAN ST",0.00,,Y,A,-,Y,SF,4,101,-,-,7.156,I,5,S,N,2,0,1,2,A,-,11,21453,D,N,G,B,B,A,H,-,C,A,0,Y,,,,Y,Y,N,60,1,0,0,0,1,0,0,0,0,"- ","- ",,,"SAN FRANCISCO","SAN FRANCISCO",-122.43278753,37.80024315
7014949,2014,2015-08-12,3801,2014-07-13,1655,002147,INGLE,7,5,7,3801,0,0,0,,0,3H11D,"ALEMANY BL","SENECA ST",0.00,,Y,A,-,N,,,,,,,,,,Y,2,0,1,2,A,-,12,21453,A,N,D,C,A,A,H,-,A,A,0,,,,,Y,,A,08,1,0,0,0,0,0,0,0,0,"- ","- ",,,"SAN FRANCISCO","SAN FRANCISCO",-122.44135993,37.71866
7015063,2014,2015-08-11,3801,2014-06-05,1300,002329,MISSI,4,5,7,3801,0,0,0,,0,005,"VALENCIA ST","14TH ST",0.00,,Y,A,-,N,,,,,,,,,,N,2,0,1,2,A,-,08,22101,D,N,D,G,A,A,H,-,A,A,0,,Y,,,Y,Y,L,04,1,0,0,0,0,0,1,0,0,"- ","- ",,,"SAN FRANCISCO","SAN FRANCISCO",-122.42217989,37.768149889999997
7015154,2014,2015-08-12,3801,2014-10-23,0530,002179,CENTR,4,5,7,3801,0,0,0,,0,4K5A,"EMBARCADERO NORTH ST","KEARNY ST",22.00,S,N,A,-,N,,,,,,,,,,N,2,0,1,2,A,-,11,21955,,N,G,B,D,A,H,-,C,A,0,Y,,,,Y,,N,60,1,0,0,0,1,0,0,0,0,"- ","- ",,,"SAN FRANCISCO","SAN FRANCISCO",-122.40720123,37.807361100000001
7015161,2014,2015-08-12,3801,2014-10-20,0606,1882,RICHM,1,5,7,3801,0,0,0,,0,3G60,"GEARY BL","10TH AV",0.00,,Y,A,-,N,,,,,,,,,,Y,2,0,1,2,A,-,10,21950,A,N,G,B,B,A,H,-,C,A,0,Y,,,,Y,,A,01,1,0,0,0,1,0,0,0,0,"- ","- ",,,"SAN FRANCISCO","SAN FRANCISCO",-122.46857991,37.780889909999999
7015168,2014,2015-08-12,3801,2014-10-14,2112,004330,MISSI,2,5,7,3801,0,0,0,,0,3D11D,"GUERRERO ST","14TH ST",29.00,N,N,A,-,N,,,,,,,,,,N,2,0,1,2,A,-,11,21453,D,N,D,B,E,A,H,-,C,A,0,Y,,,,Y,,N,60,1,0,0,0,1,0,0,0,0,"- ","- ",,,"SAN FRANCISCO","SAN FRANCISCO",-122.42441769,37.768099429999999
7015215,2014,2015-08-11,3801,2014-10-26,1645,1666,PARK,7,5,7,3801,0,0,0,,0,3CAR,"STANYAN ST","HAYES ST",0.00,,Y,A,-,N,,,,,,,,,,Y,2,0,1,2,A,-,03,22350,,N,D,C,A,A,H,-,A,A,0,,,Y,,Y,,C,02,1,0,0,0,0,0,0,0,1,"- ","- ",,,"SAN FRANCISCO","SAN FRANCISCO",-122.45429992,37.772869900000003
7015227,2014,2015-08-11,3801,2014-10-27,1916,1537,MISSI,1,5,7,3801,0,0,0,,0,3D11D,"FOLSOM ST","13TH ST",0.00,,Y,A,-,N,,,,,,,,,,Y,2,0,1,2,A,-,09,21801,A,F,A,C,A,A,H,-,C,A,0,,,Y,,Y,,A,07,1,0,0,0,0,0,0,0,1,"- ","- ",,,"SAN FRANCISCO","SAN FRANCISCO",-122.41558999,37.76952
7015261,2014,2015-08-13,3801,2014-10-10,1357,001299,INGLE,5,5,7,3801,0,0,0,,0,3H74,"DIAMOND ST","BOSWORTH ST",120.00,E,N,A,-,N,,,,,,,,,,N,2,0,1,2,A,-,11,21955,,N,G,B,D,A,H,-,A,D,0,Y,,,,Y,,N,60,1,0,0,0,1,0,0,0,0,"- ","- ",,,"SAN FRANCISCO","SAN FRANCISCO",-122.43404212999999,37.733882190000003
7015337,2014,2015-08-11,3801,2014-10-16,0807,1053,,4,5,7,3801,0,0,0,,0,,"HOLLOWAY AV","CARDENAS AV",0.00,,Y,A,-,N,,,,,,,,,,N,2,0,1,2,A,-,10,21950,A,N,G,B,B,A,H,-,A,D,0,Y,,,,Y,,A,01,1,0,0,0,1,0,0,0,0,"- ","- ",,,"SAN FRANCISCO","SAN FRANCISCO",-122.47702991,37.720789949999997
7025124,2015,2015-08-26,3801,2015-03-31,1756,1060,COB,2,5,7,3801,0,0,0,,0,3B11D,"THE EMBARCADERO SOUTH","HARRISON ST",0.00,,Y,A,-,N,,,,,,,,,,N,2,0,1,2,A,-,08,22107,,N,B,G,A,A,H,-,A,A,0,,Y,,,Y,,-,"- ",1,0,0,0,0,0,1,0,0,"- ","- ",,,"SAN FRANCISCO","SAN FRANCISCO",-122.38860987,37.789499990000003
7025322,2015,2015-08-21,3801,2015-04-17,2310,467,MISSI,5,5,7,3801,0,0,0,,0,3DIIE,"CASTRO ST","18TH ST",244.00,N,N,A,-,N,,,,,,,,,,Y,2,0,1,2,A,-,11,21955,,N,G,B,D,A,H,-,D,A,0,Y,,,,Y,Y,N,60,1,0,0,0,1,0,0,0,0,"- ","- ",,,"SAN FRANCISCO","SAN FRANCISCO",-122.43506465999999,37.76155833
7025338,2015,2015-08-21,3801,2015-04-12,1911,004267,TARAV,7,5,7,3801,0,0,0,,0,3112D,"LINCOLN WY","16TH AV",0.00,,Y,A,-,N,,,,,,,,,,Y,2,0,1,2,A,-,09,21801,A,N,D,C,A,A,H,-,B,D,0,,,Y,,Y,,A,07,1,0,0,0,0,0,0,0,1,"- ","- ",,,"SAN FRANCISCO","SAN FRANCISCO",-122.47406995,37.765589910000003
7025398,2015,2015-08-22,3801,2015-03-26,1830,004178,,4,5,7,3801,0,0,0,,0,4B3B,"WASHINGTON ST","MONTGOMERY ST",20.00,W,N,A,-,N,,,,,,,,,,Y,2,0,1,2,A,-,11,21453,D,N,G,B,B,A,H,-,C,A,0,Y,,,,Y,,N,60,1,0,0,0,1,0,0,0,0,"- ","- ",,,"SAN FRANCISCO","SAN FRANCISCO",-122.40336861999999,37.795522679999998
7025488,2015,2015-10-19,3801,2015-03-28,2500,1936,,6,5,7,3801,0,0,0,,0,4B71,"PACIFIC AV","MORRELL ST",75.00,E,N,A,-,N,,,,,,,,,,N,2,0,1,2,A,-,11,21954,A,N,G,B,D,A,H,-,A,A,0,Y,,,,Y,,N,60,1,0,0,0,1,0,0,0,0,"- ","- ",,,"SAN FRANCISCO","SAN FRANCISCO",-122.41887337,37.795391299999999
7025534,2015,2015-08-22,3801,2015-04-25,2039,000395,SOUTH,6,5,7,3801,0,0,0,,0,4B7D,"HOWARD ST","11TH ST",93.00,W,N,B,-,N,,,,,,,,,,Y,2,0,1,2,A,-,21,22106,,F,B,C,A,A,H,-,C,A,0,,,Y,,Y,,C,02,1,0,0,0,0,0,0,0,1,"- ","- ",,,"SAN FRANCISCO","SAN FRANCISCO",-122.41579124,37.77293444
7025543,2015,2015-08-22,3801,2015-04-10,1604,50,,5,5,7,3801,0,0,0,,0,005,"6TH ST","HARRISON ST",26.00,S,N,A,-,N,,,,,,,,,,N,2,0,1,3,A,-,11,21954,A,N,G,B,D,A,H,-,A,A,0,Y,,,,Y,,N,60,1,0,0,0,1,0,0,0,0,"- ","- ",,,"SAN FRANCISCO","SAN FRANCISCO",-122.40401717,37.777258860000003
7025556,2015,2015-08-22,3801,2015-04-21,1820,001994,SOUTH,2,5,7,3801,0,0,0,,0,4B4B,"EMBARCADERO SOUTH ST","DON CHEE WY",420.00,N,N,A,-,N,,,,,,,,,,N,2,0,1,2,A,-,11,21456,B,N,-,B,C,A,H,-,A,A,0,Y,,,,Y,,N,60,1,0,0,0,1,0,0,0,0,"- ","- ",,,"SAN FRANCISCO","SAN FRANCISCO",-122.39431679,37.794995530000001
7025565,2015,2015-08-22,3801,2015-04-20,0556,2000,BAYVI,1,5,7,3801,0,0,0,,0,3C11A,"JERROLD AV","UPTON AV",0.00,,Y,A,-,N,,,,,,,,,,N,2,0,1,2,A,-,11,21955,,F,G,B,D,A,H,-,D,D,0,Y,,,,Y,Y,N,60,1,0,0,0,1,0,0,0,0,"- ","- ",,,"SAN FRANCISCO","SAN FRANCISCO",-122.40031987,37.744979970000003
7025888,2014,2015-08-14,3801,2014-08-27,1948,1836,3H,3,5,7,3801,0,0,0,,0,3H16D,"SAN JOSE ST","CAPISTRANO AV",0.00,,Y,A,-,N,,,,,,,,,,Y,2,0,1,3,A,-,03,22350,,N,E,E,A,A,H,-,C,D,0,,,Y,,Y,,C,02,1,0,0,0,0,0,0,0,1,"- ","- ",,,"SAN FRANCISCO","SAN FRANCISCO",-122.43845998,37.72992996
7027518,2015,2015-08-21,3801,2015-04-25,0412,000126,RICHM,6,5,7,3801,0,0,0,,0,3G68,"MARTIN LUTHER KING JR DR","CHAIN OF LAKES DR",383.00,W,N,B,C,N,,,,,,,,,,Y,2,0,1,1,A,-,03,22350,,N,E,I,A,B,H,-,D,D,0,,,,,Y,,-,,1,0,0,0,0,0,0,0,0,"- ","- ",,,"SAN FRANCISCO","SAN FRANCISCO",-122.50217852999999,37.765095219999999
7027520,2015,2015-08-24,3801,2015-04-09,1500,2126,SOUTH,4,5,7,3801,0,0,0,,0,,"6TH ST","NATOMA ST",0.00,,Y,A,-,N,,,,,,,,,,Y,2,0,3,2,A,-,09,21802,A,N,-,C,A,A,H,-,A,A,0,,,,,Y,,A,01,1,1,1,0,0,0,0,0,0,"- ","- ",,,"SAN FRANCISCO","SAN FRANCISCO",-122.40766993,37.7801799
7027549,2015,2015-08-21,3801,2015-04-17,0822,1043,INGLE,5,5,7,3801,0,0,0,,0,4B5H,"ALEMANY BL","LYELL ST",0.00,,Y,A,-,N,,,,,,,,,,N,2,0,1,2,A,-,09,21801,A,N,D,G,A,A,H,-,A,A,0,,Y,,,Y,,L,04,1,0,0,0,0,0,1,0,0,"- ","- ",,,"SAN FRANCISCO","SAN FRANCISCO",-122.43122998,37.730609940000001
7027585,2015,2015-08-27,3801,2015-04-14,1833,004341,TARAV,2,5,7,3801,0,0,0,,0,3115D,"SKYLINE BL","HERBST ST",0.00,,Y,A,-,N,,,,,,,,,,Y,2,0,3,4,A,-,03,22350,,N,C,C,A,A,H,-,A,A,0,,,,,Y,,A,01,1,0,2,0,0,0,0,0,0,"- ","- ",,,"SAN FRANCISCO","SAN FRANCISCO",-122.50175,37.728569999999998
7029207,2015,2015-08-27,3801,2015-06-28,1645,04302,BAYVI,7,5,7,3801,0,0,0,,0,3C13D,"3RD ST","WALLACE AV",3.00,N,N,A,-,N,,,,,,,,,,N,2,0,1,2,A,-,11,21453,D,N,G,B,B,A,H,-,A,A,0,Y,,,,Y,,N,60,1,0,0,0,1,0,0,0,0,"- ","- ",,,"SAN FRANCISCO","SAN FRANCISCO",-122.39299758999999,37.728538020000002
7029224,2015,2015-08-27,3801,2015-06-25,0100,2313,TENDE,4,5,7,3801,0,0,0,,0,3J12E,"TURK ST","LEAVENWORTH ST",21.00,W,N,A,-,N,,,,,,,,,,N,2,0,1,2,A,-,11,21955,,F,G,B,D,A,H,-,C,A,0,Y,,,,Y,,N,60,1,0,0,0,1,0,0,0,0,"- ","- ",,,"SAN FRANCISCO","SAN FRANCISCO",-122.41411159,37.78279002
7029236,2015,2016-06-16,3801,2015-06-24,1342,4246,B,3,5,7,3801,0,0,0,,0,005,"BRANNAN ST","4TH ST",105.00,W,N,A,-,N,,,,,,,,,,Y,2,0,1,2,A,-,08,22102,,N,D,C,A,A,H,-,A,A,0,,,Y,,Y,,A,01,1,0,0,0,0,0,0,0,1,"- ","- ",,,"SAN FRANCISCO","SAN FRANCISCO",-122.39679697,37.778126030000003
7029263,2015,2016-02-10,3801,2015-06-11,2225,00443,CENTR,4,5,7,3801,0,0,0,,0,4C1,"TAYLOR ST","WATER ST",63.00,S,N,B,-,N,,,,,,,,,,Y,2,0,3,4,A,-,01,23152,A,N,G,B,D,A,H,-,C,D,0,Y,,Y,,Y,Y,C,02,1,2,0,0,1,0,0,0,2,"- ","- ",,,"SAN FRANCISCO","SAN FRANCISCO",-122.41498326,37.804029399999997
7029272,2015,2015-08-27,3801,2015-06-02,2232,2287,SOUTH,2,5,7,3801,0,0,0,,0,3B60,"8TH ST","MISSION ST",8.00,N,N,A,-,N,,,,,,,,,,N,2,0,1,2,A,-,10,21950,A,F,G,B,B,A,H,-,C,A,0,Y,,,,Y,,A,01,1,0,0,0,1,0,0,0,0,"- ","- ",,,"SAN FRANCISCO","SAN FRANCISCO",-122.4131795,37.777475600000002
7029291,2015,2016-11-03,3801,2015-06-06,2125,01310,NORTH,6,5,7,3801,0,0,0,,0,3E13E,"VAN NESS AV","WASHINGTON ST",9.00,N,N,B,-,Y,SF,4,101,-,-,6.130,I,5,S,Y,2,0,1,2,A,-,11,21453,D,N,A,B,B,A,H,-,C,A,0,Y,,,,Y,Y,N,60,1,0,0,0,1,0,0,0,0,"- ","- ",,,"SAN FRANCISCO","SAN FRANCISCO",-122.42299302000001,37.793076859999999
7029317,2015,2015-08-26,3801,2015-06-28,1406,1939,MISSI,7,5,7,3801,0,0,0,,0,3D16A,"21ST ST","BRYANT ST",37.00,E,N,A,-,N,,,,,,,,,,N,2,0,1,2,A,-,08,22107,,N,B,G,A,A,H,-,A,D,0,,Y,,,Y,Y,A,07,1,0,0,0,0,0,1,0,0,"- ","- ",,,"SAN FRANCISCO","SAN FRANCISCO",-122.40947238,37.757598059999999
7029859,2015,2016-07-07,3801,2015-06-27,0255,01660,NORTH,6,5,7,3801,0,0,0,,0,3E14E,"MARKET ST","CHURCH ST",0.00,,Y,A,-,N,,,,,,,,,,N,2,0,1,2,A,-,00,20001,A,F,C,G,A,A,H,-,C,A,0,,Y,,,Y,,A,01,1,0,0,0,0,0,1,0,0,"- ","- ",,,"SAN FRANCISCO","SAN FRANCISCO",-122.42893989,37.767609890000003
7032743,2015,2016-06-15,3801,2015-05-12,1353,441,MISSI,2,5,7,3801,0,0,0,,0,4B8D,"16TH ST","POTRERO AV",0.00,,Y,A,-,N,,,,,,,,,,N,2,0,1,3,A,-,12,21453,A,F,G,B,B,A,H,-,A,A,0,Y,,,,Y,,A,01,1,0,0,0,1,0,0,0,0,"- ","- ",,,"SAN FRANCISCO","SAN FRANCISCO",-122.40755998,37.765769929999998
7032808,2015,2015-08-20,3801,2015-05-12,2018,001994,SOUTH,2,5,7,3801,0,0,0,,0,4B4B,"6TH ST","FOLSOM ST",0.00,,Y,A,-,N,,,,,,,,,,Y,2,0,3,4,A,-,12,21453,A,N,D,C,A,A,H,-,C,A,0,,Y,,,Y,Y,A,01,1,0,2,0,0,0,1,0,0,"- ","- ",,,"SAN FRANCISCO","SAN FRANCISCO",-122.40559986,37.778500000000001