CASE_ID,ACCIDENT_YEAR,PROC_DATE,JURIS,COLLISION_DATE,COLLISION_TIME,OFFICER_ID,REPORTING_DISTRICT,DAY_OF_WEEK,CHP_SHIFT,POPULATION,CNTY_CITY_LOC,SPECIAL_COND,BEAT_TYPE,CHP_BEAT_TYPE,CITY_DIVISION_LAPD,CHP_BEAT_CLASS,BEAT_NUMBER,PRIMARY_RD,SECONDARY_RD,DISTANCE,DIRECTION,INTERSECTION,WEATHER_1,WEATHER_2,STATE_HWY_IND,CALTRANS_COUNTY,CALTRANS_DISTRICT,STATE_ROUTE,ROUTE_SUFFIX,POSTMILE_PREFIX,POSTMILE,LOCATION_TYPE,RAMP_INTERSECTION,SIDE_OF_HWY,TOW_AWAY,COLLISION_SEVERITY,NUMBER_KILLED,NUMBER_INJURED,PARTY_COUNT,PRIMARY_COLL_FACTOR,PCF_CODE_OF_VIOL,PCF_VIOL_CATEGORY,PCF_VIOLATION,PCF_VIOL_SUBSECTION,HIT_AND_RUN,TYPE_OF_COLLISION,MVIW,PED_ACTION,ROAD_SURFACE,ROAD_COND_1,ROAD_COND_2,LIGHTING,CONTROL_DEVICE,CHP_ROAD_TYPE,PEDESTRIAN_ACCIDENT,BICYCLE_ACCIDENT,MOTORCYCLE_ACCIDENT,TRUCK_ACCIDENT,NOT_PRIVATE_PROPERTY,ALCOHOL_INVOLVED,STWD_VEHTYPE_AT_FAULT,CHP_VEHTYPE_AT_FAULT,COUNT_SEVERE_INJ,COUNT_VISIBLE_INJ,COUNT_COMPLAINT_PAIN,COUNT_PED_KILLED,COUNT_PED_INJURED,COUNT_BICYCLIST_KILLED,COUNT_BICYCLIST_INJURED,COUNT_MC_KILLED,COUNT_MC_INJURED,PRIMARY_RAMP,SECONDARY_RAMP,LATITUDE,LONGITUDE,COUNTY,CITY,POINT_X,POINT_Y
7032821,2015,2015-08-20,3801,2015-05-26,2246,004333,BAYVI,2,5,7,3801,0,0,0,,0,001,"KANSAS ST","26TH ST",0.00,,Y,A,-,N,,,,,,,,,,N,2,0,1,2,A,-,08,22107,,F,D,J,A,A,H,-,C,A,0,,,,,Y,,A,07,1,0,0,0,0,0,0,0,0,"- ","- ",,,"SAN FRANCISCO","SAN FRANCISCO",-122.40220986,37.750599989999998
7032903,2015,2016-11-03,3801,2015-05-08,2331,001295,TARAV,5,5,7,3801,0,0,0,,0,3I15E,"RT 280","JOHN DALY BL",116.00,N,N,A,-,Y,SM,4,280,-,R,27.340,H,-,N,Y,2,0,3,2,A,-,01,23153,A,F,A,C,A,A,H,-,C,A,0,,,,,Y,Y,A,01,1,1,1,0,0,0,0,0,0,"- ","- ",,,"SAN FRANCISCO","SAN FRANCISCO",-122.46985444000001,37.707083040000001
7032921,2015,2015-08-20,3801,2015-05-17,1205,120,COA,7,5,7,3801,0,0,0,,0,4B6C,"EMBARCADERO NORTH ST","BROADWAY ST",0.00,,Y,B,-,N,,,,,,,,,,Y,2,0,1,2,A,-,09,21453,C,N,D,C,A,A,H,-,A,A,0,,,Y,,Y,,A,07,1,0,0,0,0,0,0,0,1,"- ","- ",,,"SAN FRANCISCO","SAN FRANCISCO",-122.39754796,37.799283869999996
7034561,2015,2015-08-22,3801,2015-01-13,1749,2396,,2,5,7,3801,0,0,0,,0,3C38E,"3RD ST","PALOU AV",0.00,,Y,A,-,N,,,,,,,,,,N,2,0,4,4,B,-,22,,,N,C,C,A,A,H,-,B,A,0,,,,,Y,,-,"- ",1,0,3,0,0,0,0,0,0,"- ","- ",,,"SAN FRANCISCO","SAN FRANCISCO",-122.3910599,37.734039940000002
7034570,2015,2015-08-22,3801,2015-01-14,0956,2334,SOUTH,3,5,7,3801,0,0,0,,0,,"HARRISON ST","3RD ST",30.00,E,N,A,-,N,,,,,,,,,,N,2,0,1,2,A,-,06,21755,A,N,H,G,A,A,H,-,A,A,0,,Y,,,Y,,L,04,1,0,0,0,0,0,1,0,0,"- ","- ",,,"SAN FRANCISCO","SAN FRANCISCO",-122.39731755,37.782609039999997
7034575,2015,2015-08-22,3801,2015-01-12,2206,001404,MISSI,1,5,7,3801,0,0,0,,0,901,"POTRERO AV","25TH ST",34.00,N,N,A,-,N,,,,,,,,,,Y,2,0,1,2,C,-,18,,,N,C,C,A,A,H,-,C,A,0,,,,,Y,,-,"- ",1,0,0,0,0,0,0,0,0,"- ","- ",,,"SAN FRANCISCO","SAN FRANCISCO",-122.40620736,37.751833220000002
7034638,2015,2015-08-26,3801,2015-01-26,1623,4084,TARAV,1,5,7,3801,0,0,0,,0,901,"27TH AV",MORAGA,0.00,N,N,A,-,N,,,,,,,,,,Y,2,0,1,2,C,-,18,,,N,G,B,A,A,H,-,A,A,0,,,,,Y,,-,"- ",1,0,0,0,0,0,0,0,0,"- ","- ",,,"SAN FRANCISCO","SAN FRANCISCO",-122.48515992999999,37.755729950000003
7034766,2015,2016-05-02,3801,2015-02-18,1555,2328,MISSI,3,5,7,3801,0,0,0,,0,901,"MISSION ST","26TH ST",0.00,,Y,A,-,N,,,,,,,,,,Y,2,0,1,3,D,-,00,,,N,D,D,A,A,H,-,A,A,0,,Y,Y,,Y,,-,"- ",1,0,0,0,0,0,0,0,1,"- ","- ",,,"SAN FRANCISCO","SAN FRANCISCO",-122.41813993,37.749059950000003
7035091,2015,2015-08-22,3801,2015-02-28,2109,2454,INGLE,6,5,7,3801,0,0,0,,0,3H13D,"ALEMANY BL","CONGDON ST",0.00,,Y,A,-,N,,,,,,,,,,Y,2,0,2,1,A,-,01,23153,A,N,E,I,A,A,H,-,C,A,0,,,,,Y,Y,A,,1,0,1,0,0,0,0,0,0,"- ","- ",,,"SAN FRANCISCO","SAN FRANCISCO",-122.42618988,37.731169940000001
7035125,2014,2015-08-28,3801,2014-12-12,0039,2287,TENDE,5,5,7,3801,0,0,0,,0,3J60,"TURK ST","TAYLOR ST",6.00,W,N,C,-,N,,,,,,,,,,N,2,0,1,2,A,-,10,21950,A,F,G,B,B,B,H,-,C,A,0,Y,,,,Y,,D,22,1,0,0,0,1,0,0,0,0,"- ","- ",,,"SAN FRANCISCO","SAN FRANCISCO",-122.41080049999999,37.783207359999999
7035206,2014,2015-08-24,3801,2014-12-02,2005,1445,SOUTH,2,5,7,3801,0,0,0,,0,3B4D,"7TH ST","BRANNAN ST",0.00,,Y,C,-,N,,,,,,,,,,N,2,0,1,2,A,-,10,21950,A,N,G,B,B,B,H,-,C,A,0,Y,,,,Y,,A,07,1,0,0,0,1,0,0,0,0,"- ","- ",,,"SAN FRANCISCO","SAN FRANCISCO",-122.40320996,37.773049980000003
7035212,2014,2015-08-24,3801,2014-12-03,1705,1546,RICHM,3,5,7,3801,0,0,0,,0,3G15D,"ANZA ST","42ND AV",0.00,,Y,B,-,N,,,,,,,,,,N,2,0,1,2,A,-,09,21802,A,N,D,G,A,A,H,-,A,A,0,,Y,,,Y,,L,04,1,0,0,0,0,0,1,0,0,"- ","- ",,,"SAN FRANCISCO","SAN FRANCISCO",-122.50275988999999,37.777329950000002
7035302,2014,2015-08-21,3801,2014-12-04,2059,1939,RICHM,4,5,7,3801,0,0,0,,0,4K3F,"GREAT HWY","JOHN F KENNEDY DR",99.00,S,N,B,-,N,,,,,,,,,,Y,2,0,1,2,A,-,11,21954,A,N,G,B,E,B,H,-,C,A,0,Y,,,,Y,,N,60,1,0,0,0,1,0,0,0,0,"- ","- ",,,"SAN FRANCISCO","SAN FRANCISCO",-122.51090879,37.770200000000003
7035611,2015,2016-05-06,3801,2015-01-22,0650,804,NORTH,4,5,7,3801,0,0,0,,0,3E4A,"FRANKLIN ST","JACKSON ST",45.00,N,N,A,-,N,,,,,,,,,,N,2,0,1,2,A,-,11,21950,B,N,G,B,D,A,H,-,C,D,0,Y,,,,Y,,N,60,1,0,0,0,1,0,0,0,0,"- ","- ",,,"SAN FRANCISCO","SAN FRANCISCO",-122.42470360999999,37.793852190000003
7035884,2014,2015-08-24,3801,2014-11-14,1812,1334,TARAV,5,5,7,3801,0,0,0,,0,3I16D,"JUNIPERO SERRA BL","MERCEDES WY",0.00,,Y,A,-,N,,,,,,,,,,N,2,0,1,2,A,-,10,21950,A,N,G,B,B,A,H,-,C,A,0,Y,,,,Y,,A,01,1,0,0,0,1,0,0,0,0,"- ","- ",,,"SAN FRANCISCO","SAN FRANCISCO",-122.47198992,37.726849940000001
7035932,2014,2016-02-29,3801,2014-11-17,0819,175,BAYVI,1,5,7,3801,0,0,0,,0,01C,"MISSISSIPPI ST","18TH ST",64.00,S,N,A,-,N,,,,,,,,,,Y,2,0,1,4,A,-,13,22515,A,N,B,B,A,A,H,-,A,D,0,,,,,Y,,A,07,1,0,0,0,0,0,0,0,0,"- ","- ",,,"SAN FRANCISCO","SAN FRANCISCO",-122.39460069,37.762524849999998
7036506,2014,2015-08-25,3801,2014-12-08,2300,4301,NORTH,1,5,7,3801,0,0,0,,0,3E15,"POLK ST","BROADWAY ST",0.00,,Y,A,-,N,,,,,,,,,,N,2,0,1,2,A,-,09,21801,A,N,D,G,A,A,H,-,C,A,0,,Y,,,Y,,A,01,1,0,0,0,0,0,1,0,0,"- ","- ",,,"SAN FRANCISCO","SAN FRANCISCO",-122.42175989,37.795939959999998
7037765,2014,2015-08-26,3801,2014-11-01,0055,002003,CENTR,6,5,7,3801,0,0,0,,0,3A11E,"SUTTER ST","LEAVENWORTH ST",169.00,W,N,A,-,N,,,,,,,,,,N,2,0,1,2,A,-,11,21955,,N,G,B,E,A,H,-,C,D,0,Y,,,,Y,,N,60,1,0,0,0,1,0,0,0,0,"- ","- ",,,"SAN FRANCISCO","SAN FRANCISCO",-122.41575813999999,37.788309069999997
7038568,2015,2016-12-20,3801,2015-07-22,1153,1031,NORTH,3,5,7,3801,0,0,0,,0,3E14C,"VAN NESS AV","CALIFORNIA AV",0.00,,Y,A,-,Y,SF,4,101,-,-,5.940,I,5,N,N,2,0,1,2,A,-,10,21950,A,N,G,B,B,A,H,-,A,A,0,Y,,,,Y,,A,01,1,0,0,0,1,0,0,0,0,"- ","- ",,,"SAN FRANCISCO","SAN FRANCISCO",-122.42223781,37.790377710000001
7038604,2015,2017-01-21,3801,2015-07-27,0100,4341,INGLE,1,5,7,3801,0,0,0,,0,5CAR,"GENEVA AV","SAN JOSE AV",0.00,,Y,A,-,Y,SF,4,280,-,R,1.851,R,4,N,Y,2,0,1,2,A,-,12,21453,A,F,D,C,A,A,H,-,C,A,0,,,,,Y,,A,08,1,0,0,0,0,0,0,0,0,"- ","- ",,,"SAN FRANCISCO","SAN FRANCISCO",-122.44726962,37.724100200000002
7038663,2015,2015-08-27,3801,2015-07-29,1800,001614,MISSI,3,5,7,3801,0,0,0,,0,902,"17TH ST","MISSION ST",30.00,E,N,A,-,N,,,,,,,,,,N,2,0,1,2,A,-,17,22517,,N,-,G,A,A,H,-,A,D,0,,Y,,,Y,,A,01,1,0,0,0,0,0,1,0,0,"- ","- ",,,"SAN FRANCISCO","SAN FRANCISCO",-122.4193965,37.7634264
7038686,2015,2015-08-31,3801,2015-07-16,1813,878,SOUTH,4,5,7,3801,0,0,0,,0,001,"MARKET ST","2ND ST",0.00,,Y,A,-,N,,,,,,,,,,N,2,0,1,2,A,-,10,21950,A,N,G,B,B,A,H,-,A,A,0,Y,,,,Y,,A,01,1,0,0,0,1,0,0,0,0,"- ","- ",,,"SAN FRANCISCO","SAN FRANCISCO",-122.40139995,37.789239940000002
7038706,2015,2015-08-29,3801,2015-07-18,2202,912,CENTR,6,5,7,3801,0,0,0,,0,3A14E,"EMBARCADERO NORTH ST","GREEN ST",0.00,,Y,A,-,N,,,,,,,,,,Y,2,0,5,2,A,-,01,23152,A,N,C,C,A,A,H,-,C,A,0,,,,,Y,Y,A,01,1,1,3,0,0,0,0,0,0,"- ","- ",,,"SAN FRANCISCO","SAN FRANCISCO",-122.39904463000001,37.800955340000002
7041156,2015,2015-09-01,3801,2015-03-18,2046,004175,INGLE,3,5,7,3801,0,0,0,,0,4B7H,"MONTEREY BL","FOERSTER ST",210.00,W,N,A,-,N,,,,,,,,,,,2,0,1,2,A,-,09,21801,A,N,D,C,A,A,H,-,C,D,0,,,Y,,Y,,A,01,1,0,0,0,0,0,0,0,1,"- ","- ",,,"SAN FRANCISCO","SAN FRANCISCO",-122.44959638,37.731549999999999
7041428,2015,2015-09-03,3801,2015-05-06,0208,1333,NORTH,3,5,7,3801,0,0,0,,0,3E12E,"MCALLISTER ST","POLK ST",0.00,,Y,A,-,N,,,,,,,,,,N,2,0,1,2,A,-,12,21453,A,N,D,G,A,A,H,-,C,A,0,,Y,,,Y,,L,04,1,0,0,0,0,0,1,0,0,"- ","- ",,,"SAN FRANCISCO","SAN FRANCISCO",-122.41859999,37.780269910000001
7044572,2015,2015-09-10,3801,2015-07-22,2130,1130,BAYVI,3,5,7,3801,0,0,0,,0,002,BAYSHORE,"FLOWER ST",100.00,S,N,A,-,N,,,,,,,,,,N,2,0,1,1,A,-,"- ",,,N,H,-,A,A,H,-,C,D,0,,Y,,,Y,,L,04,1,0,0,0,0,0,1,0,0,"- ","- ",,,"SAN FRANCISCO","SAN FRANCISCO",-122.40583263000001,37.74226668
7045650,2015,2015-09-15,3801,2015-06-09,1642,001922,SOUTH,2,5,7,3801,0,0,0,,0,901,"MARKET ST","POWELL ST",0.00,,Y,A,-,N,,,,,,,,,,N,2,0,1,2,A,-,11,21955,,N,C,B,D,A,H,-,A,A,0,Y,Y,,,Y,,N,60,1,0,0,0,1,0,0,0,0,"- ","- ",,,"SAN FRANCISCO","SAN FRANCISCO",-122.40756154,37.784391599999999
7050645,2015,2015-09-19,3801,2015-08-22,2158,4042,,6,5,7,3801,0,0,0,,0,3H63,"MISSION ST","CESAR CHAVEZ ST",0.00,,Y,A,-,N,,,,,,,,,,N,2,0,2,3,A,-,03,22350,,F,G,B,D,A,H,-,C,D,0,Y,,,,Y,,D,22,1,0,1,0,2,0,0,0,0,"- ","- ",,,"SAN FRANCISCO","SAN FRANCISCO",-122.41814991,37.748179919999998
7050682,2015,2015-09-26,3801,2015-08-26,1615,001967,CENTR,3,5,7,3801,0,0,0,,0,3A15D,"TAYLOR ST","CALIFORNIA ST",0.00,,Y,A,-,N,,,,,,,,,,Y,2,0,3,2,A,-,08,22101,D,N,A,C,A,A,H,-,A,A,0,,,,Y,Y,,F,26,2,0,1,0,0,0,0,0,0,"- ","- ",,,"SAN FRANCISCO","SAN FRANCISCO",-122.41245997,37.791609989999998
7052256,2015,2015-09-18,3801,2015-08-03,1838,1938,TARAV,1,5,7,3801,0,0,0,,0,3116D,"VERNON ST","RANDOLPH ST",0.00,,Y,A,-,N,,,,,,,,,,N,2,0,1,1,A,-,03,22350,,N,C,E,A,A,H,-,A,D,0,,Y,,,Y,,L,04,1,0,0,0,0,0,1,0,0,"- ","- ",,,"SAN FRANCISCO","SAN FRANCISCO",-122.46800995,37.71426992
7052317,2015,2015-12-31,3801,2015-08-14,0135,001272,SOUTH,5,5,7,3801,0,0,0,,0,3B14E,"MISSION ST","9TH ST",18.00,W,N,A,-,N,,,,,,,,,,N,1,1,0,2,A,-,10,21950,A,N,G,B,B,A,H,-,C,A,0,Y,,,,Y,,A,01,0,0,0,1,0,0,0,0,0,"- ","- ",,,"SAN FRANCISCO","SAN FRANCISCO",-122.41476297,37.776204190000001
7052385,2015,2015-09-21,3801,2015-08-17,1744,000878,SOUTH,1,5,7,3801,0,0,0,,0,002,"HARRISON ST","OAK GROVE ST",100.00,E,N,A,-,N,,,,,,,,,,Y,2,0,1,3,A,-,07,21658,A,N,B,C,A,A,H,-,A,D,0,,,Y,,Y,,A,01,1,0,0,0,0,0,0,0,1,"- ","- ",,,"SAN FRANCISCO","SAN FRANCISCO",-122.4027195,37.77834756
7052400,2015,2015-09-18,3801,2015-08-22,1929,537,PARK,6,5,7,3801,0,0,0,,0,3F12D,"KEZAR DR","JOHN F KENNEDY DR",359.00,S,N,A,-,N,,,,,,,,,,N,2,0,1,1,A,-,03,22350,,N,H,A,A,A,H,-,B,D,0,,Y,,,Y,,L,04,1,0,0,0,0,0,1,0,0,"- ","- ",,,"SAN FRANCISCO","SAN FRANCISCO",-122.4552253,37.769929220000002
7060045,2015,2015-10-13,3801,2015-08-25,0730,1043,SOUTH,2,5,7,3801,0,0,0,,0,4B2C,"6TH ST","STEVENSON ST",7.00,N,N,B,-,N,,,,,,,,,,Y,2,0,1,2,A,-,10,21950,A,N,G,B,D,A,H,-,A,D,0,Y,,,,Y,,A,01,1,0,0,0,1,0,0,0,0,"- ","- ",,,"SAN FRANCISCO","SAN FRANCISCO",-122.40968755999999,37.781783249999997
7060128,2015,2015-10-10,3801,2015-09-09,2144,155,SOUTH,3,5,7,3801,0,0,0,,0,002,"6TH ST","HARRISON ST",0.00,,Y,A,-,N,,,,,,,,,,N,2,0,1,2,A,-,11,21955,,N,G,B,D,A,H,-,C,A,0,Y,,,,Y,,N,60,1,0,0,0,1,0,0,0,0,"- ","- ",,,"SAN FRANCISCO","SAN FRANCISCO",-122.4040799,37.77730992
7089776,2015,2015-10-10,3801,2015-09-12,1400,1160,3G13D,6,5,7,3801,0,0,0,,0,901,"GEARY BL","PARK PRESIDIO BL",0.00,,Y,-,-,N,,,,,,,,,,N,2,0,1,2,D,-,00,,,N,G,B,B,-,-,-,-,-,0,Y,,,,Y,,-,"- ",1,0,0,0,1,0,0,0,0,"- ","- ",,,"SAN FRANCISCO","SAN FRANCISCO",-122.47233988000001,37.780719959999999
7089791,2015,2015-10-10,3801,2015-09-13,2245,2035,TARAV,7,5,7,3801,0,0,0,,0,3I16D,"SAN JOSE AV","RICE ST",0.00,,Y,A,B,N,,,,,,,,,,N,2,0,1,2,A,-,10,21950,A,F,G,B,B,A,H,-,C,D,0,Y,,,,Y,,-,99,1,0,0,0,1,0,0,0,0,"- ","- ",,,"SAN FRANCISCO","SAN FRANCISCO",-122.4582599,37.708989930000001
7094263,2015,2016-02-01,3801,2015-12-01,0905,2226,MISSI,2,5,7,3801,0,0,0,,0,4B106,"16TH ST","UTAH ST",0.00,,Y,A,-,N,,,,,,,,,,N,2,0,1,2,A,-,06,21755,,N,D,C,A,A,H,-,A,A,0,,,Y,,Y,,C,02,1,0,0,0,0,0,0,0,1,"- ","- ",,,"SAN FRANCISCO","SAN FRANCISCO",-122.40654999,37.765839970000002
7094373,2015,2016-02-16,3801,2015-12-26,1747,4214,CENTR,6,5,7,3801,0,0,0,,0,4B8A,"THE EMBARCADERO",BROADWAY,298.00,S,N,B,-,N,,,,,,,,,,Y,2,0,11,2,A,-,08,22107,,N,B,C,A,A,H,-,C,D,0,,,,,Y,,A,07,1,0,10,0,0,0,0,0,0,"- ","- ",,,"SAN FRANCISCO","SAN FRANCISCO",-122.39747018,37.798399879999998
7100056,2015,2016-07-20,3801,2015-09-04,1513,1420,TARAV,5,5,7,3801,0,0,0,,0,1513,"GREAT HWY","SLOAT BL",318.00,S,N,G,-,N,,,,,,,,,,N,2,0,1,2,C,-,18,,,N,G,B,D,A,H,-,A,D,0,Y,,,,Y,,-,"- ",1,0,0,0,1,0,0,0,0,"- ","- ",,,"SAN FRANCISCO","SAN FRANCISCO",-122.50684819,37.734677470000001
7100309,2015,2015-10-08,3801,2015-09-19,2022,001362,RICHM,6,5,7,3801,0,0,0,,0,001,"MARTIN LUTHER KING JR DR","CROSSOVER DR",0.00,,Y,A,-,N,,,,,,,,,,Y,2,0,1,2,A,-,09,21801,A,N,A,G,A,A,H,-,C,A,0,,Y,,,Y,,A,01,1,0,0,0,0,0,1,0,0,"- ","- ",,,"SAN FRANCISCO","SAN FRANCISCO",-122.47737995999999,37.766039999999997
7100315,2015,2015-10-08,3801,2015-09-19,0535,1574,NORTH,6,5,7,3801,0,0,0,,0,3E13E,"FRANKLIN ST","STARR KING ST",20.00,N,N,A,-,N,,,,,,,,,,N,2,0,1,2,A,-,11,21453,D,N,D,B,B,A,H,-,C,A,0,Y,,,,Y,,N,60,1,0,0,0,1,0,0,0,0,"- ","- ",,,"SAN FRANCISCO","SAN FRANCISCO",-122.42285103,37.784611349999999
7100824,2014,2015-12-16,3801,2014-04-29,2202,A10077,SOUTH,2,5,7,3801,0,0,0,,0,3B11E,"MARKET ST","FREMONT ST",0.00,,Y,A,-,N,,,,,,,,,,N,2,0,1,2,A,-,08,22102,,N,B,G,A,A,H,-,C,A,0,,Y,,,Y,Y,-,,1,0,0,0,0,0,1,0,0,"- ","- ",,,"SAN FRANCISCO","SAN FRANCISCO",-122.39833993000001,37.791689890000001
7100865,2014,2015-12-16,3801,2014-04-13,1442,2260,NORTH,7,5,7,3801,0,0,0,,0,3E1A,"GEARY BL",GOUGH,268.00,W,N,A,-,N,,,,,,,,,,N,2,0,1,2,A,-,11,21956,A,N,G,B,D,A,H,-,A,D,0,Y,,,,Y,,N,60,1,0,0,0,1,0,0,0,0,"- ","- ",,,"SAN FRANCISCO","SAN FRANCISCO",-122.42561058,37.785349920000002
7100928,2014,2015-12-17,3801,2014-05-27,2200,001889,PARK,2,5,7,3801,0,0,0,,0,3F13E,"MASONIC AV","OAK ST",0.00,,Y,A,-,N,,,,,,,,,,N,2,0,1,2,A,-,10,21950,A,N,G,B,B,A,H,-,C,A,0,Y,,,,Y,,A,01,1,0,0,0,1,0,0,0,0,"- ","- ",,,"SAN FRANCISCO","SAN FRANCISCO",-122.44574996,37.772079900000001
7100990,2014,2015-12-24,3801,2014-12-05,1516,002388,TENDE,5,5,7,3801,0,0,0,,0,3J1D,"TURK ST","TAYLOR ST",6.00,E,N,A,F,N,,,,,,,,,,N,2,0,1,2,A,-,11,21453,D,N,G,B,B,A,H,-,A,A,0,Y,,,,Y,,N,60,1,0,0,0,1,0,0,0,0,"- ","- ",,,"SAN FRANCISCO","SAN FRANCISCO",-122.41075945999999,37.783212460000001
7101075,2015,2016-01-14,3801,2015-11-04,0020,001660,COB,3,5,7,3801,0,0,0,,0,3B12E,"6TH ST","MINNA ST",0.00,,Y,A,-,N,,,,,,,,,,N,2,0,1,2,A,-,11,21954,A,F,G,B,E,A,H,-,C,A,0,Y,,,,Y,Y,N,60,1,0,0,0,1,0,0,0,0,"- ","- ",,,"SAN FRANCISCO","SAN FRANCISCO",-122.40812986,37.78054994
7101158,2015,2016-01-08,3801,2015-11-12,1720,546,,4,5,7,3801,0,0,0,,0,4B7H,"CESAR CHAVEZ ST","BRYANT ST",0.00,,Y,A,-,N,,,,,,,,,,N,2,0,1,2,A,-,12,21453,A,N,D,G,A,A,H,-,A,A,0,,Y,,,Y,,L,04,1,0,0,0,0,0,1,0,0,"- ","- ",,,"SAN FRANCISCO","SAN FRANCISCO",-122.40872,37.748369920000002
7101274,2015,2016-01-08,3801,2015-11-13,0928,1116,CENTR,5,5,7,3801,0,0,0,,0,3A11A,"MARKET ST","3RD ST",0.00,,Y,A,-,N,,,,,,,,,,N,2,0,2,2,A,-,11,21954,A,N,D,-,D,A,H,-,A,A,0,Y,Y,,,Y,,N,60,2,0,0,0,1,0,1,0,0,"- ","- ",,,"SAN FRANCISCO","SAN FRANCISCO",-122.40345987000001,37.78765989
7101275,2015,2016-01-08,3801,2015-11-15,1501,1498,TARAV,7,5,7,3801,0,0,0,,0,3I15B,"TARAVAL ST","41ST AV",0.00,,Y,A,-,N,,,,,,,,,,N,2,0,1,2,A,-,09,21802,B,N,D,C,A,A,H,-,A,A,0,,,Y,,Y,,A,01,1,0,0,0,0,0,0,0,1,"- ","- ",,,"SAN FRANCISCO","SAN FRANCISCO",-122.49925995,37.742009940000003
7101388,2015,2016-01-12,3801,2015-11-18,1723,000013,,3,5,7,3801,0,0,0,,0,4B7G,"MONTEREY BL","VALDEZ AV",0.00,,Y,A,-,N,,,,,,,,,,N,2,0,1,2,A,-,10,21950,A,N,G,B,B,A,H,-,C,D,0,Y,,,,Y,,A,01,1,0,0,0,1,0,0,0,0,"- ","- ",,,"SAN FRANCISCO","SAN FRANCISCO",-122.45576989,37.731369999999998
7101579,2015,2016-01-13,3801,2015-10-28,1815,1597,,3,5,7,3801,0,0,0,,0,3EBD,"VAN NESS AV","BUSH ST",0.00,,Y,A,-,N,,,,,,,,,,N,2,0,1,2,A,-,03,22350,,N,C,C,A,A,H,-,A,A,0,,,Y,,Y,,C,03,1,0,0,0,0,0,0,0,1,"- ","- ",,,"SAN FRANCISCO","SAN FRANCISCO",-122.42202996,37.788469890000002
7101669,2015,2016-01-13,3801,2015-12-07,0115,1438,SOUTH,1,5,7,3801,0,0,0,,0,3CAR,"6TH ST","HARRISON ST",97.00,S,N,A,-,N,,,,,,,,,,Y,2,0,2,1,A,-,03,22350,,N,E,J,A,B,H,-,C,A,0,,,,,Y,Y,A,01,2,0,0,0,0,0,0,0,0,"- ","- ",,,"SAN FRANCISCO","SAN FRANCISCO",-122.40384561,37.777119220000003
7101743,2015,2016-01-25,3801,2015-11-22,1539,01994,,7,5,7,3801,0,0,0,,0,4B3B,"CALIFORNIA AV","JONES ST",0.00,,Y,A,-,N,,,,,,,,,,Y,2,0,1,2,A,-,09,21801,A,N,D,C,A,A,H,-,A,A,0,,,Y,,Y,Y,A,08,1,0,0,0,0,0,0,0,1,"- ","- ",,,"SAN FRANCISCO","SAN FRANCISCO",-122.41410994,37.79141989
7110766,2015,2015-11-16,3801,2015-10-17,0430,4269,INGLE,6,5,7,3801,0,0,0,,0,3H13E,"MISSION ST","RICHLAND AV",45.00,N,N,A,-,N,,,,,,,,,,Y,2,0,1,1,A,-,03,22350,,N,E,I,A,A,H,-,C,D,0,,,,,Y,,A,01,1,0,0,0,0,0,0,0,0,"- ","- ",,,"SAN FRANCISCO","SAN FRANCISCO",-122.42445016000001,37.736059509999997
7110806,2015,2015-11-14,3801,2015-10-28,0140,1836,3A14E,3,5,7,3801,0,0,0,,0,03A,"SUTTER ST","TAYLOR ST",0.00,,Y,A,-,N,,,,,,,,,,N,2,0,1,3,C,-,18,,,N,G,B,D,A,H,-,C,D,0,Y,,,,Y,Y,-,"- ",1,0,0,0,1,0,0,0,0,"- ","- ",,,"SAN FRANCISCO","SAN FRANCISCO",-122.41187988999999,37.788809980000003
7110819,2015,2017-01-25,3801,2015-10-25,1235,1671,NORTH,7,5,7,3801,0,0,0,,0,3B44,"VAN NESS AV","WASHINGTON ST",0.00,,Y,A,-,Y,SF,4,101,-,-,6.150,H,-,S,N,2,0,1,2,A,-,04,21703,,M,C,C,A,A,H,-,A,A,0,,,Y,,Y,,C,02,1,0,0,0,0,0,0,0,1,"- ","- ",,,"SAN FRANCISCO","SAN FRANCISCO",-122.42305075,37.793364699999998
7110854,2015,2015-11-16,3801,2015-10-16,1143,4360,BAYVI,5,5,7,3801,0,0,0,,0,002,"BAYSHORE BL","BAYSHORE BL 221",0.00,,Y,A,-,N,,,,,,,,,,N,2,0,1,2,A,-,17,21712,A,F,H,B,E,A,H,-,A,D,0,Y,,,,Y,,A,01,1,0,0,0,1,0,0,0,0,"- ","- ",,,"SAN FRANCISCO","SAN FRANCISCO",-122.40434825,37.744533400000002
7110924,2015,2015-11-16,3801,2015-10-21,1447,1693,BAYVI,3,5,7,3801,0,0,0,,0,3C13A,"NEWCOMB AV","LA SALLE AV",115.00,W,N,A,-,N,,,,,,,,,,Y,2,0,1,1,A,-,03,22350,,N,E,I,A,A,H,-,A,D,0,,,Y,,Y,,C,02,1,0,0,0,0,0,0,0,1,"- ","- ",,,"SAN FRANCISCO","SAN FRANCISCO",-122.38547560000001,37.732970000000002
7157833,2015,2016-08-10,3801,2015-11-11,1131,120,CO1,3,5,7,3801,0,0,0,,0,4B61,"SKYLINE BL","JOHN MUIR DR",0.00,,Y,A,-,N,,,,,,,,,,Y,2,0,3,2,A,-,03,22350,,N,A,C,A,A,H,-,A,A,0,,,,,Y,,E,22,1,0,2,0,0,0,0,0,0,"- ","- ",,,"SAN FRANCISCO","SAN FRANCISCO",-122.5003399,37.718949989999999