CASE_ID,ACCIDENT_YEAR,PROC_DATE,JURIS,COLLISION_DATE,COLLISION_TIME,OFFICER_ID,REPORTING_DISTRICT,DAY_OF_WEEK,CHP_SHIFT,POPULATION,CNTY_CITY_LOC,SPECIAL_COND,BEAT_TYPE,CHP_BEAT_TYPE,CITY_DIVISION_LAPD,CHP_BEAT_CLASS,BEAT_NUMBER,PRIMARY_RD,SECONDARY_RD,DISTANCE,DIRECTION,INTERSECTION,WEATHER_1,WEATHER_2,STATE_HWY_IND,CALTRANS_COUNTY,CALTRANS_DISTRICT,STATE_ROUTE,ROUTE_SUFFIX,POSTMILE_PREFIX,POSTMILE,LOCATION_TYPE,RAMP_INTERSECTION,SIDE_OF_HWY,TOW_AWAY,COLLISION_SEVERITY,NUMBER_KILLED,NUMBER_INJURED,PARTY_COUNT,PRIMARY_COLL_FACTOR,PCF_CODE_OF_VIOL,PCF_VIOL_CATEGORY,PCF_VIOLATION,PCF_VIOL_SUBSECTION,HIT_AND_RUN,TYPE_OF_COLLISION,MVIW,PED_ACTION,ROAD_SURFACE,ROAD_COND_1,ROAD_COND_2,LIGHTING,CONTROL_DEVICE,CHP_ROAD_TYPE,PEDESTRIAN_ACCIDENT,BICYCLE_ACCIDENT,MOTORCYCLE_ACCIDENT,TRUCK_ACCIDENT,NOT_PRIVATE_PROPERTY,ALCOHOL_INVOLVED,STWD_VEHTYPE_AT_FAULT,CHP_VEHTYPE_AT_FAULT,COUNT_SEVERE_INJ,COUNT_VISIBLE_INJ,COUNT_COMPLAINT_PAIN,COUNT_PED_KILLED,COUNT_PED_INJURED,COUNT_BICYCLIST_KILLED,COUNT_BICYCLIST_INJURED,COUNT_MC_KILLED,COUNT_MC_INJURED,PRIMARY_RAMP,SECONDARY_RAMP,LATITUDE,LONGITUDE,COUNTY,CITY,POINT_X,POINT_Y
7157936,2014,2016-01-15,3801,2014-07-17,0855,1887,TRAFF,4,5,7,3801,0,0,0,,0,4K1C,"JONES ST","PINE ST",4.00,S,N,B,-,N,,,,,,,,,,N,2,0,1,2,A,-,10,21950,A,N,G,B,B,A,H,-,A,A,0,Y,,,,Y,,A,07,1,0,0,0,1,0,0,0,0,"- ","- ",,,"SAN FRANCISCO","SAN FRANCISCO",-122.41389774,37.790449160000001
7157990,2014,2016-01-15,3801,2014-08-02,2200,4305,,6,5,7,3801,0,0,0,,0,,"GEARY ST","POLK ST",0.00,,Y,A,-,N,,,,,,,,,,Y,2,0,1,3,D,-,00,,,N,C,B,A,A,H,-,C,A,0,,,,,Y,,-,"- ",1,0,0,0,0,0,0,0,0,"- ","- ",,,"SAN FRANCISCO","SAN FRANCISCO",-122.41973999,37.785899960000002
7161175,2014,2016-01-15,3801,2014-10-04,1008,1043,MISSI,6,5,7,3801,0,0,0,,0,4B1H,"HARRISON ST","16TH ST",0.00,,Y,A,-,N,,,,,,,,,,Y,2,0,2,2,A,-,09,21801,A,N,A,C,A,A,H,-,A,A,0,,,Y,,Y,,A,01,1,0,1,0,0,0,0,0,1,"- ","- ",,,"SAN FRANCISCO","SAN FRANCISCO",-122.41314996,37.765449940000003
7173495,2016,2016-02-10,3801,2016-01-20,2122,1576,,3,5,7,3801,0,0,0,,0,004,"PORTOLA DR","14TH AV",282.00,S,N,B,-,N,,,,,,,,,,Y,2,0,1,1,A,-,08,22107,,N,E,I,A,A,H,-,C,D,0,,,,,Y,,-,,1,0,0,0,0,0,0,0,0,"- ","- ",,,"SAN FRANCISCO","SAN FRANCISCO",-122.46903695,37.736876180000003
7173587,2016,2016-02-12,3801,2016-01-25,1841,004264,BAYVI,1,5,7,3801,0,0,0,,0,3C12D,"WILLIAMS AV","APOLLO ST",26.00,S,N,A,-,N,,,,,,,,,,Y,2,0,2,3,A,-,01,23152,A,F,G,B,B,A,H,-,C,D,0,Y,,,,Y,Y,A,01,1,0,1,0,2,0,0,0,0,"- ","- ",,,"SAN FRANCISCO","SAN FRANCISCO",-122.39889149,37.73015736
7173694,2016,2016-02-11,3801,2016-01-04,1915,1514,TARAV,1,5,7,3801,0,0,0,,0,006,"JULES AV","GRAFTON AV",0.00,,Y,C,-,N,,,,,,,,,,N,2,0,1,2,A,-,10,21950,A,F,G,B,B,B,H,-,C,A,0,Y,,,,Y,,A,01,1,0,0,0,1,0,0,0,0,"- ","- ",,,"SAN FRANCISCO","SAN FRANCISCO",-122.46123989,37.719999989999998
7173701,2016,2016-02-11,3801,2016-01-24,1345,256,NORTH,7,5,7,3801,0,0,0,,0,4B4B,"LOMBARD ST","SCOTT ST",0.00,,Y,A,-,N,,,101,,,,,,,Y,2,0,1,2,A,-,09,21801,B,N,D,C,A,A,H,-,A,A,0,,,Y,,Y,,C,02,1,0,0,0,0,0,0,0,0,"- ","- ",37.799140000000001,-122.44110999999999,"SAN FRANCISCO","SAN FRANCISCO",-122.44111522,37.799176860000003
7190007,2016,2016-02-19,3801,2016-01-16,1300,2260,NORTH,6,5,7,3801,0,0,0,,0,4CAR,"POST ST","DIVISADERO ST",8.00,E,N,A,-,N,,,,,,,,,,Y,1,1,0,2,A,-,10,21950,A,N,G,B,B,A,H,-,A,A,0,Y,,,,Y,,I,10,0,0,0,1,0,0,0,0,0,"- ","- ",,,"SAN FRANCISCO","SAN FRANCISCO",-122.43964268000001,37.784313599999997
7190090,2016,2018-09-26,3801,2016-03-10,1229,000868,,4,5,7,3801,0,0,0,,0,4B2E,"SUNSET BL","NORIEGA ST",0.00,,Y,C,-,N,,,,,,,,,,Y,1,1,0,2,A,-,11,21456,B,N,G,B,B,B,H,-,A,A,0,Y,,,,Y,,N,60,0,0,0,1,0,0,0,0,0,"- ","- ",,,"SAN FRANCISCO","SAN FRANCISCO",-122.49531996,37.7534299
7190214,2016,2016-06-17,3801,2016-04-27,1207,1171,SOUTH,3,5,7,3801,0,0,0,,0,3B1D,"THE EMBARCADERO","BRYANT ST",0.00,,Y,A,-,N,,,,,,,,,,Y,1,1,2,2,A,-,03,22350,,N,D,C,A,A,H,-,A,A,0,,,,,Y,,A,01,1,0,1,0,0,0,0,0,0,"- ","- ",37.787059999999997,-122.38760000000001,"SAN FRANCISCO","SAN FRANCISCO",-122.38800995,37.787089950000002
7190215,2016,2016-06-22,3801,2016-05-10,2225,1730,TARAV,2,5,7,3801,0,0,0,,0,4B8G,"BROTHERHOOD WY","JUNIPERO SERRA BL",0.00,,-,B,-,N,,,,,,,,,,Y,1,1,1,2,A,-,01,23152,A,N,G,B,C,A,H,-,C,D,0,Y,,Y,,Y,Y,C,02,1,0,0,1,0,0,0,0,1,"- ","- ",,,"SAN FRANCISCO","SAN FRANCISCO",-122.47136996,37.712809989999997
7190238,2016,2016-07-27,3801,2016-06-09,1049,1171,NORTH,4,5,7,3801,0,0,0,,0,4B1D,"FRANKLIN ST","GEARY BL",7.00,S,N,A,B,N,,,,,,,,,,Y,1,1,0,2,A,-,11,21453,D,N,G,B,B,A,H,-,A,A,0,Y,,,,Y,,N,60,0,0,0,1,0,0,0,0,0,"- ","- ",37.785620000000002,-122.423,"SAN FRANCISCO","SAN FRANCISCO",-122.42301596999999,37.785461040000001
7190375,2016,2016-09-26,3801,2016-08-17,1428,256,INGLE,3,5,7,3801,0,0,0,,0,4B8H,"JUDSON AV","EDNA ST",160.00,E,N,A,-,N,,,,,,,,,,Y,1,1,1,3,A,-,05,21650,,N,A,C,A,A,H,-,A,D,0,,,,,Y,,A,01,0,0,1,0,0,0,0,0,0,"- ","- ",37.728250000000003,-122.44682,"SAN FRANCISCO","SAN FRANCISCO",-122.44601686,37.728279999999998
7193202,2016,2016-04-13,3801,2016-03-25,0928,004301,NORTH,5,5,7,3801,0,0,0,,0,3E61,"FILLMORE ST","CLAY ST",0.00,,Y,A,-,N,,,,,,,,,,N,2,0,1,2,A,-,10,21950,A,N,G,B,B,A,H,-,A,A,0,Y,,,,Y,,A,01,1,0,0,0,1,0,0,0,0,"- ","- ",,,"SAN FRANCISCO","SAN FRANCISCO",-122.43418997000001,37.790719979999999
7193258,2016,2016-04-13,3801,2016-03-05,2303,2105,NORTH,6,5,7,3801,0,0,0,,0,3E11E,"FRANKLIN ST","HAYES ST",5.00,N,N,C,-,N,,,,,,,,,,N,2,0,2,3,A,-,10,21950,A,N,G,B,B,B,H,-,C,A,0,Y,,,,Y,,A,01,1,0,1,0,2,0,0,0,0,"- ","- ",,,"SAN FRANCISCO","SAN FRANCISCO",-122.42134231999999,37.777093610000001
7199858,2016,2016-12-08,3801,2016-06-25,1420,256,INGLE,6,5,7,3801,0,0,0,,0,4B8H,"SAN JOSE AV","ROUSSEAU ST",115.00,S,N,A,-,N,,,,,,,,,,N,1,1,0,1,D,-,00,,,N,H,-,A,A,H,-,A,D,0,,Y,,,Y,,-,"- ",0,0,0,0,0,1,0,0,0,"- ","- ",37.734229999999997,-122.43038,"SAN FRANCISCO","SAN FRANCISCO",-122.43079192,37.733738539999997
7200071,2017,2017-05-11,3801,2017-03-01,1844,546,INGLE,3,5,7,3801,0,0,0,,0,4B7H,"MISSION ST","NEY ST",0.00,,Y,A,-,N,,,,,,,,,,Y,1,1,0,2,A,-,10,21950,A,N,G,B,B,A,H,-,C,D,0,Y,,,,Y,,A,01,0,0,0,1,0,0,0,0,0,"- ","- ",37.729930000000003,-122.42992,"SAN FRANCISCO","SAN FRANCISCO",-122.43000996000001,37.730009920000001
7200160,2016,2017-06-23,3801,2016-12-11,0854,991,SOUTH,7,5,7,3801,0,0,0,,0,4B2B,"HARRISON ST","8TH ST",0.00,,Y,B,-,N,,,,,,,,,,N,1,1,0,2,A,-,12,21453,A,N,D,G,A,A,H,-,-,A,0,,Y,,,Y,,L,04,0,0,0,0,0,1,0,0,0,"- ","- ",37.773809999999997,-122.40825,"SAN FRANCISCO","SAN FRANCISCO",-122.40852993999999,37.77375997
7202027,2016,2016-03-07,3801,2016-02-17,0518,2105,NORTH,3,5,7,3801,0,0,0,,0,3E11E,"STEINER ST","PAGE ST",34.00,S,N,A,-,N,,,,,,,,,,N,2,0,1,4,A,-,07,21658,A,F,B,G,A,A,H,-,C,D,0,,Y,,,Y,,-,,1,0,0,0,0,0,1,0,0,"- ","- ",,,"SAN FRANCISCO","SAN FRANCISCO",-122.4322604,37.772737900000003
7202304,2016,2017-02-11,3801,2016-01-23,1130,1609,NORTH,6,5,7,3801,0,0,0,,0,3E13A,"VAN NESS","POST ST",6.00,N,N,B,-,Y,SF,4,101,-,-,5.670,I,5,N,N,2,0,2,3,A,-,12,21453,A,N,G,B,B,A,H,-,A,A,0,Y,,,,Y,,-,,1,1,0,0,2,0,0,0,0,"- ","- ",,,"SAN FRANCISCO","SAN FRANCISCO",-122.42148206,37.786642739999998
7202535,2014,2016-04-25,3801,2014-05-04,1615,125,COB,7,5,7,3801,0,0,0,,0,3B13D,"MISSION ST","6TH ST",0.00,,Y,A,-,N,,,,,,,,,,N,2,0,1,2,A,-,17,22517,,N,H,G,A,A,H,-,A,A,0,,Y,,,Y,Y,-,,1,0,0,0,0,0,1,0,0,"- ","- ",,,"SAN FRANCISCO","SAN FRANCISCO",-122.40868999,37.78097992
7203053,2016,2016-03-07,3801,2016-02-09,1317,000740,CENTR,2,5,7,3801,0,0,0,,0,3A11C,"BROADWAY ST","SANSOME ST",0.00,,Y,A,-,N,,,,,,,,,,Y,2,0,1,2,A,-,09,21801,A,N,D,C,A,A,H,-,A,A,0,,,Y,,Y,,A,01,1,0,0,0,0,0,0,0,1,"- ","- ",,,"SAN FRANCISCO","SAN FRANCISCO",-122.40222993,37.798449939999998
7203085,2016,2016-03-07,3801,2016-02-05,1935,001375,CO1,5,5,7,3801,0,0,0,,0,3I16D,"SAGAMORE ST","ORIZABA AV",230.00,E,N,A,-,N,,,,,,,,,,N,2,0,1,2,A,-,03,22350,,F,B,B,E,A,H,-,C,D,0,Y,,,,Y,,A,01,1,0,0,0,1,0,0,0,0,"- ","- ",,,"SAN FRANCISCO","SAN FRANCISCO",-122.46179539000001,37.711373610000003
8008879,2017,2018-03-28,3801,2017-06-14,1155,A21305,3801,3,5,7,3801,0,0,0,,0,3A11B,"GEARY ST","LARKIN ST",0.00,,Y,A,-,N,,,,,,,,,,,2,0,1,2,A,-,17,21208,B,N,D,G,A,A,H,-,A,A,0,,Y,,,Y,,L,04,1,0,0,0,0,0,1,0,0,"- ","- ",,,"SAN FRANCISCO","SAN FRANCISCO",-122.4181099,37.786109889999999
8015246,2016,2016-04-14,3801,2016-03-29,1245,1445,NORTH,2,5,7,3801,0,0,0,,0,3E5C,"VAN NESS AV","SUTTER ST",0.00,,Y,A,-,N,,,,,,,,,,N,2,0,1,2,A,-,10,21950,A,N,G,B,B,A,H,-,A,A,0,Y,,,,Y,,A,07,1,0,0,0,1,0,0,0,0,"- ","- ",,,"SAN FRANCISCO","SAN FRANCISCO",-122.42183987,37.787529919999997
8042825,2016,2016-05-17,3801,2016-03-19,1230,518,INGLE,6,5,7,3801,0,0,0,,0,4B6H,"SAN JOSE AV",DIAMOND,5.00,E,N,A,-,N,,,,,,,,,,N,2,0,1,1,A,-,03,22350,,N,-,G,A,A,-,-,A,A,0,,Y,,,Y,,L,04,1,0,0,0,0,0,1,0,0,"- ","- ",,,"SAN FRANCISCO","SAN FRANCISCO",-122.43450344,37.732329149999998
8046741,2016,2016-05-25,3801,2016-04-02,1800,2483,NORTH,6,5,7,3801,0,0,0,,0,3E12D,"BROADWAY ST","LAGUNA ST",0.00,,Y,A,-,N,,,,,,,,,,N,2,0,1,2,A,-,17,22517,,N,B,G,A,A,H,-,A,D,0,,Y,,,Y,,A,01,1,0,0,0,0,0,1,0,0,"- ","- ",,,"SAN FRANCISCO","SAN FRANCISCO",-122.42997997000001,37.794889920000003
8046787,2016,2016-05-18,3801,2016-04-29,0950,000358,COA,5,5,7,3801,0,0,0,,0,3A13A,"BROADWAY ST","LARKIN ST",0.00,,Y,A,-,N,,,,,,,,,,N,2,0,1,2,A,-,10,21950,A,N,G,B,B,A,H,-,A,A,0,Y,,,,Y,,A,01,1,0,0,0,1,0,0,0,0,"- ","- ",,,"SAN FRANCISCO","SAN FRANCISCO",-122.42012991999999,37.796219999999998
8049681,2016,2016-06-08,3801,2016-05-01,0247,1530,,7,5,7,3801,0,0,0,,0,,"GEARY BL","FUNSTON ST",126.00,E,N,A,-,N,,,,,,,,,,Y,2,0,1,3,A,-,03,22350,,N,B,C,A,A,H,-,C,A,0,,,Y,,Y,,C,02,1,0,0,0,0,0,0,0,1,"- ","- ",,,"SAN FRANCISCO","SAN FRANCISCO",-122.47135435,37.780765989999999
8052056,2016,2016-06-09,3801,2016-04-20,2311,001324,SOUTH,3,5,7,3801,0,0,0,,0,4C4,"MISSION ST","LASKIE ST",116.00,W,N,A,-,N,,,,,,,,,,Y,2,0,3,4,A,-,01,23152,E,N,C,B,E,A,H,-,C,D,0,Y,,,,Y,,A,01,1,2,0,0,2,0,0,0,0,"- ","- ",,,"SAN FRANCISCO","SAN FRANCISCO",-122.41440277,37.776493780000003
8052659,2016,2016-06-07,3801,2016-05-12,0755,2355,MISSI,4,5,7,3801,0,0,0,,0,3D11A,"17TH ST","CHURCH ST",15.00,W,N,A,-,N,,,,,,,,,,N,2,0,1,1,A,-,"- ",,,N,H,G,A,A,H,-,A,A,0,,Y,,,Y,,L,04,1,0,0,0,0,0,1,0,0,"- ","- ",,,"SAN FRANCISCO","SAN FRANCISCO",-122.42856179,37.762877189999998
8052660,2016,2016-06-07,3801,2016-05-20,2107,4124,INGLE,5,5,7,3801,0,0,0,,0,3H11D,BOSWORTH,"CHILTON AV",89.00,E,N,A,-,N,,,,,,,,,,N,2,0,2,1,A,-,03,22350,,N,H,A,A,A,H,-,C,A,0,,Y,,,Y,Y,L,04,1,1,0,0,0,0,2,0,0,"- ","- ",,,"SAN FRANCISCO","SAN FRANCISCO",-122.43635870999999,37.733989780000002
8052675,2016,2016-06-07,3801,2016-05-27,0033,1246,MISSI,5,5,7,3801,0,0,0,,0,3D13E,"MISSION ST","20TH ST",90.00,N,N,A,-,N,,,,,,,,,,N,2,0,1,3,A,-,11,21955,,N,G,B,D,A,H,-,C,A,0,Y,,,Y,Y,Y,N,60,1,0,0,0,1,0,0,0,0,"- ","- ",,,"SAN FRANCISCO","SAN FRANCISCO",-122.41906686999999,37.758876319999999
8076478,2016,2016-08-22,3801,2016-06-14,1728,1994,MISSI,2,5,7,3801,0,0,0,,0,4B3B,"POTRERO AV","16TH ST",0.00,,Y,A,-,N,,,,,,,,,,Y,2,0,1,3,A,-,11,21456,B,N,G,B,D,A,H,-,A,A,0,Y,,,,Y,,N,60,1,0,0,0,1,0,0,0,0,"- ","- ",37.765819999999998,-122.40748000000001,"SAN FRANCISCO","SAN FRANCISCO",-122.40755998,37.765769929999998
8079063,2016,2016-07-12,3801,2016-06-13,1715,720,TENDE,1,5,7,3801,0,0,0,,0,3J11D,"MARKET ST","8TH ST",26.00,W,N,A,-,N,,,,,,,,,,N,2,0,1,2,A,-,11,21955,,N,G,B,D,A,H,-,A,A,0,Y,,,,Y,,N,60,1,0,0,0,1,0,0,0,0,"- ","- ",,,"SAN FRANCISCO","SAN FRANCISCO",-122.41482541000001,37.778660940000002
8079093,2016,2016-07-12,3801,2016-06-12,0150,1073,BAYVI,7,5,7,3801,0,0,0,,0,3C13E,"3RD ST","ARTHUR AV",130.00,S,N,A,-,N,,,,,,,,,,Y,2,0,1,1,B,-,22,,,N,F,J,A,A,H,-,C,D,0,,,Y,,Y,Y,C,02,1,0,0,0,0,0,0,0,1,"- ","- ",,,"SAN FRANCISCO","SAN FRANCISCO",-122.38726991999999,37.745844290000001
8079109,2016,2016-08-02,3801,2016-06-16,1035,002411,SOUTH,4,5,7,3801,0,0,0,,0,,"9TH ST","MINNA ST",0.00,,Y,A,-,N,,,,,,,,,,N,2,0,1,2,A,-,11,21954,A,F,G,B,D,A,H,-,A,D,0,Y,,,,Y,,N,60,1,0,0,0,1,0,0,0,0,"- ","- ",,,"SAN FRANCISCO","SAN FRANCISCO",-122.41417,37.775799960000001
8079125,2016,2016-07-12,3801,2016-06-22,0931,444,,3,5,7,3801,0,0,0,,0,6TI,"9TH ST","AVENUE H",0.00,,Y,A,-,N,,,,,,,,,,Y,2,0,1,2,A,-,12,22450,A,F,D,C,A,A,H,-,A,D,0,,,,,Y,Y,-,,1,0,0,0,0,0,0,0,0,"- ","- ",,,"SAN FRANCISCO","SAN FRANCISCO",-122.36993997,37.825239969999998
8079153,2016,2016-07-12,3801,2016-06-28,1812,004302,BAYVI,2,5,7,3801,0,0,0,,0,3C15D,"BAYSHORE BL","INDUSTRIAL AV",0.00,,Y,A,-,N,,,,,,,,,,Y,2,0,1,2,A,-,12,21453,A,F,A,C,A,A,H,-,A,A,0,,,Y,,Y,,A,01,1,0,0,0,0,0,0,0,1,"- ","- ",,,"SAN FRANCISCO","SAN FRANCISCO",-122.40696,37.737999940000002
8079334,2016,2016-08-31,3801,2016-06-14,0855,2293,SOUTH,2,5,7,3801,0,0,0,,0,3B12A,"MISSION ST","4TH ST",0.00,,Y,A,-,N,,,,,,,,,,Y,2,0,1,2,A,-,"- ",,,N,C,C,A,A,H,-,A,D,0,,,,,Y,,-,,1,0,0,0,0,0,0,0,0,"- ","- ",,,"SAN FRANCISCO","SAN FRANCISCO",-122.40425995,37.78451991
8079363,2016,2016-07-12,3801,2016-06-08,0020,1058,MISSI,3,5,7,3801,0,0,0,,0,3D13E,"MISSION ST","24TH ST",0.00,,Y,A,-,N,,,,,,,,,,Y,2,0,2,2,A,-,12,21453,A,M,D,C,A,A,H,-,C,A,0,,,Y,,Y,,C,02,1,0,1,0,0,0,0,0,1,"- ","- ",,,"SAN FRANCISCO","SAN FRANCISCO",-122.41848989,37.752259899999999
8089477,2016,2017-02-18,3801,2016-08-16,0930,002265,SOUTH,2,5,7,3801,0,0,0,,0,3B16D,"4TH ST","HARRISON ST",0.00,,Y,A,-,Y,SF,4,80,-,-,4.914,R,4,W,N,2,0,1,2,A,-,10,21950,A,F,G,B,B,A,H,-,A,A,0,Y,,,,Y,,A,01,1,0,0,0,1,0,0,0,0,"- ","- ",,,"SAN FRANCISCO","SAN FRANCISCO",-122.39801713,37.781236569999997
8098247,2016,2016-08-17,3801,2016-07-18,1326,001714,NTHRN,1,5,7,3801,0,0,0,,0,4B6I,"POST ST","WEBSTER ST",0.00,,Y,B,-,N,,,,,,,,,,Y,2,0,5,3,A,-,12,21453,A,F,D,C,A,A,H,-,A,A,0,,,,,Y,,A,01,1,1,3,0,0,0,0,0,0,"- ","- ",,,"SAN FRANCISCO","SAN FRANCISCO",-122.43142996,37.785359900000003
8101291,2016,2016-08-17,3801,2016-07-11,0715,2008,RICHM,1,5,7,3801,0,0,0,,0,3G68,"POINT LOBOS AV","43RD AV",0.00,,Y,A,-,N,,,,,,,,,,N,2,0,1,2,A,-,10,21950,A,N,G,B,B,A,H,-,B,A,0,Y,,,,Y,,A,01,1,0,0,0,1,0,0,0,0,"- ","- ",,,"SAN FRANCISCO","SAN FRANCISCO",-122.50400986,37.779719929999999
8101352,2016,2016-08-17,3801,2016-07-04,2227,2419,COA,1,5,7,3801,0,0,0,,0,3A4,"BAY ST","POWELL ST",0.00,,Y,B,-,N,,,,,,,,,,N,2,0,1,2,A,-,10,21950,A,N,G,B,B,A,H,-,C,A,0,Y,,,,Y,,A,01,1,0,0,0,1,0,0,0,0,"- ","- ",,,"SAN FRANCISCO","SAN FRANCISCO",-122.41193995,37.80583996
8102418,2016,2016-08-17,3801,2016-07-27,1330,002339,PRKSN,3,5,7,3801,0,0,0,,0,3F12D,"ROMAIN ST","CORBETT ST",325.00,E,N,A,-,N,,,,,,,,,,N,2,0,1,2,A,-,03,22350,,N,D,E,A,A,H,-,A,D,0,,,,,Y,,A,01,1,0,0,0,0,0,0,0,0,"- ","- ",,,"SAN FRANCISCO","SAN FRANCISCO",-122.44195938,37.7559665
8102442,2016,2016-08-17,3801,2016-07-17,1742,546,IGLSD,7,5,7,3801,0,0,0,,0,"4 CAR","ALEMANY BL","ROUSSEAU ST",0.00,,Y,B,-,N,,,,,,,,,,Y,2,0,2,2,A,-,09,21801,A,N,D,C,A,A,H,-,A,D,0,,,,,Y,,A,01,1,1,0,0,0,0,0,0,0,"- ","- ",37.731029999999997,-122.42935,"SAN FRANCISCO","SAN FRANCISCO",-122.42960991,37.731039930000001
8103598,2016,2016-08-17,3801,2016-07-21,1822,899,CENTR,4,5,7,3801,0,0,0,,0,4B3E,"COLUMBUS AV","STOCKTON ST",5.00,,N,A,-,N,,,,,,,,,,N,2,0,1,2,A,-,10,21950,A,N,G,B,B,A,H,-,A,A,0,Y,,,,Y,,I,10,1,0,0,0,1,0,0,0,0,"- ","- ",,,"SAN FRANCISCO","SAN FRANCISCO",-122.40897987,37.799499910000002
8103940,2016,2016-10-11,3801,2016-09-11,0214,696,TARAV,7,5,7,3801,0,0,0,,0,3I15E,"OCEAN AV","OCEAN AV 4001",0.00,,Y,A,-,N,,,,,,,,,,Y,2,0,1,3,A,-,03,22350,,N,A,E,A,A,H,-,C,A,0,,,,,Y,,A,01,1,0,0,0,0,0,0,0,0,"- ","- ",,,"SAN FRANCISCO","SAN FRANCISCO",-122.48740733,37.73218773
8103996,2016,2016-10-11,3801,2016-09-05,2316,708,INGLE,1,5,7,3801,0,0,0,,0,3H13E,"MISSION ST","TRUMBULL ST",0.00,,Y,A,-,N,,,,,,,,,,Y,2,0,2,2,A,-,08,22107,,F,D,C,A,A,H,-,C,A,0,,,,,Y,,-,,1,1,0,0,0,0,0,0,0,"- ","- ",,,"SAN FRANCISCO","SAN FRANCISCO",-122.42924995,37.73077997
8113375,2016,2016-09-08,3801,2016-07-09,2322,2031,3,6,5,7,3801,0,0,0,,0,002,"FAXON ST","DEMONTFORT AV",0.00,,Y,A,-,N,,,,,,,,,,N,2,0,1,2,A,-,12,22450,A,N,D,C,A,A,H,-,C,A,0,,,Y,,Y,,C,02,1,0,0,0,0,0,0,0,1,"- ","- ",37.706670000000003,-122.45882,"SAN FRANCISCO","SAN FRANCISCO",-122.46024988000001,37.723639949999999
8122012,2016,2016-09-14,3801,2016-08-16,1600,4000,PARK,2,5,7,3801,0,0,0,,0,4CAR,"MARKET ST","16TH ST",0.00,,Y,A,-,N,,,,,,,,,,N,2,0,1,2,D,-,00,,,N,G,B,B,A,H,-,A,A,0,Y,,,,Y,,-,"- ",1,0,0,0,1,0,0,0,0,"- ","- ",,,"SAN FRANCISCO","SAN FRANCISCO",-122.43313992,37.764239959999998
8122037,2016,2016-09-14,3801,2016-08-14,0921,1887,RICHM,7,5,7,3801,0,0,0,,0,4B1C,"FULTON ST","26TH AV",20.00,W,N,B,-,N,,,,,,,,,,N,2,0,2,3,A,-,10,21950,A,N,G,B,B,A,H,-,A,A,0,Y,,Y,,Y,,C,02,1,0,1,0,1,0,0,0,1,"- ","- ",,,"SAN FRANCISCO","SAN FRANCISCO",-122.48532917999999,37.772518990000002
8122070,2016,2016-09-15,3801,2016-08-13,1836,1111,MISSI,6,5,7,3801,0,0,0,,0,3D11D,"GUERRERO ST","15TH ST",0.00,,Y,A,-,N,,,,,,,,,,Y,2,0,1,2,A,-,09,21801,A,N,A,C,A,A,H,-,A,A,0,,,Y,,Y,,A,01,1,0,0,0,0,0,0,0,1,"- ","- ",,,"SAN FRANCISCO","SAN FRANCISCO",-122.42423995,37.766399939999999
8122253,2016,2016-09-29,3801,2016-07-28,1619,181,"CO B",4,5,7,3801,0,0,0,,0,005,"16TH ST","VERMONT ST",0.00,,Y,A,-,N,,,,,,,,,,Y,2,0,1,2,A,-,09,21801,A,N,D,C,A,A,H,-,A,A,0,,,Y,,Y,,A,01,1,0,0,0,0,0,0,0,1,"- ","- ",,,"SAN FRANCISCO","SAN FRANCISCO",-122.40462994000001,37.76595992
8132597,2016,2016-10-11,3801,2016-09-13,1700,002355,SOUTH,2,5,7,3801,0,0,0,,0,004,"FOLSOM ST","11TH ST",28.00,W,N,A,-,N,,,,,,,,,,N,2,0,1,2,A,-,03,22350,,N,G,B,D,A,H,-,A,A,0,Y,,,,Y,,A,01,1,0,0,0,1,0,0,0,0,"- ","- ",,,"SAN FRANCISCO","SAN FRANCISCO",-122.41407618,37.771823810000001
8137418,2016,2016-10-11,3801,2016-09-13,0009,1482,,2,5,7,3801,0,0,0,,0,3J14E,"MARKET ST","VAN NESS AV",66.00,E,N,A,-,N,,,,,,,,,,N,2,0,1,2,A,-,17,21663,,F,-,-,-,A,H,-,C,-,0,Y,,,,Y,Y,-,"- ",1,0,0,0,1,0,0,0,0,"- ","- ",,,"SAN FRANCISCO","SAN FRANCISCO",-122.41909582,37.775296060000002
8144821,2016,2016-12-23,3801,2016-11-04,1658,2744,NORTH,5,5,7,3801,0,0,0,,0,3E12D,"FULTON ST","WEBSTER ST",0.00,,Y,A,-,N,,,,,,,,,,N,2,0,1,2,A,-,03,22350,,N,A,G,A,A,H,-,B,A,0,,Y,,,Y,,L,04,1,0,0,0,0,0,1,0,0,"- ","- ",,,"SAN FRANCISCO","SAN FRANCISCO",-122.42990991000001,37.77790993
8166011,2016,2016-11-16,3801,2016-10-31,2042,256,NORTH,1,5,7,3801,0,0,0,,0,4B8I,"GEARY BL","DIVISADERO ST",0.00,,Y,B,-,N,,,,,,,,,,Y,2,0,1,2,A,-,12,21453,A,N,D,G,A,B,H,-,C,A,0,,Y,,,Y,Y,L,04,1,0,0,0,0,0,1,0,0,"- ","- ",37.783230000000003,-122.43949000000001,"SAN FRANCISCO","SAN FRANCISCO",-122.43947989,37.783359969999999