CASE_ID,ACCIDENT_YEAR,PROC_DATE,JURIS,COLLISION_DATE,COLLISION_TIME,OFFICER_ID,REPORTING_DISTRICT,DAY_OF_WEEK,CHP_SHIFT,POPULATION,CNTY_CITY_LOC,SPECIAL_COND,BEAT_TYPE,CHP_BEAT_TYPE,CITY_DIVISION_LAPD,CHP_BEAT_CLASS,BEAT_NUMBER,PRIMARY_RD,SECONDARY_RD,DISTANCE,DIRECTION,INTERSECTION,WEATHER_1,WEATHER_2,STATE_HWY_IND,CALTRANS_COUNTY,CALTRANS_DISTRICT,STATE_ROUTE,ROUTE_SUFFIX,POSTMILE_PREFIX,POSTMILE,LOCATION_TYPE,RAMP_INTERSECTION,SIDE_OF_HWY,TOW_AWAY,COLLISION_SEVERITY,NUMBER_KILLED,NUMBER_INJURED,PARTY_COUNT,PRIMARY_COLL_FACTOR,PCF_CODE_OF_VIOL,PCF_VIOL_CATEGORY,PCF_VIOLATION,PCF_VIOL_SUBSECTION,HIT_AND_RUN,TYPE_OF_COLLISION,MVIW,PED_ACTION,ROAD_SURFACE,ROAD_COND_1,ROAD_COND_2,LIGHTING,CONTROL_DEVICE,CHP_ROAD_TYPE,PEDESTRIAN_ACCIDENT,BICYCLE_ACCIDENT,MOTORCYCLE_ACCIDENT,TRUCK_ACCIDENT,NOT_PRIVATE_PROPERTY,ALCOHOL_INVOLVED,STWD_VEHTYPE_AT_FAULT,CHP_VEHTYPE_AT_FAULT,COUNT_SEVERE_INJ,COUNT_VISIBLE_INJ,COUNT_COMPLAINT_PAIN,COUNT_PED_KILLED,COUNT_PED_INJURED,COUNT_BICYCLIST_KILLED,COUNT_BICYCLIST_INJURED,COUNT_MC_KILLED,COUNT_MC_INJURED,PRIMARY_RAMP,SECONDARY_RAMP,LATITUDE,LONGITUDE,COUNTY,CITY,POINT_X,POINT_Y
8166064,2016,2016-11-16,3801,2016-10-21,2130,004373,BAYVI,5,5,7,3801,0,0,0,,0,3C12E,"BARNEVELD AV","MCKINNON AV",300.00,N,N,A,-,N,,,,,,,,,,N,2,0,1,2,A,-,03,22350,,F,C,G,A,A,H,-,C,D,0,,Y,,,Y,,-,99,1,0,0,0,0,0,1,0,0,"- ","- ",,,"SAN FRANCISCO","SAN FRANCISCO",-122.40302081,37.74461883
8166137,2016,2016-11-16,3801,2016-10-02,1750,1730,BAYVI,7,5,7,3801,0,0,0,,0,4B4D,"SILVER AV","SOMERSET ST",0.00,,Y,A,-,N,,,,,,,,,,N,2,0,1,2,A,-,03,22350,,N,G,B,B,A,H,-,A,D,0,Y,,,,Y,,A,01,1,0,0,0,1,0,0,0,0,"- ","- ",37.731119999999997,-122.40955,"SAN FRANCISCO","SAN FRANCISCO",-122.4094899,37.73126998
8166250,2016,2016-11-15,3801,2016-10-12,1630,2334,SOUTH,3,5,7,3801,0,0,0,,0,0B3,"SUMNER ST","9 SUMNER ST",5.00,W,N,A,-,N,,,,,,,,,,N,2,0,1,2,A,-,21,22106,,N,G,B,F,A,H,-,A,D,0,Y,,,,Y,,-,,1,0,0,0,1,0,0,0,0,"- ","- ",,,"SAN FRANCISCO","SAN FRANCISCO",-122.41049767,37.776297720000002
8166280,2016,2017-06-13,3801,2016-10-28,1633,GIZZO222,TARAV,5,5,7,3801,0,0,0,,0,3I11D,"RT 1","RIVERA ST",207.00,N,N,A,-,Y,SF,4,1,-,-,2.790,H,-,S,N,1,1,0,2,A,-,11,21954,A,N,G,B,D,A,H,-,A,D,0,Y,,Y,,Y,,N,60,0,0,0,1,0,0,0,0,0,"- ","- ",,,"SAN FRANCISCO","SAN FRANCISCO",-122.47604058,37.747455240000001
8166314,2016,2016-11-15,3801,2016-10-04,1940,1133,BAYVI,2,5,7,3801,0,0,0,,0,3C13D,"BAYSHORE BL","SILVER AV",50.00,S,N,A,-,N,,,,,,,,,,N,2,0,1,2,A,-,11,21954,A,N,G,B,D,A,H,-,C,A,0,Y,,,,Y,,N,60,1,0,0,0,1,0,0,0,0,"- ","- ",,,"SAN FRANCISCO","SAN FRANCISCO",-122.4045833,37.73283327
8166325,2016,2016-11-15,3801,2016-10-26,2144,2117,MISSI,3,5,7,3801,0,0,0,,0,3D13E,"MARKET ST","16TH ST",0.00,,Y,A,-,N,,,,,,,,,,N,2,0,1,2,A,-,11,21453,D,N,G,B,B,A,H,-,C,A,0,Y,,,,Y,,N,60,1,0,0,0,1,0,0,0,0,"- ","- ",,,"SAN FRANCISCO","SAN FRANCISCO",-122.43313992,37.764239959999998
8166341,2016,2016-11-15,3801,2016-10-25,1833,004375,TARAV,2,5,7,3801,0,0,0,,0,3I11D,"VICENTE ST","23RD AV",0.00,,Y,A,-,N,,,,,,,,,,Y,2,0,1,2,A,-,01,23153,A,N,G,B,B,A,H,-,B,A,0,Y,,,,Y,Y,A,01,1,0,0,0,1,0,0,0,0,"- ","- ",,,"SAN FRANCISCO","SAN FRANCISCO",-122.47973991000001,37.739119940000002
8166475,2016,2016-11-14,3801,2016-09-27,2021,256,INGLE,2,5,7,3801,0,0,0,,0,4B8I,"MISSION ST","RUSSIA AV",40.00,N,N,A,-,N,,,,,,,,,,N,2,0,1,3,A,-,11,21955,,F,G,B,D,A,H,-,C,D,0,Y,,,,Y,Y,N,60,1,0,0,0,1,0,0,0,0,"- ","- ",37.721690000000002,-122.43716999999999,"SAN FRANCISCO","SAN FRANCISCO",-122.43710900000001,37.721664310000001
8166929,2016,2017-04-29,3801,2016-06-22,1801,13,RICHM,3,5,7,3801,0,0,0,,0,4B7G,"JOHN F KENNEDY DR","30TH AV",434.00,E,N,A,-,N,,,,,,,,,,Y,1,1,0,2,A,-,05,21651,B,F,A,G,A,A,H,-,A,D,0,,Y,,,Y,,A,01,0,0,0,0,0,1,0,0,0,"- ","- ",37.771039999999999,-122.48985,"SAN FRANCISCO","SAN FRANCISCO",-122.48831896999999,37.770790740000002
8167156,2018,2018-06-12,3801,2018-02-24,0624,1917,TARAV,6,5,7,3801,0,0,0,,0,3I16A,"SAN JOSE ST","RICE ST",5.00,N,N,A,-,Y,SF,4,82,-,-,0.080,I,5,N,Y,1,1,0,3,A,-,10,21950,A,N,G,B,B,A,H,-,C,D,0,Y,,,,Y,,A,07,0,0,0,1,0,0,0,0,0,"- ","- ",,,"SAN FRANCISCO","SAN FRANCISCO",-122.458251953125,37.709003448486328
8180215,2016,2016-12-19,3801,2016-11-21,1040,207,SOUTH,1,5,7,3801,0,0,0,,0,3B14A,"KING ST","4TH ST",11.00,E,N,A,-,N,,,,,,,,,,N,2,0,1,2,A,-,04,21703,,F,C,C,A,A,H,-,A,A,0,,,Y,Y,Y,,C,02,1,0,0,0,0,0,0,0,1,"- ","- ",,,"SAN FRANCISCO","SAN FRANCISCO",-122.39412346,37.77645167
8183354,2016,2016-12-22,3801,2016-11-21,1529,4335,BAYVI,1,5,7,3801,0,0,0,,0,901,"3RD ST","EVANS AV",0.00,,Y,A,-,N,,,,,,,,,,Y,2,0,1,2,A,-,12,21453,A,N,D,C,A,A,H,-,A,A,0,,,,Y,Y,,A,01,1,0,0,0,0,0,0,0,0,"- ","- ",,,"SAN FRANCISCO","SAN FRANCISCO",-122.38800998000001,37.742729949999998
8183442,2016,2016-12-09,3801,2016-11-21,1055,1092,TARAV,1,5,7,3801,0,0,0,,0,3I13A,"47TH AV","ULLOA ST",0.00,,Y,A,-,N,,,,,,,,,,N,2,0,1,2,A,-,12,22450,A,N,D,G,A,A,H,-,A,A,0,,Y,,,Y,,L,04,1,0,0,0,0,0,1,0,0,"- ","- ",,,"SAN FRANCISCO","SAN FRANCISCO",-122.50556996,37.739859889999998
8183483,2016,2016-12-09,3801,2016-11-22,0915,2422,BAYVI,2,5,7,3801,0,0,0,,0,3C92,"AUGUSTA ST","CHARTER OAK AV",34.00,W,N,A,-,N,,,,,,,,,,Y,2,0,1,3,A,-,03,22350,,F,B,E,A,A,H,-,A,D,0,,,,,Y,,A,01,1,0,0,0,0,0,0,0,0,"- ","- ",,,"SAN FRANCISCO","SAN FRANCISCO",-122.40468730000001,37.734343299999999
8183519,2016,2017-01-10,3801,2016-11-21,2012,2069,BAYVI,1,5,7,3801,0,0,0,,0,901,"INGALLS ST","LA SALLE AV",0.00,,Y,A,-,N,,,,,,,,,,N,2,0,1,2,A,-,10,21950,A,F,G,B,B,A,H,-,C,D,0,Y,,,,Y,,-,,1,0,0,0,1,0,0,0,0,"- ","- ",,,"SAN FRANCISCO","SAN FRANCISCO",-122.38145994,37.73059997
8183562,2016,2016-12-12,3801,2016-11-11,2345,196,MISSI,5,5,7,3801,0,0,0,,0,0D3,"13TH ST","SOUTH VAN NESS AV",0.00,,Y,A,-,N,,,,,,,,,,Y,2,0,2,2,A,-,12,21453,A,F,D,C,A,A,H,-,C,A,0,,,,,Y,,A,01,1,1,0,0,0,0,0,0,0,"- ","- ",,,"SAN FRANCISCO","SAN FRANCISCO",-122.41776996,37.769719979999998
8183864,2016,2016-12-12,3801,2016-07-31,0954,2305,SOUTH,7,5,7,3801,0,0,0,,0,4B1E,"VAN NESS AV","HOWARD ST",0.00,,Y,A,-,N,,,101,,,,,,,Y,2,0,1,2,A,-,03,22350,,F,D,D,A,A,H,-,-,D,0,,,Y,,Y,,A,07,1,0,0,0,0,0,0,0,1,"- ","- ",37.770249999999997,-122.41768,"SAN FRANCISCO","SAN FRANCISCO",-122.41777310000001,37.770262299999999
8184085,2016,2016-12-13,3801,2016-11-22,1803,172,NORTH,2,5,7,3801,0,0,0,,0,3E12D,"STEINER ST","OFARRELL ST",25.00,N,N,A,-,N,,,,,,,,,,N,2,0,1,2,A,-,11,21954,A,N,G,B,D,A,H,-,C,D,0,Y,,,,Y,,N,60,1,0,0,0,1,0,0,0,0,"- ","- ",,,"SAN FRANCISCO","SAN FRANCISCO",-122.434343,37.7831379
8184185,2016,2016-12-12,3801,2016-11-11,1740,002355,SOUTH,5,5,7,3801,0,0,0,,0,0B2,"TOWNSEND ST","RITCH ST",0.00,,Y,A,-,N,,,,,,,,,,N,2,0,1,2,A,-,09,21801,A,N,D,C,A,A,H,-,C,A,0,,,Y,,Y,,A,01,1,0,0,0,0,0,0,0,1,"- ","- ",,,"SAN FRANCISCO","SAN FRANCISCO",-122.39329991,37.778429940000002
8184411,2016,2016-12-14,3801,2016-11-30,1800,1292,NORTH,3,5,7,3801,0,0,0,,0,3E14D,"DIVISADERO ST","CALIFORNIA ST",0.00,,Y,-,-,N,,,,,,,,,,N,2,0,1,2,A,-,10,21950,A,N,G,B,B,A,H,-,C,A,0,Y,,,,Y,,A,01,1,0,0,0,1,0,0,0,0,"- ","- ",,,"SAN FRANCISCO","SAN FRANCISCO",-122.44045,37.788079930000002
8194813,2016,2017-01-23,3801,2016-12-02,1355,1053,TARAV,5,5,7,3801,0,0,0,,0,3I16A,"BEVERLY DR","GARFIELD AV",0.00,,Y,A,-,N,,,,,,,,,,N,2,0,1,2,A,-,11,21954,A,N,G,B,D,A,H,-,A,A,0,Y,,,,Y,,N,60,1,0,0,0,1,0,0,0,0,"- ","- ",,,"SAN FRANCISCO","SAN FRANCISCO",-122.47164995,37.719609990000002
8200859,2017,2017-03-30,3801,2017-02-27,2210,2172,CENTR,1,5,7,3801,0,0,0,,0,001,"MASON ST","POST ST",71.00,S,N,A,-,N,,,,,,,,,,N,2,0,1,2,A,-,17,22517,,N,B,C,A,A,H,-,C,D,0,,,,,Y,,A,01,1,0,0,0,0,0,0,0,0,"- ","- ",,,"SAN FRANCISCO","SAN FRANCISCO",-122.40999269,37.787857209999999
8200912,2017,2017-03-21,3801,2017-02-16,2200,2716,PARK,4,5,7,3801,0,0,0,,0,3F13E,"MASONIC AV","FELL ST",15.00,S,N,A,-,N,,,,,,,,,,N,2,0,1,2,A,-,12,21453,A,N,D,G,A,A,H,-,A,A,0,,Y,,,Y,,A,01,1,0,0,0,0,0,1,0,0,"- ","- ",,,"SAN FRANCISCO","SAN FRANCISCO",-122.44591258,37.772939219999998
8200947,2017,2017-03-16,3801,2017-02-18,2335,1421,RICHM,6,5,7,3801,0,0,0,,0,3G15E,"37TH AV","ANZA ST",255.00,N,N,A,-,N,,,,,,,,,,Y,2,0,1,1,A,-,01,23152,A,N,E,I,A,A,H,-,A,D,0,,,,,Y,Y,A,01,1,0,0,0,0,0,0,0,0,"- ","- ",,,"SAN FRANCISCO","SAN FRANCISCO",-122.49749761,37.77828951
8200983,2017,2017-03-15,3801,2017-02-28,2016,002334,SOUTH,2,5,7,3801,0,0,0,,0,0B3,"6TH ST","HARRISON ST",0.00,,Y,A,-,N,,,,,,,,,,N,2,0,1,2,A,-,10,21950,A,F,G,B,B,A,H,-,C,A,0,Y,,,,Y,,A,01,1,0,0,0,1,0,0,0,0,"- ","- ",,,"SAN FRANCISCO","SAN FRANCISCO",-122.4040799,37.77730992
8201000,2017,2017-03-15,3801,2017-02-06,1824,509,SOUTH,1,5,7,3801,0,0,0,,0,0B2,"BRYANT ST","ZOE ST",75.00,W,N,C,-,N,,,,,,,,,,N,2,0,1,2,A,-,11,21954,A,F,G,B,E,B,H,-,C,A,0,Y,,,,Y,,N,60,1,0,0,0,1,0,0,0,0,"- ","- ",,,"SAN FRANCISCO","SAN FRANCISCO",-122.397026,37.780376269999998
8201011,2017,2017-04-03,3801,2017-02-26,1330,2262,BAYVI,7,5,7,3801,0,0,0,,0,3C12,"BAYSHORE BL","PAUL AV",110.00,N,N,A,-,N,,,,,,,,,,Y,2,0,1,2,A,-,21,22106,,F,G,B,F,A,-,-,A,D,0,Y,,,,Y,,D,22,1,0,0,0,1,0,0,0,0,"- ","- ",,,"SAN FRANCISCO","SAN FRANCISCO",-122.40091004,37.723896750000002
8201027,2017,2017-03-15,3801,2017-02-28,0834,1917,TARAV,2,5,7,3801,0,0,0,,0,3I16A,"OCEAN AV","VICTORIA ST",8.00,W,N,A,-,N,,,,,,,,,,N,2,0,1,2,A,-,11,21453,D,N,G,B,B,A,H,-,A,A,0,Y,,,,Y,,N,60,1,0,0,0,1,0,0,0,0,"- ","- ",,,"SAN FRANCISCO","SAN FRANCISCO",-122.46427487,37.726029629999999
8201100,2017,2017-03-15,3801,2017-02-15,2305,001372,INGLE,3,5,7,3801,0,0,0,,0,3H15E,"MISSION ST","ACTON ST",4.00,N,N,A,-,N,,,,,,,,,,Y,2,0,1,2,A,-,03,22350,,N,G,B,B,A,H,-,C,A,0,Y,,,,Y,,A,01,1,0,0,0,1,0,0,0,0,"- ","- ",,,"SAN FRANCISCO","SAN FRANCISCO",-122.45274723999999,37.70880425
8205554,2016,2017-01-12,3801,2016-12-20,2341,2477,INGLE,2,5,7,3801,0,0,0,,0,3H11E,"CARTER ST","GENEVA AV",407.00,S,N,A,-,N,,,,,,,,,,Y,2,0,1,3,A,-,00,23103,A,F,D,D,A,A,H,-,C,A,0,,,,,Y,,A,01,1,0,0,0,0,0,0,0,0,"- ","- ",,,"SAN FRANCISCO","SAN FRANCISCO",-122.42384948,37.708215950000003
8205632,2016,2017-01-14,3801,2016-12-08,2115,2711,NORTH,4,5,7,3801,0,0,0,,0,"6 CAR","VAN NESS AV","BROADWAY ST",0.00,,Y,C,-,N,,,,,,,,,,N,2,0,1,2,A,-,10,21950,A,N,G,B,B,B,H,-,C,A,0,Y,,,,Y,,A,01,1,0,0,0,1,0,0,0,0,"- ","- ",,,"SAN FRANCISCO","SAN FRANCISCO",-122.42349987999999,37.79572993
8280165,2016,2017-02-22,3801,2016-12-05,1621,1368,CENTR,1,5,7,3801,0,0,0,,0,013,"BUSH ST","SANSOME ST",0.00,,Y,A,-,N,,,,,,,,,,Y,2,0,1,3,A,-,07,21658,A,N,B,C,A,A,H,-,B,A,0,,,Y,Y,Y,,C,02,1,0,0,0,0,0,0,0,1,"- ","- ",,,"SAN FRANCISCO","SAN FRANCISCO",-122.40070992,37.791199919999997
8280241,2016,2018-07-20,3801,2016-12-02,2330,2066,BAYVI,5,5,7,3801,0,0,0,,0,3C13D,"3RD ST",MARIN,120.00,N,N,A,-,N,,,,,,,,,,Y,2,0,1,1,A,-,03,22350,,N,A,I,A,A,H,-,C,D,0,,,,,Y,,A,01,1,0,0,0,0,0,0,0,0,"- ","- ",,,"SAN FRANCISCO","SAN FRANCISCO",-122.38762902000001,37.749338850000001
8280273,2016,2017-01-13,3801,2016-12-07,2048,001752,CENTR,3,5,7,3801,0,0,0,,0,0A4,"POWELL ST","NORTH POINT ST",0.00,,Y,C,-,N,,,,,,,,,,N,2,0,1,2,A,-,10,21950,A,N,G,B,B,B,H,-,C,A,0,Y,,,,Y,,A,07,1,0,0,0,1,0,0,0,0,"- ","- ",,,"SAN FRANCISCO","SAN FRANCISCO",-122.41212997,37.806759939999999
8280354,2016,2017-02-09,3801,2016-11-17,1158,1452,TENDE,4,5,7,3801,0,0,0,,0,004,"JONES ST","ELLIS ST",24.00,S,N,A,-,N,,,,,,,,,,N,2,0,1,2,A,-,08,22107,,F,B,G,A,A,H,-,A,A,0,,Y,,,Y,,A,01,1,0,0,0,0,0,1,0,0,"- ","- ",,,"SAN FRANCISCO","SAN FRANCISCO",-122.4127672,37.784834859999997
8292754,2017,2017-07-20,3801,2017-06-06,2229,2745,RICHM,2,5,7,3801,0,0,0,,0,004,"25TH AV","25TH AV 643",10.00,E,N,A,-,N,,,,,,,,,,N,2,0,1,2,A,-,00,21955,A,N,G,B,-,A,H,-,A,A,0,Y,,,,Y,,N,60,1,0,0,0,1,0,0,0,0,"- ","- ",,,"SAN FRANCISCO","SAN FRANCISCO",,
8305124,2017,2017-02-15,3801,2017-01-29,0005,536,CENTR,7,5,7,3801,0,0,0,,0,0A3,BROADWAY,"POWELL ST",1.00,W,N,A,-,N,,,,,,,,,,Y,2,0,1,1,A,-,08,22107,,N,E,I,A,A,H,-,C,D,0,,,,,Y,,M,95,1,0,0,0,0,0,0,0,0,"- ","- ",,,"SAN FRANCISCO","SAN FRANCISCO",-122.4102434,37.797409479999999
8305273,2017,2017-02-16,3801,2017-01-09,1808,129,NORTH,1,5,7,3801,0,0,0,,0,3E14D,"BUSH ST",LAGUNA,9.00,E,N,B,C,N,,,,,,,,,,N,2,0,1,2,A,-,10,21950,A,F,G,B,B,B,H,-,C,A,0,Y,,,,Y,,I,11,1,0,0,0,1,0,0,0,0,"- ","- ",,,"SAN FRANCISCO","SAN FRANCISCO",-122.42849923,37.787653890000001
8305347,2017,2017-06-28,3801,2017-01-22,0229,740,RICHM,7,5,7,3801,0,0,0,,0,3G12E,"PARK PRESIDIO BYPASS","CROSSOVER DR",0.00,,Y,C,-,Y,SF,4,1,-,-,4.550,H,-,S,Y,2,0,2,1,A,-,01,23153,A,N,F,I,A,B,H,-,C,D,0,,,,,Y,Y,A,01,1,1,0,0,0,0,0,0,0,"- ","- ",,,"SAN FRANCISCO","SAN FRANCISCO",-122.47934114,37.772012459999999
8305369,2017,2017-02-14,3801,2017-01-11,1953,2462,PARK,3,5,7,3801,0,0,0,,0,3F13D,"HAYES ST",MASONIC,0.00,,Y,B,C,N,,,,,,,,,,N,2,0,1,2,D,-,00,,,N,G,B,B,B,H,-,C,A,0,Y,,,,Y,,-,"- ",1,0,0,0,1,0,0,0,0,"- ","- ",,,"SAN FRANCISCO","SAN FRANCISCO",-122.44610987999999,37.773939910000003
8305485,2017,2017-02-21,3801,2017-01-24,1740,301,CENTR,2,5,7,3801,0,0,0,,0,3A14D,"BAY ST","KEARNY ST",43.00,W,N,A,-,N,,,,,,,,,,N,2,0,1,2,A,-,00,21760,C,F,C,G,A,A,H,-,A,D,0,,Y,,,Y,,A,01,1,0,0,0,0,0,1,0,0,"- ","- ",,,"SAN FRANCISCO","SAN FRANCISCO",-122.40731692999999,37.806420920000001
8305516,2017,2017-02-27,3801,2017-01-28,1710,397,SOUTH,6,5,7,3801,0,0,0,,0,3B16D,"AVENUE H","4TH ST",0.00,,Y,A,-,N,,,,,,,,,,Y,2,0,2,2,A,-,12,22450,A,N,D,C,A,A,H,-,C,D,0,,,,,Y,,A,01,1,1,0,0,0,0,0,0,0,"- ","- ",,,"SAN FRANCISCO","SAN FRANCISCO",-122.36773991,37.821859889999999
8305520,2017,2017-02-27,3801,2017-01-28,1256,4028,SOUTH,6,5,7,3801,0,0,0,,0,3B15A,"MISSION ST","GRACE ST",62.00,E,N,A,-,N,,,,,,,,,,N,2,0,1,1,D,-,00,,,N,-,I,A,A,H,-,A,D,0,,,,,Y,,-,"- ",1,0,0,0,0,0,0,0,0,"- ","- ",,,"SAN FRANCISCO","SAN FRANCISCO",-122.41533886000001,37.77573091
8307580,2017,2017-03-29,3801,2017-02-28,1602,2025,,2,5,7,3801,0,0,0,,0,3A13D,"FILBERT ST","STOCKTON ST",0.00,,Y,A,-,N,,,,,,,,,,N,2,0,1,2,A,-,21,22106,,N,B,B,E,A,H,-,A,D,0,Y,,,,Y,,A,01,1,0,0,0,1,0,0,0,0,"- ","- ",,,"SAN FRANCISCO","SAN FRANCISCO",-122.40936000000001,37.801369950000002
8342983,2017,2017-04-11,3801,2017-03-31,0156,1368,CENTR,5,5,7,3801,0,0,0,,0,3A11E,"LARKIN ST","BUSH ST",0.00,,Y,A,-,N,,,,,,,,,,Y,2,0,1,2,A,-,12,21453,A,N,-,C,A,A,H,-,C,A,0,,,Y,,Y,,C,02,1,0,0,0,0,0,0,0,1,"- ","- ",,,"SAN FRANCISCO","SAN FRANCISCO",-122.41866992999999,37.788899950000001
8343061,2017,2017-04-26,3801,2017-03-23,1600,668,BAYVI,4,5,7,3801,0,0,0,,0,3C11C,"3RD ST","EVANS AV",0.00,,Y,A,-,N,,,,,,,,,,N,2,0,1,2,A,-,10,21950,A,F,G,B,B,A,H,-,A,A,0,Y,,,,Y,,A,01,1,0,0,0,1,0,0,0,0,"- ","- ",,,"SAN FRANCISCO","SAN FRANCISCO",-122.38800998000001,37.742729949999998
8343100,2017,2017-04-14,3801,2017-03-13,2236,2234,CENTR,1,5,7,3801,0,0,0,,0,A13E,"WAYNE PL","PACIFIC AV",42.00,N,N,A,-,N,,,,,,,,,,,2,0,1,2,A,-,03,22350,,F,H,B,E,A,H,-,C,D,0,Y,,,,Y,,A,01,1,0,0,0,1,0,0,0,0,"- ","- ",,,"SAN FRANCISCO","SAN FRANCISCO",-122.41091193,37.796524060000003
8343129,2017,2017-04-12,3801,2017-03-10,1534,892,SOUTH,5,5,7,3801,0,0,0,,0,3B15D,"FOLSOM ST","FREMONT ST",0.00,,Y,-,-,N,,,,,,,,,,Y,2,0,1,2,A,-,08,22101,D,N,D,C,A,-,H,-,A,A,0,,,Y,,Y,,A,01,1,0,0,0,0,0,0,0,1,"- ","- ",,,"SAN FRANCISCO","SAN FRANCISCO",-122.39359997,37.787999980000002
8343145,2017,2017-04-12,3801,2017-03-11,2300,825,BAYVI,6,5,7,3801,0,0,0,,0,3C11E,"OAKDALE AV","LOOMIS ST",22.00,W,N,A,-,N,,,,,,,,,,Y,2,0,1,2,A,-,03,22350,,M,E,I,A,A,H,-,C,A,0,,,,,Y,,A,01,1,0,0,0,0,0,0,0,0,"- ","- ",,,"SAN FRANCISCO","SAN FRANCISCO",-122.40437188,37.742565190000001
8343149,2017,2017-04-12,3801,2017-03-11,1445,2105,RICHM,6,5,7,3801,0,0,0,,0,3G12C,"ARGUELLO BL","TURK ST",0.00,,Y,A,-,N,,,,,,,,,,N,2,0,1,2,A,-,10,21950,A,N,G,B,B,A,H,-,A,A,0,Y,,,,Y,,A,01,1,0,0,0,1,0,0,0,0,"- ","- ",,,"SAN FRANCISCO","SAN FRANCISCO",-122.45858998,37.777249949999998
8344544,2017,2017-04-18,3801,2017-03-26,1439,A11409,SOUTH,7,5,7,3801,0,0,0,,0,0B4,"MARKET ST","MCCOPPIN ST",0.00,,Y,A,-,N,,,,,,,,,,N,2,0,1,2,A,-,08,22107,,N,C,G,A,A,G,-,A,D,0,,Y,,,Y,Y,A,01,1,0,0,0,0,0,1,0,0,"- ","- ",,,"SAN FRANCISCO","SAN FRANCISCO",-122.42381399999999,37.771605000000001
8360096,2017,2017-05-18,3801,2017-04-20,1805,A21369,SOUTH,4,5,7,3801,0,0,0,,0,0B4,"HOWARD ST","DORE ST",0.00,,Y,A,-,N,,,,,,,,,,Y,2,0,2,2,A,-,09,21801,A,N,D,C,A,A,H,-,A,D,0,,,Y,,Y,,A,01,1,0,1,0,0,0,0,0,1,"- ","- ",,,"SAN FRANCISCO","SAN FRANCISCO",-122.41377991,37.774519910000002
8360143,2017,2017-05-11,3801,2017-04-28,2302,709,SOUTH,5,5,7,3801,0,0,0,,0,3B11E,"MISSION ST",ANNIE,35.00,E,N,A,-,N,,,,,,,,,,Y,2,0,1,2,A,-,11,21955,,N,-,A,D,A,H,-,C,D,0,Y,,Y,,Y,,N,60,1,0,0,0,0,0,0,0,1,"- ","- ",,,"SAN FRANCISCO","SAN FRANCISCO",-122.40114585000001,37.786919169999997
8360198,2017,2017-05-11,3801,2017-04-17,0845,1990,3CAR,1,5,7,3801,0,0,0,,0,5CAR,"3RD ST","MISSION BAY BL S",0.00,,Y,B,-,N,,,,,,,,,,Y,2,0,1,2,A,-,04,21703,,N,C,C,A,B,H,-,A,A,0,,,Y,,Y,,A,08,1,0,0,0,0,0,0,0,1,"- ","- ",,,"SAN FRANCISCO","SAN FRANCISCO",-122.38957987000001,37.770690000000002
8360383,2017,2017-05-15,3801,2017-04-14,0005,677,NORTH,5,5,7,3801,0,0,0,,0,3E16E,"FRANKLIN ST","WASHINGTON ST",0.00,,Y,A,-,N,,,,,,,,,,Y,2,0,1,2,A,-,10,21950,,F,G,B,B,A,H,-,C,A,0,Y,,,,Y,,A,01,1,0,0,0,1,0,0,0,0,"- ","- ",,,"SAN FRANCISCO","SAN FRANCISCO",-122.42449990999999,37.792849949999997
8360407,2017,2017-05-12,3801,2017-04-02,0228,A21877,CENTR,7,5,7,3801,0,0,0,,0,004,BROADWAY,"MONTGOMERY ST",45.00,W,N,A,-,N,,,,,,,,,,N,2,0,1,2,A,-,11,21956,A,N,B,B,E,A,H,-,C,A,0,Y,,,,Y,Y,N,60,1,0,0,0,1,0,0,0,0,"- ","- ",,,"SAN FRANCISCO","SAN FRANCISCO",-122.40399321,37.798217579999999
8360634,2016,2017-06-19,3801,2016-12-01,0840,207,SOUTH,4,5,7,3801,0,0,0,,0,3B14A,"MISSION ST","10TH ST",5.00,W,N,A,-,N,,,,,,,,,,N,2,0,1,3,A,-,21,22106,,F,G,B,B,A,H,-,A,A,0,Y,,,,Y,,A,01,1,0,0,0,1,0,0,0,0,"- ","- ",,,"SAN FRANCISCO","SAN FRANCISCO",-122.41592219,37.775270249999998
8360963,2017,2017-05-12,3801,2017-04-09,2206,1100,TENDE,7,5,7,3801,0,0,0,,0,3J12D,"MASON ST","ELLIS ST",9.00,S,N,B,-,N,,,,,,,,,,N,2,0,1,2,A,-,10,21950,A,N,G,B,B,A,H,-,C,A,0,Y,,,,Y,,A,01,1,0,0,0,1,0,0,0,0,"- ","- ",,,"SAN FRANCISCO","SAN FRANCISCO",-122.40945587,37.785305489999999
8374730,2017,2017-06-14,3801,2017-05-06,0050,1679,3801,6,5,7,3801,0,0,0,,0,3H17E,"BAYSHORE BL","VISITACION AV",43.00,N,N,A,-,N,,,,,,,,,,Y,2,0,2,2,A,-,01,23153,A,N,E,I,A,A,H,-,C,A,0,,,,,Y,Y,A,01,2,0,0,0,0,0,0,0,0,"- ","- ",,,"SAN FRANCISCO","SAN FRANCISCO",-122.40425797,37.710543340000001
8375810,2017,2017-08-15,3801,2017-05-05,1749,1564,INGLE,5,5,7,3801,0,0,0,,0,3H15D,"GENEVA AV","ATHENS ST",0.00,,Y,-,-,N,,,,,,,,,,Y,2,0,1,2,A,-,03,22350,,N,D,C,A,A,H,-,A,A,0,,,Y,,Y,,C,02,1,0,0,0,0,0,0,0,1,"- ","- ",,,"SAN FRANCISCO","SAN FRANCISCO",-122.43453992000001,37.713469930000002