CASE_ID,ACCIDENT_YEAR,PROC_DATE,JURIS,COLLISION_DATE,COLLISION_TIME,OFFICER_ID,REPORTING_DISTRICT,DAY_OF_WEEK,CHP_SHIFT,POPULATION,CNTY_CITY_LOC,SPECIAL_COND,BEAT_TYPE,CHP_BEAT_TYPE,CITY_DIVISION_LAPD,CHP_BEAT_CLASS,BEAT_NUMBER,PRIMARY_RD,SECONDARY_RD,DISTANCE,DIRECTION,INTERSECTION,WEATHER_1,WEATHER_2,STATE_HWY_IND,CALTRANS_COUNTY,CALTRANS_DISTRICT,STATE_ROUTE,ROUTE_SUFFIX,POSTMILE_PREFIX,POSTMILE,LOCATION_TYPE,RAMP_INTERSECTION,SIDE_OF_HWY,TOW_AWAY,COLLISION_SEVERITY,NUMBER_KILLED,NUMBER_INJURED,PARTY_COUNT,PRIMARY_COLL_FACTOR,PCF_CODE_OF_VIOL,PCF_VIOL_CATEGORY,PCF_VIOLATION,PCF_VIOL_SUBSECTION,HIT_AND_RUN,TYPE_OF_COLLISION,MVIW,PED_ACTION,ROAD_SURFACE,ROAD_COND_1,ROAD_COND_2,LIGHTING,CONTROL_DEVICE,CHP_ROAD_TYPE,PEDESTRIAN_ACCIDENT,BICYCLE_ACCIDENT,MOTORCYCLE_ACCIDENT,TRUCK_ACCIDENT,NOT_PRIVATE_PROPERTY,ALCOHOL_INVOLVED,STWD_VEHTYPE_AT_FAULT,CHP_VEHTYPE_AT_FAULT,COUNT_SEVERE_INJ,COUNT_VISIBLE_INJ,COUNT_COMPLAINT_PAIN,COUNT_PED_KILLED,COUNT_PED_INJURED,COUNT_BICYCLIST_KILLED,COUNT_BICYCLIST_INJURED,COUNT_MC_KILLED,COUNT_MC_INJURED,PRIMARY_RAMP,SECONDARY_RAMP,LATITUDE,LONGITUDE,COUNTY,CITY,POINT_X,POINT_Y
8375820,2017,2017-06-13,3801,2017-05-12,1400,2079,J,5,5,7,3801,0,0,0,,0,11C,"STEVENSON ST","3RD ST",230.00,W,N,A,-,N,,,,,,,,,,N,2,0,1,2,A,-,12,22450,A,N,G,B,F,A,A,-,A,A,0,Y,,,,Y,,A,01,1,0,0,0,1,0,0,0,0,"- ","- ",,,"SAN FRANCISCO","SAN FRANCISCO",-122.40353251000001,37.786585100000003
8377779,2017,2018-04-09,3801,2017-05-03,1834,A22058,G,3,5,7,3801,0,0,0,,0,001,"PARK PRESIDIO BY PASS","FULTON ST",1014.00,S,N,B,E,Y,SF,4,1,-,-,4.840,H,-,S,Y,2,0,1,2,A,-,03,22350,,N,C,C,A,A,H,-,B,D,0,,,,,Y,,A,08,1,0,0,0,0,0,0,0,0,"- ","- ",,,"SAN FRANCISCO","SAN FRANCISCO",-122.47447373999999,37.772610790000002
8378103,2017,2017-06-14,3801,2017-05-10,0530,2452,CENTR,3,5,7,3801,0,0,0,,0,3A60,"BUSH ST","LARKIN ST",0.00,,Y,A,-,N,,,,,,,,,,Y,2,0,2,3,A,-,12,21453,A,N,D,C,A,A,H,-,C,A,0,,,Y,,Y,,A,01,2,0,0,0,0,0,0,0,2,"- ","- ",,,"SAN FRANCISCO","SAN FRANCISCO",-122.41866992999999,37.788899950000001
8382180,2017,2017-06-15,3801,2017-05-23,1837,1108,SOUTH,2,5,7,3801,0,0,0,,0,5CAR,"KANSAS ST","16TH ST",45.00,S,N,A,-,N,,,,,,,,,,N,2,0,1,2,A,-,11,21955,,N,G,B,D,A,H,-,A,D,0,Y,,,,Y,,N,60,1,0,0,0,1,0,0,0,0,"- ","- ",,,"SAN FRANCISCO","SAN FRANCISCO",-122.40361956,37.765906659999999
8382200,2017,2017-06-15,3801,2017-05-27,2350,1530,PARK,6,5,7,3801,0,0,0,,0,3F13E,"FELL ST","STANYAN ST",0.00,,Y,A,-,N,,,,,,,,,,N,2,0,1,2,A,-,11,21456,B,N,G,B,B,A,H,-,C,A,0,Y,,Y,,Y,Y,N,60,1,0,0,0,1,0,0,0,0,"- ","- ",,,"SAN FRANCISCO","SAN FRANCISCO",-122.45406996,37.771969919999997
8404417,2017,2017-08-16,3801,2017-04-29,2328,1766,TARAV,6,5,7,3801,0,0,0,,0,4B3C,"LAKE MERCED BL","FONT BL",628.00,S,N,A,-,N,,,,,,,,,,Y,1,1,1,2,A,-,11,21955,,N,G,B,D,A,H,-,D,D,0,Y,,,,Y,,N,60,0,0,1,1,0,0,0,0,0,"- ","- ",37.724040000000002,-122.48527,"SAN FRANCISCO","SAN FRANCISCO",-122.48513419,37.722445710000002
8404556,2017,2017-09-20,3801,2017-08-18,2110,373,PARK,5,5,7,3801,0,0,0,,0,0F4,"WALLER ST","DIVISADERO ST",111.00,W,N,B,-,N,,,,,,,,,,Y,1,1,0,3,A,-,13,22515,A,N,H,B,A,A,H,-,C,D,0,,,,,Y,,A,07,0,0,0,0,0,0,0,0,0,"- ","- ",37.770499999999998,-122.43692,"SAN FRANCISCO","SAN FRANCISCO",-122.43723756,37.770283769999999
8404793,2018,2018-06-09,3801,2018-02-03,1236,1213,RICHM,6,5,7,3801,0,0,0,,0,0G3,"22ND AV",ANZA,64.00,S,N,A,-,N,,,,,,,,,,,1,1,0,2,A,-,00,22658,A,N,B,E,A,A,H,-,A,D,0,,Y,,,Y,,L,04,0,0,0,0,0,1,0,0,0,"- ","- ",,,"SAN FRANCISCO","SAN FRANCISCO",-122.48136901855469,37.778144836425781
8406027,2017,2017-07-20,3801,2017-06-15,1900,1418,TARAV,4,5,7,3801,0,0,0,,0,0I5,"JOHN MUIR DR","SKYLINE BL",1575.00,E,N,A,-,N,,,,,,,,,,N,2,0,1,2,A,-,08,22107,,N,F,I,A,A,H,-,B,D,0,,,Y,,Y,,A,07,1,0,0,0,0,0,0,0,1,"- ","- ",,,"SAN FRANCISCO","SAN FRANCISCO",-122.49627378,37.716411260000001
8407544,2017,2017-07-19,3801,2017-06-18,0904,624,PARK,7,5,7,3801,0,0,0,,0,002,"SYDNEY WY","PORTOLA AV",140.00,N,N,A,-,N,,,,,,,,,,N,2,0,1,2,A,-,03,22350,,F,G,B,-,A,H,-,A,D,0,Y,,,,Y,,-,,1,0,0,0,1,0,0,0,0,"- ","- ",,,"SAN FRANCISCO","SAN FRANCISCO",-122.45394182,37.744804240000001
8407603,2017,2017-07-19,3801,2017-06-25,2156,877,BAYVI,7,5,7,3801,0,0,0,,0,3C12E,"BAYSHORE BL","JERROLD AV",0.00,,Y,A,-,N,,,,,,,,,,Y,2,0,2,2,A,-,12,21453,A,N,D,C,A,A,H,-,C,A,0,,,,,Y,Y,A,07,1,0,1,0,0,0,0,0,0,"- ","- ",,,"SAN FRANCISCO","SAN FRANCISCO",-122.40361986000001,37.74738996
8421328,2017,2017-08-10,3801,2017-07-02,0713,000917,NORTH,7,5,7,3801,0,0,0,,0,4B5E,"WEBSTER ST","HAYES ST",0.00,,Y,A,-,N,,,,,,,,,,N,2,0,1,2,A,-,11,21453,D,N,G,B,B,A,H,-,A,A,0,Y,,,,Y,Y,N,60,1,0,0,0,1,0,0,0,0,"- ","- ",,,"SAN FRANCISCO","SAN FRANCISCO",-122.42953998999999,37.776039990000001
8421352,2017,2017-08-10,3801,2017-07-17,1652,A11409,SOUTH,1,5,7,3801,0,0,0,,0,0B5,"TOWNSEND ST","COLIN P KELLY JR ST",0.00,,Y,A,-,N,,,,,,,,,,N,2,0,1,2,A,-,03,22350,,N,C,G,A,A,H,-,A,D,0,,Y,,,Y,,L,04,1,0,0,0,0,0,1,0,0,"- ","- ",,,"SAN FRANCISCO","SAN FRANCISCO",-122.38973996999999,37.781229969999998
8423816,2017,2017-08-10,3801,2017-07-07,1116,859,TENDE,5,5,7,3801,0,0,0,,0,3J13A,"POLK ST","GOLDEN GATE AV",60.00,N,N,A,-,N,,,,,,,,,,N,2,0,1,3,A,-,17,22517,,N,G,G,A,A,H,-,A,A,0,,Y,,,Y,,-,,1,0,0,0,0,0,1,0,0,"- ","- ",,,"SAN FRANCISCO","SAN FRANCISCO",-122.41883793,37.781392060000002
8423829,2017,2017-09-07,3801,2017-07-09,0331,A22034,BAYVI,7,5,7,3801,0,0,0,,0,3C14E,"SILVER AV","AMHERST ST",39.00,W,N,A,-,N,,,,,,,,,,Y,2,0,1,3,A,-,03,22350,,N,B,E,A,A,-,-,C,D,0,,,,,Y,,A,01,1,0,0,0,0,0,0,0,0,"- ","- ",,,"SAN FRANCISCO","SAN FRANCISCO",-122.4173119,37.728862450000001
8423853,2017,2017-08-09,3801,2017-07-21,1815,2059,CENTR,5,5,7,3801,0,0,0,,0,3A15D,"SANSOME ST","CLAY ST",0.00,,Y,A,-,N,,,,,,,,,,N,2,0,1,2,A,-,11,21955,,N,G,B,D,A,H,-,A,A,0,Y,,Y,,Y,,N,60,1,0,0,0,1,0,0,0,0,"- ","- ",,,"SAN FRANCISCO","SAN FRANCISCO",-122.40148000000001,37.794869910000003
8423949,2017,2017-08-09,3801,2017-07-05,1315,671,MISSI,3,5,7,3801,0,0,0,,0,3D13C,"25TH ST","SAN JOSE AV",0.00,,Y,A,-,N,,,,,,,,,,N,2,0,1,2,A,-,10,21950,A,N,G,B,B,A,H,-,A,A,0,Y,,,,Y,,A,01,1,0,0,0,1,0,0,0,0,"- ","- ",,,"SAN FRANCISCO","SAN FRANCISCO",-122.42142997000001,37.750459919999997
8443648,2017,2017-09-12,3801,2017-07-02,0334,172,TARAV,7,5,7,3801,0,0,0,,0,3I16E,"RANDOLPH ST","ARCH ST",0.00,,Y,A,-,N,,,,,,,,,,Y,2,0,1,2,A,-,12,22450,A,N,D,C,A,B,G,-,C,A,0,,,Y,,Y,,C,02,1,0,0,0,0,0,0,0,1,"- ","- ",,,"SAN FRANCISCO","SAN FRANCISCO",-122.46709989999999,37.714269909999999
8445893,2017,2017-09-13,3801,2017-08-29,0816,385,TEMDE,2,5,7,3801,0,0,0,,0,3J123A,"EDDY ST","LARKIN ST",214.00,W,N,A,-,N,,,,,,,,,,N,2,0,1,2,A,-,17,22517,,N,B,C,A,A,H,-,A,D,0,,,,,Y,,A,01,1,0,0,0,0,0,0,0,0,"- ","- ",,,"SAN FRANCISCO","SAN FRANCISCO",-122.41825061,37.78320317
8445918,2017,2017-09-14,3801,2017-08-31,0726,A21234,MISSI,4,5,7,3801,0,0,0,,0,3D41A,"26TH ST","HARRISON ST",0.00,,Y,A,-,N,,,,,,,,,,N,2,0,1,2,A,-,12,22450,A,F,D,G,A,A,H,-,A,A,0,,Y,,,Y,,A,01,1,0,0,0,0,0,1,0,0,"- ","- ",,,"SAN FRANCISCO","SAN FRANCISCO",-122.41163994,37.74944
8463990,2017,2017-10-25,3801,2017-09-16,0100,1745,BAYVI,6,5,7,3801,0,0,0,,0,003,EVANS,"JENNINGS ST",469.00,E,N,A,-,N,,,,,,,,,,Y,2,0,2,2,A,-,03,22350,,N,A,C,A,A,H,-,C,A,0,,,,,Y,,A,01,1,0,1,0,0,0,0,0,0,"- ","- ",,,"SAN FRANCISCO","SAN FRANCISCO",-122.37780562,37.736934720000001
8464029,2017,2017-10-12,3801,2017-09-22,0833,979,BAYVI,5,5,7,3801,0,0,0,,0,3C12A,"BAYSHORE BL","BAYSHORE BL 625",0.00,,N,A,-,N,,,,,,,,,,N,2,0,1,2,A,-,03,22350,,N,D,G,A,A,H,-,A,A,0,,Y,,,Y,,L,04,1,0,0,0,0,0,1,0,0,"- ","- ",,,"SAN FRANCISCO","SAN FRANCISCO",-122.40680695,37.736933639999997
8464151,2017,2017-10-19,3801,2017-09-24,0854,711,CENTR,7,5,7,3801,0,0,0,,0,005,"MARKET ST","3RD ST",20.00,E,N,A,-,N,,,,,,,,,,N,2,0,2,2,A,-,11,21954,A,M,A,B,E,A,H,-,A,A,0,Y,Y,,,Y,,N,60,1,0,1,0,1,0,1,0,0,"- ","- ",,,"SAN FRANCISCO","SAN FRANCISCO",-122.40340968,37.787697739999999
8464173,2017,2017-10-11,3801,2017-09-17,1923,744,RICHM,7,5,7,3801,0,0,0,,0,901,"30TH AV","BALBOA ST",60.00,N,N,A,-,N,,,,,,,,,,N,2,0,1,2,A,-,03,22350,,N,C,E,A,A,-,-,A,D,0,,,,,Y,Y,-,,1,0,0,0,0,0,0,0,0,"- ","- ",,,"SAN FRANCISCO","SAN FRANCISCO",-122.48983903,37.776224599999999
8464177,2017,2017-10-11,3801,2017-09-16,2010,A22880,INGLE,6,5,7,3801,0,0,0,,0,3H13D,"GENEVA AV","MISSION ST",0.00,,Y,A,-,N,,,,,,,,,,Y,2,0,1,1,A,-,03,22350,,N,E,I,A,A,H,-,C,A,0,,,,,Y,,A,01,1,0,0,0,0,0,0,0,0,"- ","- ",,,"SAN FRANCISCO","SAN FRANCISCO",-122.44099993,37.716389980000002
8464179,2017,2017-10-31,3801,2017-09-26,0822,2375,RICHM,2,5,7,3801,0,0,0,,0,3G60,"ARGUELLO BL","CLAY ST",4.00,S,N,A,-,N,,,,,,,,,,Y,2,0,1,2,A,-,06,21750,A,N,B,C,A,A,H,-,A,A,0,,,Y,,Y,,C,02,1,0,0,0,0,0,0,0,1,"- ","- ",,,"SAN FRANCISCO","SAN FRANCISCO",-122.4593295,37.787499019999998
8464198,2017,2017-11-01,3801,2017-09-03,0229,1695,NORTH,7,5,7,3801,0,0,0,,0,NORTHE,"DIVISADERO ST","FULTON ST",0.00,,Y,A,-,N,,,,,,,,,,Y,2,0,1,2,A,-,11,21453,D,N,G,B,B,A,H,-,C,A,0,Y,,,,Y,,N,60,1,0,0,0,1,0,0,0,0,"- ","- ",,,"SAN FRANCISCO","SAN FRANCISCO",-122.43815987000001,37.776859930000001
8465607,2018,2019-02-08,3801,2018-08-26,1544,4214,TRAFF,7,5,7,3801,0,0,0,,0,4B4G,ARKANSAS,"MADERA ST",142.00,S,N,B,-,N,,,,,,,,,,Y,1,1,0,2,A,-,05,21650,,F,A,C,A,A,G,-,A,D,0,,,Y,,Y,,C,02,0,0,0,0,0,0,0,1,0,"- ","- ",,,"SAN FRANCISCO","SAN FRANCISCO",-122.39781951904297,37.755500793457031
8465618,2018,2019-02-15,3801,2018-10-03,2109,1994,PARK,3,5,7,3801,0,0,0,,0,4B3G,"OAK ST","BAKER ST",15.00,E,N,B,-,N,,,,,,,,,,N,1,1,0,2,A,-,12,21453,A,F,G,B,B,A,H,-,C,A,0,Y,,,,Y,,A,01,0,0,0,1,0,0,0,0,0,"- ","- ",,,"SAN FRANCISCO","SAN FRANCISCO",-122.44071197509766,37.772705078125
8465701,2018,2019-04-16,3801,2018-11-05,1237,917,TRAFF,1,5,7,3801,0,0,0,,0,4B4E,"VALLEJO ST","POWELL ST",0.00,,Y,A,-,N,,,,,,,,,,Y,1,1,0,2,A,-,10,21950,A,N,G,B,B,A,H,-,A,D,0,Y,,,Y,Y,,G,25,0,0,0,1,0,0,0,0,0,"- ","- ",,,"SAN FRANCISCO","SAN FRANCISCO",-122.41043853759766,37.798370361328125
8465708,2018,2019-04-02,3801,2018-11-05,0556,1171,TRAFF,1,5,7,3801,0,0,0,,0,4B2G,BROADWAY,"TURK MURPHY LN",79.00,,N,A,-,N,,,,,,,,,,Y,1,1,0,2,A,-,08,22102,,N,B,C,A,A,H,-,B,D,0,,,Y,,Y,,A,01,0,0,0,0,0,0,0,1,0,"- ","- ",,,"SAN FRANCISCO","SAN FRANCISCO",-122.40969848632812,37.797519683837891
8465876,2019,2019-06-26,3801,2019-05-29,0525,202,TRAFF,3,5,7,3801,0,0,0,,0,4B1C,"GEARY BL","LAGUNA ST",1.00,E,N,B,-,N,,,,,,,,,,Y,1,1,0,2,A,-,11,21456,C,N,G,B,B,A,H,-,C,A,0,Y,,,,Y,,N,60,0,0,0,1,0,0,0,0,0,"- ","- ",,,"SAN FRANCISCO","SAN FRANCISCO",-122.42799377441406,37.785041809082031
8465901,2018,2019-07-08,3801,2018-08-18,0308,652,TENDE,6,5,7,3801,0,0,0,,0,004,"JONES ST","ELLIS ST",10.00,S,N,A,-,N,,,,,,,,,,N,1,1,0,2,A,-,12,21453,A,F,G,B,B,A,H,-,C,A,0,Y,,,,Y,,A,01,0,0,0,1,0,0,0,0,0,"- ","- ",,,"SAN FRANCISCO","SAN FRANCISCO",-122.41277313232422,37.784873962402344
8465971,2019,2019-07-31,3801,2019-06-23,0114,1871,BAYVI,7,5,7,3801,0,0,0,,0,0C5,"3RD ST","PAUL AV",0.00,,Y,A,-,N,,,,,,,,,,Y,1,2,2,3,A,-,12,21453,A,F,D,C,A,A,H,-,C,A,0,,,,,Y,,A,01,0,0,2,0,0,0,0,0,0,"- ","- ",,,"SAN FRANCISCO","SAN FRANCISCO",-122.395751953125,37.722408294677734
8468956,2017,2018-05-17,3801,2017-09-09,0103,A09150,NORTH,6,5,7,3801,0,0,0,,0,3E14E,"FELL ST","DIVISADERO AV",0.00,,Y,A,-,N,,,,,,,,,,Y,2,0,1,3,A,-,08,22107,,F,B,C,B,A,H,-,C,A,0,Y,,,,Y,,A,01,1,0,0,0,1,0,0,0,0,"- ","- ",,,"SAN FRANCISCO","SAN FRANCISCO",-122.43759986000001,37.774059899999997
8490994,2017,2017-11-22,3801,2017-10-19,0627,717,NORTH,4,5,7,3801,0,0,0,,0,3CAR,"FRANKLIN ST","MYRTLE ST",0.00,,Y,A,-,N,,,,,,,,,,Y,2,0,1,2,A,-,08,22107,,N,C,E,A,A,H,-,C,D,0,,,,Y,Y,,A,01,1,0,0,0,0,0,0,0,0,"- ","- ",,,"SAN FRANCISCO","SAN FRANCISCO",-122.42291991,37.78501
8491416,2017,2018-01-19,3801,2017-10-14,2034,A20846,BAYVI,6,5,7,3801,0,0,0,,0,901,"ILLINOIS ST","HUMBOLDT ST",100.00,S,N,A,-,N,,,,,,,,,,N,2,0,1,1,A,-,03,22350,,N,E,I,A,A,H,-,C,D,0,,Y,,,Y,,L,04,1,0,0,0,0,0,1,0,0,"- ","- ",,,"SAN FRANCISCO","SAN FRANCISCO",-122.38720959,37.756506350000002
8491446,2016,2017-11-21,3801,2016-04-30,1150,1714,TARAV,6,5,7,3801,0,0,0,,0,4B6I,"20TH AV","LAWTON ST",310.00,S,N,A,-,N,,,,,,,,,,N,2,0,1,2,A,-,11,21954,A,N,G,B,E,A,H,-,A,D,0,Y,,,,Y,,N,60,1,0,0,0,1,0,0,0,0,"- ","- ",37.758000000000003,-122.47761,"SAN FRANCISCO","SAN FRANCISCO",-122.47774927,37.757039740000003
8491450,2016,2017-11-21,3801,2016-06-08,1924,899,MISSI,3,5,7,3801,0,0,0,,0,4B4E,"13TH ST","MISSION ST",26.00,N,N,A,-,N,,,,,,,,,,Y,2,0,3,2,A,-,01,23153,A,N,D,C,A,A,H,-,B,A,0,,,,,Y,Y,A,01,3,0,0,0,0,0,0,0,0,"- ","- ",,,"SAN FRANCISCO","SAN FRANCISCO",-122.42018,37.76999
8491463,2017,2018-01-18,3801,2017-10-22,1630,2020,SOUTH,7,5,7,3801,0,0,0,,0,3B12D,"RINGOLD ST","9TH ST",0.00,,Y,A,-,N,,,,,,,,,,N,2,0,1,2,A,-,11,21954,A,N,G,B,D,A,H,-,A,D,0,Y,,,,Y,,N,60,1,0,0,0,1,0,0,0,0,"- ","- ",,,"SAN FRANCISCO","SAN FRANCISCO",-122.41104989999999,37.77332998
8491517,2017,2017-11-22,3801,2017-09-26,0900,892,SOUTH,2,5,7,3801,0,0,0,,0,3B11D,"2ND ST","BRYANT ST",15.00,S,N,A,-,N,,,,,,,,,,N,2,0,1,3,A,-,17,22517,,N,B,G,A,A,H,-,A,A,0,,Y,,,Y,,-,,1,0,0,0,0,0,1,0,0,"- ","- ",,,"SAN FRANCISCO","SAN FRANCISCO",-122.39359419,37.783050160000002
8496569,2017,2018-02-17,3801,2017-10-25,0820,97,PARK,3,5,7,3801,0,0,0,,0,3F12A,"KEZAR DR","JOHN F KENNEDY DR",39.00,W,N,A,-,N,,,,,,,,,,N,2,0,3,5,A,-,05,21460,A,N,A,C,A,A,H,-,A,A,0,,,,,Y,,A,01,1,0,2,0,0,0,0,0,0,"- ","- ",,,"SAN FRANCISCO","SAN FRANCISCO",-122.45539247000001,37.770765060000002
8498694,2017,2017-12-22,3801,2017-10-24,1345,A21940,SOUTH,2,5,7,3801,0,0,0,,0,3B12D,"RHODE ISLAND ST","ALAMEDA ST",0.00,,Y,A,-,N,,,,,,,,,,N,2,0,1,2,A,-,09,21802,B,N,D,C,A,A,-,-,A,A,0,,,Y,,Y,,C,02,1,0,0,0,0,0,0,0,1,"- ","- ",,,"SAN FRANCISCO","SAN FRANCISCO",-122.40294994999999,37.768649920000001
8515291,2017,2018-01-11,3801,2017-11-13,1448,2740,BAYVI,1,5,7,3801,0,0,0,,0,3C12A,"EVANS AV","PHELPS ST",0.00,,Y,B,-,N,,,,,,,,,,N,2,0,1,2,A,-,12,21453,A,N,D,C,A,B,H,-,A,A,0,,,Y,,Y,,C,02,1,0,0,0,0,0,0,0,1,"- ","- ",,,"SAN FRANCISCO","SAN FRANCISCO",-122.38844994,37.742979920000003
8515339,2017,2018-01-31,3801,2017-11-18,2041,2097,"CO D",6,5,7,3801,0,0,0,,0,901,"15TH ST","CALEDONIA ST",68.00,E,N,A,-,N,,,,,,,,,,Y,2,0,3,6,A,-,01,23153,A,F,G,E,F,A,H,-,C,D,0,Y,,,Y,Y,Y,F,26,3,0,0,0,3,0,0,0,0,"- ","- ",,,"SAN FRANCISCO","SAN FRANCISCO",-122.42129582,37.766588370000001
8515465,2017,2017-12-26,3801,2017-11-09,2130,4047,SOUTH,4,5,7,3801,0,0,0,,0,3B15C,"4TH ST","LONG BRIDGE ST",0.00,,Y,A,-,N,,,,,,,,,,N,2,0,1,2,D,-,00,,,N,H,A,A,A,H,-,C,A,0,,,,,Y,,-,"- ",1,0,0,0,0,0,0,0,0,"- ","- ",,,"SAN FRANCISCO","SAN FRANCISCO",-122.39147991,37.773639920000001
8515486,2017,2018-01-19,3801,2017-11-18,1020,2105,CENTR,6,5,7,3801,0,0,0,,0,3A40B,"COLUMBUS AV","FRANCISCO ST",0.00,,Y,A,-,N,,,,,,,,,,N,2,0,1,1,A,-,03,22350,A,N,H,-,A,A,H,-,A,D,0,,,,,Y,,-,,1,0,0,0,0,0,0,0,0,"- ","- ",,,"SAN FRANCISCO","SAN FRANCISCO",-122.41606985999999,37.804409939999999
8515492,2017,2017-12-20,3801,2017-11-19,1752,2724,CENTR,7,5,7,3801,0,0,0,,0,3A14D,"FILBERT ST","POWELL ST",0.00,,Y,A,-,N,,,,,,,,,,N,2,0,1,2,A,-,12,22450,A,N,G,B,B,A,H,-,B,A,0,Y,,,,Y,,A,01,1,0,0,0,1,0,0,0,0,"- ","- ",,,"SAN FRANCISCO","SAN FRANCISCO",-122.41099995,37.801169899999998
8515590,2017,2018-02-20,3801,2017-11-05,1532,2379,INGLE,7,5,7,3801,0,0,0,,0,3H16C,"MISSION ST","EXCELSIOR AV",0.00,,Y,A,-,N,,,,,,,,,,N,2,0,1,2,A,-,10,21950,A,N,G,B,B,B,-,-,D,A,0,Y,,,,Y,Y,A,01,1,0,0,0,1,0,0,0,0,"- ","- ",,,"SAN FRANCISCO","SAN FRANCISCO",-122.43363988,37.726239960000001
8535968,2017,2018-04-25,3801,2017-10-04,1722,2708,PARK,3,5,7,3801,0,0,0,,0,3F13C,"FELL ST","BAKER ST",0.00,,Y,A,-,N,,,,,,,,,,N,1,1,0,2,A,-,10,21950,A,N,G,B,B,A,H,-,A,A,0,Y,,,,Y,,A,01,0,0,0,1,0,0,0,0,0,"- ","- ",,,"SAN FRANCISCO","SAN FRANCISCO",-122.44092999999999,37.773619910000001
8539814,2017,2018-01-27,3801,2017-12-07,1831,A20952,SOUTH,4,5,7,3801,0,0,0,,0,3CAR,"7TH ST","NATOMA ST",0.00,,Y,B,-,N,,,,,,,,,,N,2,0,1,2,A,-,11,21950,B,F,D,B,E,A,H,-,C,D,0,Y,,,,Y,,N,60,1,0,0,0,1,0,0,0,0,"- ","- ",,,"SAN FRANCISCO","SAN FRANCISCO",-122.40989998000001,37.778399929999999
8539844,2017,2018-01-26,3801,2017-12-11,0819,2728,MISIS,1,5,7,3801,0,0,0,,0,908,"GUERRERO ST","16TH ST",0.00,,Y,A,-,N,,,,,,,,,,Y,2,0,2,2,A,-,09,21801,A,N,-,C,A,A,H,-,A,A,0,,,,,Y,,A,01,1,0,1,0,0,0,0,0,0,"- ","- ",,,"SAN FRANCISCO","SAN FRANCISCO",-122.42409997,37.764779959999998
8539904,2017,2018-02-13,3801,2017-12-02,1900,916,BAYV,6,5,7,3801,0,0,0,,0,3C12D,"PHELPS ST","VESTA ST",0.00,,Y,A,-,N,,,,,,,,,,N,2,0,1,2,A,-,10,21950,A,F,G,B,B,A,H,-,C,-,0,Y,,,,Y,,A,07,1,0,0,0,1,0,0,0,0,"- ","- ",,,"SAN FRANCISCO","SAN FRANCISCO",-122.39984991,37.73029992
8539919,2017,2018-01-26,3801,2017-12-15,0740,2740,BAYVI,5,5,7,3801,0,0,0,,0,3C13A,"BEATRICE LN","LILLIAN ST",0.00,,Y,A,-,N,,,,,,,,,,N,2,0,1,2,A,-,03,22350,,N,D,G,A,A,H,-,A,D,0,,Y,,,Y,,A,01,1,0,0,0,0,0,1,0,0,"- ","- ",,,"SAN FRANCISCO","SAN FRANCISCO",-122.38114992,37.731369960000002
8552756,2018,2018-02-21,3801,2018-01-29,1220,2456,COC,1,5,7,3801,0,0,0,,0,3C11A,"RHODE ISLAND ST","RHODE ISLAND ST 1448",0.00,,-,A,-,N,,,,,,,,,,N,2,0,1,3,D,-,00,,,N,E,I,F,A,H,-,A,D,0,Y,,,,Y,,-,"- ",1,0,0,0,1,0,0,0,0,"- ","- ",,,"SAN FRANCISCO","SAN FRANCISCO",-122.40128,37.751325000000001
8552901,2018,2018-02-14,3801,2018-01-25,1741,819,TENDE,4,5,7,3801,0,0,0,,0,3J12D,"MARKET ST","4TH ST",260.00,E,N,A,-,N,,,,,,,,,,N,2,0,1,2,A,-,07,21658,A,N,H,A,A,A,H,-,B,D,0,,,Y,,Y,,A,01,1,0,0,0,0,0,0,0,1,"- ","- ",,,"SAN FRANCISCO","SAN FRANCISCO",-122.40525817871094,37.786209106445312
8553167,2018,2018-02-14,3801,2018-01-30,1744,185,MISSI,2,5,7,3801,0,0,0,,0,3D11C,"VALENCIA ST","18TH ST",277.00,S,N,A,-,N,,,,,,,,,,N,2,0,1,2,A,-,08,22102,,N,G,B,E,A,H,-,C,D,0,Y,,,,Y,,-,,1,0,0,0,1,0,0,0,0,"- ","- ",,,"SAN FRANCISCO","SAN FRANCISCO",-122.42148590087891,37.760951995849609
8553188,2018,2018-02-14,3801,2018-01-06,1107,4118,INGLE,6,5,7,3801,0,0,0,,0,3H13C,"SAN JOSE AV","29TH ST",184.00,S,N,A,-,N,,,,,,,,,,N,2,0,1,2,A,-,07,21658,A,N,B,C,A,-,H,-,A,D,0,,,Y,,Y,,A,01,1,0,0,0,0,0,0,0,1,"- ","- ",,,"SAN FRANCISCO","SAN FRANCISCO",-122.42293548583984,37.743446350097656
8553217,2018,2018-02-15,3801,2018-01-01,0610,2060,SOUTH,1,5,7,3801,0,0,0,,0,0B4,"SOUTH VAN NESS AV","13TH ST",100.00,N,N,-,-,N,,,,,,,,,,Y,2,0,1,1,D,-,00,,,N,A,I,A,A,H,-,C,D,0,,,Y,,Y,,-,"- ",1,0,0,0,0,0,0,0,1,"- ","- ",,,"SAN FRANCISCO","SAN FRANCISCO",-122.41775512695312,37.769966125488281
8572521,2018,2018-03-27,3801,2018-02-04,2148,2095,COD,7,5,7,3801,0,0,0,,0,901,"DUBOCE AV","PEARL ST",5.00,W,N,A,-,N,,,,,,,,,,Y,2,0,3,6,A,-,01,23153,A,F,C,C,F,A,H,-,C,A,0,Y,,,,Y,Y,D,22,1,0,2,0,1,0,0,0,0,"- ","- ",,,"SAN FRANCISCO","SAN FRANCISCO",-122.42383575439453,37.769790649414062