CASE_ID,ACCIDENT_YEAR,PROC_DATE,JURIS,COLLISION_DATE,COLLISION_TIME,OFFICER_ID,REPORTING_DISTRICT,DAY_OF_WEEK,CHP_SHIFT,POPULATION,CNTY_CITY_LOC,SPECIAL_COND,BEAT_TYPE,CHP_BEAT_TYPE,CITY_DIVISION_LAPD,CHP_BEAT_CLASS,BEAT_NUMBER,PRIMARY_RD,SECONDARY_RD,DISTANCE,DIRECTION,INTERSECTION,WEATHER_1,WEATHER_2,STATE_HWY_IND,CALTRANS_COUNTY,CALTRANS_DISTRICT,STATE_ROUTE,ROUTE_SUFFIX,POSTMILE_PREFIX,POSTMILE,LOCATION_TYPE,RAMP_INTERSECTION,SIDE_OF_HWY,TOW_AWAY,COLLISION_SEVERITY,NUMBER_KILLED,NUMBER_INJURED,PARTY_COUNT,PRIMARY_COLL_FACTOR,PCF_CODE_OF_VIOL,PCF_VIOL_CATEGORY,PCF_VIOLATION,PCF_VIOL_SUBSECTION,HIT_AND_RUN,TYPE_OF_COLLISION,MVIW,PED_ACTION,ROAD_SURFACE,ROAD_COND_1,ROAD_COND_2,LIGHTING,CONTROL_DEVICE,CHP_ROAD_TYPE,PEDESTRIAN_ACCIDENT,BICYCLE_ACCIDENT,MOTORCYCLE_ACCIDENT,TRUCK_ACCIDENT,NOT_PRIVATE_PROPERTY,ALCOHOL_INVOLVED,STWD_VEHTYPE_AT_FAULT,CHP_VEHTYPE_AT_FAULT,COUNT_SEVERE_INJ,COUNT_VISIBLE_INJ,COUNT_COMPLAINT_PAIN,COUNT_PED_KILLED,COUNT_PED_INJURED,COUNT_BICYCLIST_KILLED,COUNT_BICYCLIST_INJURED,COUNT_MC_KILLED,COUNT_MC_INJURED,PRIMARY_RAMP,SECONDARY_RAMP,LATITUDE,LONGITUDE,COUNTY,CITY,POINT_X,POINT_Y
8572522,2018,2018-03-16,3801,2018-02-23,1520,RAYMON,CENTR,5,5,7,3801,0,0,0,,0,3A12C,"EMBARCADERO ST","SANSOME ST",0.00,,Y,A,-,N,,,,,,,,,,N,2,0,1,2,A,-,03,22350,A,N,B,G,-,A,H,-,A,A,0,Y,,,,Y,,N,60,1,0,0,0,1,0,0,0,0,"- ","- ",,,"SAN FRANCISCO","SAN FRANCISCO",-122.40342,37.805039999999998
8572848,2018,2018-03-14,3801,2018-02-05,2126,1102,PARK,1,5,7,3801,0,0,0,,0,0F3,"MASONIC AV","OAK ST",67.00,N,N,A,-,N,,,,,,,,,,N,2,0,2,3,A,-,11,21950,B,N,G,B,D,A,H,-,C,A,0,Y,,,,Y,,N,60,1,0,1,0,2,0,0,0,0,"- ","- ",,,"SAN FRANCISCO","SAN FRANCISCO",-122.44578552246094,37.772262573242188
8573789,2018,2018-03-21,3801,2018-02-02,1122,2366,NORTH,5,5,7,3801,0,0,0,,0,001,LINDEN,WEBSTER,133.00,E,N,A,-,N,,,,,,,,,,N,2,0,1,1,A,-,03,22350,,N,H,I,A,A,H,-,A,D,0,,,Y,,Y,,C,03,1,0,0,0,0,0,0,0,1,"- ","- ",,,"SAN FRANCISCO","SAN FRANCISCO",-122.42898559570312,37.775642395019531
8573846,2018,2018-03-14,3801,2018-02-02,0009,1518,BAYVI,5,5,7,3801,0,0,0,,0,0C2,"REVERE ST","RANKIN ST",0.00,,Y,A,-,N,,,,,,,,,,Y,2,0,2,1,A,-,03,22350,,N,A,I,A,A,H,-,C,A,0,,,,,Y,,A,01,2,0,0,0,0,0,0,0,0,"- ","- ",,,"SAN FRANCISCO","SAN FRANCISCO",-122.39952087402344,37.736968994140625
8573894,2018,2018-03-14,3801,2018-02-09,0845,A22283,BAYVI,5,5,7,3801,0,0,0,,0,3C15B,"PAUL AV","3RD ST",0.00,,Y,A,-,N,,,,,,,,,,Y,2,0,1,2,A,-,08,22107,,N,D,C,A,A,H,-,A,A,0,,,,,Y,,A,01,1,0,0,0,0,0,0,0,0,"- ","- ",,,"SAN FRANCISCO","SAN FRANCISCO",-122.395751953125,37.722408294677734
8594635,2018,2018-04-26,3801,2018-03-03,1533,310,TARAV,6,5,7,3801,0,0,0,,0,3I15B,"KIRKHAM ST","16TH AV",1.00,E,N,A,-,N,,,,,,,,,,N,2,0,1,2,A,-,10,21950,A,N,D,B,B,A,-,-,A,A,0,Y,,,,Y,,A,01,1,0,0,0,1,0,0,0,0,"- ","- ",,,"SAN FRANCISCO","SAN FRANCISCO",-122.47365570068359,37.759971618652344
8594636,2018,2018-04-20,3801,2018-03-06,1855,2162,SOUTH,2,5,7,3801,0,0,0,,0,3B45,"HARRISON ST","4TH ST",177.00,W,N,A,-,N,,,,,,,,,,N,2,0,1,2,A,-,11,21955,,N,A,B,D,A,H,-,C,A,0,Y,,,,Y,,N,60,1,0,0,0,1,0,0,0,0,"- ","- ",,,"SAN FRANCISCO","SAN FRANCISCO",-122.40007019042969,37.780441284179688
8594814,2018,2018-04-23,3801,2018-03-22,1818,417,SOTHE,4,5,7,3801,0,0,0,,0,3B14D,"12TH ST","FOLSOM ST",0.00,,Y,A,-,N,,,,,,,,,,N,2,0,1,2,A,-,12,21453,A,F,D,G,A,A,H,-,A,A,0,,Y,,,Y,,L,04,1,0,0,0,0,0,1,0,0,"- ","- ",,,"SAN FRANCISCO","SAN FRANCISCO",-122.41500091552734,37.770900726318359
8594884,2018,2018-04-20,3801,2018-03-26,0946,1043,TARAV,1,5,7,3801,0,0,0,,0,4B2D,"SLOAT BL","19TH AV",2.00,E,N,A,-,N,,,,,,,,,,N,2,0,1,2,A,-,10,21950,A,N,G,B,B,A,H,-,A,A,0,Y,,,,Y,,A,01,1,0,0,0,1,0,0,0,0,"- ","- ",,,"SAN FRANCISCO","SAN FRANCISCO",-122.47512054443359,37.734722137451172
8597236,2018,2018-04-18,3801,2018-03-14,0810,196,MISSI,3,5,7,3801,0,0,0,,0,3D14A,"17TH ST","DOLORES ST",0.00,,Y,C,-,N,,,,,,,,,,N,2,0,1,1,A,-,03,22350,,N,H,A,A,B,H,-,A,A,0,,Y,,,Y,,L,04,1,0,0,0,0,0,1,0,0,"- ","- ",,,"SAN FRANCISCO","SAN FRANCISCO",-122.42630004882812,37.763008117675781
8597240,2018,2018-04-18,3801,2018-03-17,1823,307,PARK,6,5,7,3801,0,0,0,,0,3F13D,"FELL ST","SHRADER ST",59.00,W,N,A,-,N,,,,,,,,,,N,2,0,1,1,A,-,03,22350,,N,E,I,A,A,H,-,A,A,0,,,Y,,Y,,C,03,1,0,0,0,0,0,0,0,1,"- ","- ",,,"SAN FRANCISCO","SAN FRANCISCO",-122.45260620117188,37.772098541259766
8597247,2018,2018-04-23,3801,2018-03-14,1725,A22572,SOUTH,3,5,7,3801,0,0,0,,0,901,HOWARD,"MAIN ST",0.00,,Y,A,-,N,,,,,,,,,,Y,2,0,1,2,A,-,09,21801,A,N,C,G,A,A,H,-,A,A,0,,Y,,,Y,,L,04,1,0,0,0,0,0,1,0,0,"- ","- ",,,"SAN FRANCISCO","SAN FRANCISCO",-122.39340209960938,37.790618896484375
8598020,2018,2018-07-03,3801,2018-03-27,0404,1718,BAYVI,2,5,7,3801,0,0,0,,0,3C13E,"3RD ST","JERROLD AV",21.00,N,N,A,-,N,,,,,,,,,,Y,2,0,2,1,A,-,03,22350,,F,A,I,A,A,H,-,C,A,0,,,,,Y,Y,D,22,2,0,0,0,0,0,0,0,0,"- ","- ",,,"SAN FRANCISCO","SAN FRANCISCO",-122.38934326171875,37.738834381103516
8599722,2018,2018-04-25,3801,2018-03-21,0529,A07642,NORHE,3,5,7,3801,0,0,0,,0,4B2E,"BUSH ST","GOUGH ST",0.00,,Y,C,-,N,,,,,,,,,,Y,2,0,5,3,A,-,12,21453,A,N,D,C,A,B,H,-,C,A,0,,,,,Y,,A,01,4,0,1,0,0,0,0,0,0,"- ","- ",,,"SAN FRANCISCO","SAN FRANCISCO",-122.42523956298828,37.788070678710938
8599734,2018,2018-04-25,3801,2018-03-31,1509,472,NORTH,6,5,7,3801,0,0,0,,0,3E44C,"POLK ST","BUSH ST",0.00,,Y,A,-,N,,,,,,,,,,N,2,0,1,2,A,-,09,21801,A,N,A,C,A,A,H,-,A,A,0,,,Y,,Y,,A,01,1,0,0,0,0,0,0,0,1,"- ","- ",,,"SAN FRANCISCO","SAN FRANCISCO",-122.42030334472656,37.788688659667969
8603037,2018,2018-05-22,3801,2018-04-21,0310,417,SOUTH,6,5,7,3801,0,0,0,,0,3B11E,"KING ST","TOWNSEND ST",262.00,W,N,A,-,N,,,,,,,,,,Y,2,0,5,1,A,-,01,23152,A,N,E,I,A,A,H,-,C,D,0,,,,,Y,Y,A,08,1,1,3,0,0,0,0,0,0,"- ","- ",,,"SAN FRANCISCO","SAN FRANCISCO",-122.38927459716797,37.781570434570312
8619112,2018,2018-06-04,3801,2018-02-06,1512,917,INGLE,2,5,7,3801,0,0,0,,0,4B4I,"PERSIA AV","MOSCOW ST",54.00,W,N,A,-,N,,,,,,,,,,N,2,0,1,2,A,-,"- ",,,N,H,B,E,A,H,-,A,D,0,Y,,,,Y,,N,60,1,0,0,0,1,0,0,0,0,"- ","- ",37.719688415527344,-122.42887878417969,"SAN FRANCISCO","SAN FRANCISCO",-122.428955078125,37.719768524169922
8619219,2018,2018-05-21,3801,2018-04-13,0846,577,INGLE,5,5,7,3801,0,0,0,,0,0H5,"MISSION ST","NAGLEE AV",0.00,,Y,A,-,N,,,,,,,,,,N,2,0,1,2,A,-,10,21950,A,N,G,B,B,A,H,-,A,A,0,Y,,,,Y,,A,01,1,0,0,0,1,0,0,0,0,"- ","- ",,,"SAN FRANCISCO","SAN FRANCISCO",-122.44612884521484,37.711601257324219
8619263,2018,2018-05-23,3801,2018-04-21,2235,1499,MISSI,6,5,7,3801,0,0,0,,0,3D13E,"19TH ST","MISSION ST",0.00,,Y,A,-,N,,,,,,,,,,Y,2,0,7,7,A,-,12,21453,A,F,D,C,B,A,H,-,C,A,0,Y,,,,Y,,A,01,1,3,3,0,3,0,0,0,0,"- ","- ",,,"SAN FRANCISCO","SAN FRANCISCO",-122.41921997070312,37.760219573974609
8619272,2018,2018-05-22,3801,2018-04-08,2150,916,BAYVI,7,5,7,3801,0,0,0,,0,3C14E,"SAN BRUNO AV","WOOLSEY ST",0.00,,Y,A,-,N,,,,,,,,,,N,2,0,1,2,A,-,10,21950,A,F,D,B,B,A,H,-,C,A,0,Y,,,,Y,,A,01,1,0,0,0,1,0,0,0,0,"- ","- ",,,"SAN FRANCISCO","SAN FRANCISCO",-122.40261077880859,37.725238800048828
8620642,2018,2018-05-21,3801,2018-04-26,1501,2209,3801,4,5,7,3801,0,0,0,,0,3D45C,"CLIPPER ST","DIAMOND ST",0.00,,Y,A,-,N,,,,,,,,,,N,2,0,1,2,A,-,12,22450,A,N,A,G,A,A,H,-,A,A,0,,Y,,,Y,,L,04,1,0,0,0,0,0,1,0,0,"- ","- ",,,"SAN FRANCISCO","SAN FRANCISCO",-122.43607330322266,37.748779296875
8621081,2018,2018-05-23,3801,2018-04-23,1752,2338,SOUTH,1,5,7,3801,0,0,0,,0,3B2,"HOWARD ST","4TH ST",225.00,E,N,A,-,N,,,,,,,,,,,2,0,1,2,A,-,17,21209,A,N,B,G,A,A,D,-,A,D,0,,Y,,,Y,,A,01,1,0,0,0,0,0,1,0,0,"- ","- ",,,"SAN FRANCISCO","SAN FRANCISCO",-122.40215301513672,37.783706665039062
8636809,2018,2018-06-26,3801,2018-05-17,2225,4047,RICHM,4,5,7,3801,0,0,0,,0,3G12D,"MARTIN LUTHER KING JR DR","MUSIC CONCOURSE DR",0.00,N,Y,A,-,N,,,,,,,,,,N,2,0,2,3,A,-,10,21950,A,N,G,B,B,A,H,-,C,D,0,Y,,,,Y,Y,A,01,1,0,1,0,2,0,0,0,0,"- ","- ",,,"SAN FRANCISCO","SAN FRANCISCO",-122.46836853027344,37.768791198730469
8636828,2018,2018-06-21,3801,2018-05-04,1810,555,PARK,5,5,7,3801,0,0,0,,0,3F61,"5TH AV","HUGO ST",0.00,,Y,A,-,N,,,,,,,,,,Y,2,0,1,2,A,-,12,22450,A,N,D,C,A,A,H,-,A,A,0,,,Y,,Y,,A,01,1,0,0,0,0,0,0,0,1,"- ","- ",,,"SAN FRANCISCO","SAN FRANCISCO",-122.46208953857422,37.765148162841797
8636846,2018,2018-06-22,3801,2018-05-15,0815,97,PARK,2,5,7,3801,0,0,0,,0,3F2A,"MARKET ST","DIAMOND ST",0.00,,Y,B,-,N,,,,,,,,,,Y,2,0,1,2,A,-,12,21453,A,N,D,C,A,A,H,-,A,A,0,,,,,Y,,-,,1,0,0,0,0,0,0,0,0,"- ","- ",,,"SAN FRANCISCO","SAN FRANCISCO",-122.43730163574219,37.76190185546875
8636847,2018,2018-06-22,3801,2018-05-29,1233,1511,BAYVI,2,5,7,3801,0,0,0,,0,3C1C,"BAYSHORE BL","PAUL AV",310.00,N,N,A,-,N,,,,,,,,,,Y,2,0,1,2,A,-,09,21801,A,N,D,C,A,A,H,-,A,D,0,,,,,Y,,-,,1,0,0,0,0,0,0,0,0,"- ","- ",,,"SAN FRANCISCO","SAN FRANCISCO",-122.401123046875,37.724418640136719
8636890,2018,2018-06-21,3801,2018-05-07,1035,A22708,CENTR,1,5,7,3801,0,0,0,,0,3A14A,"WASHINGTON ST","DRUMM ST",0.00,,Y,A,-,N,,,,,,,,,,N,2,0,1,2,A,-,10,21950,A,N,G,B,B,A,H,-,A,A,0,Y,,,,Y,,A,01,1,0,0,0,1,0,0,0,0,"- ","- ",,,"SAN FRANCISCO","SAN FRANCISCO",-122.39698028564453,37.796371459960938
8636891,2018,2018-07-12,3801,2018-05-02,1818,472,,3,5,7,3801,0,0,0,,0,,"FRANCISCO ST","OCTAVIA ST",40.00,N,N,A,-,N,,,,,,,,,,N,2,0,1,2,A,-,17,22517,,N,H,G,A,A,H,-,A,D,0,,Y,,,Y,,A,01,1,0,0,0,0,0,1,0,0,"- ","- ",,,"SAN FRANCISCO","SAN FRANCISCO",-122.42971038818359,37.802608489990234
8636904,2018,2018-06-22,3801,2018-05-07,0745,1190,MISSI,1,5,7,3801,0,0,0,,0,3D14E,"MARIPOSA ST","CAROLINA ST",40.00,E,N,A,-,N,,,,,,,,,,N,2,0,1,2,A,-,17,22517,,F,H,G,A,A,-,-,A,A,0,,Y,,,Y,,A,01,1,0,0,0,0,0,1,0,0,"- ","- ",,,"SAN FRANCISCO","SAN FRANCISCO",-122.40037536621094,37.763637542724609
8636960,2018,2018-06-22,3801,2018-05-04,1645,219,COC,5,5,7,3801,0,0,0,,0,0C1,FRANKLIN,ELLIS,0.00,,Y,A,-,N,,,,,,,,,,N,2,0,1,2,D,-,00,,,F,B,C,A,A,H,-,A,A,0,,,,,Y,,-,"- ",1,0,0,0,0,0,0,0,0,"- ","- ",,,"SAN FRANCISCO","SAN FRANCISCO",-122.42265319824219,37.783611297607422
8636964,2018,2018-06-25,3801,2018-05-17,2140,400823,RICHM,4,5,7,3801,0,0,0,,0,3G15E,"CABRILLO ST","25TH AV",0.00,,Y,A,-,N,,,,,,,,,,N,2,0,1,2,A,-,08,22107,,N,A,G,A,A,H,-,C,A,0,,Y,,,Y,,A,01,1,0,0,0,0,0,1,0,0,"- ","- ",,,"SAN FRANCISCO","SAN FRANCISCO",-122.48432159423828,37.774448394775391
8639074,2018,2018-08-15,3801,2018-05-30,1225,1917,TARAV,3,5,7,3801,0,0,0,,0,3I16A,"JUNIPERO SERRA BL","ALEMANY BL",85.00,S,N,A,-,Y,SF,4,1,-,R,0.006,H,-,S,Y,2,0,1,1,A,-,03,22350,,N,B,I,A,A,H,-,A,D,0,,,,,Y,,A,01,1,0,0,0,0,0,0,0,0,"- ","- ",,,"SAN FRANCISCO","SAN FRANCISCO",-122.47133636474609,37.708354949951172
8649140,2018,2018-07-20,3801,2018-06-13,0947,1887,BAYVI,3,5,7,3801,0,0,0,,0,4B1B,"MARIPOSA ST","PENNSYLVANIA AV",0.00,,Y,A,-,N,,,,,,,,,,Y,2,0,1,2,A,-,06,21750,A,N,B,C,A,A,H,-,A,D,0,,,,,Y,,J,49,1,0,0,0,0,0,0,0,0,"- ","- ",,,"SAN FRANCISCO","SAN FRANCISCO",-122.39375305175781,37.7640380859375
8649575,2018,2018-08-28,3801,2018-06-11,1414,1396,SOUTH,1,5,7,3801,0,0,0,,0,3B11C,"2ND ST","TEHAMA ST",50.00,S,N,A,-,N,,,,,,,,,,N,2,0,1,2,A,-,03,22350,,N,E,E,A,A,H,-,A,D,0,,,Y,,Y,Y,C,03,1,0,0,0,0,0,0,0,1,"- ","- ",,,"SAN FRANCISCO","SAN FRANCISCO",-122.3975830078125,37.7862548828125
8649577,2018,2018-08-27,3801,2018-06-07,1416,1500,CENTR,4,5,7,3801,0,0,0,,0,3A13A,"COLUMBUS AV","UNION ST",0.00,,Y,A,G,N,,,,,,,,,,N,2,0,1,2,A,-,08,22107,,F,B,C,A,A,H,-,A,A,0,,,,,Y,,-,,1,0,0,0,0,0,0,0,0,"- ","- ",,,"SAN FRANCISCO","SAN FRANCISCO",-122.41017150878906,37.800308227539062
8649623,2018,2018-08-20,3801,2018-06-22,1534,2334,SOUTH,5,5,7,3801,0,0,0,,0,0B4,"MISSION ST","8TH ST",0.00,,Y,A,-,N,,,,,,,,,,N,2,0,1,2,D,-,00,,,N,B,G,A,A,H,-,A,A,0,,Y,,,Y,,-,"- ",1,0,0,0,0,0,1,0,0,"- ","- ",,,"SAN FRANCISCO","SAN FRANCISCO",-122.41316223144531,37.777458190917969
8650543,2018,2018-09-10,3801,2018-07-20,0120,1060,SOUTH,5,5,7,3801,0,0,0,,0,004,"MARKET ST","GUERRERO ST",0.00,,Y,B,-,N,,,,,,,,,,Y,2,0,1,2,A,-,09,21801,A,N,A,C,A,A,H,-,C,A,0,,,Y,,Y,,A,07,1,0,0,0,0,0,0,0,1,"- ","- ",,,"SAN FRANCISCO","SAN FRANCISCO",-122.42485809326172,37.770748138427734
8651104,2018,2018-09-10,3801,2018-04-10,1910,917,,2,5,7,3801,0,0,0,,0,4B4E,"IRVING ST","8TH ST",0.00,,Y,A,-,N,,,,,,,,,,N,2,0,1,2,A,-,10,21950,A,N,G,B,B,A,H,-,B,D,0,Y,,,,Y,,A,01,1,0,0,0,1,0,0,0,0,"- ","- ",,,"SAN FRANCISCO","SAN FRANCISCO",-122.46524810791016,37.764091491699219
8652632,2018,2018-08-29,3801,2018-06-16,2333,1301,TENDE,6,5,7,3801,0,0,0,,0,3J13E,"HYDE ST","TURK ST",3.00,N,N,A,-,N,,,,,,,,,,N,2,0,1,2,A,-,12,21453,A,M,B,C,A,A,H,-,C,A,0,,Y,,,Y,,-,"- ",1,0,0,0,0,0,1,0,0,"- ","- ",,,"SAN FRANCISCO","SAN FRANCISCO",-122.41569519042969,37.782577514648438
8664163,2018,2018-07-24,3801,2018-05-31,1245,1887,NORTH,4,5,7,3801,0,0,0,,0,4B1B,"FILLMORE ST","HAYES ST",0.00,,Y,A,-,N,,,,,,,,,,N,2,0,1,1,A,-,12,21453,A,N,H,J,A,A,H,-,A,A,0,,,,,Y,,M,94,1,0,0,0,0,0,0,0,0,"- ","- ",,,"SAN FRANCISCO","SAN FRANCISCO",-122.43118286132812,37.775829315185547
8667512,2018,2018-07-25,3801,2018-06-05,1659,417,SOUTH,2,5,7,3801,0,0,0,,0,3B14D,"FOLSOM ST","9TH ST",0.00,,Y,A,G,N,,,,,,,,,,N,2,0,1,2,A,-,07,21658,A,F,B,C,A,A,H,-,A,A,0,,,Y,,Y,,-,99,1,0,0,0,0,0,0,0,1,"- ","- ",,,"SAN FRANCISCO","SAN FRANCISCO",-122.41161346435547,37.773769378662109
8683692,2018,2018-08-29,3801,2018-07-13,0837,1452,TENDE,5,5,7,3801,0,0,0,,0,001,"9TH ST","MISSION ST",48.00,N,N,A,-,N,,,,,,,,,,N,2,0,1,2,A,-,11,21950,B,N,-,B,D,A,H,-,A,A,0,Y,,Y,,Y,,N,60,1,0,0,0,1,0,0,0,0,"- ","- ",,,"SAN FRANCISCO","SAN FRANCISCO",-122.41484069824219,37.776332855224609
8683735,2018,2018-09-12,3801,2018-07-20,2301,1061,SOUTH,5,5,7,3801,0,0,0,,0,3B15E,"TOWNSEND ST","6TH ST",210.00,W,N,A,-,N,,,,,,,,,,N,2,0,1,2,A,-,00,20001,A,F,G,B,D,A,H,-,C,D,0,Y,,Y,,Y,,C,06,1,0,0,0,1,0,0,0,0,"- ","- ",,,"SAN FRANCISCO","SAN FRANCISCO",-122.39991760253906,37.773818969726562
8685682,2018,2018-09-18,3801,2018-07-12,1926,1023,INGLE,4,5,7,3801,0,0,0,,0,3H15D,"SAN JOSE AV","30TH ST",0.00,,Y,A,-,N,,,,,,,,,,N,2,0,1,2,A,-,21,22106,,N,C,C,A,A,H,-,A,A,0,,,,Y,Y,,A,01,1,0,0,0,0,0,0,0,0,"- ","- ",,,"SAN FRANCISCO","SAN FRANCISCO",-122.42328643798828,37.742279052734375
8685870,2018,2018-08-29,3801,2018-07-04,1827,1345,SOUTH,3,5,7,3801,0,0,0,,0,0B2,"4TH ST","BRYANT ST",0.00,,Y,A,-,N,,,,,,,,,,N,2,0,1,1,A,-,"- ",,,N,H,A,A,A,H,-,A,A,0,,Y,,,Y,,L,04,1,0,0,0,0,0,1,0,0,"- ","- ",,,"SAN FRANCISCO","SAN FRANCISCO",-122.3980712890625,37.779571533203125
8685906,2018,2018-08-30,3801,2018-07-14,1816,4214,SOUTH,6,5,7,3801,0,0,0,,0,4B46,"4TH ST","BERRY ST",248.00,S,N,B,-,N,,,,,,,,,,N,2,0,1,2,A,-,11,21955,,N,G,B,D,A,G,-,A,D,0,Y,,,,Y,,N,60,1,0,0,0,1,0,0,0,0,"- ","- ",,,"SAN FRANCISCO","SAN FRANCISCO",-122.39273071289062,37.775299072265625
8685937,2018,2018-09-06,3801,2018-07-22,1859,1039,MISSI,7,5,7,3801,0,0,0,,0,003,"20TH ST","VALENCIA ST",320.00,W,N,A,-,N,,,,,,,,,,Y,2,0,1,2,A,-,11,21955,,N,G,B,E,A,H,-,A,D,0,Y,,,,Y,,N,60,1,0,0,0,0,0,0,0,0,"- ","- ",,,"SAN FRANCISCO","SAN FRANCISCO",-122.42236328125,37.758434295654297
8693153,2018,2018-09-27,3801,2018-08-03,1522,2100,RICHM,5,5,7,3801,0,0,0,,0,3G14D,"20TH AV","BALBOA ST",0.00,,Y,A,-,N,,,,,,,,,,N,2,0,1,2,A,-,12,22450,A,N,D,G,A,A,H,-,A,A,0,,Y,,,Y,,L,04,1,0,0,0,0,0,1,0,0,"- ","- ",,,"SAN FRANCISCO","SAN FRANCISCO",-122.47913360595703,37.776538848876953
8697852,2018,2018-10-03,3801,2018-08-23,2251,246,TARAV,4,5,7,3801,0,0,0,,0,TARAV5,"JOHN MUIR DR","LAKE MERCED",2112.00,N,N,A,-,N,,,,,,,,,,Y,2,0,2,2,A,-,01,23152,A,N,E,I,A,A,H,-,D,D,0,,,,,Y,Y,A,01,1,1,0,0,0,0,0,0,0,"- ","- ",,,"SAN FRANCISCO","SAN FRANCISCO",-122.49002075195312,37.712532043457031
8697919,2018,2018-10-02,3801,2018-08-31,1311,A22037,CENTR,5,5,7,3801,0,0,0,,0,0A5,"MARKET ST","MONTGOMERY ST",0.00,,Y,A,-,N,,,,,,,,,,N,2,0,1,2,A,-,10,21950,A,N,G,B,B,A,H,-,A,A,0,Y,,,,Y,,A,01,1,0,0,0,1,0,0,0,0,"- ","- ",,,"SAN FRANCISCO","SAN FRANCISCO",-122.40199279785156,37.788768768310547
8698124,2018,2018-10-23,3801,2018-08-23,0120,628,BAYVI,4,5,7,3801,0,0,0,,0,0C2,"JERROLD AV","RANKIN ST",225.00,E,N,A,-,N,,,,,,,,,,Y,2,0,2,2,A,-,03,22350,,N,G,C,D,A,H,-,C,D,0,Y,,,,Y,,-,"- ",1,0,1,0,1,0,0,0,0,"- ","- ",,,"SAN FRANCISCO","SAN FRANCISCO",-122.39453125,37.741706848144531
8698222,2018,2018-09-27,3801,2018-08-02,1206,2305,MISSI,4,5,7,3801,0,0,0,,0,4B1A,"17TH ST","VALENCIA ST",0.00,,Y,A,-,N,,,,,,,,,,Y,2,0,2,5,A,-,07,21658,A,N,A,B,E,A,H,-,A,A,0,Y,,,,Y,,A,01,1,0,1,0,1,0,0,0,0,"- ","- ",,,"SAN FRANCISCO","SAN FRANCISCO",-122.42173767089844,37.763298034667969
8698525,2018,2018-10-01,3801,2018-07-30,1125,728,SOUTH,1,5,7,3801,0,0,0,,0,3B13C,"3RD ST","3RD ST 625",0.00,,Y,A,-,N,,,,,,,,,,N,2,0,1,1,C,-,18,,,N,-,J,A,A,A,-,A,D,0,,Y,,,Y,,-,"- ",1,0,0,0,0,0,1,0,0,"- ","- ",,,"SAN FRANCISCO","SAN FRANCISCO",-122.393666,37.779587999999997
8708133,2018,2018-10-09,3801,2018-08-27,2125,2330,TARAV,1,5,7,3801,0,0,0,,0,3I13E,"48TH AV","QUINTARA ST",128.00,N,N,B,-,N,,,,,,,,,,N,2,0,1,3,A,-,11,21954,A,N,G,B,D,A,H,-,C,D,0,Y,,,,Y,,N,60,1,0,0,0,1,0,0,0,0,"- ","- ",,,"SAN FRANCISCO","SAN FRANCISCO",-122.50717926025391,37.747631072998047
8716161,2018,2018-10-16,3801,2018-05-07,1258,1730,INGLE,1,5,7,3801,0,0,0,,0,4B4D,"MISSION ST","CORTLAND AV",0.00,,Y,A,-,N,,,,,,,,,,Y,2,0,1,2,A,-,03,22350,,N,G,B,B,A,H,-,A,A,0,Y,,,,Y,,A,01,1,0,0,0,1,0,0,0,0,"- ","- ",,,"SAN FRANCISCO","SAN FRANCISCO",-122.42283630371094,37.741008758544922
8716379,2018,2018-10-23,3801,2018-09-07,1148,73,INGLE,5,5,7,3801,0,0,0,,0,4B1D,"GENEVA AV","MISSION ST",5.00,E,N,A,-,N,,,,,,,,,,N,2,0,1,2,A,-,10,21950,A,N,G,B,B,A,H,-,A,A,0,Y,,,,Y,,D,22,1,0,0,0,1,0,0,0,0,"- ","- ",,,"SAN FRANCISCO","SAN FRANCISCO",-122.44098663330078,37.716384887695312
8716519,2018,2018-10-19,3801,2018-09-21,1100,1925,BAYV,5,5,7,3801,0,0,0,,0,3C15A,"3RD ST","UNDERWOOD AV",0.00,,Y,A,-,N,,,,,,,,,,Y,2,0,3,2,A,-,08,22101,D,N,D,C,A,A,H,-,A,A,0,,,,,Y,,A,01,1,2,0,0,0,0,0,0,0,"- ","- ",,,"SAN FRANCISCO","SAN FRANCISCO",-122.39244842529297,37.730060577392578
8716537,2018,2018-10-18,3801,2018-09-23,2040,340,INGLE,7,5,7,3801,0,0,0,,0,3H11D,"SAN JOSE AV","29TH ST",0.00,,Y,A,-,N,,,,,,,,,,Y,2,0,3,6,A,-,09,21801,A,N,G,E,B,A,H,-,C,A,0,Y,,,,Y,,A,01,2,0,1,0,2,0,0,0,0,"- ","- ",,,"SAN FRANCISCO","SAN FRANCISCO",-122.42275238037109,37.743930816650391
8716637,2018,2018-10-19,3801,2018-09-23,1240,196,CENTR,7,5,7,3801,0,0,0,,0,3A12A,"CALIFORNIA ST","GRANT AV",103.00,W,N,A,-,N,,,,,,,,,,Y,2,0,2,2,A,-,21,22106,,N,G,B,F,A,H,-,A,A,0,Y,,,,Y,,A,01,1,1,0,0,1,0,0,0,0,"- ","- ",,,"SAN FRANCISCO","SAN FRANCISCO",-122.40624237060547,37.792415618896484