CASE_ID,ACCIDENT_YEAR,PROC_DATE,JURIS,COLLISION_DATE,COLLISION_TIME,OFFICER_ID,REPORTING_DISTRICT,DAY_OF_WEEK,CHP_SHIFT,POPULATION,CNTY_CITY_LOC,SPECIAL_COND,BEAT_TYPE,CHP_BEAT_TYPE,CITY_DIVISION_LAPD,CHP_BEAT_CLASS,BEAT_NUMBER,PRIMARY_RD,SECONDARY_RD,DISTANCE,DIRECTION,INTERSECTION,WEATHER_1,WEATHER_2,STATE_HWY_IND,CALTRANS_COUNTY,CALTRANS_DISTRICT,STATE_ROUTE,ROUTE_SUFFIX,POSTMILE_PREFIX,POSTMILE,LOCATION_TYPE,RAMP_INTERSECTION,SIDE_OF_HWY,TOW_AWAY,COLLISION_SEVERITY,NUMBER_KILLED,NUMBER_INJURED,PARTY_COUNT,PRIMARY_COLL_FACTOR,PCF_CODE_OF_VIOL,PCF_VIOL_CATEGORY,PCF_VIOLATION,PCF_VIOL_SUBSECTION,HIT_AND_RUN,TYPE_OF_COLLISION,MVIW,PED_ACTION,ROAD_SURFACE,ROAD_COND_1,ROAD_COND_2,LIGHTING,CONTROL_DEVICE,CHP_ROAD_TYPE,PEDESTRIAN_ACCIDENT,BICYCLE_ACCIDENT,MOTORCYCLE_ACCIDENT,TRUCK_ACCIDENT,NOT_PRIVATE_PROPERTY,ALCOHOL_INVOLVED,STWD_VEHTYPE_AT_FAULT,CHP_VEHTYPE_AT_FAULT,COUNT_SEVERE_INJ,COUNT_VISIBLE_INJ,COUNT_COMPLAINT_PAIN,COUNT_PED_KILLED,COUNT_PED_INJURED,COUNT_BICYCLIST_KILLED,COUNT_BICYCLIST_INJURED,COUNT_MC_KILLED,COUNT_MC_INJURED,PRIMARY_RAMP,SECONDARY_RAMP,LATITUDE,LONGITUDE,COUNTY,CITY,POINT_X,POINT_Y
8724523,2018,2018-10-30,3801,2018-09-03,2335,4132,MISSI,1,5,7,3801,0,0,0,,0,6CAR,"POTRERO AV","17TH ST",0.00,,Y,A,-,N,,,,,,,,,,N,2,0,1,2,B,-,22,,,F,D,C,A,A,H,-,C,A,0,,,Y,,Y,,A,01,1,0,0,0,0,0,0,0,1,"- ","- ",,,"SAN FRANCISCO","SAN FRANCISCO",-122.40743255615234,37.764488220214844
8744789,2018,2018-12-10,3801,2018-10-15,1029,1144,NORTH,1,5,7,3801,0,0,0,,0,3E12A,"SACRAMENTO ST","STEINER ST",0.00,,Y,A,-,N,,,,,,,,,,N,2,0,1,2,A,-,10,21950,A,N,G,B,B,A,H,-,A,A,0,Y,,,,Y,,A,01,1,0,0,0,1,0,0,0,0,"- ","- ",,,"SAN FRANCISCO","SAN FRANCISCO",-122.43566131591797,37.789619445800781
8747134,2018,2019-01-03,3801,2018-10-31,1727,2056,CENTR,3,5,7,3801,0,0,0,,0,005,"KEARNY ST","GEARY ST",25.00,N,N,A,-,N,,,,,,,,,,N,2,0,1,2,A,-,07,21658,A,N,H,G,A,A,H,-,A,D,0,,Y,,,Y,,L,04,1,0,0,0,0,0,1,0,0,"- ","- ",,,"SAN FRANCISCO","SAN FRANCISCO",-122.40351867675781,37.788017272949219
8754675,2018,2018-12-06,3801,2018-10-09,0418,863,NORTH,2,5,7,3801,0,0,0,,0,3E13E,"GEARY BL","FRANKLIN ST",0.00,,Y,A,-,N,,,,,,,,,,Y,2,0,2,2,A,-,12,21453,A,N,D,C,A,A,H,-,C,A,0,,,,,Y,,A,01,1,0,1,0,0,0,0,0,0,"- ","- ",,,"SAN FRANCISCO","SAN FRANCISCO",-122.42301940917969,37.785480499267578
8754711,2018,2018-12-06,3801,2018-10-22,1437,1149,CENTR,1,5,7,3801,0,0,0,,0,3A1A,"WETMORE ALY","CLAY ST",54.00,N,N,A,-,N,,,,,,,,,,N,2,0,1,1,A,-,15,26451,B,N,H,B,A,A,H,-,A,D,0,,,Y,,Y,,C,02,1,0,0,0,0,0,0,0,1,"- ","- ",,,"SAN FRANCISCO","SAN FRANCISCO",-122.41039276123047,37.793907165527344
8754799,2018,2019-03-22,3801,2018-10-06,1333,2365,NORTH,6,5,7,3801,0,0,0,,0,6CAR,"BAY ST","GOUGH ST",64.00,E,N,A,-,N,,,,,,,,,,N,2,0,1,3,C,-,18,,,N,H,G,A,A,H,-,A,D,0,,Y,,,Y,,-,"- ",1,0,0,0,0,0,1,0,0,"- ","- ",,,"SAN FRANCISCO","SAN FRANCISCO",-122.42818450927734,37.803775787353516
8754877,2018,2018-12-07,3801,2018-10-05,1540,1438,INGLE,5,5,7,3801,0,0,0,,0,4CAR,"ALEMANY BL","SILVER AV",0.00,,Y,A,-,N,,,,,,,,,,Y,2,0,1,2,A,-,03,22350,,N,D,C,A,A,H,-,A,A,0,,,Y,,Y,,C,03,1,0,0,0,0,0,0,0,1,"- ","- ",,,"SAN FRANCISCO","SAN FRANCISCO",-122.43338012695312,37.729850769042969
8754966,2018,2018-12-07,3801,2018-10-15,1530,182,BAYVI,1,5,7,3801,0,0,0,,0,3C60,"DOLORES ST","CLIPPER ST",0.00,,Y,F,-,N,,,,,,,,,,N,2,0,1,2,A,-,08,22107,,F,B,C,A,-,G,-,-,D,0,,,Y,,Y,,A,01,1,0,0,0,0,0,0,0,1,"- ","- ",,,"SAN FRANCISCO","SAN FRANCISCO",-122.42500305175781,37.749439239501953
8758122,2018,2019-01-18,3801,2018-11-14,1952,1766,CENTR,3,5,7,3801,0,0,0,,0,4B3C,"COLUMBUS AV","NORTHPOINT ST",88.00,S,N,A,-,N,,,,,,,,,,Y,2,0,2,4,A,-,01,23152,A,F,-,E,A,A,H,-,C,A,0,,,Y,,Y,Y,A,01,1,1,0,0,0,0,0,0,0,"- ","- ",,,"SAN FRANCISCO","SAN FRANCISCO",-122.41814422607422,37.805809020996094
8758129,2018,2019-01-18,3801,2018-11-11,1125,798,INGLE,7,5,7,3801,0,0,0,,0,3H112A,"GENEVA AV","MISSION ST",5.00,E,N,A,-,N,,,,,,,,,,N,2,0,1,2,A,-,10,21950,A,F,G,B,B,A,H,-,A,A,0,Y,,,,Y,,A,01,1,0,0,0,1,0,0,0,0,"- ","- ",,,"SAN FRANCISCO","SAN FRANCISCO",-122.44098663330078,37.716384887695312
8758213,2018,2019-01-23,3801,2018-11-03,1235,1951,INGLE,6,5,7,3801,0,0,0,,0,,"MISSION ST","SILVER ST",0.00,,Y,A,-,N,,,,,,,,,,Y,2,0,1,2,A,-,09,21801,A,N,D,D,A,A,H,-,A,A,0,,,Y,,Y,,A,01,1,0,0,0,0,0,0,0,1,"- ","- ",,,"SAN FRANCISCO","SAN FRANCISCO",-122.43128204345703,37.728740692138672
8758229,2018,2019-01-23,3801,2018-11-03,2300,334,NORTH,6,5,7,3801,0,0,0,,0,,"VAN NESS AV","CALIFORNIA ST",0.00,,Y,A,-,N,,,,,,,,,,N,2,0,1,2,A,-,11,21453,D,N,G,B,B,A,H,-,C,A,0,Y,,,,Y,,N,60,1,0,0,0,1,0,0,0,0,"- ","- ",,,"SAN FRANCISCO","SAN FRANCISCO",-122.42240905761719,37.790348052978516
8758249,2018,2019-01-18,3801,2018-11-30,1600,1133,TARAV,5,5,7,3801,0,0,0,,0,,"CRESPI DR","CARDENAS AV",0.00,,Y,A,-,N,,,,,,,,,,N,2,0,1,2,A,-,10,21950,A,N,G,B,B,A,H,-,A,D,0,Y,,,,Y,,A,01,1,0,0,0,1,0,0,0,0,"- ","- ",,,"SAN FRANCISCO","SAN FRANCISCO",-122.47646331787109,37.719509124755859
8758277,2018,2019-01-18,3801,2018-11-11,1010,1870,BAYVI,7,5,7,3801,0,0,0,,0,3C13A,"PALOU AV","3RD ST",0.00,,Y,A,-,N,,,,,,,,,,N,2,0,1,1,A,-,03,22350,,N,H,-,A,A,H,-,A,D,0,,Y,,,Y,,L,04,1,0,0,0,0,0,1,0,0,"- ","- ",,,"SAN FRANCISCO","SAN FRANCISCO",-122.39105987548828,37.734039306640625
8758303,2018,2019-01-23,3801,2018-11-24,1859,885,SOUTH,6,5,7,3801,0,0,0,,0,3B14C,"6TH ST","MISSION ST",0.00,,Y,A,-,N,,,,,,,,,,N,2,0,1,2,A,-,10,21950,A,F,B,B,B,A,H,-,C,A,0,Y,,,,Y,,A,01,1,0,0,0,1,0,0,0,0,"- ","- ",,,"SAN FRANCISCO","SAN FRANCISCO",-122.40869140625,37.780979156494141
8760380,2018,2018-12-21,3801,2018-11-16,1121,988,INGLE,5,5,7,3801,0,0,0,,0,3H16A,"VISITACION AV","HAHN ST",708.00,N,N,A,-,N,,,,,,,,,,,2,0,1,1,A,-,03,22350,,N,E,I,A,A,H,-,A,D,0,,,,,Y,,-,,1,0,0,0,0,0,0,0,0,"- ","- ",,,"SAN FRANCISCO","SAN FRANCISCO",-122.41600036621094,37.715114593505859
8766620,2018,2019-01-07,3801,2018-11-14,1135,723,CENTR,3,5,7,3801,0,0,0,,0,5CAR,"MARKET ST","2ND ST",0.00,,N,A,-,N,,,,,,,,,,,2,0,1,1,A,-,03,22350,,N,H,G,A,A,H,-,A,A,0,,Y,,,Y,,L,04,1,0,0,0,0,0,1,0,0,"- ","- ",,,"SAN FRANCISCO","SAN FRANCISCO",-122.40139770507812,37.789241790771484
8777235,2018,2019-01-29,3801,2018-12-12,1759,2116,E,3,5,7,3801,0,0,0,,0,005,"LAGUNA ST","MARINA BL",120.00,S,N,A,-,N,,,,,,,,,,N,2,0,1,2,A,-,08,22107,,N,A,C,A,A,H,-,C,D,0,,,,,Y,,-,,1,0,0,0,0,0,0,0,0,"- ","- ",,,"SAN FRANCISCO","SAN FRANCISCO",-122.43199920654297,37.804885864257812
8777265,2018,2019-01-25,3801,2018-12-30,1800,1713,SOUTH,7,5,7,3801,0,0,0,,0,3B13B,"EMBARCADERO ST","BATTERY ST",528.00,S,N,A,-,N,,,,,,,,,,N,2,0,1,2,A,-,04,21703,,F,C,C,A,A,H,-,B,D,0,,,Y,,Y,,-,,1,0,0,0,0,0,0,0,1,"- ","- ",,,"SAN FRANCISCO","SAN FRANCISCO",-122.40025329589844,37.794559478759766
8796604,2018,2019-03-06,3801,2018-12-28,1845,4314,RICHO,5,5,7,3801,0,0,0,,0,0G3,"BALBOA ST","4TH AV",137.00,W,N,A,-,N,,,,,,,,,,N,2,0,1,2,A,-,08,22107,,F,D,C,A,A,H,-,C,D,0,,,,,Y,,A,01,1,0,0,0,0,0,0,0,0,"- ","- ",,,"SAN FRANCISCO","SAN FRANCISCO",-122.46236419677734,37.777301788330078
8796660,2018,2019-04-02,3801,2018-12-23,1705,898,CENTR,7,5,7,3801,0,0,0,,0,3A3D,"HYDE ST","FILLMORE ST",0.00,,Y,A,-,N,,,,,,,,,,N,2,0,2,2,A,-,09,21804,A,N,D,C,A,A,H,-,A,A,0,,,,,Y,,A,01,1,0,1,0,0,0,0,0,0,"- ","- ",,,"SAN FRANCISCO","SAN FRANCISCO",,
8796720,2018,2019-03-05,3801,2018-12-10,1340,494,CENTR,1,5,7,3801,0,0,0,,0,3A14C,"SANSOME ST","CHESTNUT ST",14.00,N,N,A,-,N,,,,,,,,,,N,2,0,1,2,A,-,17,21657,,N,D,C,A,A,H,-,A,D,0,,,Y,,Y,,A,01,1,0,0,0,0,0,0,0,1,"- ","- ",,,"SAN FRANCISCO","SAN FRANCISCO",-122.40349578857422,37.805126190185547
8803863,2019,2019-02-27,3801,2019-01-25,2100,182,BAYVI,5,5,7,3801,0,0,0,,0,3C12D,"BAYSHORE BL","MARIN ST",0.00,,Y,A,-,N,,,,,,,,,,N,2,0,1,2,A,-,03,22350,,F,A,G,A,A,H,-,C,A,0,,Y,,,Y,,A,01,1,0,0,0,0,0,1,0,0,"- ","- ",,,"SAN FRANCISCO","SAN FRANCISCO",-122.40351867675781,37.748119354248047
8803899,2019,2019-02-27,3801,2019-01-24,0730,4022,MISSI,4,5,7,3801,0,0,0,,0,3D13A,"15TH ST","UTAH ST",50.00,E,N,A,-,N,,,,,,,,,,N,2,0,1,1,C,-,18,,,N,H,J,A,A,G,-,A,D,0,,Y,,,Y,,-,"- ",1,0,0,0,0,0,1,0,0,"- ","- ",,,"SAN FRANCISCO","SAN FRANCISCO",-122.40648651123047,37.767162322998047
8808120,2019,2019-05-01,3801,2019-03-08,0819,73,SOUTH,5,5,7,3801,0,0,0,,0,4B1D,"HOWARD ST","6TH ST",79.00,E,N,B,-,N,,,,,,,,,,Y,1,1,0,3,A,-,17,22517,,N,B,G,A,A,H,-,A,D,0,,Y,,Y,Y,,A,01,0,0,0,0,0,1,0,0,0,"- ","- ",,,"SAN FRANCISCO","SAN FRANCISCO",-122.40694427490234,37.779903411865234
8817684,2019,2019-03-18,3801,2019-02-19,1310,1053,TARAV,2,5,7,3801,0,0,0,,0,3116A,"SAGAMORE ST","SAN JOSE AV",0.00,,Y,A,-,N,,,,,,,,,,Y,2,0,2,2,A,-,09,21801,A,N,A,C,A,A,-,-,A,A,0,,,,,Y,,A,01,1,0,1,0,0,0,0,0,0,"- ","- ",,,"SAN FRANCISCO","SAN FRANCISCO",-122.45581817626953,37.711238861083984
8817703,2019,2019-03-20,3801,2019-02-11,2151,1300,SOUTH,1,5,7,3801,0,0,0,,0,3B13E,"MISSION ST","7TH ST",0.00,,Y,-,-,N,,,,,,,,,,N,2,0,1,2,A,-,17,21200,,F,D,-,A,A,H,-,C,A,0,,Y,,,Y,,L,04,1,0,0,0,0,0,1,0,0,"- ","- ",,,"SAN FRANCISCO","SAN FRANCISCO",-122.41089630126953,37.779209136962891
8817760,2019,2019-03-18,3801,2019-02-02,2142,4696,TARAV,6,5,7,3801,0,0,0,,0,3I00,"BROTHERHOOD WY","CHUMASERO DR",0.00,,Y,-,-,N,,,,,,,,,,Y,2,0,1,2,-,-,"- ",,,N,-,-,A,-,-,-,-,-,0,,,,,Y,,-,"- ",1,0,0,0,0,0,0,0,0,"- ","- ",,,"SAN FRANCISCO","SAN FRANCISCO",-122.47271728515625,37.712978363037109
8817775,2019,2019-03-19,3801,2019-02-03,1916,4067,RICHM,7,5,7,3801,0,0,0,,0,3G5D,"POINT LOBOS AV","48TH AV",865.00,W,N,B,-,N,,,,,,,,,,Y,2,0,2,4,A,-,04,21703,,N,G,B,C,A,H,-,C,D,0,Y,,,,Y,Y,A,01,1,1,0,0,2,0,0,0,0,"- ","- ",,,"SAN FRANCISCO","SAN FRANCISCO",-122.51219177246094,37.779083251953125
8845764,2019,2019-04-30,3801,2019-03-31,1748,786,TARAV,7,5,7,3801,0,0,0,,0,3I15D,"20TH AV","WINSTON DR",294.00,N,N,A,-,N,,,,,,,,,,N,2,0,1,2,A,-,11,21954,A,N,G,B,D,A,H,-,A,D,0,Y,,,,Y,,N,60,1,0,0,0,1,0,0,0,0,"- ","- ",,,"SAN FRANCISCO","SAN FRANCISCO",-122.47572326660156,37.7276611328125
8845817,2019,2019-05-01,3801,2019-03-05,0840,1917,TARAV,2,5,7,3801,0,0,0,,0,3I16A,"URBANO DR","MONCADA WY",150.00,E,N,C,-,N,,,,,,,,,,Y,2,0,2,2,A,-,03,22350,,N,D,C,A,B,H,-,A,D,0,,,Y,,Y,,C,02,1,1,0,0,0,0,0,0,1,"- ","- ",,,"SAN FRANCISCO","SAN FRANCISCO",-122.46826171875,37.725685119628906
8845823,2019,2019-05-02,3801,2019-03-08,1200,1066,MISSI,5,5,7,3801,0,0,0,,0,D11A,"VALENCIA ST","BROSNAN ST",0.00,,Y,A,-,N,,,,,,,,,,N,2,0,1,2,A,-,09,21803,A,N,H,-,A,A,H,-,A,D,0,,Y,,,Y,,A,07,1,0,0,0,0,0,1,0,0,"- ","- ",,,"SAN FRANCISCO","SAN FRANCISCO",-122.42224884033203,37.768768310546875
8845827,2019,2019-05-02,3801,2019-03-17,1419,1300,SOUTH,7,5,7,3801,0,0,0,,0,3B12B,"6TH ST","CLARA ST",0.00,,-,A,-,N,,,,,,,,,,Y,2,0,2,1,A,-,03,22350,,N,A,I,A,A,H,-,A,A,0,,,,,Y,,A,01,1,0,1,0,0,0,0,0,0,"- ","- ",,,"SAN FRANCISCO","SAN FRANCISCO",-122.40460968017578,37.7777099609375
8849446,2019,2019-05-03,3801,2019-03-11,1740,209,NORTH,1,5,7,3801,0,0,0,,0,03E,"CLEARY CT","LAGUNA ST",43.00,E,N,A,-,N,,,,,,,,,,Y,2,0,1,1,A,-,03,22350,,N,E,I,A,A,H,-,A,D,0,,,,,Y,,A,01,1,0,0,0,0,0,0,0,0,"- ","- ",,,"SAN FRANCISCO","SAN FRANCISCO",-122.42763519287109,37.783927917480469
8853025,2019,2019-05-31,3801,2019-03-31,0242,412,TENDE,7,5,7,3801,0,0,0,,0,3J15E,"GEARY ST","HYDE ST",0.00,,Y,A,-,N,,,,,,,,,,N,2,0,1,2,A,-,00,20001,,F,G,B,B,A,H,-,C,A,0,Y,,,,Y,,A,01,1,0,0,0,1,0,0,0,0,"- ","- ",,,"SAN FRANCISCO","SAN FRANCISCO",-122.41645050048828,37.786319732666016
8853045,2019,2019-05-02,3801,2019-03-10,1156,1912,TENDE,7,5,7,3801,0,0,0,,0,3J12E,"4TH ST","STEVENSON ST",0.00,,Y,B,-,N,,,,,,,,,,N,2,0,1,2,A,-,03,22350,,N,F,-,A,A,H,-,A,D,0,,Y,,,Y,,L,04,1,0,0,0,0,0,1,0,0,"- ","- ",,,"SAN FRANCISCO","SAN FRANCISCO",-122.40518951416016,37.785289764404297
8857775,2019,2019-05-22,3801,2019-04-28,1406,652,PARK,7,5,7,3801,0,0,0,,0,004,"NOE ST","HENRY ST",0.00,,Y,A,-,N,,,,,,,,,,N,2,0,1,2,A,-,11,21954,A,N,G,B,D,A,H,-,A,D,0,Y,,,,Y,,N,60,1,0,0,0,1,0,0,0,0,"- ","- ",,,"SAN FRANCISCO","SAN FRANCISCO",-122.43332672119141,37.766670227050781
8857860,2019,2019-05-22,3801,2019-04-29,1607,764,MISSI,1,5,7,3801,0,0,0,,0,3D3C,"FOLSOM ST","21ST ST",0.00,,Y,A,-,N,,,,,,,,,,N,2,0,1,2,D,-,00,,,F,G,B,D,A,H,-,A,A,0,Y,,,,Y,,-,"- ",1,0,0,0,1,0,0,0,0,"- ","- ",,,"SAN FRANCISCO","SAN FRANCISCO",-122.41452026367188,37.757301330566406
8857907,2019,2019-05-23,3801,2019-04-02,1532,1157,TARAV,2,5,7,3801,0,0,0,,0,3I13D,"20TH AV","TARAVAL ST",0.00,,Y,A,-,N,,,,,,,,,,N,2,0,1,2,A,-,10,21950,C,N,G,B,B,A,H,-,A,D,0,Y,,,,Y,,A,01,1,0,0,0,1,0,0,0,0,"- ","- ",,,"SAN FRANCISCO","SAN FRANCISCO",-122.47677612304688,37.742988586425781
8857974,2019,2019-05-21,3801,2019-04-02,2103,1435,TRAFF,2,5,7,3801,0,0,0,,0,4B4I,"FULTON AV","37TH AV",0.00,,Y,C,-,N,,,,,,,,,,N,2,0,1,2,A,-,11,21453,D,N,G,B,D,B,H,-,C,A,0,Y,,,,Y,,N,60,1,0,0,0,1,0,0,0,0,"- ","- ",,,"SAN FRANCISCO","SAN FRANCISCO",-122.49704742431641,37.771991729736328
8858011,2019,2019-05-24,3801,2019-04-16,2120,781,PARK,2,5,7,3801,0,0,0,,0,0F3,"MASONIC AV","HAIGHT ST",137.00,N,N,A,-,N,,,,,,,,,,Y,2,0,1,2,A,-,11,21955,,N,G,-,D,A,H,-,C,A,0,Y,,,,Y,,N,60,1,0,0,0,1,0,0,0,0,"- ","- ",,,"SAN FRANCISCO","SAN FRANCISCO",-122.4454345703125,37.770580291748047
8858013,2019,2019-05-21,3801,2019-04-16,0823,76,TRAFF,2,5,7,3801,0,0,0,,0,,"7TH ST","BERRY ST",7.00,S,N,A,-,N,,,,,,,,,,N,2,0,1,2,A,-,05,21460,A,N,A,G,A,A,-,-,A,-,0,,Y,,,Y,,L,04,1,0,0,0,0,0,1,0,0,"- ","- ",,,"SAN FRANCISCO","SAN FRANCISCO",-122.4000244140625,37.770465850830078
8858073,2019,2019-07-17,3801,2019-04-07,0203,1240,MISSI,7,5,7,3801,0,0,0,,0,3D11E,"COLLINGWOOD ST","18TH ST",0.00,,Y,A,-,N,,,,,,,,,,Y,2,0,5,4,A,-,08,22100,A,F,G,B,E,A,H,-,C,A,0,Y,,,,Y,,A,01,1,0,4,0,1,0,0,0,0,"- ","- ",,,"SAN FRANCISCO","SAN FRANCISCO",-122.43609619140625,37.760818481445312
8858146,2019,2019-05-24,3801,2019-04-05,1935,1909,NORTH,5,5,7,3801,0,0,0,,0,,"OAK ST","SCOTT ST",75.00,W,N,A,-,N,,,,,,,,,,N,2,0,1,2,A,-,07,21658,A,N,D,G,A,A,H,-,B,D,0,,Y,,,Y,,A,01,1,0,0,0,0,0,1,0,0,"- ","- ",,,"SAN FRANCISCO","SAN FRANCISCO",-122.43602752685547,37.773300170898438
8877905,2019,2019-06-24,3801,2019-04-15,0846,1493,TRAFF,1,5,7,3801,0,0,0,,0,4B5E,"SAN JOSE AV",SENECA,10.00,N,N,A,-,N,,,,,,,,,,Y,2,0,1,2,A,-,10,21950,A,N,D,B,B,-,H,-,A,A,0,Y,,,Y,Y,,F,24,1,0,0,0,1,0,0,0,0,"- ","- ",,,"SAN FRANCISCO","SAN FRANCISCO",-122.44583129882812,37.721664428710938
8878501,2019,2019-06-19,3801,2019-05-19,1145,76,TRAFF,7,5,7,3801,0,0,0,,0,4B2C,"JONES ST","ELLIS ST",8.00,S,N,B,-,N,,,,,,,,,,Y,2,0,1,2,A,-,11,21456,C,N,-,B,B,A,-,-,A,A,0,Y,,,,Y,,N,60,1,0,0,0,1,0,0,0,0,"- ","- ",,,"SAN FRANCISCO","SAN FRANCISCO",-122.41277313232422,37.784877777099609
8878678,2019,2019-06-19,3801,2019-05-12,0241,627,MISSI,7,5,7,3801,0,0,0,,0,3D13E,"19TH ST","CAPP ST",0.00,,Y,A,-,N,,,,,,,,,,N,2,0,1,2,A,-,12,22450,A,N,D,G,A,A,H,-,C,D,0,,Y,,,Y,,-,,1,0,0,0,0,0,1,0,0,"- ","- ",,,"SAN FRANCISCO","SAN FRANCISCO",-122.41810607910156,37.760288238525391
8879113,2019,2019-06-21,3801,2019-05-17,1901,1351,INGLE,5,5,7,3801,0,0,0,,0,3H15D,"ALEMANY BL","COTTER ST",0.00,,Y,B,-,N,,,,,,,,,,Y,2,0,1,2,A,-,09,21802,A,N,D,C,A,A,H,-,A,A,0,,,Y,,Y,,A,01,1,0,0,0,0,0,0,0,1,"- ","- ",,,"SAN FRANCISCO","SAN FRANCISCO",-122.43502044677734,37.728199005126953
8891287,2019,2019-10-24,3801,2019-09-09,1809,34,TRAFF,1,5,7,3801,0,0,0,,0,4B4A,"SAN JOSE AV",GOETHE,0.00,,Y,A,-,N,,,,,,,,,,Y,2,0,3,3,A,-,09,21802,A,N,D,C,A,A,H,-,B,A,0,,,,,Y,,A,01,1,0,2,0,0,0,0,0,0,"- ","- ",,,"SAN FRANCISCO","SAN FRANCISCO",-122.45884704589844,37.708438873291016
8891940,2019,2019-11-05,3801,2019-09-23,0825,2139,RICHM,1,5,7,3801,0,0,0,,0,,"POST ST","FRANKLIN ST",192.00,E,N,A,-,N,,,,,,,,,,N,2,0,1,2,A,-,03,22350,,N,B,C,A,A,H,-,A,A,0,,,Y,,Y,,C,02,1,0,0,0,0,0,0,0,1,"- ","- ",,,"SAN FRANCISCO","SAN FRANCISCO",-122.42254638671875,37.786487579345703
8891978,2019,2019-11-12,3801,2019-09-21,1210,1825,NORTH,6,5,7,3801,0,0,0,,0,3E13A,"OAK ST","DIVISADERO ST",0.00,,Y,A,-,N,,,,,,,,,,N,2,0,1,2,A,-,03,22350,,N,C,C,A,A,H,-,A,A,0,,,Y,,Y,,C,02,1,0,0,0,0,0,0,0,1,"- ","- ",,,"SAN FRANCISCO","SAN FRANCISCO",-122.43743133544922,37.773139953613281
8891995,2019,2019-10-25,3801,2019-09-25,2236,1336,NORTH,3,5,7,3801,0,0,0,,0,0E3,"MCALLISTER ST","POLK ST",0.00,,Y,A,-,N,,,,,,,,,,Y,2,0,1,2,A,-,08,22107,,N,D,C,A,A,H,-,C,A,0,,,,,Y,,A,01,1,0,0,0,0,0,0,0,0,"- ","- ",,,"SAN FRANCISCO","SAN FRANCISCO",-122.41860198974609,37.780269622802734
8892048,2019,2019-11-04,3801,2019-09-17,2140,4314,RICHM,2,5,7,3801,0,0,0,,0,0G3,"4TH AV","BALBOA ST",0.00,,Y,A,-,N,,,,,,,,,,N,2,0,1,2,A,-,12,22450,A,N,D,G,A,A,H,-,C,A,0,,Y,,,Y,,-,"- ",1,0,0,0,0,0,1,0,0,"- ","- ",,,"SAN FRANCISCO","SAN FRANCISCO",-122.46189117431641,37.777320861816406
8892058,2019,2019-11-01,3801,2019-09-15,1800,1601,SOUTH,7,5,7,3801,0,0,0,,0,3B14D,"NATOMA ST","6TH ST",65.00,E,N,A,-,N,,,,,,,,,,N,2,0,1,2,A,-,17,21663,,F,G,B,F,A,H,-,A,D,0,Y,,,,Y,,-,,1,0,0,0,1,0,0,0,0,"- ","- ",,,"SAN FRANCISCO","SAN FRANCISCO",-122.40750885009766,37.780307769775391
8896138,2019,2019-10-31,3801,2019-09-11,2333,2463,NORTH,3,5,7,3801,0,0,0,,0,3E16E,"CHESTNUT ST","FRANKLIN ST",0.00,,Y,A,-,N,,,,,,,,,,N,2,0,1,2,A,-,17,21451,A,N,A,G,A,A,H,-,C,A,0,,Y,,,Y,,A,01,1,0,0,0,0,0,1,0,0,"- ","- ",,,"SAN FRANCISCO","SAN FRANCISCO",-122.42637634277344,37.802070617675781
8896139,2019,2019-10-31,3801,2019-09-27,0706,1451,SOUTH,5,5,7,3801,0,0,0,,0,901,"4TH ST","CHANNEL ST",318.00,N,N,B,F,N,,,,,,,,,,N,2,0,1,1,A,-,03,22350,,N,H,A,A,B,H,-,A,D,0,,,Y,,Y,,C,02,1,0,0,0,0,0,0,0,1,"- ","- ",,,"SAN FRANCISCO","SAN FRANCISCO",-122.39237976074219,37.775028228759766
8899169,2019,2019-07-26,3801,2019-06-22,0204,2494,SOUTH,6,5,7,3801,0,0,0,,0,3B12E,"3RD ST","SOUTH ST",50.00,S,N,A,-,N,,,,,,,,,,Y,2,0,2,3,A,-,01,23153,A,F,G,B,E,A,D,-,C,D,0,Y,,,,Y,Y,A,01,1,0,1,0,1,0,0,0,0,"- ","- ",,,"SAN FRANCISCO","SAN FRANCISCO",-122.38919830322266,37.768661499023438
8899332,2019,2019-07-25,3801,2019-06-05,0010,311,PARK,3,5,7,3801,0,0,0,,0,3F13E,"JOHN F KENNEDY DR","CONSERVATORY DR",60.00,W,N,A,-,N,,,,,,,,,,N,2,0,1,2,A,-,03,22350,,N,C,G,A,A,H,-,C,D,0,,Y,,,Y,,-,"- ",1,0,0,0,0,0,1,0,0,"- ","- ",,,"SAN FRANCISCO","SAN FRANCISCO",-122.46224975585938,37.771823883056641
8904314,2019,2019-08-08,3801,2019-06-16,2104,441,TRAFF,7,5,7,3801,0,0,0,,0,,"BEACH ST","COLUMBUS AV",0.00,,Y,A,-,N,,,,,,,,,,,2,0,1,2,A,-,10,21950,,F,G,B,-,A,H,-,C,-,0,Y,,,,Y,,-,,1,0,0,0,1,0,0,0,0,"- ","- ",,,"SAN FRANCISCO","SAN FRANCISCO",-122.41956329345703,37.806770324707031
8905072,2019,2019-10-01,3801,2019-08-24,1720,2286,,6,5,7,3801,0,0,0,,0,4B4H,"GEARY BL","WEBSTER ST",54.00,E,N,A,-,N,,,,,,,,,,Y,2,0,2,3,B,-,22,,,N,G,B,E,A,H,-,A,D,0,Y,,,,Y,,J,48,1,1,0,0,2,0,0,0,0,"- ","- ",,,"SAN FRANCISCO","SAN FRANCISCO",-122.43111419677734,37.784751892089844