CASE_ID,ACCIDENT_YEAR,PROC_DATE,JURIS,COLLISION_DATE,COLLISION_TIME,OFFICER_ID,REPORTING_DISTRICT,DAY_OF_WEEK,CHP_SHIFT,POPULATION,CNTY_CITY_LOC,SPECIAL_COND,BEAT_TYPE,CHP_BEAT_TYPE,CITY_DIVISION_LAPD,CHP_BEAT_CLASS,BEAT_NUMBER,PRIMARY_RD,SECONDARY_RD,DISTANCE,DIRECTION,INTERSECTION,WEATHER_1,WEATHER_2,STATE_HWY_IND,CALTRANS_COUNTY,CALTRANS_DISTRICT,STATE_ROUTE,ROUTE_SUFFIX,POSTMILE_PREFIX,POSTMILE,LOCATION_TYPE,RAMP_INTERSECTION,SIDE_OF_HWY,TOW_AWAY,COLLISION_SEVERITY,NUMBER_KILLED,NUMBER_INJURED,PARTY_COUNT,PRIMARY_COLL_FACTOR,PCF_CODE_OF_VIOL,PCF_VIOL_CATEGORY,PCF_VIOLATION,PCF_VIOL_SUBSECTION,HIT_AND_RUN,TYPE_OF_COLLISION,MVIW,PED_ACTION,ROAD_SURFACE,ROAD_COND_1,ROAD_COND_2,LIGHTING,CONTROL_DEVICE,CHP_ROAD_TYPE,PEDESTRIAN_ACCIDENT,BICYCLE_ACCIDENT,MOTORCYCLE_ACCIDENT,TRUCK_ACCIDENT,NOT_PRIVATE_PROPERTY,ALCOHOL_INVOLVED,STWD_VEHTYPE_AT_FAULT,CHP_VEHTYPE_AT_FAULT,COUNT_SEVERE_INJ,COUNT_VISIBLE_INJ,COUNT_COMPLAINT_PAIN,COUNT_PED_KILLED,COUNT_PED_INJURED,COUNT_BICYCLIST_KILLED,COUNT_BICYCLIST_INJURED,COUNT_MC_KILLED,COUNT_MC_INJURED,PRIMARY_RAMP,SECONDARY_RAMP,LATITUDE,LONGITUDE,COUNTY,CITY,POINT_X,POINT_Y
8909647,2019,2019-10-29,3801,2019-09-26,1230,4352,SOUTH,4,5,7,3801,0,0,0,,0,0B1,"HOWARD ST","1ST ST",0.00,,Y,A,-,N,,,,,,,,,,N,2,0,1,2,A,-,10,21950,A,N,G,B,B,A,H,-,A,A,0,Y,,,,Y,,A,08,1,0,0,0,1,0,0,0,0,"- ","- ",,,"SAN FRANCISCO","SAN FRANCISCO",-122.39604187011719,37.788551330566406
8910554,2019,2019-12-17,3801,2019-07-02,2156,1856,NORTH,2,5,7,3801,0,0,0,,0,0E6,"LOMBARD ST","FRANKLIN ST",0.00,,Y,A,-,Y,SF,4,101,-,-,6.806,I,5,S,N,2,0,1,2,A,-,12,21453,A,N,D,C,A,A,H,-,C,A,0,,,Y,,Y,,C,02,1,0,0,0,0,0,0,0,1,"- ","- ",,,"SAN FRANCISCO","SAN FRANCISCO",-122.42622375488281,37.801074981689453
8911085,2019,2020-05-19,3801,2019-05-11,1931,379,TRAFF,6,5,7,3801,0,0,0,,0,4B3H,"HYDE ST","GOLDEN GATE AV",15.00,S,N,A,-,N,,,,,,,,,,N,1,1,0,2,D,-,00,,,N,G,B,D,A,H,-,B,A,0,Y,,,,Y,,-,"- ",0,0,0,1,0,0,0,0,0,"- ","- ",,,"SAN FRANCISCO","SAN FRANCISCO",-122.41548919677734,37.781608581542969
8911438,2020,2020-08-19,3801,2020-02-21,0827,2127,TRAFF,5,5,7,3801,0,0,0,,0,4B1A,"OFARRELL ST","POLK ST",11.00,E,N,A,-,N,,,,,,,,,,N,1,1,0,2,A,-,10,21950,A,N,G,B,B,A,H,-,A,A,0,Y,,,,Y,,D,22,0,0,0,1,0,0,0,0,0,"- ","- ",,,"SAN FRANCISCO","SAN FRANCISCO",-122.41950988769531,37.78497314453125
8911448,2020,2022-06-18,3801,2020-06-18,0700,1994,TRAFF,4,5,7,3801,0,0,0,,0,4B1G,"SAN BRUNO AV","DWIGHT ST",15.00,N,N,A,-,N,,,,,,,,,,N,1,1,0,2,A,-,11,21453,D,N,G,B,D,A,H,-,A,A,0,Y,,,,Y,Y,N,60,0,0,0,1,0,0,0,0,0,"- ","- ",,,"SAN FRANCISCO","SAN FRANCISCO",-122.40211486816406,37.724079132080078
8911451,2020,2020-08-19,3801,2020-07-17,1743,4178,MISSI,5,5,7,3801,0,0,0,,0,4B3A,"DOLORES ST","CUMBERLAND ST",19.00,N,N,A,-,N,,,,,,,,,,N,1,1,1,2,A,-,03,22350,,N,C,B,E,A,G,-,-,D,0,Y,Y,,,Y,Y,L,04,0,1,0,0,1,1,0,0,0,"- ","- ",,,"SAN FRANCISCO","SAN FRANCISCO",-122.42592620849609,37.759082794189453
8911453,2020,2020-08-19,3801,2020-08-11,0658,4036,TRAFF,2,5,7,3801,0,0,0,,0,4B5D,"GEARY BL","GOUGH ST",10.00,W,N,B,-,N,,,,,,,,,,Y,1,1,1,2,A,-,12,21453,A,N,G,B,B,A,H,-,A,A,0,Y,,,,Y,,A,07,0,0,1,1,0,0,0,0,0,"- ","- ",,,"SAN FRANCISCO","SAN FRANCISCO",-122.42472076416016,37.785411834716797
8911454,2020,2020-08-19,3801,2020-08-15,1933,379,INGLE,6,5,7,3801,0,0,0,,0,4B3H,"GENEVA AV","PRAGUE ST",0.00,,Y,A,-,N,,,,,,,,,,Y,1,1,7,5,A,-,12,21453,A,F,D,C,A,A,H,-,B,A,0,,,,,Y,,A,01,2,1,4,0,0,0,0,0,0,"- ","- ",,,"SAN FRANCISCO","SAN FRANCISCO",-122.43196105957031,37.712779998779297
8911470,2020,2020-08-25,3801,2020-07-30,1908,2138,RICHM,4,5,7,3801,0,0,0,,0,3G1,"MARTIN LUTHER KING JR DR","19TH AV",0.00,,Y,A,-,N,,,,,,,,,,N,1,1,0,2,A,-,08,22107,,N,H,A,-,A,H,-,A,D,0,Y,,,,Y,,N,60,0,0,0,1,0,0,0,0,0,"- ","- ",,,"SAN FRANCISCO","SAN FRANCISCO",,
8911732,2020,2020-10-23,3801,2020-09-07,1426,1435,TRAFF,1,5,7,3801,0,0,0,,0,4B4I,"TURK BL","CENTRAL AV",0.00,,Y,A,-,N,,,,,,,,,,Y,1,1,0,2,A,-,03,22350,,N,D,C,A,A,H,-,A,D,0,,,Y,,Y,,C,02,0,0,0,0,0,0,0,1,0,"- ","- ",,,"SAN FRANCISCO","SAN FRANCISCO",-122.44535064697266,37.778839111328125
8916856,2019,2019-08-23,3801,2019-07-10,1911,524,SOUTH,3,5,7,3801,0,0,0,,0,3B11D,"5TH ST","HARRISON ST",0.00,,Y,A,-,N,,,,,,,,,,N,2,0,2,2,A,-,11,21954,A,N,A,B,D,A,H,-,A,A,0,Y,,,,Y,,N,60,1,1,0,0,1,0,0,0,0,"- ","- ",,,"SAN FRANCISCO","SAN FRANCISCO",-122.40187072753906,37.779060363769531
8919615,2019,2019-08-27,3801,2019-07-26,0820,1336,NORTH,5,5,7,3801,0,0,0,,0,0E2,"GEARY BL","DIVISADERO ST",0.00,,Y,A,-,N,,,,,,,,,,N,2,0,2,2,A,-,11,21453,D,N,G,B,B,A,H,-,A,A,0,Y,,Y,,Y,,N,60,1,0,1,0,1,0,0,0,1,"- ","- ",,,"SAN FRANCISCO","SAN FRANCISCO",-122.43948364257812,37.783359527587891
8919647,2019,2019-08-27,3801,2019-07-03,1622,1435,BAYVE,3,5,7,3801,0,0,0,,0,SECTOR,"REVERE AV","KEITH ST",128.00,W,N,A,-,N,,,,,,,,,,Y,2,0,1,3,A,-,21,22106,,N,C,C,A,A,H,-,A,D,0,,,Y,,Y,,A,01,1,0,0,0,0,0,0,0,1,"- ","- ",,,"SAN FRANCISCO","SAN FRANCISCO",-122.38864898681641,37.730819702148438
8919667,2019,2019-08-27,3801,2019-07-02,1645,4132,MISSI,2,5,7,3801,0,0,0,,0,4-CAR,"CESAR CHAVEZ ST","FOLSOM ST",0.00,,Y,A,-,N,,,,,,,,,,,2,0,1,2,A,-,03,22350,,N,D,J,A,A,H,-,A,A,0,,,Y,,Y,Y,C,02,1,0,0,0,0,0,0,0,1,"- ","- ",,,"SAN FRANCISCO","SAN FRANCISCO",-122.41368103027344,37.748268127441406
8919679,2019,2019-08-27,3801,2019-07-07,2025,1823,SOUTE,7,5,7,3801,0,0,0,,0,3B13E,"16TH ST","KANSAS ST",0.00,,Y,A,-,N,,,,,,,,,,Y,2,0,3,2,A,-,01,23153,A,N,D,C,A,A,H,-,C,A,0,,,,,Y,Y,A,01,1,2,0,0,0,0,0,0,0,"- ","- ",,,"SAN FRANCISCO","SAN FRANCISCO",-122.40363311767578,37.766029357910156
8919696,2019,2019-08-28,3801,2019-07-31,1705,1352,SOUTH,3,5,7,3801,0,0,0,,0,3B14D,"VERMONT ST","17TH ST",40.00,N,N,A,-,N,,,,,,,,,,Y,2,0,1,4,A,-,00,23110,B,N,C,E,F,A,H,-,A,D,0,Y,,,,Y,,N,60,1,0,0,0,0,0,0,0,0,"- ","- ",,,"SAN FRANCISCO","SAN FRANCISCO",-122.40450286865234,37.764789581298828
8919703,2019,2019-08-29,3801,2019-07-14,0106,#311,PARK,7,5,7,3801,0,0,0,,0,3F13E,"LINCOLN WY","7TH AV",0.00,,Y,A,-,N,,,,,,,,,,N,2,0,1,2,A,-,11,21955,,N,G,B,D,A,H,-,C,A,0,Y,,,,Y,,N,60,1,0,0,0,1,0,0,0,0,"- ","- ",,,"SAN FRANCISCO","SAN FRANCISCO",-122.46430206298828,37.766040802001953
8919741,2019,2019-08-22,3801,2019-07-23,1709,892,SOUTH,2,5,7,3801,0,0,0,,0,3B13D,"MISSION ST","NEW MONTGOMERY ST",38.00,W,N,A,-,N,,,,,,,,,,N,2,0,1,2,A,-,03,22350,,F,G,B,E,A,H,-,A,D,0,Y,,,,Y,,A,01,1,0,0,0,1,0,0,0,0,"- ","- ",,,"SAN FRANCISCO","SAN FRANCISCO",-122.40058898925781,37.787376403808594
8919744,2019,2019-08-28,3801,2019-07-29,1130,1633,TENDE,1,5,7,3801,0,0,0,,0,3J12A,"GOLDEN GATE AV","JONES ST",200.00,E,N,B,-,N,,,,,,,,,,Y,2,0,1,2,A,-,17,21209,A,F,H,G,A,A,H,-,A,D,0,,Y,,,Y,,A,01,1,0,0,0,0,0,1,0,0,"- ","- ",,,"SAN FRANCISCO","SAN FRANCISCO",-122.41154479980469,37.782173156738281
8919752,2019,2019-08-28,3801,2019-07-29,0222,219,BAYVI,1,5,7,3801,0,0,0,,0,0C3,"PALOU AV",HAWES,182.00,E,N,A,-,N,,,,,,,,,,Y,2,0,1,6,A,-,03,22350,,N,B,E,A,A,H,-,C,D,0,,,,,Y,,A,01,1,0,0,0,0,0,0,0,0,"- ","- ",,,"SAN FRANCISCO","SAN FRANCISCO",-122.38105010986328,37.728385925292969
8919765,2019,2019-08-27,3801,2019-07-28,1730,4027,INGLE,7,5,7,3801,0,0,0,,0,3H12C,"SILVER AV","CAMELLIA AV",109.00,N,N,A,-,N,,,,,,,,,,Y,2,0,1,1,A,-,00,20002,B,N,G,I,A,A,H,-,A,D,0,,,,,Y,,A,01,1,0,0,0,0,0,0,0,0,"- ","- ",,,"SAN FRANCISCO","SAN FRANCISCO",-122.43262481689453,37.729415893554688
8936851,2019,2019-10-08,3801,2019-08-18,0250,1251,SOUTH,7,5,7,3801,0,0,0,,0,00B,"HARRISON ST","FREMONT ST",0.00,,Y,A,-,N,,,,,,,,,,N,2,0,1,2,A,-,10,21950,A,F,G,B,B,A,H,-,C,A,0,Y,,,,Y,Y,A,01,1,0,0,0,1,0,0,0,0,"- ","- ",,,"SAN FRANCISCO","SAN FRANCISCO",-122.39205932617188,37.786788940429688
8936892,2019,2019-09-30,3801,2019-08-14,1951,19059869,RICHM,3,5,7,3801,0,0,0,,0,3G13D,"8TH AV","LAKE ST",0.00,,Y,A,-,N,,,,,,,,,,N,2,0,1,2,A,-,11,21950,B,N,G,B,A,A,H,-,A,D,0,,,,,Y,,-,,1,0,0,0,0,0,0,0,0,"- ","- ",,,"SAN FRANCISCO","SAN FRANCISCO",-122.46684265136719,37.786571502685547
8936927,2019,2019-09-18,3801,2019-08-10,2043,2409,INGLE,6,5,7,3801,0,0,0,,0,3H13D,"SAN JOSE AV","MILTON ST",0.00,,Y,A,-,N,,,,,,,,,,N,2,0,1,2,A,-,11,21954,A,N,G,B,E,A,H,-,C,A,0,Y,,,,Y,Y,N,60,1,0,0,0,1,0,0,0,0,"- ","- ",,,"SAN FRANCISCO","SAN FRANCISCO",-122.42958068847656,37.734321594238281
8936968,2019,2019-09-20,3801,2019-08-27,1755,524,SOUTH,2,5,7,3801,0,0,0,,0,3B14D,"11TH ST","HARRISON ST",0.00,,Y,A,-,N,,,,,,,,,,N,2,0,1,2,A,-,08,22107,,F,D,G,A,A,H,-,A,A,0,,Y,,,Y,Y,A,01,1,0,0,0,0,0,1,0,0,"- ","- ",,,"SAN FRANCISCO","SAN FRANCISCO",-122.41246795654297,37.7706298828125
8936988,2019,2019-10-08,3801,2019-08-21,1736,4119,TRAFF,3,5,7,3801,0,0,0,,0,"3 CAR","MCALLISTER ST","LARKIN ST",0.00,,Y,A,-,N,,,,,,,,,,Y,2,0,1,2,A,-,03,22350,,N,B,C,A,A,H,-,A,A,0,,,Y,,Y,,C,02,1,0,0,0,0,0,0,0,1,"- ","- ",,,"SAN FRANCISCO","SAN FRANCISCO",-122.41693878173828,37.780498504638672
8937050,2019,2019-09-19,3801,2019-08-09,2100,472,SOUTH,5,5,7,3801,0,0,0,,0,3B61,"2ND ST","FOLSOM ST",0.00,,Y,A,-,N,,,,,,,,,,N,2,0,1,2,A,-,17,21229,B,N,A,J,A,A,H,-,C,A,0,,,Y,,Y,,C,03,1,0,0,0,0,0,0,0,1,"- ","- ",,,"SAN FRANCISCO","SAN FRANCISCO",-122.396728515625,37.785560607910156
8937085,2019,2019-09-23,3801,2019-08-05,1200,885,BAYVI,1,5,7,3801,0,0,0,,0,0C2,"OAKDALE AV","NEWHALL ST",0.00,,Y,A,-,N,,,,,,,,,,N,2,0,1,2,A,-,03,22350,,N,G,B,B,A,H,-,A,A,0,Y,,,,Y,,A,01,1,0,0,0,1,0,0,0,0,"- ","- ",,,"SAN FRANCISCO","SAN FRANCISCO",-122.39218139648438,37.735668182373047
8939057,2019,2019-09-30,3801,2019-08-11,2050,1766,TRAFF,7,5,7,3801,0,0,0,,0,4B3C,"MARKET ST","5TH ST",33.00,W,N,A,-,N,,,,,,,,,,Y,1,1,0,2,A,-,11,21453,D,N,G,B,B,A,H,-,C,A,0,Y,,,,Y,,N,60,0,0,0,1,0,0,0,0,0,"- ","- ",,,"SAN FRANCISCO","SAN FRANCISCO",-122.40814208984375,37.783935546875
8939218,2019,2019-12-11,3801,2019-11-02,0848,917,TRAFF,6,5,7,3801,0,0,0,,0,4B5E,"16TH ST","DE HARO ST",8.00,E,N,A,-,N,,,,,,,,,,Y,1,1,0,2,A,-,10,21950,A,N,G,B,B,A,H,-,A,A,0,Y,,,,Y,,A,01,0,0,0,1,0,0,0,0,0,"- ","- ",,,"SAN FRANCISCO","SAN FRANCISCO",-122.40166473388672,37.766151428222656
8939398,2019,2019-11-21,3801,2019-10-31,1526,905,MISSI,4,5,7,3801,0,0,0,,0,3D13C,"S VAN NESS AV","19TH ST",52.00,S,N,A,-,N,,,,,,,,,,N,1,1,0,2,A,-,11,21955,,N,G,B,D,A,H,-,A,A,0,Y,,,,Y,,N,60,0,0,0,1,0,0,0,0,0,"- ","- ",,,"SAN FRANCISCO","SAN FRANCISCO",-122.41704559326172,37.760215759277344
8939556,2019,2020-01-31,3801,2019-12-21,0107,443,TRAFF,6,5,7,3801,0,0,0,,0,4C1,"OCEAN AV","ASHTON AV",0.00,E,N,B,-,N,,,,,,,,,,Y,1,1,0,1,D,-,00,,,N,E,I,A,A,H,-,C,D,0,,,,,Y,,-,"- ",0,0,0,0,0,0,0,0,0,"- ","- ",,,"SAN FRANCISCO","SAN FRANCISCO",-122.46227264404297,37.72528076171875
8940058,2019,2019-10-29,3801,2019-09-06,2145,488,INGLE,5,5,7,3801,0,0,0,,0,3H15E,"MISSION ST","ALLISON ST",83.00,N,N,A,-,N,,,,,,,,,,N,2,0,1,2,A,-,11,21955,,N,G,B,D,A,H,-,C,D,0,Y,,,,Y,Y,N,60,1,0,0,0,1,0,0,0,0,"- ","- ",,,"SAN FRANCISCO","SAN FRANCISCO",-122.44245910644531,37.71478271484375
8969510,2019,2019-12-16,3801,2019-10-22,1437,2286,TRAFF,2,5,7,3801,0,0,0,,0,4B4H,"2ND ST","HARRISON ST",0.00,,Y,A,-,N,,,,,,,,,,Y,2,0,1,2,A,-,09,21801,A,N,D,C,A,A,H,-,A,A,0,,,Y,,Y,,E,22,1,0,0,0,0,0,0,0,1,"- ","- ",,,"SAN FRANCISCO","SAN FRANCISCO",-122.39517974853516,37.784328460693359
8969929,2019,2019-11-20,3801,2019-10-18,2236,1042,TENDE,5,5,7,3801,0,0,0,,0,3I16E,"FAXON AV","HOLLOWAY AV",0.00,,-,A,-,N,,,,,,,,,,N,2,0,1,1,A,-,03,22350,,N,H,A,A,A,H,-,C,A,0,,,Y,,Y,,C,02,1,0,0,0,0,0,0,0,1,"- ","- ",,,"SAN FRANCISCO","SAN FRANCISCO",-122.46025085449219,37.721820831298828
8981378,2019,2020-01-09,3801,2019-11-06,1729,1194,SOUTH,3,5,7,3801,0,0,0,,0,,"7TH ST","NATOMA ST",0.00,,Y,A,-,N,,,,,,,,,,N,2,0,1,2,A,-,08,22100,A,N,D,G,A,A,H,-,C,D,0,,Y,,,Y,,A,01,1,0,0,0,0,0,1,0,0,"- ","- ",,,"SAN FRANCISCO","SAN FRANCISCO",-122.40989685058594,37.778400421142578
8981382,2019,2020-01-09,3801,2019-11-19,1734,302,NORTH,2,5,7,3801,0,0,0,,0,,"SCOTT ST","JACKSON ST",6.00,N,N,A,-,N,,,,,,,,,,N,2,0,1,2,A,-,10,21950,A,N,G,B,B,A,H,-,C,D,0,Y,,,,Y,,A,01,1,0,0,0,1,0,0,0,0,"- ","- ",,,"SAN FRANCISCO","SAN FRANCISCO",-122.43949127197266,37.791847229003906
8981477,2019,2020-01-13,3801,2019-11-02,1950,2379,,6,5,7,3801,0,0,0,,0,3H11D,"ALEMANY BL","JUSTIN DR",0.00,,Y,A,-,N,,,,,,,,,,Y,2,0,1,1,A,-,08,22107,,N,B,I,A,A,H,-,C,D,0,,,,,Y,,A,01,1,0,0,0,0,0,0,0,0,"- ","- ",,,"SAN FRANCISCO","SAN FRANCISCO",-122.42595672607422,37.731800079345703
8981612,2019,2020-01-14,3801,2019-11-15,1826,2196,TENDE,5,5,7,3801,0,0,0,,0,3J13D,"MARKET ST","ELLIS ST",0.00,,Y,A,-,N,,,,,,,,,,,2,0,1,2,A,-,12,21453,A,F,G,B,B,-,-,-,C,A,0,Y,Y,,,Y,,L,04,1,0,0,0,1,0,0,0,0,"- ","- ",,,"SAN FRANCISCO","SAN FRANCISCO",-122.40589141845703,37.785701751708984
8981616,2019,2020-01-14,3801,2019-11-15,1735,2078,MISSI,5,5,7,3801,0,0,0,,0,3D14D,"16TH ST","GUERRERO ST",0.00,,Y,A,-,N,,,,,,,,,,N,2,0,1,1,A,-,03,22350,,N,H,A,A,A,H,-,C,A,0,,Y,,,Y,,L,04,1,0,0,0,0,0,1,0,0,"- ","- ",,,"SAN FRANCISCO","SAN FRANCISCO",-122.42410278320312,37.764778137207031
8981619,2019,2020-01-09,3801,2019-11-08,1823,2200,NORTH,5,5,7,3801,0,0,0,,0,002,"FULTON ST","WEBSTER ST",0.00,,Y,A,-,N,,,,,,,,,,Y,2,0,1,2,A,-,09,21801,A,N,A,G,A,A,H,-,C,A,0,,Y,,,Y,,A,01,1,0,0,0,0,0,1,0,0,"- ","- ",,,"SAN FRANCISCO","SAN FRANCISCO",-122.42990875244141,37.777908325195312
8981689,2019,2019-11-21,3801,2019-10-13,2044,1907,MISSI,7,5,7,3801,0,0,0,,0,2044,"CASTRO ST","MARKET ST",0.00,,Y,A,-,N,,,,,,,,,,Y,2,0,1,2,A,-,01,23152,A,N,G,B,B,A,H,-,C,A,0,Y,,,,Y,Y,A,01,1,0,0,0,1,0,0,0,0,"- ","- ",,,"SAN FRANCISCO","SAN FRANCISCO",-122.43515777587891,37.762638092041016
8981713,2019,2019-11-20,3801,2019-10-12,0033,668,NORTH,6,5,7,3801,0,0,0,,0,3E15E,"GREEN ST","FRANKLIN ST",0.00,,Y,A,-,N,,,,,,,,,,,2,0,1,1,A,-,03,22350,,N,A,I,A,A,-,-,C,A,0,,,,,Y,,A,01,1,0,0,0,0,0,0,0,0,"- ","- ",,,"SAN FRANCISCO","SAN FRANCISCO",-122.42543029785156,37.797401428222656
8981788,2019,2019-12-06,3801,2019-10-30,2045,426,NORTH,3,5,7,3801,0,0,0,,0,3E16E,"POLK ST","PINE ST",0.00,,Y,A,-,N,,,,,,,,,,N,2,0,1,2,A,-,10,21950,A,F,G,B,B,A,H,-,C,A,0,Y,,,,Y,,A,01,1,0,0,0,1,0,0,0,0,"- ","- ",,,"SAN FRANCISCO","SAN FRANCISCO",-122.42050170898438,37.789638519287109
8981963,2019,2019-11-21,3801,2019-10-01,1315,2435,SOUTH,2,5,7,3801,0,0,0,,0,005,"4TH ST","BERRY ST",0.00,,Y,A,-,N,,,,,,,,,,Y,2,0,1,2,A,-,12,21453,A,F,D,B,B,A,H,-,A,A,0,Y,,,,Y,,-,,1,0,0,0,1,0,0,0,0,"- ","- ",,,"SAN FRANCISCO","SAN FRANCISCO",-122.39334106445312,37.775779724121094
8981964,2019,2019-11-20,3801,2019-10-02,2050,4314,RICHM,3,5,7,3801,0,0,0,,0,0G3,"5TH AV","CALIFORNIA ST",0.00,,Y,A,-,N,,,,,,,,,,Y,2,0,2,3,-,-,"- ",,,N,-,C,A,A,H,-,C,A,0,,,,,Y,Y,-,"- ",1,1,0,0,0,0,0,0,0,"- ","- ",,,"SAN FRANCISCO","SAN FRANCISCO",-122.4635009765625,37.785129547119141
8981965,2019,2019-11-25,3801,2019-10-22,0725,2374,INGLE,2,5,7,3801,0,0,0,,0,3H15A,"GENEVA AV","CAYUGA AV",0.00,,Y,A,-,N,,,,,,,,,,Y,2,0,5,6,A,-,12,21453,A,N,D,C,F,A,H,-,A,A,0,Y,,,,Y,,A,01,1,4,0,0,4,0,0,0,0,"- ","- ",,,"SAN FRANCISCO","SAN FRANCISCO",-122.44367980957031,37.718921661376953
90009477,2015,2015-10-19,9335,2015-08-09,0128,020294,,7,3,7,3801,0,1,1,,1,081,"I-80 W/B","TREASURE ISLAND DR",200.00,W,N,A,-,Y,,,80,,,,,,W,Y,2,0,1,2,A,-,08,22107,,N,F,A,A,A,H,-,D,D,0,,,Y,,Y,Y,C,02,1,0,0,0,0,0,0,0,1,"- ","- ",37.805810000000001,-122.36987999999999,"SAN FRANCISCO","SAN FRANCISCO",-122.36976138999999,37.805680199999998
90017081,2015,2015-10-29,9335,2015-09-03,0216,018829,,4,3,7,3801,0,1,2,,2,013,"US-101 S/B","FAITH ST PED OVERCROSSING",500.00,N,N,B,-,Y,,,101,,,,,,S,Y,2,0,1,1,A,-,01,23152,A,N,E,I,A,A,H,-,D,D,0,,,,,Y,Y,A,01,1,0,0,0,0,0,0,0,0,"- ","- ",37.745130000000003,-122.40508,"SAN FRANCISCO","SAN FRANCISCO",-122.40515655999999,37.74516371
90047473,2015,2015-11-10,9335,2015-10-21,2002,019767,,3,2,7,3801,0,1,1,,1,081,"I-80 W/B TO HARRISON ST.","RINCON ST",180.00,W,N,A,-,Y,,,80,,,,R,,W,Y,2,0,1,1,A,-,08,22107,,N,E,I,A,A,H,-,C,D,0,,,Y,,Y,Y,C,02,1,0,0,0,0,0,0,0,1,"- ","- ",37.784399999999998,-122.39319999999999,"SAN FRANCISCO","SAN FRANCISCO",-122.39319999999999,37.784399999999998
90061127,2015,2015-11-30,9335,2015-11-01,0408,20386,,7,3,7,3801,0,1,2,,2,013,"US-101 S/B","THE FAITH ST PED OVERCROSSING",23.00,N,N,B,-,Y,,,101,,,,,,S,Y,1,1,0,1,A,-,08,22107,,N,E,I,A,A,H,-,C,D,0,,,,,Y,,A,07,0,0,0,0,0,0,0,0,0,"- ","- ",37.744059999999998,-122.40563,"SAN FRANCISCO","SAN FRANCISCO",-122.40571962999999,37.74411138
90064996,2015,2015-12-03,9335,2015-10-19,2245,019767,,1,3,7,3801,0,1,2,,2,013,"US 101 S/B","BAYSHORE BLVD",300.00,N,N,A,-,Y,,,,,,,,,,N,1,1,0,6,A,-,11,21954,A,N,G,B,E,A,H,-,D,D,0,Y,,,,Y,Y,N,60,0,0,0,1,0,0,0,0,0,"- ","- ",37.716799999999999,-122.3991,"SAN FRANCISCO","SAN FRANCISCO",-122.40438,37.749121500000001
90100145,2015,2016-02-02,9335,2015-12-12,0153,020888,,6,3,7,3801,0,1,1,,2,022,"I-280 N/B","WHIPPLE AVE PED O/C",230.00,S,N,A,-,Y,,,280,,,,,,N,N,1,1,0,2,A,-,11,21954,A,F,G,B,E,A,H,-,D,D,0,Y,,,,Y,,N,60,0,0,0,1,0,0,0,0,0,"- ","- ",37.713099999999997,-122.45232,"SAN FRANCISCO","SAN FRANCISCO",-122.45234557000001,37.713129610000003
90145622,2016,2016-03-28,9335,2016-03-17,1720,019521,,4,2,7,3801,0,1,2,,2,013,"US-101 N/B","CESAR CHAVEZ ST",60.00,N,N,A,-,Y,,,101,,,,,,N,Y,2,0,1,2,A,-,08,22107,,N,B,C,A,A,H,-,A,D,0,,,Y,,Y,,C,02,1,0,0,0,0,0,0,0,1,"- ","- ",37.749769999999998,-122.40354000000001,"SAN FRANCISCO","SAN FRANCISCO",-122.40349577000001,37.74975611
90145772,2016,2016-03-28,9335,2016-03-25,0238,020212,,5,3,7,3801,0,1,1,,1,081,"I-80 W/B","YERBA BUENA ISLAND TUNNEL",90.00,E,N,A,-,Y,,,80,,,,,,W,Y,2,0,3,1,A,-,01,23152,A,F,E,I,A,A,H,-,C,D,0,,,,,Y,Y,A,01,2,1,0,0,0,0,0,0,0,"- ","- ",37.810299999999998,-122.36453,"SAN FRANCISCO","SAN FRANCISCO",-122.36483036999999,37.810600520000001
90191899,2016,2016-06-01,9335,2016-03-28,0615,017806,,1,1,7,3801,0,1,1,,2,023,"I-280 S/B","N/EDGE OF ALEMANY BLVD. N/B OVERCROSSING",77.00,S,N,B,-,Y,,,280,,,,,,S,N,1,1,0,4,A,-,11,21954,A,F,G,B,E,A,H,-,D,D,0,Y,,,,Y,,N,60,0,0,0,1,0,0,0,0,0,"- ","- ",37.732480000000002,-122.4144,"SAN FRANCISCO","SAN FRANCISCO",-122.41438635999999,37.732438430000002
90196612,2016,2016-06-08,9335,2016-05-30,0004,020889,,1,3,7,3801,0,1,2,,2,013,"US-101 S/B","SILVER AVE. OVERCROSSING",120.00,S,N,A,-,Y,,,101,,,,,,S,Y,2,0,1,2,A,-,08,22107,,N,E,I,A,A,H,-,D,D,0,,,,,Y,,A,01,1,0,0,0,0,0,0,0,0,"- ","- ",37.73218,-122.40519999999999,"SAN FRANCISCO","SAN FRANCISCO",-122.40511923,37.73223179
90199755,2016,2016-06-13,9335,2016-06-06,0050,020658,,1,3,7,3801,0,1,1,,2,024,"I-280 N/B","MISSION BAY DRIVE",106.00,S,N,A,-,Y,,,280,,,,,,N,Y,2,0,2,1,A,-,08,22107,,N,E,I,A,A,H,-,C,D,0,,,,,Y,,A,01,1,1,0,0,0,0,0,0,0,"- ","- ",37.770249999999997,-122.39767000000001,"SAN FRANCISCO","SAN FRANCISCO",-122.39738628000001,37.770276690000003