CASE_ID,ACCIDENT_YEAR,PROC_DATE,JURIS,COLLISION_DATE,COLLISION_TIME,OFFICER_ID,REPORTING_DISTRICT,DAY_OF_WEEK,CHP_SHIFT,POPULATION,CNTY_CITY_LOC,SPECIAL_COND,BEAT_TYPE,CHP_BEAT_TYPE,CITY_DIVISION_LAPD,CHP_BEAT_CLASS,BEAT_NUMBER,PRIMARY_RD,SECONDARY_RD,DISTANCE,DIRECTION,INTERSECTION,WEATHER_1,WEATHER_2,STATE_HWY_IND,CALTRANS_COUNTY,CALTRANS_DISTRICT,STATE_ROUTE,ROUTE_SUFFIX,POSTMILE_PREFIX,POSTMILE,LOCATION_TYPE,RAMP_INTERSECTION,SIDE_OF_HWY,TOW_AWAY,COLLISION_SEVERITY,NUMBER_KILLED,NUMBER_INJURED,PARTY_COUNT,PRIMARY_COLL_FACTOR,PCF_CODE_OF_VIOL,PCF_VIOL_CATEGORY,PCF_VIOLATION,PCF_VIOL_SUBSECTION,HIT_AND_RUN,TYPE_OF_COLLISION,MVIW,PED_ACTION,ROAD_SURFACE,ROAD_COND_1,ROAD_COND_2,LIGHTING,CONTROL_DEVICE,CHP_ROAD_TYPE,PEDESTRIAN_ACCIDENT,BICYCLE_ACCIDENT,MOTORCYCLE_ACCIDENT,TRUCK_ACCIDENT,NOT_PRIVATE_PROPERTY,ALCOHOL_INVOLVED,STWD_VEHTYPE_AT_FAULT,CHP_VEHTYPE_AT_FAULT,COUNT_SEVERE_INJ,COUNT_VISIBLE_INJ,COUNT_COMPLAINT_PAIN,COUNT_PED_KILLED,COUNT_PED_INJURED,COUNT_BICYCLIST_KILLED,COUNT_BICYCLIST_INJURED,COUNT_MC_KILLED,COUNT_MC_INJURED,PRIMARY_RAMP,SECONDARY_RAMP,LATITUDE,LONGITUDE,COUNTY,CITY,POINT_X,POINT_Y
90238786,2016,2016-08-05,9335,2016-07-19,0730,019767,,2,1,7,3801,0,1,1,,1,083,"I-80 E/B","YERBA BUENA ISLAND TUNNEL",300.00,W,N,B,-,Y,,,80,,,,,,E,N,2,0,1,2,A,-,07,21658,A,F,B,C,A,A,H,-,A,A,0,,,Y,,Y,,-,99,1,0,0,0,0,0,0,0,1,"- ","- ",37.807400000000001,-122.36799999999999,"SAN FRANCISCO","SAN FRANCISCO",-122.3679451,37.807339919999997
90288733,2016,2016-10-11,9335,2016-10-02,1340,020212,,7,1,7,3801,0,1,1,,1,081,"I-80 W/B","FOREST ROAD",50.00,W,N,A,-,Y,,,80,,,,,,W,Y,2,0,1,2,A,-,07,21658,A,N,C,C,A,A,H,-,A,D,0,,,Y,,Y,,C,02,1,0,0,0,0,0,0,0,1,"- ","- ",37.809309999999996,-122.36599,"SAN FRANCISCO","SAN FRANCISCO",-122.36600507999999,37.809322330000001
9032981,2019,2020-02-10,3801,2019-12-28,2247,1286,TARAV,6,5,7,3801,0,0,0,,0,,"9TH AV","KIRKHAM ST",0.00,,Y,B,-,N,,,,,,,,,,Y,2,0,1,2,A,-,12,22450,A,N,D,C,A,A,H,-,C,A,0,,,,Y,Y,,F,26,1,0,0,0,0,0,0,0,0,"- ","- ",,,"SAN FRANCISCO","SAN FRANCISCO",-122.46607208251953,37.760299682617188
9033005,2019,2020-02-04,3801,2019-12-04,1607,1631,SOTHE,3,5,7,3801,0,0,0,,0,3B41,"MISSION ST","8TH ST",130.00,W,N,A,-,N,,,,,,,,,,Y,2,0,1,2,A,-,17,22517,,M,B,C,A,A,H,-,A,D,0,,,,Y,Y,,A,01,1,0,0,0,0,0,0,0,0,"- ","- ",,,"SAN FRANCISCO","SAN FRANCISCO",-122.41348266601562,37.777210235595703
90336445,2016,2017-04-13,9335,2016-11-22,1350,019521,,2,1,7,3801,0,1,2,,2,013,"US-101 N/B","FAITH ST PED O/C",320.00,S,N,A,-,Y,,,101,,,,,,N,Y,2,0,1,3,A,-,07,21658,A,N,B,C,A,A,H,-,A,D,0,,,Y,,Y,,C,02,1,0,0,0,0,0,0,0,1,"- ","- ",37.743119999999998,-122.40624,"SAN FRANCISCO","SAN FRANCISCO",-122.40623825,37.743118619999997
90345428,2016,2016-12-15,9335,2016-04-06,2320,017150,,3,3,7,3801,0,1,2,,2,014,"US-101 N/B","ALAMEDA ST.",110.00,S,N,A,-,Y,,,101,,,,,,N,Y,1,1,0,2,A,-,01,23152,A,N,E,I,A,A,H,-,C,D,0,,,Y,,Y,Y,C,02,0,0,0,0,0,0,0,1,0,"- ","- ",37.7684,-122.40597,"SAN FRANCISCO","SAN FRANCISCO",-122.40602124999999,37.768331420000003
90350198,2016,2016-12-21,9335,2016-12-12,1300,019631,,1,1,7,3801,0,1,2,,2,014,"US-101 N/B","22ND ST (PEDESTRIAN O/C)",727.00,N,N,B,-,Y,,,101,,,,,,N,Y,2,0,1,4,A,-,03,22350,,N,C,C,A,A,H,-,A,D,0,,,,,Y,,A,01,1,0,0,0,0,0,0,0,0,"- ","- ",37.75864,-122.40519,"SAN FRANCISCO","SAN FRANCISCO",-122.40525641000001,37.758545599999998
9035535,2019,2020-02-05,3801,2019-12-15,0122,2459,SOUTH,7,5,7,3801,0,0,0,,0,0B3,"MISSION ST","6TH ST",334.00,W,N,A,-,N,,,,,,,,,,Y,2,0,1,3,D,-,00,,,F,B,B,-,A,H,-,C,D,0,Y,,,,Y,,-,"- ",1,0,0,0,1,0,0,0,0,"- ","- ",,,"SAN FRANCISCO","SAN FRANCISCO",-122.40950775146484,37.780326843261719
9035542,2019,2020-02-03,3801,2019-12-10,1847,1907,MISSI,2,5,7,3801,0,0,0,,0,3D13D,"CLIPPER ST","CLIPPER TER",20.00,E,N,C,-,N,,,,,,,,,,Y,2,0,1,1,A,-,01,23152,A,N,E,I,A,B,H,-,C,D,0,,,,,Y,Y,A,01,1,0,0,0,0,0,0,0,0,"- ","- ",,,"SAN FRANCISCO","SAN FRANCISCO",-122.44247436523438,37.748165130615234
9035651,2019,2020-02-05,3801,2019-12-27,0710,2140,INGLE,5,5,7,3801,0,0,0,,0,3H1A,"MISSION ST","LOWELL ST",0.00,,Y,A,-,N,,,,,,,,,,N,2,0,1,2,A,-,10,21950,A,N,G,B,B,A,H,-,A,A,0,Y,,,,Y,,A,08,1,0,0,0,1,0,0,0,0,"- ","- ",,,"SAN FRANCISCO","SAN FRANCISCO",-122.4464111328125,37.711448669433594
9035670,2019,2020-02-18,3801,2019-12-16,1343,625,TENDE,1,5,7,3801,0,0,0,,0,3J55C,"TAYLOR ST","EDDY ST",127.00,S,N,A,-,N,,,,,,,,,,N,2,0,2,2,A,-,17,21235,G,F,G,B,F,A,H,-,A,-,0,Y,,,,Y,,M,94,1,0,1,0,1,0,0,0,0,"- ","- ",,,"SAN FRANCISCO","SAN FRANCISCO",-122.410888671875,37.7838134765625
9035704,2019,2020-01-30,3801,2019-12-11,1724,2716,PARK,3,5,7,3801,0,0,0,,0,3F13D,"FULTON ST","CLAYTON ST",0.00,,Y,F,-,N,,,,,,,,,,N,2,0,1,2,A,-,10,21950,A,N,G,B,B,B,H,-,C,D,0,Y,,,,Y,,A,07,1,0,0,0,1,0,0,0,0,"- ","- ",,,"SAN FRANCISCO","SAN FRANCISCO",-122.44972229003906,37.775390625
90389127,2017,2017-02-09,9335,2017-01-19,1022,021328,,4,1,7,3801,0,1,2,,2,013,"US-101 N/B TO I-280 N/B","I-280 N/B",415.00,S,N,B,-,Y,,,101,,,,R,,N,Y,2,0,1,1,A,-,08,22107,,N,E,I,A,B,H,-,A,D,0,,,,Y,Y,,G,25,1,0,0,0,0,0,0,0,0,"- ","- ",37.735469999999999,-122.40472,"SAN FRANCISCO","SAN FRANCISCO",-122.40472,37.735469999999999
90437771,2016,2017-04-19,9335,2016-10-13,0518,016118,,4,3,7,3801,0,1,1,,2,080,"I-80 W/B TO U.S. 101 N/B","U.S. 101 NORTHBOUND",512.00,E,N,B,-,Y,,,80,,,,R,,W,Y,1,1,0,2,A,-,11,21954,A,N,G,B,E,A,H,-,D,D,0,Y,,,,Y,,N,60,0,0,0,1,0,0,0,0,0,"- ","- ",37.769060000000003,-122.40848,"SAN FRANCISCO","SAN FRANCISCO",-122.40848,37.769060000000003
90439835,2017,2017-04-24,9335,2017-04-13,0324,019999,,4,3,7,3801,0,1,1,,1,081,"I-80 W/B","SFOBB CENTER ANCHORAGE",950.00,W,N,A,-,Y,,,80,,,,,,W,Y,2,0,2,3,A,-,01,23152,A,N,C,C,A,A,H,-,C,D,0,,,,,Y,Y,A,01,1,0,1,0,0,0,0,0,0,"- ","- ",37.795969999999997,-122.38065,"SAN FRANCISCO","SAN FRANCISCO",-122.38050354000001,37.795811010000001
90462216,2017,2017-05-23,9335,2017-05-01,0327,020888,,1,3,7,3801,0,1,2,,2,015,"US-101 S/B FROM MARKET ST","MARKET ST",100.00,S,N,A,-,Y,,,101,,,,R,,S,N,1,1,1,2,A,-,11,21954,A,F,G,B,E,A,H,-,C,A,0,Y,,,,Y,,N,60,0,1,0,1,0,0,0,0,0,"- ","- ",37.771529999999998,-122.42325,"SAN FRANCISCO","SAN FRANCISCO",-122.42325,37.771529999999998
90469213,2017,2017-06-01,9335,2017-05-19,2245,021222,,5,3,7,3801,0,1,2,,2,013,"US-101 SOUTHBOUND","BLANKEN AVE",310.00,N,N,A,-,Y,,,101,,,,,,S,Y,2,0,2,2,A,-,01,23152,A,N,C,C,A,A,H,-,C,D,0,,,,,Y,Y,A,01,1,1,0,0,0,0,0,0,0,"- ","- ",37.711829999999999,-122.39591,"SAN FRANCISCO","SAN FRANCISCO",-122.39596448,37.711811359999999
9047463,2020,2020-03-06,3801,2020-01-02,0737,1730,TRAFF,4,5,7,3801,0,0,0,,0,4B1H,"OCEAN AV","HAROLD AV",0.00,,Y,A,-,N,,,,,,,,,,Y,2,0,1,2,A,-,11,21954,A,N,G,B,D,A,H,-,A,D,0,Y,,,,Y,,N,60,1,0,0,0,1,0,0,0,0,"- ","- ",,,"SAN FRANCISCO","SAN FRANCISCO",-122.45313262939453,37.723270416259766
9047479,2020,2020-03-06,3801,2020-01-31,0301,246,TARAV,5,5,7,3801,0,0,0,,0,5CAR,"JUNIPERO SERRA BL","19TH AV",0.00,,Y,A,-,N,,,,,,,,,,Y,2,0,1,1,A,-,03,22350,,N,E,I,A,A,H,-,C,A,0,,,,,Y,,A,01,1,0,0,0,0,0,0,0,0,"- ","- ",,,"SAN FRANCISCO","SAN FRANCISCO",-122.47271728515625,37.717178344726562
9047488,2020,2020-03-06,3801,2020-01-29,0417,4027,MISSI,3,5,7,3801,0,0,0,,0,3D16E,"POTRERO AV","17TH ST",0.00,,Y,A,-,N,,,,,,,,,,N,2,0,1,2,A,-,11,21954,A,N,G,B,D,A,H,-,C,A,0,Y,,,,Y,,N,60,1,0,0,0,1,0,0,0,0,"- ","- ",,,"SAN FRANCISCO","SAN FRANCISCO",-122.40743255615234,37.764488220214844
9047592,2020,2020-03-06,3801,2020-01-15,1902,209,NORTH,3,5,7,3801,0,0,0,,0,NORTHE,LAGUNA,"OAK ST",30.00,S,N,A,-,N,,,,,,,,,,N,2,0,1,1,A,-,03,22350,,N,H,-,A,A,H,-,C,D,0,,Y,,,Y,,L,04,1,0,0,0,0,0,1,0,0,"- ","- ",,,"SAN FRANCISCO","SAN FRANCISCO",-122.42586517333984,37.774517059326172
9047623,2020,2020-03-06,3801,2020-01-22,1358,375,BAYVI,3,5,7,3801,0,0,0,,0,3C15A,"3RD ST","PAUL AV",33.00,S,N,A,-,N,,,,,,,,,,Y,2,0,1,2,A,-,06,21750,,N,C,C,A,A,H,-,A,A,0,,,Y,,Y,,C,02,1,0,0,0,0,0,0,0,1,"- ","- ",,,"SAN FRANCISCO","SAN FRANCISCO",-122.39579010009766,37.722324371337891
9047636,2020,2020-03-06,3801,2020-01-06,0350,2368,SOUTH,1,5,7,3801,0,0,0,,0,0B2,"MISSION ST","6TH ST",12.00,N,N,A,-,N,,,,,,,,,,N,2,0,1,2,A,-,11,21955,,N,G,B,D,A,H,-,C,A,0,Y,,,,Y,,N,60,1,0,0,0,1,0,0,0,0,"- ","- ",,,"SAN FRANCISCO","SAN FRANCISCO",-122.40866088867188,37.781002044677734
9047650,2020,2020-03-05,3801,2020-01-04,2037,2175,MISSI,6,5,7,3801,0,0,0,,0,3D13D,"MISSION ST","17TH ST",175.00,N,N,A,-,N,,,,,,,,,,N,2,0,2,2,A,-,11,21955,,N,G,-,D,A,H,-,C,D,0,Y,Y,,,Y,Y,N,60,1,1,0,0,1,0,1,0,0,"- ","- ",,,"SAN FRANCISCO","SAN FRANCISCO",-122.41954803466797,37.763900756835938
9047652,2020,2020-03-06,3801,2020-01-01,1630,4108,BAYVI,3,5,7,3801,0,0,0,,0,BAYVIE,"INNES AV","ARELIOUS WALKER ST",94.00,E,N,A,-,N,,,,,,,,,,Y,2,0,1,1,A,-,03,22350,,N,A,-,A,A,H,-,A,D,0,,,Y,,Y,Y,C,02,1,0,0,0,0,0,0,0,1,"- ","- ",,,"SAN FRANCISCO","SAN FRANCISCO",-122.37362670898438,37.730800628662109
90496342,2017,2017-07-07,9350,2017-07-01,1740,021586,,6,2,7,3801,0,1,2,,1,120,"US-101 SOUTHBOUND","NORTH TOWER OF GOLDEN GATE BRIDGE",850.00,S,N,A,-,Y,,,101,,,,,,S,N,2,0,1,1,A,-,03,22350,,N,F,A,A,A,H,-,A,D,0,,,Y,,Y,,C,02,1,0,0,0,0,0,0,0,1,"- ","- ",37.8232,-122.47911999999999,"SAN FRANCISCO","SAN FRANCISCO",-122.47921337,37.82318798
90508105,2017,2017-07-25,9335,2017-07-15,0326,021312,,6,3,7,3801,0,1,1,,1,081,"I-80 W/B","BEALE STREET U/C",143.00,W,N,A,-,Y,,,80,,,,,,W,Y,2,0,1,2,A,-,01,23152,A,N,C,E,A,A,D,-,C,A,0,,,,,Y,Y,D,22,1,0,0,0,0,0,0,0,0,"- ","- ",37.786470000000001,-122.39067,"SAN FRANCISCO","SAN FRANCISCO",-122.39048041,37.786247969999998
90559488,2017,2017-09-29,9335,2017-09-19,0530,020509,,2,3,7,3801,0,1,2,,2,014,"US-101 S/B TO CESAR CHAVEZ ST","25TH ST PED O/C",1056.00,S,N,A,-,Y,,,101,,,,R,,S,Y,2,0,1,1,A,-,08,22107,,N,F,A,A,A,H,-,C,D,0,,,Y,,Y,,C,02,1,0,0,0,0,0,0,0,1,"- ","- ",37.74962,-122.40416,"SAN FRANCISCO","SAN FRANCISCO",-122.40416,37.74962
90591582,2017,2017-11-09,9335,2017-10-31,0635,021700,,2,1,7,3801,0,1,1,,1,081,"I-80 W/B","YERBA BUENA ISLAND TUNNEL (WEST EDGE)",180.00,E,N,A,-,Y,,,80,,,,,,W,Y,2,0,1,3,A,-,07,21658,A,N,C,C,A,A,H,-,C,D,0,,,Y,,Y,,C,02,1,0,0,0,0,0,0,0,1,"- ","- ",37.809330000000003,-122.36591,"SAN FRANCISCO","SAN FRANCISCO",-122.36596324,37.809373520000001
90597374,2017,2017-11-20,9335,2017-11-08,1315,021700,,3,1,7,3801,0,1,1,,2,023,"I-280 N/B","ALEMANY BLVD",860.00,S,N,B,-,Y,,,280,,,,,,N,Y,2,0,1,1,A,-,08,22107,,N,E,I,A,A,H,-,A,D,0,,,,,Y,,A,01,1,0,0,0,0,0,0,0,0,"- ","- ",37.731760000000001,-122.41773000000001,"SAN FRANCISCO","SAN FRANCISCO",-122.41772795999999,37.731857900000001
90613614,2017,2017-12-11,9335,2017-11-30,2305,021277,,4,3,7,3801,0,1,2,,2,013,"US-101 S/B FROM CESAR CHAVEZ STREET","CESAR CHAVEZ ST",458.00,S,N,A,-,Y,,,101,,,,R,,S,Y,2,0,1,1,A,-,03,22350,,N,F,A,A,A,H,-,D,D,0,,,Y,,Y,,C,02,1,0,0,0,0,0,0,0,1,"- ","- ",37.748010000000001,-122.40442,"SAN FRANCISCO","SAN FRANCISCO",-122.40442,37.748010000000001
90621064,2017,2017-12-25,9335,2017-12-08,2005,021247,,5,2,7,3801,0,1,2,,2,014,"US-101 S/B","23RD ST",446.00,S,N,A,-,Y,,,101,,,,,,S,Y,2,0,29,1,A,-,08,22107,,N,F,A,A,A,H,-,D,D,0,,,,,Y,,I,10,7,7,15,0,0,0,0,0,0,"- ","- ",37.753219999999999,-122.40308,"SAN FRANCISCO","SAN FRANCISCO",-122.40302456000001,37.753225039999997
90633539,2017,2018-01-05,9335,2017-12-21,2148,019737,,4,2,7,3801,0,1,1,,2,023,"I-280 N/B FROM ALEMANY BLVD.","ALEMANY BLVD O/C",600.00,S,N,A,-,Y,,,280,,,,R,,N,Y,2,0,3,1,A,-,01,23152,G,N,E,I,A,A,H,-,D,D,0,,,,,Y,Y,A,01,2,1,0,0,0,0,0,0,0,"- ","- ",37.73169,-122.41676,"SAN FRANCISCO","SAN FRANCISCO",-122.41676,37.73169
90689703,2017,2018-06-22,9335,2017-11-17,1559,021780,,5,2,7,3801,0,1,2,,2,014,"US-101 S/B","22ND ST. PEDESTRIAN O/C",911.00,N,N,B,-,Y,,,101,,,,,,S,Y,1,1,6,2,A,-,08,22107,,N,B,C,A,A,H,-,A,D,0,,,,Y,Y,,F,26,0,0,6,0,0,0,0,0,0,"- ","- ",37.758690000000001,-122.4057,"SAN FRANCISCO","SAN FRANCISCO",-122.40569419000001,37.758695240000002
90707395,2018,2018-04-17,9335,2018-04-08,0820,022007,,7,1,7,3801,0,1,2,,2,014,"US-101 N/B","15TH ST. UNDERCROSSING",185.00,S,N,A,-,Y,,,101,,,,,,N,Y,2,0,1,1,A,-,03,22350,,N,E,I,A,A,H,-,A,D,0,,,Y,,Y,,C,02,1,0,0,0,0,0,0,0,1,"- ","- ",37.767768859863281,-122.40534973144531,"SAN FRANCISCO","SAN FRANCISCO",-122.40535736083984,37.76776123046875
90710297,2018,2018-04-23,9335,2018-04-14,0150,021754,,6,3,7,3801,0,1,2,,2,015,"US-101 S/B TO US-101 S/B","15TH STREET U/C NORTH RD. EDGE",10.00,S,N,A,-,Y,,,101,,,,R,,S,Y,2,0,1,1,A,-,08,22107,,N,E,I,A,A,H,-,C,D,0,,,Y,,Y,,C,02,1,0,0,0,0,0,0,0,1,"- ","- ",37.767238616943359,-122.40543365478516,"SAN FRANCISCO","SAN FRANCISCO",-122.40543365478516,37.767238616943359
9074896,2020,2020-05-18,3801,2020-02-26,0927,2196,TENDE,3,5,7,3801,0,0,0,,0,3J11A,"MARKET ST","4TH ST",0.00,,Y,A,-,N,,,,,,,,,,N,2,0,1,2,A,-,10,21950,A,F,G,B,B,A,H,-,A,A,0,Y,,,,Y,,-,,1,0,0,0,1,0,0,0,0,"- ","- ",,,"SAN FRANCISCO","SAN FRANCISCO",-122.40589141845703,37.785701751708984
9074950,2020,2020-05-19,3801,2020-02-19,2342,4314,RICHM,3,5,7,3801,0,0,0,,0,0G1,"JOHN F KENNEDY DR","TRANSVERSE DR",0.00,W,N,A,-,N,,,,,,,,,,Y,2,0,1,1,A,-,01,23152,A,N,F,A,A,A,H,-,C,D,0,,,Y,,Y,Y,C,03,1,0,0,0,0,0,0,0,1,"- ","- ",,,"SAN FRANCISCO","SAN FRANCISCO",-122.47991943359375,37.770488739013672
9074982,2020,2020-05-15,3801,2020-02-28,1350,4022,TARAV,5,5,7,3801,0,0,0,,0,3I11A,"12TH AV","NORIEGA ST",15.00,N,N,A,-,N,,,,,,,,,,N,2,0,1,3,A,-,21,22106,,N,G,B,E,A,H,-,A,D,0,Y,,,,Y,,A,01,1,0,0,0,1,0,0,0,0,"- ","- ",,,"SAN FRANCISCO","SAN FRANCISCO",-122.46894836425781,37.755279541015625
9075043,2020,2020-05-16,3801,2020-02-16,1812,172,RICHM,7,5,7,3801,0,0,0,,0,002,"ARGUELLO BL","MCALLISTER ST",0.00,,Y,A,-,N,,,,,,,,,,N,2,0,1,2,A,-,11,21954,A,N,G,B,D,A,H,-,C,D,0,Y,,,,Y,Y,N,60,1,0,0,0,1,0,0,0,0,"- ","- ",,,"SAN FRANCISCO","SAN FRANCISCO",-122.45844268798828,37.775238037109375
9075067,2020,2020-05-16,3801,2020-02-14,0359,293,PARK,5,5,7,3801,0,0,0,,0,3F13E,"MASONIC AV","TURK BL",0.00,,Y,A,-,N,,,,,,,,,,Y,2,0,2,2,A,-,12,21453,A,N,D,C,A,A,H,-,C,A,0,,,,,Y,,A,01,1,0,1,0,0,0,0,0,0,"- ","- ",,,"SAN FRANCISCO","SAN FRANCISCO",-122.44705200195312,37.778629302978516
9075071,2020,2020-05-16,3801,2020-02-13,2044,2408,SOUTH,4,5,7,3801,0,0,0,,0,3B12E,"BRYANT ST","5TH ST",12.00,E,N,A,-,N,,,,,,,,,,N,2,0,1,1,A,-,03,22350,A,N,H,A,A,A,H,-,B,A,0,,,Y,,Y,,C,02,1,0,0,0,0,0,0,0,1,"- ","- ",,,"SAN FRANCISCO","SAN FRANCISCO",-122.40026092529297,37.777824401855469
9076413,2020,2020-10-02,3801,2020-02-15,2017,1872,NORTH,6,5,7,3801,0,0,0,,0,3E62,"LOMBARD ST","STEINER ST",0.00,,Y,A,-,Y,SF,4,101,-,-,7.426,I,5,N,Y,2,0,1,2,A,-,11,21453,D,N,G,B,B,A,H,-,C,A,0,Y,,,,Y,,N,60,1,0,0,0,1,0,0,0,0,"- ","- ",,,"SAN FRANCISCO","SAN FRANCISCO",-122.43772888183594,37.799701690673828
90779495,2018,2018-07-30,9335,2018-07-19,2353,022040,,4,3,7,3801,0,1,1,,2,022,"I-280 S/B","PAULDING STREET OVER-CROSSING",117.00,S,N,A,-,Y,,,280,,,,,,S,Y,2,0,1,2,A,-,11,21954,A,N,G,B,E,A,H,-,C,D,0,Y,,,,Y,,N,60,1,0,0,0,1,0,0,0,0,"- ","- ",37.728019714355469,-122.44402313232422,"SAN FRANCISCO","SAN FRANCISCO",-122.44403076171875,37.728042602539062
90803961,2018,2018-09-03,9335,2018-08-23,1855,021424,,4,2,7,3801,0,1,2,,2,015,"US-101 S/B FROM VAN NESS AVENUE","VAN NESS AVE",280.00,N,N,A,-,Y,,,101,,,,R,,S,Y,2,0,1,1,A,-,03,22350,,N,F,A,A,A,H,-,B,D,0,,,Y,,Y,,C,02,1,0,0,0,0,0,0,0,1,"- ","- ",37.769119262695312,-122.41896057128906,"SAN FRANCISCO","SAN FRANCISCO",-122.41896057128906,37.769119262695312
90818321,2018,2018-09-21,9335,2018-03-04,0543,021724,,7,3,7,3801,0,1,1,,2,080,"I-80 E/B","4TH ST U/C",297.00,E,N,A,-,Y,,,80,,,,,,E,Y,1,1,0,2,A,-,11,21954,A,N,G,B,E,A,H,-,D,D,0,Y,,,,Y,,N,60,0,0,0,1,0,0,0,0,0,"- ","- ",37.780719757080078,-122.39792633056641,"SAN FRANCISCO","SAN FRANCISCO",-122.39793395996094,37.780719757080078
90824849,2018,2018-10-01,9335,2018-09-19,1545,017672,,3,2,7,3801,0,1,1,,2,080,"I-80 E/B","8TH STREET ON-RAMP",980.00,E,N,A,-,Y,,,80,,,,,,E,N,2,0,2,3,A,-,07,21658,A,N,B,C,A,A,H,-,A,D,0,,,Y,,Y,,C,02,1,0,1,0,0,0,0,0,2,"- ","- ",37.77703857421875,-122.40316772460938,"SAN FRANCISCO","SAN FRANCISCO",-122.40316772460938,37.777034759521484
90838625,2018,2018-10-18,9335,2018-07-19,0301,021672,,4,3,7,3801,0,1,1,,1,083,"I-80 E/B TO TREASURE ISLAND","YERBA BUENA ISLAND TUNNEL",125.00,W,N,A,-,Y,,,80,,,,R,,E,Y,2,0,2,1,A,-,01,23152,A,F,E,I,A,A,H,-,C,D,0,,,,,Y,Y,A,07,1,0,1,0,0,0,0,0,0,"- ","- ",37.809139251708984,-122.36679077148438,"SAN FRANCISCO","SAN FRANCISCO",-122.36679077148438,37.809139251708984
90850758,2018,2018-11-01,9335,2018-10-22,0655,021469,,1,1,7,3801,0,1,1,,2,023,"I-280 N/B","ALEMANY BLVD OVERCROSSING",739.00,N,N,A,-,Y,,,280,,,,,,N,Y,2,0,1,2,A,-,03,22350,,N,C,C,A,A,H,-,B,D,0,,,Y,,Y,,C,02,1,0,0,0,0,0,0,0,1,"- ","- ",37.733158111572266,-122.41229248046875,"SAN FRANCISCO","SAN FRANCISCO",-122.41227722167969,37.733135223388672
90850930,2018,2018-11-12,9335,2018-10-22,0440,021754,,1,3,7,3801,0,1,2,,2,015,"US-101 SB TO I-80 EB","SAN BRUNO AVE. U/C NORTH RD. EDGE",20.00,N,N,A,-,Y,,,101,,,,R,,S,Y,2,0,1,1,A,-,03,22350,,N,F,A,A,A,H,-,C,D,0,,,Y,,Y,,C,02,1,0,0,0,0,0,0,0,1,"- ","- ",37.768951416015625,-122.40605926513672,"SAN FRANCISCO","SAN FRANCISCO",-122.40605926513672,37.768951416015625
90856433,2018,2018-11-08,9350,2018-11-02,0941,014864,,5,1,7,3801,0,3,5,,2,001,"GOLDEN GATE BRIDGE EAST PLAZA",US-101,80.00,E,N,B,E,N,,,,,,,,,,N,2,0,1,1,B,-,22,,,N,F,A,A,B,H,-,A,D,0,,Y,,,Y,,L,04,1,0,0,0,0,0,1,0,0,"- ","- ",37.807868957519531,-122.47560119628906,"SAN FRANCISCO","SAN FRANCISCO",-122.47560119628906,37.807868957519531
9087215,2020,2020-06-18,3801,2020-03-13,0712,1994,TRAFF,5,5,7,3801,0,0,0,,0,4BIG,"BAYSHORE BL","OAKDALE AV",4.00,N,N,A,-,N,,,,,,,,,,N,2,0,1,2,A,-,12,21453,A,F,G,B,B,A,H,-,A,A,0,Y,,,,Y,Y,A,01,1,0,0,0,1,0,0,0,0,"- ","- ",,,"SAN FRANCISCO","SAN FRANCISCO",-122.40521240234375,37.743049621582031
9087294,2020,2020-07-08,3801,2020-03-28,1610,312,TARAV,6,5,7,3801,0,0,0,,0,"1 CAR","19TH AV","SANTIAGO ST",0.00,,Y,B,-,N,,,,,,,,,,Y,2,0,1,2,A,-,12,21453,A,N,D,C,A,A,H,-,A,A,0,,,Y,,Y,,A,01,1,0,0,0,0,0,0,0,1,"- ","- ",,,"SAN FRANCISCO","SAN FRANCISCO",-122.47579956054688,37.744899749755859
9092363,2020,2020-07-20,3801,2020-03-29,1821,1116,MISSI,7,5,7,3801,0,0,0,,0,3D30,"VALENCIA ST","20TH ST",269.00,N,N,A,-,N,,,,,,,,,,N,2,0,1,2,A,-,17,21208,B,N,C,G,A,A,H,-,A,D,0,,Y,,,Y,,L,04,1,0,0,0,0,0,1,0,0,"- ","- ",,,"SAN FRANCISCO","SAN FRANCISCO",-122.42132568359375,37.759246826171875