CASE_ID,ACCIDENT_YEAR,PROC_DATE,JURIS,COLLISION_DATE,COLLISION_TIME,OFFICER_ID,REPORTING_DISTRICT,DAY_OF_WEEK,CHP_SHIFT,POPULATION,CNTY_CITY_LOC,SPECIAL_COND,BEAT_TYPE,CHP_BEAT_TYPE,CITY_DIVISION_LAPD,CHP_BEAT_CLASS,BEAT_NUMBER,PRIMARY_RD,SECONDARY_RD,DISTANCE,DIRECTION,INTERSECTION,WEATHER_1,WEATHER_2,STATE_HWY_IND,CALTRANS_COUNTY,CALTRANS_DISTRICT,STATE_ROUTE,ROUTE_SUFFIX,POSTMILE_PREFIX,POSTMILE,LOCATION_TYPE,RAMP_INTERSECTION,SIDE_OF_HWY,TOW_AWAY,COLLISION_SEVERITY,NUMBER_KILLED,NUMBER_INJURED,PARTY_COUNT,PRIMARY_COLL_FACTOR,PCF_CODE_OF_VIOL,PCF_VIOL_CATEGORY,PCF_VIOLATION,PCF_VIOL_SUBSECTION,HIT_AND_RUN,TYPE_OF_COLLISION,MVIW,PED_ACTION,ROAD_SURFACE,ROAD_COND_1,ROAD_COND_2,LIGHTING,CONTROL_DEVICE,CHP_ROAD_TYPE,PEDESTRIAN_ACCIDENT,BICYCLE_ACCIDENT,MOTORCYCLE_ACCIDENT,TRUCK_ACCIDENT,NOT_PRIVATE_PROPERTY,ALCOHOL_INVOLVED,STWD_VEHTYPE_AT_FAULT,CHP_VEHTYPE_AT_FAULT,COUNT_SEVERE_INJ,COUNT_VISIBLE_INJ,COUNT_COMPLAINT_PAIN,COUNT_PED_KILLED,COUNT_PED_INJURED,COUNT_BICYCLIST_KILLED,COUNT_BICYCLIST_INJURED,COUNT_MC_KILLED,COUNT_MC_INJURED,PRIMARY_RAMP,SECONDARY_RAMP,LATITUDE,LONGITUDE,COUNTY,CITY,POINT_X,POINT_Y
90937490,2019,2019-03-01,9335,2019-02-22,1705,022007,,5,2,7,3801,0,1,1,,2,023,"I-280 S/B FROM SAN JOSE AVENUE","BADEN STREET OVER-CROSSING",442.00,N,N,A,-,Y,,,280,,,,R,,S,Y,2,0,3,3,A,-,03,22350,,N,C,C,A,A,H,-,A,D,0,,,,,Y,,A,01,1,0,2,0,0,0,0,0,0,"- ","- ",37.730751037597656,-122.43808746337891,"SAN FRANCISCO","SAN FRANCISCO",-122.43808746337891,37.730751037597656
90942472,2019,2019-03-08,9335,2019-02-28,0009,022179,,4,3,7,3801,0,1,2,,2,013,"US-101 S/B","BAYSHORE BLVD UNDERCROSSING",1426.00,S,N,A,-,Y,,,101,,,,,,S,Y,2,0,2,2,A,-,03,22350,,N,C,C,A,A,H,-,C,D,0,,,,,Y,Y,A,01,1,0,1,0,0,0,0,0,0,"- ","- ",37.744380950927734,-122.40547180175781,"SAN FRANCISCO","SAN FRANCISCO",-122.40554046630859,37.744422912597656
90989718,2019,2019-05-16,9335,2019-03-14,2040,020509,,4,2,7,3801,0,1,1,,2,023,"I-280 SOUTHBOUND","ST. MARY'S PED O/C",1228.00,N,N,A,-,Y,,,280,,,,,,S,Y,2,0,1,1,A,-,08,22107,,N,F,A,A,A,H,-,C,D,0,,,Y,,Y,,C,02,1,0,0,0,0,0,0,0,1,"- ","- ",37.732101440429688,-122.41658020019531,"SAN FRANCISCO","SAN FRANCISCO",-122.41658020019531,37.732032775878906
9101223,2020,2020-10-29,3801,2020-05-16,1746,2443,BAYVI,6,5,7,3801,0,0,0,,0,3C15D,"FITZGERALD AV","KEITH  ST",22.00,E,N,A,-,N,,,,,,,,,,N,2,0,1,2,A,-,10,21954,B,N,G,B,E,A,H,-,A,A,0,Y,,,,Y,,I,20,1,0,0,0,1,0,0,0,0,"- ","- ",,,"SAN FRANCISCO","SAN FRANCISCO",-122.39498138427734,37.723014831542969
9101768,2020,2020-08-03,3801,2020-04-11,1638,2408,SOUTH,6,5,7,3801,0,0,0,,0,3B14D,"9TH ST","MISSION ST",0.00,,Y,A,-,N,,,,,,,,,,Y,2,0,1,2,A,-,06,21750,A,F,B,G,A,A,H,-,A,A,0,,Y,,,Y,,A,01,1,0,0,0,0,0,0,0,0,"- ","- ",,,"SAN FRANCISCO","SAN FRANCISCO",-122.41471862792969,37.776241302490234
91025088,2019,2019-07-05,9335,2019-06-25,0705,021328,,2,1,7,3801,0,1,1,,2,023,"I-280 N/B","ST. MARY'S PARK PEDESTRIAN O/C",421.00,S,N,A,-,Y,,,280,,,,,,N,Y,2,0,1,2,A,-,11,21954,A,N,G,B,E,A,H,-,A,D,0,Y,,,,Y,,N,60,1,0,0,0,1,0,0,0,0,"- ","- ",37.731620788574219,-122.42198944091797,"SAN FRANCISCO","SAN FRANCISCO",-122.42197418212891,37.731548309326172
91031000,2019,2019-10-03,9335,2019-01-07,2345,021474,,1,3,7,3801,0,1,1,,1,083,"I-80 E/B","BEALE ST. U/C",774.00,W,N,A,-,Y,,,80,,,,,,E,N,1,1,0,6,A,-,11,21954,A,M,G,B,E,A,H,-,C,D,0,Y,,,,Y,,N,60,0,0,0,1,0,0,0,0,0,"- ","- ",37.785251617431641,-122.3922119140625,"SAN FRANCISCO","SAN FRANCISCO",-122.39218139648438,37.785198211669922
9103619,2020,2020-08-03,3801,2020-04-30,1537,472,TARAV,4,5,7,3801,0,0,0,,0,3I13D,"VICENTE ST","36TH AV",0.00,,Y,A,-,N,,,,,,,,,,N,2,0,1,2,A,-,12,22450,A,N,D,G,A,A,H,-,A,A,0,,Y,,,Y,,L,04,1,0,0,0,0,0,1,0,0,"- ","- ",,,"SAN FRANCISCO","SAN FRANCISCO",-122.49365997314453,37.738529205322266
91049381,2019,2019-08-12,9335,2019-08-07,1515,019434,,3,2,7,3801,0,1,1,,1,081,"I-80 W/B TO FREMONT STREET","FREMONT ST.",240.00,E,N,A,-,Y,,,,,,,,,,Y,2,0,1,1,A,-,03,22350,,N,F,A,A,A,H,-,A,D,0,,,Y,,Y,,C,02,1,0,0,0,0,0,0,0,1,"- ","- ",37.787979125976562,-122.39495849609375,"SAN FRANCISCO","SAN FRANCISCO",,
91050028,2019,2019-08-12,9335,2019-08-04,0035,022096,,7,3,7,3801,0,1,1,,2,024,"I-280 N/B TO KING STREET","5TH STREET",612.00,S,N,B,-,Y,,,,,,,,,,N,2,0,1,2,A,-,11,21954,A,N,G,B,E,A,H,-,D,D,0,Y,,,,Y,,N,60,1,0,0,0,1,0,0,0,0,"- ","- ",37.462360382080078,-122.23513031005859,"SAN FRANCISCO","SAN FRANCISCO",,
9108280,2020,2020-08-03,3801,2020-04-07,1314,2319,SOUTH,2,5,7,3801,0,0,0,,0,1CAR,"HARRISON ST","SPEAR ST",96.00,E,N,A,-,N,,,,,,,,,,N,2,0,1,1,A,-,03,22350,,N,H,A,A,A,H,-,A,A,0,,,,,Y,,-,,1,0,0,0,0,0,0,0,0,"- ","- ",,,"SAN FRANCISCO","SAN FRANCISCO",-122.38919067382812,37.789035797119141
9111149,2020,2020-10-29,3801,2020-05-26,0700,574,MISSI,2,5,7,3801,0,0,0,,0,3D14A,"17TH ST","FLORIDA ST",0.00,,Y,A,-,N,,,,,,,,,,N,2,0,1,2,A,-,11,21954,A,N,G,B,D,A,H,-,A,A,0,Y,,,,Y,Y,A,01,1,0,0,0,1,0,0,0,0,"- ","- ",,,"SAN FRANCISCO","SAN FRANCISCO",-122.41130828857422,37.764240264892578
91113392,2019,2019-11-05,9350,2019-10-24,0630,019875,,4,1,7,3801,0,1,2,,1,120,"US-101 NB GGB EAST SIDEWALK","LINCOLN BLVD",1267.00,N,N,A,-,Y,,,101,,,,,,N,N,2,0,1,2,D,-,00,,,N,B,C,A,A,H,-,D,D,0,,Y,,,Y,,-,"- ",1,0,0,0,0,0,1,0,0,"- ","- ",37.809711456298828,-122.47725677490234,"SAN FRANCISCO","SAN FRANCISCO",-122.4774169921875,37.809684753417969
91135827,2019,2019-12-04,9335,2019-11-23,0745,022326,,6,1,7,3801,0,1,1,,1,083,"I-80 E/B","THE EMBARCADERO U/C",295.00,E,N,B,-,Y,,,80,,,,,,E,Y,2,0,1,3,A,-,07,21658,A,N,C,C,A,A,H,-,A,D,0,,,,Y,Y,,F,26,1,0,0,0,0,0,0,0,0,"- ","- ",37.789508819580078,-122.38730621337891,"SAN FRANCISCO","SAN FRANCISCO",-122.38710784912109,37.789279937744141
91140404,2019,2019-12-10,9335,2019-12-09,0705,020658,,1,1,7,3801,0,1,1,,1,083,"I-80 E/B TO TREASURE ISLAND ROAD","TREASURE ISLAND OFFRAMP PYSICAL GORE PT",75.00,E,N,B,E,Y,,,80,,,,R,,E,N,2,0,1,1,A,-,08,22107,,N,E,I,A,B,H,-,A,D,0,,,,,Y,,A,07,1,0,0,0,0,0,0,0,0,"- ","- ",37.808940887451172,-122.36683654785156,"SAN FRANCISCO","SAN FRANCISCO",-122.36683654785156,37.808940887451172
91205802,2020,2020-03-11,9335,2020-03-04,1640,022486,,3,2,7,3801,0,1,1,,2,023,"I-280 S/B","MISSION ST. O/C",40.00,S,N,A,-,Y,,,280,,,,,,S,Y,2,0,1,1,A,-,04,21703,,N,F,A,A,A,H,-,A,D,0,,,Y,,Y,,C,02,1,0,0,0,0,0,0,0,1,"- ","- ",37.732040405273438,-122.42842864990234,"SAN FRANCISCO","SAN FRANCISCO",-122.42842102050781,37.732082366943359
9120762,2020,2020-08-26,3801,2020-06-20,1044,1242,CENTR,6,5,7,3801,0,0,0,,0,3A15A,"LARKIN ST","PINE ST",0.00,,Y,A,-,N,,,,,,,,,,N,2,0,1,2,A,-,10,21950,,F,G,-,B,A,H,-,A,A,0,Y,,,,Y,,A,01,1,0,0,0,1,0,0,0,0,"- ","- ",,,"SAN FRANCISCO","SAN FRANCISCO",-122.41886138916016,37.789829254150391
91223461,2020,2020-04-09,9335,2020-04-03,0605,022007,,5,1,7,3801,0,1,1,,1,081,"I-80 E/B","NORTHGATE AVE",880.00,E,N,A,-,Y,,,80,,,,,,E,N,2,0,1,2,A,-,03,22350,,N,C,C,A,A,H,-,B,D,0,,,,Y,Y,,F,26,1,0,0,0,0,0,0,0,0,"- ","- ",37.814708709716797,-122.35916137695312,"SAN FRANCISCO","SAN FRANCISCO",-122.35921478271484,37.814807891845703
91238120,2020,2020-05-15,9335,2020-01-18,1954,021997,,6,2,7,3801,0,1,1,,2,024,"I-280 S/B","CESAR CHAVEZ ST",360.00,N,N,A,-,Y,,,280,,,,,,S,Y,1,1,0,2,A,-,11,21954,A,N,G,B,E,A,H,-,C,D,0,Y,,,,Y,,N,60,0,0,0,1,0,0,0,0,0,"- ","- ",37.751079559326172,-122.39180755615234,"SAN FRANCISCO","SAN FRANCISCO",-122.39176940917969,37.751060485839844
91263337,2020,2020-07-06,9335,2020-06-27,0120,021474,,6,3,7,3801,0,1,1,,2,022,"I-280 SB TO JOHN DALY BLVD.","ST. CHARLES AVE O/C",83.00,S,N,A,-,Y,,,280,,,,R,,S,N,2,0,1,2,A,-,11,21954,A,N,G,B,E,A,H,-,D,D,0,Y,,,,Y,,N,60,1,0,0,0,1,0,0,0,0,"- ","- ",37.708099365234375,-122.46938323974609,"SAN FRANCISCO","SAN FRANCISCO",-122.46938323974609,37.708099365234375
91268773,2020,2020-07-15,9335,2020-07-07,1940,021756,,2,2,7,3801,0,1,2,,2,015,"US 101 N/B","10TH ST",18.00,N,N,A,-,Y,,,,,,,,,,Y,2,0,1,1,A,-,03,22350,,N,E,I,A,A,H,-,A,D,0,,,Y,,Y,,C,02,1,0,0,0,0,0,0,0,1,"- ","- ",37.769809722900391,-122.40917205810547,"SAN FRANCISCO","SAN FRANCISCO",,
91278470,2020,2020-07-31,9335,2020-07-25,0311,022179,,6,3,7,3801,0,1,1,,2,080,"I-80 E/B","EIGHTH STREET UNDERCROSSING",290.00,W,N,A,-,Y,,,80,,,,,,E,Y,2,0,2,1,A,-,01,23152,G,N,E,I,A,A,H,-,C,D,0,,,,,Y,Y,A,01,1,1,0,0,0,0,0,0,0,"- ","- ",37.771881103515625,-122.40622711181641,"SAN FRANCISCO","SAN FRANCISCO",-122.40630340576172,37.771839141845703
91280875,2020,2020-08-05,9335,2020-07-29,1045,021916,,3,1,7,3801,0,1,2,,2,015,"US-101 S/B FROM SOUTH VAN NESS AVE","SOUTH VAN NESS AVE",290.00,S,N,A,-,Y,,,101,,,,R,,S,Y,2,0,1,1,A,-,08,22107,,N,E,I,A,A,H,-,A,D,0,,,,,Y,,D,22,1,0,0,0,0,0,0,0,0,"- ","- ",37.769180297851562,-122.41892242431641,"SAN FRANCISCO","SAN FRANCISCO",-122.41892242431641,37.769180297851562
91303403,2020,2020-09-14,9335,2020-09-07,2042,021886,,1,2,7,3801,0,1,2,,2,013,"US-101 N/B","BACON ST. U/C",350.00,N,N,A,-,Y,,,101,,,,,,N,Y,2,0,1,1,A,-,01,23152,F,N,E,I,A,A,H,-,C,D,0,,,,,Y,,A,01,1,0,0,0,0,0,0,0,0,"- ","- ",37.728858947753906,-122.40296173095703,"SAN FRANCISCO","SAN FRANCISCO",-122.40304565429688,37.72882080078125
91347569,2020,2020-11-18,9335,2020-11-09,2030,020658,,1,2,7,3801,0,1,1,,2,080,"I-80 E/B TO 4TH STREET","4TH STREET UNDER-CROSSING",480.00,W,N,A,-,Y,,,80,,,,R,,E,Y,2,0,1,2,A,-,08,22107,,N,E,J,A,A,H,-,C,D,0,,,,,Y,,A,07,1,0,0,0,0,0,0,0,0,"- ","- ",37.778961181640625,-122.39987182617188,"SAN FRANCISCO","SAN FRANCISCO",-122.39987182617188,37.778961181640625
9137003,2020,2020-09-16,3801,2020-07-19,2147,2457,SOUTH,7,5,7,3801,0,0,0,,0,0B4,"MISSION ST","LASKIE ST",0.00,E,N,A,-,N,,,,,,,,,,N,2,0,1,2,A,-,11,21954,A,N,D,B,D,A,H,-,C,B,0,Y,,,,Y,,N,60,1,0,0,0,1,0,0,0,0,"- ","- ",,,"SAN FRANCISCO","SAN FRANCISCO",-122.41412353515625,37.776718139648438
9137531,2020,2020-09-25,3801,2020-07-14,1048,1250,SOUTH,2,5,7,3801,0,0,0,,0,3B15A,"TOWNSEND ST","TOWNSEND ST 350",0.00,,Y,A,-,N,,,,,,,,,,N,2,0,1,2,A,-,09,21804,A,N,B,-,A,-,H,-,A,D,0,,Y,,,Y,,L,04,1,0,0,0,0,0,1,0,0,"- ","- ",,,"SAN FRANCISCO","SAN FRANCISCO",,
9138678,2020,2020-09-25,3801,2020-07-14,1937,2089,MISSI,2,5,7,3801,0,0,0,,0,004,"UTAH ST","24TH ST",185.00,N,N,A,-,N,,,,,,,,,,N,2,0,1,2,A,-,05,21650,,N,D,E,A,A,H,-,A,A,0,,,Y,,Y,,C,02,1,0,0,0,0,0,0,0,1,"- ","- ",,,"SAN FRANCISCO","SAN FRANCISCO",-122.40537261962891,37.753585815429688
9138698,2020,2020-09-24,3801,2020-07-13,1313,386,MISSI,1,5,7,3801,0,0,0,,0,3D14C,"MARKET ST","HATTIE ST",0.00,,Y,A,-,N,,,,,,,,,,N,2,0,1,2,A,-,03,22350,,N,D,G,A,A,H,-,A,D,0,,Y,,,Y,,L,04,1,0,0,0,0,0,1,0,0,"- ","- ",,,"SAN FRANCISCO","SAN FRANCISCO",-122.44098663330078,37.761081695556641
9138709,2020,2020-09-24,3801,2020-07-10,2227,2491,RICHM,5,5,7,3801,0,0,0,,0,3G14E,"GEARY BL","COOK ST",0.00,,Y,A,-,N,,,,,,,,,,N,2,0,1,1,B,-,22,,,N,E,I,B,A,D,-,C,D,0,Y,,,,Y,,N,60,1,0,0,0,1,0,0,0,0,"- ","- ",,,"SAN FRANCISCO","SAN FRANCISCO",-122.45216369628906,37.78192138671875
9138710,2020,2020-09-24,3801,2020-07-10,2241,1017,MISSI,5,5,7,3801,0,0,0,,0,3D15E,"CESAR CHAVEZ ST",HAMPSHIRE,37.00,E,N,A,-,N,,,,,,,,,,N,2,0,2,4,A,-,11,21954,A,N,H,I,D,A,H,-,C,D,0,Y,,Y,,Y,,N,60,1,1,0,0,0,0,0,0,2,"- ","- ",,,"SAN FRANCISCO","SAN FRANCISCO",-122.40664672851562,37.748813629150391
9138815,2020,2020-09-28,3801,2020-07-05,0603,1487,TRAFF,7,5,7,3801,0,0,0,,0,4B1C,"TREASURE ISLAND RD","LIGHT POLE#R28",0.00,,N,A,-,N,,,,,,,,,,Y,2,0,2,3,A,-,05,21752,A,N,A,C,A,A,H,-,B,D,0,,,,,Y,,A,01,1,1,0,0,0,0,0,0,0,"- ","- ",,,"SAN FRANCISCO","SAN FRANCISCO",,
91388947,2020,2021-01-22,9335,2020-06-27,1330,022266,,6,1,7,3801,0,1,2,,2,013,"US-101 S/B","ALANA WAY",494.00,N,N,A,-,Y,,,101,,,,,,S,Y,2,0,1,2,A,-,08,22107,,F,D,C,A,A,H,-,A,D,0,,,,,Y,,A,01,1,0,0,0,0,0,0,0,0,"- ","- ",37.710178375244141,-122.39555358886719,"SAN FRANCISCO","SAN FRANCISCO",-122.39554595947266,37.710182189941406
9138929,2020,2020-10-09,3801,2020-07-29,1200,1226,MISSI,3,5,7,3801,0,0,0,,0,0D3,"21ST ST","LEXINGTON ST",0.00,,Y,A,-,N,,,,,,,,,,Y,2,0,1,2,A,-,08,22107,,N,D,C,A,A,H,-,A,D,0,,,Y,,Y,,A,08,1,0,0,0,0,0,0,0,1,"- ","- ",,,"SAN FRANCISCO","SAN FRANCISCO",-122.42032623291016,37.756950378417969
91401663,2020,2021-02-08,9335,2020-08-08,1510,022486,,6,2,7,3801,0,1,1,,2,022,"I-280 N/B TO SAN JOSE AVENUE","SAN JOSE AVENUE",114.00,N,N,A,-,Y,,,280,,,,R,,N,N,1,1,0,5,C,-,18,,,F,E,J,E,A,H,-,C,D,0,Y,,,,Y,,-,"- ",0,0,0,1,0,0,0,0,0,"- ","- ",37.731369018554688,-122.43475341796875,"SAN FRANCISCO","SAN FRANCISCO",-122.43475341796875,37.731369018554688
9145191,2020,2020-10-13,3801,2020-08-12,2024,4084,TRAFF,3,5,7,3801,0,0,0,,0,4B4B,"37TH AV","ORTEGA ST",0.00,,Y,B,-,N,,,,,,,,,,N,2,0,2,2,A,-,03,22350,,F,D,G,A,A,H,-,C,A,0,,Y,,,Y,,-,99,1,1,0,0,0,0,2,0,0,"- ","- ",,,"SAN FRANCISCO","SAN FRANCISCO",-122.49562835693359,37.751510620117188
9145216,2020,2020-10-12,3801,2020-08-30,1725,203,MISSI,7,5,7,3801,0,0,0,,0,,"25TH ST",FOUNTAIN,107.00,E,N,B,-,N,,,,,,,,,,N,2,0,1,2,A,-,08,22103,,N,D,G,A,A,H,-,A,D,0,,Y,,,Y,,A,01,1,0,0,0,0,0,1,0,0,"- ","- ",,,"SAN FRANCISCO","SAN FRANCISCO",-122.44116973876953,37.749240875244141
9148579,2020,2020-10-27,3801,2020-08-06,2024,1336,NORTH,4,5,7,3801,0,0,0,,0,3E13D,"POLK ST","TURK ST",0.00,,Y,A,-,N,,,,,,,,,,N,2,0,1,2,A,-,09,21453,C,N,D,G,A,A,H,-,C,A,0,,Y,,,Y,,A,01,1,0,0,0,0,0,1,0,0,"- ","- ",,,"SAN FRANCISCO","SAN FRANCISCO",-122.41899871826172,37.782169342041016
91521759,2021,2021-07-16,9335,2021-07-04,0215,022326,,7,3,7,3801,0,1,1,,2,080,"I-80 E/B","HARRIET STREET",190.00,W,N,A,-,Y,,,80,,,,,,E,Y,2,0,9,3,A,-,01,23152,A,N,C,C,A,A,H,-,C,D,0,,,,,Y,Y,A,01,2,3,4,0,0,0,0,0,0,"- ","- ",37.776069641113281,-122.40467071533203,"SAN FRANCISCO","SAN FRANCISCO",-122.40470123291016,37.776107788085938
9154105,2020,2020-10-21,3801,2020-08-30,1430,764,MISSI,7,5,7,3801,0,0,0,,0,3D42C,"DOLORES ST","15TH ST",0.00,,Y,A,-,N,,,,,,,,,,N,2,0,1,2,A,-,09,21801,A,N,D,C,A,A,H,-,A,A,0,,,Y,,Y,,A,01,1,0,0,0,0,0,0,0,1,"- ","- ",,,"SAN FRANCISCO","SAN FRANCISCO",-122.42659759521484,37.766258239746094
91588042,2021,2021-10-05,9335,2021-09-23,1608,021886,,4,2,7,3801,0,1,1,,2,022,"I-280 S/B","BADEN ST. O/C",127.00,N,N,A,-,Y,,,280,,,,,,S,Y,2,0,1,2,A,-,03,22350,,N,C,C,A,A,H,-,A,D,0,,,,,Y,,D,22,1,0,0,0,0,0,0,0,0,"- ","- ",37.730388641357422,-122.4390869140625,"SAN FRANCISCO","SAN FRANCISCO",-122.43904876708984,37.730255126953125
9159957,2020,2020-11-03,3801,2020-09-20,2325,1237,CENTR,7,5,7,3801,0,0,0,,0,3A12E,"SUTTER ST","STOCKTON ST",120.00,W,N,A,-,N,,,,,,,,,,Y,2,0,1,2,A,-,11,21955,,F,G,B,D,A,H,-,C,A,0,Y,,,,Y,,N,60,1,0,0,0,1,0,0,0,0,"- ","- ",,,"SAN FRANCISCO","SAN FRANCISCO",-122.4073486328125,37.789371490478516
9159976,2020,2020-11-02,3801,2020-09-09,1701,364,SOUTH,3,5,7,3801,0,0,0,,0,0B1,"2ND ST","STILLMAN ST",0.00,,Y,A,-,N,,,,,,,,,,N,2,0,1,2,A,-,08,22107,,N,D,C,A,A,H,-,A,A,0,,,Y,,Y,,A,01,1,0,0,0,0,0,0,0,1,"- ","- ",,,"SAN FRANCISCO","SAN FRANCISCO",-122.39418029785156,37.78350830078125
91602544,2021,2021-10-21,9335,2021-09-07,0230,021474,,2,3,7,3801,0,1,2,,2,013,"US-101 S/B TO I-280 S/B","CORTLAND AVE.",425.00,S,N,A,-,Y,,,101,,,,R,,S,Y,2,0,2,1,A,-,08,22107,,N,E,I,A,A,H,-,D,D,0,,,,,Y,,A,01,1,1,0,0,0,0,0,0,0,"- ","- ",37.738430023193359,-122.40834808349609,"SAN FRANCISCO","SAN FRANCISCO",-122.40834808349609,37.738430023193359
91604417,2021,2021-10-25,9335,2021-10-09,1255,022032,,6,1,7,3801,0,1,1,,2,023,"I-280 N/B","THERESA ST PEDESTRIAN OVERCROSS",300.00,S,N,A,-,Y,,,280,,,,,,N,Y,2,0,2,3,A,-,07,21658,A,N,B,2,A,A,H,-,A,D,0,,,Y,,Y,,A,01,1,1,0,0,0,0,0,0,2,"- ","- ",37.730491638183594,-122.43775939941406,"SAN FRANCISCO","SAN FRANCISCO",-122.43776702880859,37.730506896972656
91647314,2021,2021-12-09,9335,2021-11-25,0736,018804,,4,1,7,3801,0,1,2,,2,014,"US 101 N/B","SOUTH OF BRANNAN ST.",450.00,S,N,A,-,Y,,,,,,,,,,N,2,0,1,2,A,-,03,22350,,N,C,C,A,A,H,-,A,D,0,,,Y,,Y,,C,02,1,0,0,0,0,0,0,0,1,"- ","- ",37.768608093261719,-122.40631103515625,"SAN FRANCISCO","SAN FRANCISCO",-122.406494140625,37.768722534179688
9168122,2020,2020-11-16,3801,2020-09-15,1118,2164,CENTR,2,5,7,3801,0,0,0,,0,3A12A,"MONTGOMERY ST","SUTTER ST",0.00,,Y,A,-,N,,,,,,,,,,N,2,0,1,2,A,-,08,22107,,N,C,C,A,A,-,-,A,A,0,,,Y,,Y,,A,01,1,0,0,0,0,0,0,0,1,"- ","- ",,,"SAN FRANCISCO","SAN FRANCISCO",-122.40216827392578,37.790008544921875
9168134,2020,2020-11-16,3801,2020-09-25,2500,1326,BAYVI,5,5,7,3801,0,0,0,,0,3C13E,"EVANS AV","RANKINS AV",0.00,,Y,A,-,N,,,,,,,,,,N,2,0,1,2,A,-,00,21954,,N,G,B,D,A,H,-,C,D,0,Y,,,,Y,Y,N,60,1,0,0,0,1,0,0,0,0,"- ","- ",,,"SAN FRANCISCO","SAN FRANCISCO",-122.39215850830078,37.745079040527344
9168137,2020,2020-11-16,3801,2020-09-09,2049,1994,TRAFF,3,5,7,3801,0,0,0,,0,45B3G,"SUTTER ST","HYDE ST",193.00,E,N,B,-,N,,,,,,,,,,N,2,0,1,2,A,-,11,21955,,N,-,B,E,A,H,-,C,D,0,Y,,,,Y,,N,60,1,0,0,0,1,0,0,0,0,"- ","- ",,,"SAN FRANCISCO","SAN FRANCISCO",-122.41615295410156,37.788261413574219
91686039,2021,2022-01-26,9350,2021-11-11,1753,022300,,4,2,7,3801,0,1,2,,1,120,"US-101 N/B","GOLDEN GATE BRIDGE TOLL PLAZA",345.00,N,N,A,-,Y,,,101,,,,,,N,Y,2,0,5,7,A,-,07,21658,A,N,G,C,E,A,E,G,C,A,0,Y,,,,Y,,M,97,2,2,1,0,4,0,0,0,0,"- ","- ",37.808048248291016,-122.47635650634766,"SAN FRANCISCO","SAN FRANCISCO",-122.47637939453125,37.808025360107422
9169209,2020,2020-11-17,3801,2020-09-18,1405,2229,NORTH,5,5,7,3801,0,0,0,,0,,"MCALLISTER ST","FILLMORE ST",0.00,,Y,A,-,N,,,,,,,,,,N,2,0,1,2,A,-,06,21751,,M,B,C,A,A,H,-,A,A,0,,,Y,,Y,,C,02,1,0,0,0,0,0,0,0,1,"- ","- ",,,"SAN FRANCISCO","SAN FRANCISCO",-122.43174743652344,37.778640747070312
91724250,2021,2022-03-16,9335,2021-12-26,0010,022271,,7,3,7,3801,0,1,2,,2,013,"US-101 S/B","BACON STREET",383.00,S,N,B,-,Y,,,101,,,,,,S,Y,2,0,1,2,A,-,03,22350,,F,C,C,A,B,H,-,C,D,0,,,,,Y,,A,01,1,0,0,0,0,0,0,0,0,"- ","- ",37.726779937744141,-122.402587890625,"SAN FRANCISCO","SAN FRANCISCO",-122.40256500244141,37.726791381835938
91738410,2022,2022-03-31,9335,2022-03-22,1630,022823,,2,2,7,3801,0,1,2,,2,014,"US-101 NB","23RD ST OVERCROSSING",50.00,N,N,A,-,Y,SF,,101,,,3.379,H,,R,Y,2,0,1,2,A,-,07,21658,A,N,B,C,A,A,H,-,A,D,0,,,Y,,Y,,A,07,1,0,0,0,0,0,0,0,1,"- ","- ",37.75469970703125,-122.40305328369141,"SAN FRANCISCO","SAN FRANCISCO",-122.4029541015625,37.754707336425781
91752768,2022,2022-04-28,9335,2022-04-18,0600,020658,,1,1,7,3801,0,1,2,,2,013,"US-101 N/B","BLANKEN AVENUE",200.00,S,N,A,-,Y,SF,,101,,,0.142,H,,R,Y,1,1,1,2,A,-,08,22107,,N,E,9,A,A,H,-,B,D,0,,,,,Y,,D,22,0,0,1,0,0,0,0,0,0,"- ","- ",37.710411071777344,-122.39543914794922,"SAN FRANCISCO","SAN FRANCISCO",-122.39533996582031,37.710426330566406
9178437,2020,2020-12-22,3801,2020-10-09,1622,334,BAYVI,5,5,7,3801,0,0,0,,0,0C3,"PALOU AV","HAWES ST",0.00,W,N,A,-,N,,,,,,,,,,Y,2,0,2,4,C,-,18,,,N,A,E,A,A,H,-,A,D,0,,,,,Y,,-,"- ",1,1,0,0,0,0,0,0,0,"- ","- ",,,"SAN FRANCISCO","SAN FRANCISCO",-122.38156890869141,37.728668212890625