CASE_ID,ACCIDENT_YEAR,PROC_DATE,JURIS,COLLISION_DATE,COLLISION_TIME,OFFICER_ID,REPORTING_DISTRICT,DAY_OF_WEEK,CHP_SHIFT,POPULATION,CNTY_CITY_LOC,SPECIAL_COND,BEAT_TYPE,CHP_BEAT_TYPE,CITY_DIVISION_LAPD,CHP_BEAT_CLASS,BEAT_NUMBER,PRIMARY_RD,SECONDARY_RD,DISTANCE,DIRECTION,INTERSECTION,WEATHER_1,WEATHER_2,STATE_HWY_IND,CALTRANS_COUNTY,CALTRANS_DISTRICT,STATE_ROUTE,ROUTE_SUFFIX,POSTMILE_PREFIX,POSTMILE,LOCATION_TYPE,RAMP_INTERSECTION,SIDE_OF_HWY,TOW_AWAY,COLLISION_SEVERITY,NUMBER_KILLED,NUMBER_INJURED,PARTY_COUNT,PRIMARY_COLL_FACTOR,PCF_CODE_OF_VIOL,PCF_VIOL_CATEGORY,PCF_VIOLATION,PCF_VIOL_SUBSECTION,HIT_AND_RUN,TYPE_OF_COLLISION,MVIW,PED_ACTION,ROAD_SURFACE,ROAD_COND_1,ROAD_COND_2,LIGHTING,CONTROL_DEVICE,CHP_ROAD_TYPE,PEDESTRIAN_ACCIDENT,BICYCLE_ACCIDENT,MOTORCYCLE_ACCIDENT,TRUCK_ACCIDENT,NOT_PRIVATE_PROPERTY,ALCOHOL_INVOLVED,STWD_VEHTYPE_AT_FAULT,CHP_VEHTYPE_AT_FAULT,COUNT_SEVERE_INJ,COUNT_VISIBLE_INJ,COUNT_COMPLAINT_PAIN,COUNT_PED_KILLED,COUNT_PED_INJURED,COUNT_BICYCLIST_KILLED,COUNT_BICYCLIST_INJURED,COUNT_MC_KILLED,COUNT_MC_INJURED,PRIMARY_RAMP,SECONDARY_RAMP,LATITUDE,LONGITUDE,COUNTY,CITY,POINT_X,POINT_Y
9178508,2020,2020-12-05,3801,2020-10-22,1308,1825,SOUTH,4,5,7,3801,0,0,0,,0,3B15C,"ESSEX ST","HARRISON ST",0.00,,Y,A,-,N,,,,,,,,,,N,2,0,1,2,A,-,08,22107,,N,D,C,A,A,H,-,A,A,0,,Y,,,Y,,L,04,1,0,0,0,0,0,1,0,0,"- ","- ",,,"SAN FRANCISCO","SAN FRANCISCO",-122.39405822753906,37.785209655761719
91787228,2022,2022-06-02,9335,2022-05-27,1215,020658,,5,1,7,3801,0,1,2,,2,013,"US-101 N/B","ALEMANY BLVD",535.00,N,N,A,-,Y,SF,,101,,,2.251,H,,R,Y,2,0,1,1,A,-,08,22107,,N,F,A,A,A,H,-,A,D,0,,,Y,,Y,,C,02,1,0,0,0,0,0,0,0,1,"- ","- ",37.739280700683594,-122.40805816650391,"SAN FRANCISCO","SAN FRANCISCO",-122.40800476074219,37.739280700683594
91788503,2021,2022-08-25,9335,2021-03-26,0451,021754,,5,3,7,3801,0,1,2,,2,013,"US-101 NB TO I-280 NB","ELMIRA ST",11.00,N,N,A,-,Y,,,,,,,,,,N,1,1,0,2,C,-,18,,,F,G,B,E,A,H,-,D,D,0,Y,,,,Y,,-,"- ",0,0,0,1,0,0,0,0,0,"- ","- ",37.736408233642578,-122.40377807617188,"SAN FRANCISCO","SAN FRANCISCO",,
91814704,2022,2022-07-12,9335,2022-03-16,2251,021672,,3,3,7,3801,0,1,1,,1,083,"I-80 E/B","TREASURE ISLAND ROAD",4488.00,W,N,A,-,Y,SF,,80,,,6.877,H,,R,N,2,0,1,2,A,-,01,23152,A,N,C,C,A,A,H,-,C,D,0,,,Y,,Y,Y,C,02,1,0,0,0,0,0,0,0,1,"- ","- ",37.799491882324219,-122.37624359130859,"SAN FRANCISCO","SAN FRANCISCO",-122.37625885009766,37.79949951171875
9182390,2020,2020-12-23,3801,2020-10-08,1946,2709,PARK,4,5,7,3801,0,0,0,,0,3F14D,"CASTRO ST","DIVISADERO ST",0.00,,Y,A,-,N,,,,,,,,,,N,2,0,1,2,D,-,00,,,N,G,B,E,A,H,-,C,D,0,Y,,,,Y,,-,"- ",1,0,0,0,1,0,0,0,0,"- ","- ",,,"SAN FRANCISCO","SAN FRANCISCO",-122.43685913085938,37.770339965820312
9182423,2020,2020-12-05,3801,2020-10-16,1445,1239,MISSI,5,5,7,3801,0,0,0,,0,6-CAR,"CESAR CHAVEZ ST","HARRISON ST",113.00,E,N,A,-,N,,,,,,,,,,Y,2,0,4,6,A,-,04,21703,,N,C,C,A,A,H,-,A,A,0,,,,,Y,,A,01,1,1,2,0,0,0,0,0,0,"- ","- ",,,"SAN FRANCISCO","SAN FRANCISCO",-122.4111328125,37.748310089111328
9184090,2020,2020-12-03,3801,2020-10-03,2145,1451,NORTH,6,5,7,3801,0,0,0,,0,3E13E,"VAN NESS AV","EDDY ST",0.00,,Y,A,-,N,,,,,,,,,,N,2,0,1,2,A,-,11,21453,D,N,D,B,E,A,H,-,C,A,0,Y,,,,Y,,N,60,1,0,0,0,1,0,0,0,0,"- ","- ",,,"SAN FRANCISCO","SAN FRANCISCO",-122.4208984375,37.782871246337891
9184873,2020,2020-12-10,3801,2020-10-28,2200,1853,RICHM,3,5,7,3801,0,0,0,,0,3G1E,"MARTIN LUTHER KING JR DR","SUNSET BL",68.00,E,N,A,-,N,,,,,,,,,,N,2,0,1,1,A,-,03,22350,,N,E,A,-,A,A,-,-,D,0,Y,,,,Y,,N,60,1,0,0,0,1,0,0,0,0,"- ","- ",,,"SAN FRANCISCO","SAN FRANCISCO",-122.49598693847656,37.765460968017578
91850666,2022,2022-08-26,9335,2022-08-12,0305,022703,,5,3,7,3801,0,1,2,,2,014,"US-101 NORTHBOUND.","THE 23RD STREET OVERCROSSING",380.00,N,N,A,-,Y,SF,,101,,,3.434,H,,R,Y,2,0,1,2,A,-,03,22350,,F,B,C,A,A,H,-,D,D,0,,,,,Y,,A,01,1,0,0,0,0,0,0,0,0,"- ","- ",37.755580902099609,-122.40306091308594,"SAN FRANCISCO","SAN FRANCISCO",-122.40303802490234,37.755580902099609
91905665,2022,2022-10-31,9335,2022-10-20,1938,023044,,4,2,7,3801,0,1,2,,2,014,"US-101 NORTHBOUND","17TH STREET",97.00,S,N,A,-,Y,SF,,101,,,4.105,H,,R,N,2,0,1,1,A,-,03,22350,,N,E,I,A,A,H,-,C,D,0,,,Y,,Y,,C,02,1,0,0,0,0,0,0,0,1,"- ","- ",37.764228820800781,-122.40499114990234,"SAN FRANCISCO","SAN FRANCISCO",-122.4049072265625,37.764225006103516
9192342,2020,2021-01-19,3801,2020-11-24,1735,4375,TRAFF,2,5,7,3801,0,0,0,,0,4B4D,"SLOAT BL","LAKESHORE PLZ",9.00,W,N,A,-,Y,SF,4,35,-,-,2.390,H,-,N,N,2,0,1,2,A,-,11,21456,C,N,G,B,B,A,H,-,C,A,0,Y,,,,Y,,N,60,1,0,0,0,1,0,0,0,0,"- ","- ",,,"SAN FRANCISCO","SAN FRANCISCO",-122.48895263671875,37.734039306640625
9194245,2020,2021-02-02,3801,2020-11-17,0540,1951,SOUTH,2,5,7,3801,0,0,0,,0,00B,"SOUTH VAN NESS AV","SOUTH VAN NESS AV 100 BLK",0.00,,N,A,-,N,,,,,,,,,,N,2,0,1,1,A,-,05,21651,B,N,H,I,A,A,H,-,C,A,0,,,,,Y,,M,94,1,0,0,0,0,0,0,0,0,"- ","- ",,,"SAN FRANCISCO","SAN FRANCISCO",,
9194276,2020,2021-01-20,3801,2020-11-15,0929,1242,CENTR,7,5,7,3801,0,0,0,,0,3A14A,"COLUMBUS AV","LINCOLN ST",0.00,,Y,A,-,N,,,,,,,,,,N,2,0,1,1,A,-,03,22350,,N,H,J,A,A,H,-,A,A,0,,,,,Y,,M,94,1,0,0,0,0,0,0,0,0,"- ","- ",,,"SAN FRANCISCO","SAN FRANCISCO",,
9194300,2020,2021-01-20,3801,2020-11-02,1411,1823,MISSI,1,5,7,3801,0,0,0,,0,3D74,"VALENCIA ST","19TH ST",0.00,,Y,A,-,N,,,,,,,,,,N,2,0,1,2,A,-,10,21950,A,N,A,B,D,A,H,-,A,A,0,Y,,,,Y,,A,01,1,0,0,0,1,0,0,0,0,"- ","- ",,,"SAN FRANCISCO","SAN FRANCISCO",-122.42140197753906,37.760108947753906
9194317,2020,2021-01-20,3801,2020-11-23,2351,2397,NORTH,1,5,7,3801,0,0,0,,0,3E12E,"GOUGH ST","OAK ST",0.00,,Y,A,-,N,,,,,,,,,,N,2,0,1,2,A,-,12,21453,A,N,D,G,A,A,H,-,C,A,0,,Y,,,Y,,L,04,1,0,0,0,0,0,1,0,0,"- ","- ",,,"SAN FRANCISCO","SAN FRANCISCO",-122.42259216308594,37.775020599365234
9194658,2020,2021-04-15,3801,2020-11-21,1941,1994,TRAFF,6,5,7,3801,0,0,0,,0,4B3G,"16TH ST","POTRERO AV",110.00,W,N,A,-,N,,,,,,,,,,Y,1,1,0,2,A,-,09,21804,A,N,D,C,A,A,H,-,C,D,0,,,,Y,Y,,A,01,0,0,0,0,0,0,0,0,0,"- ","- ",,,"SAN FRANCISCO","SAN FRANCISCO",-122.40793609619141,37.765743255615234
9194840,2020,2021-01-25,3801,2020-11-04,1708,1194,SOUTH,3,5,7,3801,0,0,0,,0,03B,"8TH ST","BRANNAN ST",177.00,S,N,A,-,N,,,,,,,,,,,2,0,1,1,C,-,18,,,N,A,I,A,A,H,-,A,D,0,,,,,Y,,-,"- ",1,0,0,0,0,0,0,0,0,"- ","- ",,,"SAN FRANCISCO","SAN FRANCISCO",-122.40500640869141,37.770942687988281
91978111,2023,2023-01-26,9335,2023-01-13,1100,022007,,5,1,7,3801,0,1,1,,2,023,"I-280 N/B","ST. MARY'S FOOTBRIDGE PEDESTRIAN OVER-CROSSING",34.00,S,N,B,C,Y,SF,,280," ",R,3.518,H,,R,N,2,0,2,1,A,-,08,22107,,N,E,I,A,B,H,-,A,D,0,,,,,Y,,A,07,2,0,0,0,0,0,0,0,0,"- ","- ",37.731849670410156,-122.42079925537109,"SAN FRANCISCO","SAN FRANCISCO",-122.4207763671875,37.731754302978516
92009695,2023,2023-03-06,9335,2023-02-25,2323,022897,,6,3,7,3801,0,1,2,,2,013,"US-101 SB TO SILVER AVENUE","SILVER AVE. OVERCROSSING",10.00,N,N,A,-,Y,SF,,101," "," ",1.768,H,,L,Y,2,0,3,2,A,-,01,23152,A,F,C,C,A,A,H,-,D,D,0,,,,,Y,Y,A,01,1,0,2,0,0,0,0,0,0,"- ","- ",37.732490539550781,-122.40540313720703,"SAN FRANCISCO","SAN FRANCISCO",-122.40528869628906,37.732528686523438
92026725,2023,2023-03-23,9335,2023-02-08,2150,023119,,3,2,7,3801,0,1,2,,2,014,"US 101 S/B","FOLSOM ST",100.00,S,N,A,-,Y,SF,,101," ",R,4.961,H,,L,N,2,0,1,2,A,-,11,21954,A,F,G,B,E,A,H,-,C,D,0,Y,,,,Y,,N,60,1,0,0,0,1,0,0,0,0,"- ","- ",37.769481658935547,-122.4151611328125,"SAN FRANCISCO","SAN FRANCISCO",-122.4151611328125,37.769508361816406
92027924,2023,2023-03-24,9335,2023-03-15,2345,022897,,3,3,7,3801,0,1,1,,2,080,"I-80 E/B TO 4TH ST.","4TH STREET",130.00,W,N,A,-,Y,,,,,,,,,,Y,2,0,2,3,A,-,01,23152,A,N,C,C,A,A,H,-,C,D,0,,,,,Y,Y,A,07,1,0,1,0,0,0,0,0,0,"- ","- ",37.779518127441406,-122.39878845214844,"SAN FRANCISCO","SAN FRANCISCO",-122.39878845214844,37.779518127441406
92035955,2023,2023-04-03,9335,2023-04-01,1855,021916,,6,2,7,3801,0,1,1,,2,022,"I-280 S/B","JUNIPERO SERRA BLVD",150.00,N,N,A,-,Y,SM,,280," ",M,27.303,H,,L,Y,2,0,1,2,A,-,00,21960,A,N,G,B,E,A,H,-,A,D,0,Y,,,,Y,,N,60,1,0,0,0,1,0,0,0,0,"- ","- ",37.706829071044922,-122.47044372558594,"SAN FRANCISCO","SAN FRANCISCO",-122.47042846679688,37.706825256347656
92058257,2023,2023-05-01,9335,2023-04-21,"240 ",022897,,5,3,7,3801,0,1,1,,1,083,"I-80 E/B","SAN FRANCISCO COUNTY / ALEMEDA COUNTY LINE",1320.00,W,N,A,-,Y,SF,,80," ",R,8.667,H,,R,Y,2,0,1,2,A,-,01,23152,A,M,E,I,A,A,H,-,C,D,0,,,,,Y,Y,A,01,1,0,0,0,0,0,0,0,0,"- ","- ",37.818088531494141,-122.35317993164062,"SAN FRANCISCO","SAN FRANCISCO",-122.35311126708984,37.817974090576172
92088033,2023,2023-06-07,9335,2023-05-08,"140 ",022860,,1,3,7,3801,0,1,1,,2,023,"I-280 N/B","THE MISSION STREET OVERCROSSING",80.00,N,N,A,-,Y,SF,,280," ",R,3.120,H,,R,Y,2,0,1,1,A,-,01,23152,A,N,E,I,A,A,H,-,D,D,0,,,,,Y,Y,A,01,1,0,0,0,0,0,0,0,0,"- ","- ",37.731758117675781,-122.42810821533203,"SAN FRANCISCO","SAN FRANCISCO",-122.42809295654297,37.731819152832031
9209084,2020,2021-02-22,3801,2020-12-05,0010,4118,MISSI,6,5,7,3801,0,0,0,,0,003,"BARTLETT ST","22ND ST",159.00,S,N,A,-,N,,,,,,,,,,Y,2,0,1,2,A,-,03,22350,,N,A,E,A,A,H,-,C,D,0,,,Y,,Y,,C,03,1,0,0,0,0,0,0,0,1,"- ","- ",,,"SAN FRANCISCO","SAN FRANCISCO",-122.41981506347656,37.754932403564453
9209138,2020,2021-02-22,3801,2020-12-07,1757,649,INGLE,1,5,7,3801,0,0,0,,0,3H13D,"MONTEREY BL","RIDGEWOOD BL",0.00,,Y,A,-,N,,,,,,,,,,N,2,0,1,2,A,-,03,22350,,N,G,B,B,A,H,-,C,A,0,Y,,,,Y,,A,01,1,0,0,0,1,0,0,0,0,"- ","- ",,,"SAN FRANCISCO","SAN FRANCISCO",-122.45339965820312,37.731521606445312
9211498,2020,2021-01-21,3801,2020-04-21,1919,34,TRAFF,2,5,7,3801,0,0,0,,0,BAYVIE,"25TH ST","DAKOTA ST",0.00,,Y,A,-,N,,,,,,,,,,Y,1,2,1,1,A,-,03,22350,A,N,E,I,A,A,H,-,B,D,0,,,,,Y,,A,08,0,1,0,0,0,0,0,0,0,"- ","- ",,,"SAN FRANCISCO","SAN FRANCISCO",-122.39460754394531,37.752429962158203
9211506,2020,2022-06-18,3801,2020-10-02,0445,202,TRAFF,5,5,7,3801,0,0,0,,0,4B1D,"CESAR CHAVEZ ST","EVANS AV",0.00,,Y,F,-,N,,,,,,,,,,N,1,1,0,2,D,-,00,,,F,-,B,E,A,H,-,C,A,0,Y,,,,Y,,-,"- ",0,0,0,1,0,0,0,0,0,"- ","- ",,,"SAN FRANCISCO","SAN FRANCISCO",-122.39732360839844,37.749691009521484
9211540,2020,2022-06-18,3801,2020-12-01,1922,262,,2,5,7,3801,0,0,0,,0,4B4E,"BRYANT ST","16TH ST",0.00,,Y,A,-,N,,,,,,,,,,Y,1,1,0,2,A,-,12,21453,A,F,D,C,A,A,H,-,C,A,0,,,,,Y,,M,94,0,0,0,0,0,0,0,0,0,"- ","- ",,,"SAN FRANCISCO","SAN FRANCISCO",-122.4105224609375,37.765590667724609
9211654,2021,2021-03-04,3801,2021-01-19,2031,104,,2,5,7,3801,0,0,0,,0,,"24TH ST","SAN JOSE AV",29.00,E,N,A,-,N,,,,,,,,,,N,1,1,0,2,A,-,11,21950,B,N,-,B,-,A,H,-,C,D,0,Y,,,,Y,,N,60,0,0,0,1,0,0,0,0,0,"- ","- ",,,"SAN FRANCISCO","SAN FRANCISCO",-122.42150115966797,37.7520751953125
9211763,2020,2021-03-25,3801,2020-10-27,1903,1435,TRAFF,2,5,7,3801,0,0,0,,0,4B4I,"FRANKLIN STS","BUSH ST",31.00,N,N,A,-,N,,,,,,,,,,Y,1,1,0,2,A,-,03,22350,,N,F,A,A,A,H,-,C,A,0,,,Y,,Y,,C,03,0,0,0,0,0,0,0,1,0,"- ","- ",,,"SAN FRANCISCO","SAN FRANCISCO",-122.42359924316406,37.788364410400391
9211767,2020,2022-06-18,3801,2020-12-31,1558,1766,TRAFF,4,5,7,3801,0,0,0,,0,4B103,"2ND ST","MISSION ST",0.00,,Y,A,-,N,,,,,,,,,,Y,1,2,1,4,A,-,01,23152,A,F,D,C,B,A,H,-,A,A,0,Y,,,,Y,,A,07,0,1,0,2,0,0,0,0,0,"- ","- ",,,"SAN FRANCISCO","SAN FRANCISCO",-122.39978790283203,37.788009643554688
9215569,2020,2021-02-24,3801,2020-12-07,0355,2210,TARAV,1,5,7,3801,0,0,0,,0,0I2,"TARAVAL ST","23RD AV",30.00,W,N,A,-,N,,,,,,,,,,Y,2,0,1,1,A,-,03,22350,,N,E,I,A,A,H,-,C,B,0,,,,,Y,,D,22,1,0,0,0,0,0,0,0,0,"- ","- ",,,"SAN FRANCISCO","SAN FRANCISCO",-122.48009490966797,37.742843627929688
9215591,2020,2021-02-27,3801,2020-12-15,0800,1190,INGLE,2,5,7,3801,0,0,0,,0,3H16C,"BAYSHORE BL","LELAND AV",0.00,,Y,A,-,N,,,,,,,,,,N,2,0,1,2,A,-,08,22107,,N,D,G,A,A,H,-,A,A,0,,Y,,,Y,,A,01,1,0,0,0,0,0,1,0,0,"- ","- ",,,"SAN FRANCISCO","SAN FRANCISCO",-122.40377044677734,37.711208343505859
92171778,2023,2023-09-27,9335,2023-09-11,"210 ",022860,,1,3,7,3801,0,1,1,,2,024,"I-280 S/B","16TH STREET UNDERCROSSING",390.00,N,N,A,-,Y,SF,,280," ",R,6.964,H,,L,N,1,1,0,2,A,-,11,21954,A,N,G,B,E,A,H,-,D,D,0,Y,,,,Y,,N,60,0,0,0,1,0,0,0,0,0,"- ","- ",37.767421722412109,-122.39601898193359,"SAN FRANCISCO","SAN FRANCISCO",-122.39602661132812,37.767410278320312
9218321,2020,2021-02-10,3801,2020-12-26,0727,1609,RICHM,6,5,7,3801,0,0,0,,0,3G2A,"PALM AV","GEARY BL",40.00,N,N,A,-,N,,,,,,,,,,N,2,0,1,2,A,-,03,22350,,F,G,B,D,B,H,-,B,A,0,Y,,,,Y,,-,,1,0,0,0,1,0,0,0,0,"- ","- ",,,"SAN FRANCISCO","SAN FRANCISCO",-122.45775604248047,37.781490325927734
9218496,2020,2021-02-08,3801,2020-12-12,1835,273,RICHM,6,5,7,3801,0,0,0,,0,3G14D,"25TH AV","FULTON ST",0.00,,Y,A,-,N,,,,,,,,,,N,2,0,1,2,A,-,11,21954,A,N,G,B,E,A,H,-,C,A,0,Y,,,,Y,,N,60,1,0,0,0,1,0,0,0,0,"- ","- ",,,"SAN FRANCISCO","SAN FRANCISCO",-122.48417663574219,37.772571563720703
9218595,2020,2021-02-09,3801,2020-12-02,1400,552,SOUTH,3,5,7,3801,0,0,0,,0,3B5,"KING ST","4TH ST",0.00,,Y,A,-,N,,,,,,,,,,N,2,0,1,2,A,-,11,21453,D,N,B,B,B,A,H,-,A,A,0,Y,,,,Y,,N,60,1,0,0,0,1,0,0,0,0,"- ","- ",,,"SAN FRANCISCO","SAN FRANCISCO",-122.39414978027344,37.77642822265625
9223616,2021,2021-03-23,3801,2021-01-20,1442,1837,BAYVI,3,5,7,3801,0,0,0,,0,901,"LOOMIS ST","FLOWER ST",0.00,,Y,A,-,N,,,,,,,,,,Y,2,0,1,2,C,-,18,,,N,D,C,A,A,H,-,A,D,0,,,Y,,Y,,-,"- ",1,0,0,0,0,0,0,0,1,"- ","- ",,,"SAN FRANCISCO","SAN FRANCISCO",-122.40458679199219,37.742111206054688
9223735,2021,2021-03-23,3801,2021-02-01,1029,2375,RICHM,1,5,7,3801,0,0,0,,0,3G60,"GEARY BL","5TH AV",14.00,E,N,A,-,N,,,,,,,,,,N,2,0,1,2,A,-,05,21202,A,N,A,G,A,A,H,-,A,A,0,,Y,,Y,Y,,L,04,1,0,0,0,0,0,1,0,0,"- ","- ",,,"SAN FRANCISCO","SAN FRANCISCO",-122.46318054199219,37.781143188476562
9223739,2021,2021-03-08,3801,2021-01-16,1453,1766,TRAFF,6,5,7,3801,0,0,0,,0,4B103,"VICENTE ST","PORTOLA DR",13.00,W,N,A,-,N,,,,,,,,,,Y,2,0,5,6,C,-,18,,,N,E,I,A,A,H,-,A,A,0,,,,,Y,,-,"- ",1,0,4,0,0,0,0,0,0,"- ","- ",,,"SAN FRANCISCO","SAN FRANCISCO",-122.46629333496094,37.739253997802734
9223836,2021,2021-03-29,3801,2021-01-17,2121,4022,RICH,7,5,7,3801,0,0,0,,0,3G13A,"GEARY BL","15TH AV",0.00,,Y,A,-,N,,,,,,,,,,Y,2,0,2,2,A,-,09,21801,A,N,D,D,A,A,H,-,C,A,0,,,,,Y,,A,01,1,1,0,0,0,0,0,0,0,"- ","- ",,,"SAN FRANCISCO","SAN FRANCISCO",-122.47399139404297,37.780632019042969
9223856,2021,2021-03-22,3801,2021-01-23,0841,1043,TRAFF,6,5,7,3801,0,0,0,,0,4B102,"19TH AV","ORTEGA ST",0.00,,Y,A,-,N,,,,,,,,,,N,2,0,1,2,A,-,11,21453,D,N,G,B,B,A,H,-,A,A,0,Y,,,,Y,,N,60,1,0,0,0,1,0,0,0,0,"- ","- ",,,"SAN FRANCISCO","SAN FRANCISCO",-122.47631072998047,37.752361297607422
9223885,2021,2021-06-02,3801,2021-01-05,2140,1836,TARAV,2,5,7,3801,0,0,0,,0,3I15E,"JUNIPERO SERRA BL","19TH AV",0.00,,Y,A,-,N,,,,,,,,,,Y,2,0,3,2,A,-,04,21703,,N,C,C,A,A,H,-,C,A,0,,,,,Y,,A,01,1,1,1,0,0,0,0,0,0,"- ","- ",,,"SAN FRANCISCO","SAN FRANCISCO",-122.47271728515625,37.717182159423828
9223913,2021,2021-03-22,3801,2021-01-25,1939,540,SOUTH,1,5,7,3801,0,0,0,,0,0B4,"MARKET ST","VALENCIA ST",0.00,,Y,A,-,N,,,,,,,,,,Y,2,0,1,2,A,-,08,22107,,N,D,-,A,A,H,-,C,A,0,,Y,Y,,Y,,L,04,1,0,0,0,0,0,1,0,0,"- ","- ",,,"SAN FRANCISCO","SAN FRANCISCO",-122.42262268066406,37.772548675537109
92263056,2023,2023-12-15,9335,2023-09-27,1719,023483,,3,2,7,3801,0,1,1,,1,081,"I-80 W/B","THE EAST EDGE OF YERBA BUENA ISLAND TUNNEL",58.00,W,N,A,-,Y,SF,,80," "," ",7.809,H,,L,N,2,0,1,2,A,-,03,22350,,N,C,C,A,A,H,-,A,D,0,,,Y,,Y,,C,02,1,0,0,0,0,0,0,0,1,"- ","- ",37.809970855712891,-122.36508941650391,"SAN FRANCISCO","SAN FRANCISCO",-122.36515808105469,37.810020446777344
92292836,2023,2024-01-22,9335,2023-01-06,"155 ",022703,,5,3,7,3801,0,1,1,,2,022,"I-280 SOUTHBOUND","THE PAULDING STREET OVERCROSSING",356.00,S,N,B,-,Y,SF,,280," ",R,2.131,H,,L,Y,1,1,1,2,A,-,05,21651,C,F,A,C,A,B,H,-,D,D,0,,,,,Y,,A,01,0,1,0,0,0,0,0,0,0,"- ","- ",37.727569580078125,-122.44474029541016,"SAN FRANCISCO","SAN FRANCISCO",-122.44470977783203,37.727546691894531
92310093,2024,2024-02-09,9335,2024-02-03,"610 ",023312,,6,1,7,3801,0,1,1,,2,080,"I-80 E/B","BRYANT ST U/C",130.00,E,N,B,-,Y,SF,,80," "," ",4.224,H,,R,Y,2,0,3,1,A,-,01,23152,A,N,E,I,A,B,H,-,C,D,0,,,,,Y,Y,A,01,1,0,2,0,0,0,0,0,0,"- ","- ",37.771461486816406,-122.40599060058594,"SAN FRANCISCO","SAN FRANCISCO",-122.40606689453125,37.771430969238281
92334310,2024,2024-03-11,9335,2024-02-26,1425,023603,,1,2,7,3801,0,1,1,,2,023,"I-280 S/B","FARALLONES STREET PEDESTRIAN OVERCROSSING",1042.00,N,N,A,-,Y,SF,,280," ",R,1.248,H,,L,Y,2,0,3,4,A,-,01,23152,G,N,A,C,A,A,H,-,A,D,0,,,,,Y,,A,01,2,1,0,0,0,0,0,0,0,"- ","- ",37.715660095214844,-122.44972229003906,"SAN FRANCISCO","SAN FRANCISCO",-122.44972229003906,37.715660095214844
92345029,2024,2024-03-22,9335,2024-01-20,1941,023338,,6,2,7,3801,0,1,1,,2,023,"I-280 N/B TO US-101 S/B","THE NORTH ALAMANY BOULEVARD OVERCROSSING",860.00,N,N,B,-,Y,SF,,280," ",R,4.036,H,,R,Y,2,0,4,4,A,-,07,21658,A,M,B,C,E,B,H,-,B,D,0,Y,,,,Y,Y,A,08,1,0,3,0,1,0,0,0,0,"- ","- ",37.733150482177734,-122.41175079345703,"SAN FRANCISCO","SAN FRANCISCO",-122.41185760498047,37.733310699462891
92345041,2023,2024-03-22,9335,2023-12-30,2300,022860,,6,3,7,3801,0,1,2,,2,014,"US-101 N/B","22RD STREET OVERCROSSING",400.00,N,N,A,-,Y,SF,,101," "," ",3.601,H,,R,Y,2,0,3,2,A,-,01,23152,A,N,C,C,A,A,H,-,D,D,0,,,,,Y,Y,A,01,2,0,1,0,0,0,0,0,0,"- ","- ",37.757789611816406,-122.40426635742188,"SAN FRANCISCO","SAN FRANCISCO",-122.40424346923828,37.7578125
92345404,2023,2024-03-25,9335,2023-12-10,"355 ",022860,,7,3,7,3801,0,1,1,,1,083,"I-80 E/B","TREASURE ISLAND ROAD",3200.00,W,N,A,-,Y,SF,,80," "," ",7.119,H,,R,Y,2,0,2,2,A,-,03,22350,,N,C,C,A,A,H,-,D,D,0,,,,,Y,,A,01,1,1,0,0,0,0,0,0,0,"- ","- ",37.802291870117188,-122.37346649169922,"SAN FRANCISCO","SAN FRANCISCO",-122.37334442138672,37.802204132080078
92371338,2024,2024-04-22,9335,2024-04-13,2230,023366,,6,3,7,3801,0,1,1,,1,083,"I-80 E/B","NORTH GATE ROAD",1056.00,E,N,A,-,Y,SF,,80," ",R,8.329,H,,R,Y,2,0,3,2,A,-,01,23153,A,N,C,C,A,A,H,-,A,D,0,,,,,Y,Y,A,01,2,0,1,0,0,0,0,0,0,"- ","- ",37.815280914306641,-122.35835266113281,"SAN FRANCISCO","SAN FRANCISCO",-122.35836029052734,37.815296173095703
9239168,2021,2021-04-19,3801,2021-03-01,1909,2496,SOUTH,1,5,7,3801,0,0,0,,0,3B12D,"MISSION ST","5TH ST",41.00,W,N,A,-,N,,,,,,,,,,Y,2,0,1,2,A,-,03,22350,,N,G,B,D,A,H,-,C,A,0,Y,,,,Y,,A,07,1,0,0,0,1,0,0,0,0,"- ","- ",,,"SAN FRANCISCO","SAN FRANCISCO",-122.40658569335938,37.782661437988281