CASE_ID,ACCIDENT_YEAR,PROC_DATE,JURIS,COLLISION_DATE,COLLISION_TIME,OFFICER_ID,REPORTING_DISTRICT,DAY_OF_WEEK,CHP_SHIFT,POPULATION,CNTY_CITY_LOC,SPECIAL_COND,BEAT_TYPE,CHP_BEAT_TYPE,CITY_DIVISION_LAPD,CHP_BEAT_CLASS,BEAT_NUMBER,PRIMARY_RD,SECONDARY_RD,DISTANCE,DIRECTION,INTERSECTION,WEATHER_1,WEATHER_2,STATE_HWY_IND,CALTRANS_COUNTY,CALTRANS_DISTRICT,STATE_ROUTE,ROUTE_SUFFIX,POSTMILE_PREFIX,POSTMILE,LOCATION_TYPE,RAMP_INTERSECTION,SIDE_OF_HWY,TOW_AWAY,COLLISION_SEVERITY,NUMBER_KILLED,NUMBER_INJURED,PARTY_COUNT,PRIMARY_COLL_FACTOR,PCF_CODE_OF_VIOL,PCF_VIOL_CATEGORY,PCF_VIOLATION,PCF_VIOL_SUBSECTION,HIT_AND_RUN,TYPE_OF_COLLISION,MVIW,PED_ACTION,ROAD_SURFACE,ROAD_COND_1,ROAD_COND_2,LIGHTING,CONTROL_DEVICE,CHP_ROAD_TYPE,PEDESTRIAN_ACCIDENT,BICYCLE_ACCIDENT,MOTORCYCLE_ACCIDENT,TRUCK_ACCIDENT,NOT_PRIVATE_PROPERTY,ALCOHOL_INVOLVED,STWD_VEHTYPE_AT_FAULT,CHP_VEHTYPE_AT_FAULT,COUNT_SEVERE_INJ,COUNT_VISIBLE_INJ,COUNT_COMPLAINT_PAIN,COUNT_PED_KILLED,COUNT_PED_INJURED,COUNT_BICYCLIST_KILLED,COUNT_BICYCLIST_INJURED,COUNT_MC_KILLED,COUNT_MC_INJURED,PRIMARY_RAMP,SECONDARY_RAMP,LATITUDE,LONGITUDE,COUNTY,CITY,POINT_X,POINT_Y
92396124,2023,2024-05-22,9335,2023-08-27,"230 ",023082,,7,3,7,3801,0,1,1,,2,024,"I-280 S/B","OAKDALE AVENUE",53.00,S,N,A,-,Y,SF,,280," ",R,4.821,H,,L,Y,1,1,1,2,A,-,11,21954,A,N,G,B,E,A,H,-,D,D,0,Y,,,,Y,Y,N,60,0,0,1,1,0,0,0,0,0,"- ","- ",37.739688873291016,-122.39984130859375,"SAN FRANCISCO","SAN FRANCISCO",-122.39987945556641,37.739711761474609
9240131,2021,2021-04-23,3801,2021-03-07,2048,1166,TARAV,7,5,7,3801,0,0,0,,0,5CAR,"19TH AV","WINSTON DR",0.00,,Y,A,G,Y,SF,4,1,-,-,1.350,I,5,N,Y,2,0,2,3,A,-,12,21453,A,N,D,C,A,A,H,-,C,A,0,,,,,Y,,A,01,1,1,0,0,0,0,0,0,0,"- ","- ",,,"SAN FRANCISCO","SAN FRANCISCO",-122.47480773925781,37.726924896240234
92432334,2024,2024-07-08,9335,2024-06-16,"335 ",023121,,7,3,7,3801,0,1,2,,2,014,"US-101 SOUTHBOUND","18TH STREET PEDESTRIAN OVERCROSSING",70.00,S,N,A,-,Y,SF,,101," "," ",3.945,H,,L,Y,2,0,3,2,A,-,01,23152,G,N,C,C,A,A,H,-,D,D,0,,,,,Y,Y,A,08,1,2,0,0,0,0,0,0,0,"- ","- ",37.762031555175781,-122.40598297119141,"SAN FRANCISCO","SAN FRANCISCO",-122.40593719482422,37.762012481689453
9253289,2021,2021-04-21,3801,2021-03-22,1648,4047,MISSI,1,5,7,3801,0,0,0,,0,3D41D,"HARTFORD ST","18TH ST",0.00,,Y,A,-,N,,,,,,,,,,N,2,0,1,2,A,-,"- ",,,N,G,B,D,A,H,-,A,D,0,Y,,,,Y,,N,60,1,0,0,0,1,0,0,0,0,"- ","- ",,,"SAN FRANCISCO","SAN FRANCISCO",-122.43388366699219,37.760948181152344
9253290,2021,2021-04-21,3801,2021-03-08,1821,1435,TRAFF,1,5,7,3801,0,0,0,,0,4B41,"KEZAR DR","JOHN F KENNEDY DR",0.00,,Y,A,-,N,,,,,,,,,,N,2,0,1,2,A,-,12,22450,A,N,A,G,A,A,H,-,C,A,0,,Y,,,Y,,L,04,1,0,0,0,0,0,1,0,0,"- ","- ",,,"SAN FRANCISCO","SAN FRANCISCO",-122.45532989501953,37.770858764648438
9256326,2021,2021-07-06,3801,2021-04-07,1549,2305,NORTH,3,5,7,3801,0,0,0,,0,1549,"FILLMORE ST","GOLDEN STATE AV",7.00,S,N,A,-,N,,,,,,,,,,Y,1,1,1,2,A,-,11,21453,D,N,G,B,D,A,H,-,A,A,0,Y,,Y,,Y,,N,60,0,1,0,1,0,0,0,0,1,"- ","- ",,,"SAN FRANCISCO","SAN FRANCISCO",,
9256328,2021,2021-07-09,3801,2021-04-24,0020,4022,RICHM,6,5,7,3801,0,0,0,,0,3G13E,"PARK PRESIDIO BL","RT 1",10.00,S,N,F,-,Y,SF,4,1,-,-,5.500,I,5,N,N,1,1,0,2,A,-,11,21456,C,F,G,B,B,B,H,-,C,A,0,Y,,,,Y,,N,60,0,0,0,1,0,0,0,0,0,"- ","- ",,,"SAN FRANCISCO","SAN FRANCISCO",-122.47225952148438,37.780567169189453
9256391,2021,2023-06-20,3801,2021-02-04,0755,202,TRAFF,4,5,7,3801,0,0,0,,0,4B1D,"LAKE MERCED BL","HIGUERA AV",18.00,N,N,A,-,N,,,,,,,,,,Y,1,1,4,9,A,-,01,23152,A,F,G,B,B,A,H,-,A,A,0,Y,,,,Y,Y,A,07,1,2,1,1,0,0,0,0,0,"- ","- ",,,"SAN FRANCISCO","SAN FRANCISCO",-122.48509979248047,37.718360900878906
9256488,2021,2021-08-12,3801,2021-03-02,1253,120,TRAFF,2,5,7,3801,0,0,0,,0,COH,"GENEVA AV","MISSION ST",0.00,,Y,B,-,N,,,,,,,,,,Y,1,1,0,3,A,-,08,22100,A,F,B,D,B,A,H,-,A,A,0,Y,,Y,,Y,,A,01,0,0,0,1,0,0,0,0,0,"- ","- ",,,"SAN FRANCISCO","SAN FRANCISCO",-122.44100189208984,37.716388702392578
9262725,2021,2021-05-11,3801,2021-04-22,2052,1347,NORTH,4,5,7,3801,0,0,0,,0,005,"LOMBARD ST","FILLMORE ST",0.00,,Y,B,-,N,,,,,,,,,,N,2,0,1,2,A,-,11,21453,D,N,G,B,D,A,H,-,C,A,0,Y,,,,Y,Y,N,60,1,0,0,0,1,0,0,0,0,"- ","- ",,,"SAN FRANCISCO","SAN FRANCISCO",-122.43605041503906,37.799846649169922
9262743,2021,2021-05-11,3801,2021-04-16,0423,327,RICHM,5,5,7,3801,0,0,0,,0,901,"PARK PRESIDIO BL","FULTON ST",0.00,,Y,A,-,N,,,,,,,,,,Y,2,0,2,3,A,-,12,21453,A,N,D,C,A,A,H,-,C,A,0,,,,,Y,,A,01,1,0,1,0,0,0,0,0,0,"- ","- ",,,"SAN FRANCISCO","SAN FRANCISCO",-122.47177886962891,37.773124694824219
9262798,2021,2021-05-11,3801,2021-04-02,1301,2315,MISSI,5,5,7,3801,0,0,0,,0,3D13C,"15TH ST","SAN BRUNO AV",100.00,E,N,A,-,N,,,,,,,,,,N,2,0,1,2,A,-,08,22107,,F,B,B,-,A,H,-,A,D,0,Y,,,,Y,Y,A,01,1,0,0,0,1,0,0,0,0,"- ","- ",,,"SAN FRANCISCO","SAN FRANCISCO",-122.40537261962891,37.767227172851562
9262995,2021,2021-05-18,3801,2021-04-08,0227,2122,NORTH,4,5,7,3801,0,0,0,,0,3E15E,"RT 101","WEBSTER ST",26.00,W,N,A,-,Y,SF,4,101,-,-,7.260,H,-,S,Y,2,0,1,1,A,-,03,22350,,N,E,I,A,A,H,-,C,A,0,,,,,Y,,A,01,1,0,0,0,0,0,0,0,0,"- ","- ",,,"SAN FRANCISCO","SAN FRANCISCO",-122.43460845947266,37.800010681152344
9275086,2021,2021-07-06,3801,2021-05-07,1115,1394,TARAV,5,5,7,3801,0,0,0,,0,TARAV5,"ALEMANY BL","JUNIPERO SERRA BL",0.00,,Y,A,-,N,,,,,,,,,,Y,2,0,1,2,A,-,03,22350,,N,C,C,A,A,H,-,A,D,0,,,Y,,Y,,C,02,1,0,0,0,0,0,0,0,1,"- ","- ",,,"SAN FRANCISCO","SAN FRANCISCO",-122.47073364257812,37.709918975830078
9275152,2021,2021-07-08,3801,2021-05-09,0253,158,INGLE,7,5,7,3801,0,0,0,,0,3H16E,"VALENCIA ST","MISSION ST",0.00,,Y,A,-,N,,,,,,,,,,N,2,0,2,3,A,-,10,21950,A,F,G,B,B,A,H,-,C,A,0,Y,,,,Y,Y,-,99,1,1,0,0,2,0,0,0,0,"- ","- ",,,"SAN FRANCISCO","SAN FRANCISCO",-122.41986846923828,37.745586395263672
9282277,2021,2021-07-09,3801,2021-05-18,1306,2375,RICHM,2,5,7,3801,0,0,0,,0,3G60,"46TH AV","CABRILLO ST",0.00,,Y,A,-,N,,,,,,,,,,,2,0,1,2,A,I,"- ",,,N,D,B,D,A,H,-,A,A,0,Y,,,,Y,,N,60,1,0,0,0,1,0,0,0,0,"- ","- ",,,"SAN FRANCISCO","SAN FRANCISCO",-122.50682830810547,37.773395538330078
9285473,2021,2021-07-13,3801,2021-05-19,1513,327,MISSI,3,5,7,3801,0,0,0,,0,901,"CHURCH ST","20TH ST",10.00,N,N,A,-,N,,,,,,,,,,N,2,0,1,2,A,-,03,22350,,N,C,C,A,A,H,-,A,A,0,,,,,Y,,D,22,1,0,0,0,0,0,0,0,0,"- ","- ",,,"SAN FRANCISCO","SAN FRANCISCO",-122.42805480957031,37.758087158203125
9285650,2021,2021-06-29,3801,2021-05-04,0758,390,PARK,2,5,7,3801,0,0,0,,0,003,"TURK BL","BRODERICK ST",11.00,E,N,A,-,N,,,,,,,,,,Y,2,0,1,3,A,-,12,21453,A,N,D,C,A,A,H,-,A,A,0,,,,,Y,,A,01,1,0,0,0,0,0,0,0,0,"- ","- ",,,"SAN FRANCISCO","SAN FRANCISCO",-122.44038391113281,37.779434204101562
9285652,2021,2021-06-29,3801,2021-05-06,1841,2494,INGLE,4,5,7,3801,0,0,0,,0,3H15D,"MISSION ST","AMAZON AV",0.00,,Y,B,-,N,,,,,,,,,,Y,2,0,1,2,A,-,09,21801,A,N,D,C,A,A,H,-,A,D,0,,,Y,,Y,,A,08,1,0,0,0,0,0,0,0,1,"- ","- ",,,"SAN FRANCISCO","SAN FRANCISCO",-122.4404296875,37.717235565185547
9285670,2021,2021-06-30,3801,2021-05-30,0848,892,SOUTH,7,5,7,3801,0,0,0,,0,0B4,"9TH ST","HOWARD ST",0.00,,Y,A,-,N,,,,,,,,,,Y,2,0,2,2,A,-,12,21453,A,N,D,C,A,A,H,-,A,A,0,,,,,Y,,A,01,1,0,1,0,0,0,0,0,0,"- ","- ",,,"SAN FRANCISCO","SAN FRANCISCO",-122.41315460205078,37.774997711181641
9285683,2021,2021-06-30,3801,2021-05-02,0935,179,NORTH,7,5,7,3801,0,0,0,,0,3E12A,"FILLMORE ST","TURK ST",179.00,S,N,A,-,N,,,,,,,,,,Y,2,0,2,4,A,-,09,21801,,N,A,C,A,A,H,-,A,A,0,,,,,Y,,A,01,1,1,0,0,0,0,0,0,0,"- ","- ",,,"SAN FRANCISCO","SAN FRANCISCO",-122.43203735351562,37.780002593994141
9286137,2021,2021-07-13,3801,2021-05-19,2103,382,NORTH,3,5,7,3801,0,0,0,,0,3E5E,"LOMBARD ST","FILLMORE ST",0.00,,Y,A,-,Y,SF,4,101,-,-,7.376,I,5,N,N,2,0,1,2,A,-,11,21456,B,N,G,B,B,A,H,-,C,A,0,Y,,Y,,Y,,N,60,1,0,0,0,1,0,0,0,0,"- ","- ",,,"SAN FRANCISCO","SAN FRANCISCO",-122.43609619140625,37.799907684326172
92898301,2024,2024-07-30,9335,2024-07-18,1415,020999,,4,2,7,3801,0,1,1,,1,083,"I-80 E/B","TREASURE ISLAND RD",5800.00,E,N,A,-,Y,SF,,80," ",R,8.817,H,,R,Y,2,0,1,2,A,-,08,22107,,M,B,C,A,A,H,-,A,D,0,,,,,Y,,A,01,1,0,0,0,0,0,0,0,0,"- ","- ",37.818721771240234,-122.35050964355469,"SAN FRANCISCO","SAN FRANCISCO",-122.35050201416016,37.818698883056641
9293038,2021,2021-08-12,3801,2021-06-20,2034,1876,NORTH,7,5,7,3801,0,0,0,,0,3E12D,"GEARY BL","WEBSTER ST",0.00,,Y,A,-,N,,,,,,,,,,N,2,0,1,2,A,-,09,21453,B,N,D,B,B,A,H,-,C,A,0,Y,,,,Y,,N,60,1,0,0,0,1,0,0,0,0,"- ","- ",,,"SAN FRANCISCO","SAN FRANCISCO",-122.43130493164062,37.784725189208984
9293040,2021,2021-08-09,3801,2021-06-01,2200,1351,MISSI,2,5,7,3801,0,0,0,,0,3D11E,"18TH ST","VALENCIA ST",110.00,W,N,-,-,N,,,,,,,,,,N,2,0,1,2,A,-,08,22107,,F,C,C,A,A,H,-,C,D,0,,,Y,,Y,,-,"- ",1,0,0,0,0,0,0,0,1,"- ","- ",,,"SAN FRANCISCO","SAN FRANCISCO",-122.42193603515625,37.761688232421875
9293293,2021,2021-07-30,3801,2021-06-09,1543,4175,TRAFF,3,5,7,3801,0,0,0,,0,0B1,"BEALE ST","NATOMA ST",8.00,S,N,A,-,N,,,,,,,,,,N,2,0,3,4,A,-,06,21755,,N,B,C,F,A,H,-,A,A,0,Y,,Y,,Y,,C,02,1,1,1,0,1,0,0,0,1,"- ","- ",,,"SAN FRANCISCO","SAN FRANCISCO",,
9293299,2021,2021-07-30,3801,2021-06-16,1049,104,TRAFF,3,5,7,3801,0,0,0,,0,104,"PAGE ST","OCTAVIA ST",23.00,E,N,A,-,N,,,,,,,,,,N,2,0,1,2,A,-,12,22450,,N,C,G,A,A,H,-,A,A,0,,Y,,,Y,,L,04,1,0,0,0,0,0,1,0,0,"- ","- ",,,"SAN FRANCISCO","SAN FRANCISCO",-122.42403411865234,37.773887634277344
9294565,2021,2021-08-03,3801,2021-06-16,1800,2111,MISSI,3,5,7,3801,0,0,0,,0,3D15D,"PORTOLA DR","CLIPPER ST",0.00,,Y,A,-,N,,,,,,,,,,Y,2,0,1,2,A,-,08,22107,,N,D,C,A,A,H,-,A,A,0,,,,,Y,,A,01,1,0,0,0,0,0,0,0,0,"- ","- ",,,"SAN FRANCISCO","SAN FRANCISCO",-122.44483947753906,37.746936798095703
9295578,2021,2021-08-06,3801,2021-06-16,0623,796,NORTH,3,5,7,3801,0,0,0,,0,3E13A,"FILLMORE ST","HAIGHT ST",0.00,,Y,A,-,N,,,,,,,,,,N,2,0,1,2,A,-,06,21750,A,F,B,C,A,A,H,-,A,A,0,,,Y,,Y,,A,01,1,0,0,0,0,0,0,0,1,"- ","- ",,,"SAN FRANCISCO","SAN FRANCISCO",-122.43045043945312,37.772117614746094
9295693,2021,2021-08-12,3801,2021-06-05,1913,1994,TRAFF,6,5,7,3801,0,0,0,,0,4B3G,"MIDDLE POINT RD","CATALINA ST",0.00,,Y,A,-,N,,,,,,,,,,Y,2,0,4,3,A,-,12,22450,A,N,A,C,A,A,H,-,A,A,0,,,,,Y,,A,01,1,1,2,0,0,0,0,0,0,"- ","- ",,,"SAN FRANCISCO","SAN FRANCISCO",-122.37942504882812,37.736278533935547
9295738,2021,2021-10-28,3801,2021-06-28,1550,1909,NORTH,1,5,7,3801,0,0,0,,0,NORTH,"BEACH ST","SCOTT ST",0.00,,Y,A,-,N,,,,,,,,,,Y,2,0,1,3,C,-,18,,,N,A,C,A,A,H,-,A,D,0,,,,,Y,,-,"- ",1,0,0,0,0,0,0,0,0,"- ","- ",,,"SAN FRANCISCO","SAN FRANCISCO",-122.44194793701172,37.803924560546875
9300063,2021,2021-09-02,3801,2021-06-17,1925,257,TENDE,4,5,7,3801,0,0,0,,0,3J12D,"LEAVENWORTH ST","ELLIS ST",0.00,,Y,A,-,N,,,,,,,,,,Y,2,0,1,2,A,-,03,22350,,F,G,B,D,A,H,-,A,A,0,Y,,,,Y,,A,01,1,0,0,0,1,0,0,0,0,"- ","- ",,,"SAN FRANCISCO","SAN FRANCISCO",-122.41442108154297,37.784671783447266
9300066,2021,2021-08-27,3801,2021-06-11,2147,4178,TRAFF,5,5,7,3801,0,0,0,,0,4B3A,"THE EMBARCADERO SOUTH","HOWARD ST",15.00,S,N,A,-,N,,,,,,,,,,N,2,0,1,2,A,-,03,22350,,N,C,C,A,A,H,-,C,A,0,,,Y,,Y,,C,02,1,0,0,0,0,0,0,0,1,"- ","- ",,,"SAN FRANCISCO","SAN FRANCISCO",-122.39118194580078,37.792289733886719
9301691,2021,2021-10-11,3801,2021-08-13,2214,379,TRAFF,5,5,7,3801,0,0,0,,0,4B109,"GENEVA AV","PRAGUE ST",704.00,E,N,A,-,N,,,,,,,,,,Y,1,1,1,2,A,-,21,22106,,N,D,C,A,A,H,-,C,D,0,,,Y,,Y,,A,01,0,0,1,0,0,0,0,1,0,"- ","- ",,,"SAN FRANCISCO","SAN FRANCISCO",-122.42960357666016,37.712299346923828
9313255,2021,2021-09-10,3801,2021-07-22,2122,1454,NORTH,4,5,7,3801,0,0,0,,0,3E15E,"FELL ST","PIERCE ST",0.00,,Y,A,-,N,,,,,,,,,,Y,2,0,1,2,A,-,17,21657,,N,A,C,A,A,H,-,C,A,0,,,Y,,Y,,A,01,1,0,0,0,0,0,0,0,1,"- ","- ",,,"SAN FRANCISCO","SAN FRANCISCO",-122.43429565429688,37.77447509765625
9314619,2021,2021-08-26,3801,2021-07-23,0054,2486,BAYVI,5,5,7,3801,0,0,0,,0,3C12E,"NEWCOMB AV","QUINT ST",0.00,,Y,A,-,N,,,,,,,,,,N,2,0,1,2,A,-,03,22350,,F,G,B,B,A,H,-,C,D,0,Y,,,,Y,Y,-,,1,0,0,0,1,0,0,0,0,"- ","- ",,,"SAN FRANCISCO","SAN FRANCISCO",-122.39540863037109,37.738414764404297
9314625,2021,2021-08-31,3801,2021-07-08,0254,VARGAS,INGLE,4,5,7,3801,0,0,0,,0,3H15E,"PERSIA AV","SUNNYDALE AV",0.00,,Y,A,-,N,,,,,,,,,,Y,2,0,4,2,A,-,08,22107,,N,A,C,A,A,H,-,C,D,0,,,,,Y,Y,A,01,4,0,0,0,0,0,0,0,0,"- ","- ",,,"SAN FRANCISCO","SAN FRANCISCO",-122.42586517333984,37.718288421630859
9314697,2021,2021-09-13,3801,2021-07-28,2316,2479,NORTH,3,5,7,3801,0,0,0,,0,3E3E,"GOUGH ST","EDDY ST",0.00,,Y,A,-,N,,,,,,,,,,N,2,0,1,2,A,-,00,21954,,N,G,B,E,A,G,-,C,A,0,Y,,,,Y,,N,60,1,0,0,0,1,0,0,0,0,"- ","- ",,,"SAN FRANCISCO","SAN FRANCISCO",-122.42411804199219,37.782466888427734
9314795,2021,2021-09-09,3801,2021-07-25,1352,4333,NORTH,7,5,7,3801,0,0,0,,0,3E13A,"GOUGH ST","MCALLISTER ST",0.00,,Y,A,-,N,,,,,,,,,,N,2,0,2,2,D,-,00,,,N,D,C,A,A,H,-,A,A,0,,,Y,,Y,,-,"- ",1,0,1,0,0,0,0,0,1,"- ","- ",,,"SAN FRANCISCO","SAN FRANCISCO",-122.42353820800781,37.779670715332031
9315082,2021,2021-09-13,3801,2021-07-09,2150,1994,TRAFF,5,5,7,3801,0,0,0,,0,4B3G,"3RD ST","KING ST",12.00,N,N,A,-,N,,,,,,,,,,N,2,0,1,2,A,-,10,21950,A,F,G,B,B,A,H,-,C,A,0,Y,,,,Y,,A,01,1,0,0,0,1,0,0,0,0,"- ","- ",,,"SAN FRANCISCO","SAN FRANCISCO",-122.39197540283203,37.778224945068359
9315096,2021,2021-09-16,3801,2021-07-25,2224,382,NORTH,7,5,7,3801,0,0,0,,0,,"FILLMORE ST","LOMBARD ST",66.00,N,N,A,-,N,,,,,,,,,,Y,2,0,1,4,A,-,01,23153,A,F,A,E,E,A,H,-,C,D,0,Y,,,,Y,Y,A,01,1,0,0,0,1,0,0,0,0,"- ","- ",,,"SAN FRANCISCO","SAN FRANCISCO",-122.43610382080078,37.800025939941406
9317064,2021,2021-08-31,3801,2021-06-24,2040,76,TRAFF,4,5,7,3801,0,0,0,,0,4B3B,"GENEVA AV","CARTER ST",0.00,,Y,A,-,N,,,,,,,,,,Y,2,0,3,2,A,-,12,21453,A,N,-,C,A,A,-,-,C,A,0,,,,,Y,,A,01,1,0,2,0,0,0,0,0,0,"- ","- ",,,"SAN FRANCISCO","SAN FRANCISCO",-122.42338562011719,37.709270477294922
9320019,2021,2021-11-01,3801,2021-10-04,2343,382,NORTH,1,5,7,3801,0,0,0,,0,3E5E,"RT 101","FRANCISCO ST",0.00,,Y,A,-,Y,SF,4,101,-,-,7.982,I,5,N,Y,1,1,0,2,A,-,01,23152,A,N,A,C,A,A,H,-,C,A,0,,,Y,,Y,Y,A,07,0,0,0,0,0,0,0,1,0,"- ","- ",,,"SAN FRANCISCO","SAN FRANCISCO",-122.44676971435547,37.800193786621094
9320384,2021,2022-02-15,3801,2021-11-29,0549,262,TRAFF,1,5,7,3801,0,0,0,,0,4B2G,"PHELPS ST","GALVEZ AV",100.00,N,N,A,-,N,,,,,,,,,,Y,1,1,0,2,A,-,11,21954,A,N,G,B,D,A,H,-,C,D,0,Y,,,,Y,Y,A,01,0,0,0,1,0,0,0,0,0,"- ","- ",,,"SAN FRANCISCO","SAN FRANCISCO",-122.38935852050781,37.741958618164062
9320386,2021,2022-02-15,3801,2021-12-17,0256,1766,TRAFF,5,5,7,3801,0,0,0,,0,4B103,"OAKDALE AV","NEWHALL ST",22.00,W,N,A,-,N,,,,,,,,,,Y,1,1,0,2,D,-,00,,,N,B,C,A,A,H,-,C,D,0,,,,,Y,,-,"- ",0,0,0,0,0,0,0,0,0,"- ","- ",,,"SAN FRANCISCO","SAN FRANCISCO",-122.39224243164062,37.735702514648438
9320563,2021,2022-03-24,3801,2021-10-20,2153,1766,TRAFF,3,5,7,3801,0,0,0,,0,4B103,"JAMESTOWN AV","HARNEY WAY",700.00,N,N,C,-,N,,,,,,,,,,Y,1,1,2,1,A,-,03,22350,,N,F,I,A,B,H,-,D,A,0,,,,,Y,,A,01,2,0,0,0,0,0,0,0,0,"- ","- ",,,"SAN FRANCISCO","SAN FRANCISCO",-122.38793182373047,37.712646484375
9320564,2021,2022-03-24,3801,2021-10-29,2315,1994,TRAFF,5,5,7,3801,0,0,0,,0,4B3G,"HARRISON ST","16TH ST",0.00,,Y,A,-,N,,,,,,,,,,Y,1,1,0,2,A,-,12,21453,A,N,D,C,A,A,H,-,C,A,0,,,Y,,Y,,A,07,0,0,0,0,0,0,0,1,0,"- ","- ",,,"SAN FRANCISCO","SAN FRANCISCO",-122.41314697265625,37.765449523925781
9320565,2021,2022-03-24,3801,2021-10-30,1216,1422,TRAFF,6,5,7,3801,0,0,0,,0,,"ILLINOIS ST","MARIN ST",341.00,S,N,B,-,N,,,,,,,,,,Y,1,1,0,2,A,-,03,22350,,N,E,J,A,A,A,-,A,D,0,,,Y,,Y,,C,02,0,0,0,0,0,0,0,1,0,"- ","- ",,,"SAN FRANCISCO","SAN FRANCISCO",-122.38644409179688,37.748146057128906
9320631,2022,2022-04-26,3801,2022-01-29,1934,1994,TRAFF,6,5,7,3801,0,0,0,,0,4B3G,"LINCOLN WY","46TH AV",0.00,,Y,A,-,N,,,,,,,,,,Y,1,1,1,2,A,-,09,21801,A,F,D,C,A,A,H,-,C,D,0,,,,,Y,,A,07,0,0,1,0,0,0,0,0,0,"- ","- ",,,"SAN FRANCISCO","SAN FRANCISCO",-122.50620269775391,37.76416015625
9320732,2022,2022-05-24,3801,2022-03-02,0734,262,TRAFF,3,5,7,3801,0,0,0,,0,4B2G,"HARRISON ST","22ND ST",0.00,,Y,A,-,N,,,,,,,,,,Y,1,1,0,2,A,-,12,22450,A,N,D,C,A,A,H,-,A,A,0,,,,Y,Y,,-,"- ",0,0,0,0,0,0,0,0,0,"- ","- ",,,"SAN FRANCISCO","SAN FRANCISCO",-122.41222381591797,37.755836486816406
9320895,2022,2022-07-12,3801,2022-05-01,2029,1766,TENDE,7,5,7,3801,0,0,0,,0,4B103,"TAYLOR ST","TURK ST",2.00,S,N,A,-,N,,,,,,,,,,N,1,1,0,3,A,-,12,21453,A,F,D,C,A,A,H,-,C,A,0,,,Y,,Y,,A,07,0,0,0,0,0,0,0,1,0,"- ","- ",,,"SAN FRANCISCO","SAN FRANCISCO",-122.41078186035156,37.783203125
9320932,2022,2022-07-26,3801,2022-05-22,1632,1994,TRAFF,7,5,7,3801,0,0,0,,0,4B3D,"3RD ST","MISSION ST",0.00,,Y,A,-,N,,,,,,,,,,Y,1,2,2,5,A,-,08,22100,A,N,B,C,F,A,H,-,A,A,0,Y,,,,Y,,A,01,1,0,1,2,1,0,0,0,0,"- ","- ",,,"SAN FRANCISCO","SAN FRANCISCO",-122.40200042724609,37.786266326904297
9320934,2022,2022-07-26,3801,2022-06-01,0357,4375,TRAFF,3,5,7,3801,0,0,0,,0,4B1F,"OAK ST","OCTAVIA BL",0.00,,Y,A,-,N,,,,,,,,,,Y,1,1,0,2,A,-,12,21453,A,N,D,C,A,A,H,-,C,A,0,,,,Y,Y,,M,94,0,0,0,0,0,0,0,0,0,"- ","- ",,,"SAN FRANCISCO","SAN FRANCISCO",-122.42430114746094,37.774799346923828
9340311,2021,2022-04-25,3801,2021-08-31,0312,2481,SOUTH,2,5,7,3801,0,0,0,,0,0B3,"06TH ST","HARRISON ST",0.00,,Y,A,-,N,,,,,,,,,,N,2,0,1,2,A,-,11,21954,A,N,G,B,D,A,H,-,C,A,0,Y,,,,Y,,N,60,1,0,0,0,1,0,0,0,0,"- ","- ",,,"SAN FRANCISCO","SAN FRANCISCO",,
9343332,2021,2021-10-09,3801,2021-08-23,1145,1524,INGLE,1,5,7,3801,0,0,0,,0,3H12C,"MISSION ST","VALENCIA ST",0.00,,Y,A,-,N,,,,,,,,,,N,2,0,1,2,A,-,12,21453,A,N,D,C,A,A,H,-,A,A,0,,,Y,,Y,,C,02,1,0,0,0,0,0,0,0,1,"- ","- ",,,"SAN FRANCISCO","SAN FRANCISCO",-122.41986846923828,37.745586395263672
9344191,2021,2021-10-08,3801,2021-08-14,0228,1881,RICHM,6,5,7,3801,0,0,0,,0,0G3,"GEARY BL","W 3RD AV",10.00,W,N,A,-,N,,,,,,,,,,N,2,0,1,2,A,-,10,21950,A,F,G,B,B,A,H,-,C,A,0,Y,,,,Y,Y,A,01,1,0,0,0,1,0,0,0,0,"- ","- ",,,"SAN FRANCISCO","SAN FRANCISCO",-122.46110534667969,37.781227111816406
9347328,2021,2021-10-28,3801,2021-09-06,0745,2339,PARK,1,5,7,3801,0,0,0,,0,3F13A,"DIVISADERO ST","WALLER ST",0.00,,Y,A,-,N,,,,,,,,,,N,2,0,1,2,A,-,09,21804,A,N,D,C,A,A,H,-,A,A,0,,,,,Y,,A,07,1,0,0,0,0,0,0,0,0,"- ","- ",,,"SAN FRANCISCO","SAN FRANCISCO",-122.43685913085938,37.770336151123047
9347340,2021,2021-10-28,3801,2021-09-28,0600,1602,SOUTH,2,5,7,3801,0,0,0,,0,SECTOR,"10TH ST","BRYANT ST",0.00,,Y,A,-,N,,,,,,,,,,N,2,0,1,2,A,-,12,21453,A,F,G,B,B,A,H,-,B,A,0,Y,,,,Y,,-,99,1,0,0,0,1,0,0,0,0,"- ","- ",,,"SAN FRANCISCO","SAN FRANCISCO",-122.40973663330078,37.770336151123047
9347347,2021,2021-10-28,3801,2021-09-29,1804,970,SOUTH,3,5,7,3801,0,0,0,,0,0B1,EMBARCADERO,"TOWNSEND ST",397.00,N,N,A,-,N,,,,,,,,,,N,2,0,1,1,A,-,00,21968,A,N,H,A,A,A,H,-,A,D,0,,,,,Y,,M,94,1,0,0,0,0,0,0,0,0,"- ","- ",,,"SAN FRANCISCO","SAN FRANCISCO",-122.38832855224609,37.782878875732422