CASE_ID,ACCIDENT_YEAR,PROC_DATE,JURIS,COLLISION_DATE,COLLISION_TIME,OFFICER_ID,REPORTING_DISTRICT,DAY_OF_WEEK,CHP_SHIFT,POPULATION,CNTY_CITY_LOC,SPECIAL_COND,BEAT_TYPE,CHP_BEAT_TYPE,CITY_DIVISION_LAPD,CHP_BEAT_CLASS,BEAT_NUMBER,PRIMARY_RD,SECONDARY_RD,DISTANCE,DIRECTION,INTERSECTION,WEATHER_1,WEATHER_2,STATE_HWY_IND,CALTRANS_COUNTY,CALTRANS_DISTRICT,STATE_ROUTE,ROUTE_SUFFIX,POSTMILE_PREFIX,POSTMILE,LOCATION_TYPE,RAMP_INTERSECTION,SIDE_OF_HWY,TOW_AWAY,COLLISION_SEVERITY,NUMBER_KILLED,NUMBER_INJURED,PARTY_COUNT,PRIMARY_COLL_FACTOR,PCF_CODE_OF_VIOL,PCF_VIOL_CATEGORY,PCF_VIOLATION,PCF_VIOL_SUBSECTION,HIT_AND_RUN,TYPE_OF_COLLISION,MVIW,PED_ACTION,ROAD_SURFACE,ROAD_COND_1,ROAD_COND_2,LIGHTING,CONTROL_DEVICE,CHP_ROAD_TYPE,PEDESTRIAN_ACCIDENT,BICYCLE_ACCIDENT,MOTORCYCLE_ACCIDENT,TRUCK_ACCIDENT,NOT_PRIVATE_PROPERTY,ALCOHOL_INVOLVED,STWD_VEHTYPE_AT_FAULT,CHP_VEHTYPE_AT_FAULT,COUNT_SEVERE_INJ,COUNT_VISIBLE_INJ,COUNT_COMPLAINT_PAIN,COUNT_PED_KILLED,COUNT_PED_INJURED,COUNT_BICYCLIST_KILLED,COUNT_BICYCLIST_INJURED,COUNT_MC_KILLED,COUNT_MC_INJURED,PRIMARY_RAMP,SECONDARY_RAMP,LATITUDE,LONGITUDE,COUNTY,CITY,POINT_X,POINT_Y
9348894,2022,2022-06-16,3801,2022-05-13,1530,2357,TARAV,5,5,7,3801,0,0,0,,0,3I16D,"OCEAN AV","FAXON AV",25.00,W,N,A,-,N,,,,,,,,,,N,2,0,1,2,A,-,11,21453,D,N,G,B,D,A,H,-,A,A,0,Y,,Y,,Y,,N,60,1,0,0,0,1,0,0,0,0,"- ","- ",,,"SAN FRANCISCO","SAN FRANCISCO",-122.4603271484375,37.724777221679688
9348922,2022,2022-06-16,3801,2022-05-18,1442,310,SOUTH,3,5,7,3801,0,0,0,,0,3B13A,"TERRY A FRANCOIS BL","PIERPOINT LN",12.00,S,N,A,-,N,,,,,,,,,,N,2,0,1,1,C,-,18,,,N,H,-,A,A,H,-,A,D,0,,Y,,,Y,,-,"- ",1,0,0,0,0,0,1,0,0,"- ","- ",,,"SAN FRANCISCO","SAN FRANCISCO",-122.38639831542969,37.769935607910156
9362717,2021,2021-12-03,3801,2021-10-19,2034,4253,INGLE,2,5,7,3801,0,0,0,,0,0H3,"MISSION ST","NEY ST",0.00,,Y,B,C,N,,,,,,,,,,N,2,0,1,2,A,-,10,21950,A,N,G,B,B,B,H,-,C,D,0,Y,,,,Y,,D,22,1,0,0,0,1,0,0,0,0,"- ","- ",,,"SAN FRANCISCO","SAN FRANCISCO",-122.43000793457031,37.730007171630859
9362806,2021,2021-11-30,3801,2021-10-01,0750,4279,INGLE,5,5,7,3801,0,0,0,,0,1CAR,"MISSION ST","30TH ST",6.00,N,N,A,-,N,,,,,,,,,,N,2,0,1,2,A,-,10,21950,A,N,G,B,B,A,H,-,A,A,0,Y,,,,Y,,A,01,1,0,0,0,1,0,0,0,0,"- ","- ",,,"SAN FRANCISCO","SAN FRANCISCO",-122.42195129394531,37.742404937744141
9362816,2021,2021-11-30,3801,2021-10-18,2040,4187,NORTH,1,5,7,3801,0,0,0,,0,3E15D,"VAN NESS AV","EDDY ST",0.00,,Y,A,-,N,,,,,,,,,,N,2,0,1,2,A,-,17,21235,G,F,A,B,B,A,H,-,C,A,0,Y,,,,Y,,M,94,1,0,0,0,1,0,0,0,0,"- ","- ",,,"SAN FRANCISCO","SAN FRANCISCO",-122.42076110839844,37.782890319824219
9362864,2021,2021-12-09,3801,2021-10-06,1701,1286,SOUTH,3,5,7,3801,0,0,0,,0,3B4,"MARKET ST","VAN NESS AV",0.00,,Y,A,-,N,,,,,,,,,,N,2,0,1,1,A,-,03,22350,,N,E,I,A,A,H,-,A,A,0,,,,,Y,,M,94,1,0,0,0,0,0,0,0,0,"- ","- ",,,"SAN FRANCISCO","SAN FRANCISCO",-122.41925811767578,37.775169372558594
9362875,2021,2021-12-09,3801,2021-10-09,0123,1402,SOUTH,6,5,7,3801,0,0,0,,0,3B13E,"MISSION ST","8TH ST",0.00,,Y,A,-,N,,,,,,,,,,N,2,0,1,2,A,-,12,21453,,N,D,G,A,A,H,-,C,A,0,,Y,,,Y,,L,04,1,0,0,0,0,0,1,0,0,"- ","- ",,,"SAN FRANCISCO","SAN FRANCISCO",-122.41315460205078,37.7774658203125
9363943,2021,2021-11-30,3801,2021-09-29,1930,4314,RICHM,3,5,7,3801,0,0,0,,0,0I1,"9TH AV","KIRKHAM ST",5.00,N,N,-,-,N,,,,,,,,,,N,2,0,1,2,A,-,10,21950,A,N,-,-,-,-,-,-,-,-,0,Y,,,,Y,,A,01,1,0,0,0,1,0,0,0,0,"- ","- ",,,"SAN FRANCISCO","SAN FRANCISCO",-122.46607208251953,37.76031494140625
9365902,2021,2021-12-06,3801,2021-10-12,1642,2286,TRAFF,2,5,7,3801,0,0,0,,0,4B4E,"MARKET ST","EUREKA ST",0.00,,Y,A,-,N,,,,,,,,,,Y,2,0,2,2,A,-,09,21801,A,N,D,C,A,A,H,-,A,A,0,,,Y,,Y,,A,01,1,1,0,0,0,0,0,0,1,"- ","- ",,,"SAN FRANCISCO","SAN FRANCISCO",-122.43834686279297,37.761722564697266
9366734,2021,2021-12-24,3801,2021-11-19,2010,1364,NORTH,5,5,7,3801,0,0,0,,0,3E11A,"PAGE ST","WEBSTER ST",0.00,,Y,A,-,N,,,,,,,,,,N,2,0,1,2,A,-,12,22450,A,N,G,B,B,A,H,-,C,D,0,Y,,,,Y,,A,01,1,0,0,0,1,0,0,0,0,"- ","- ",,,"SAN FRANCISCO","SAN FRANCISCO",-122.42897033691406,37.773250579833984
9375711,2021,2021-12-31,3801,2021-11-01,2330,1732,CENTR,1,5,7,3801,0,0,0,,0,03A,"CALIFORNIA ST","JONES ST",284.00,W,N,A,-,N,,,,,,,,,,N,2,0,1,1,A,-,03,22350,,N,E,A,A,B,H,-,C,D,0,,Y,,,Y,,L,04,1,0,0,0,0,0,1,0,0,"- ","- ",,,"SAN FRANCISCO","SAN FRANCISCO",-122.41507720947266,37.791294097900391
9382382,2021,2021-12-30,3801,2021-11-12,0311,2023,PARK,5,5,7,3801,0,0,0,,0,001,"LINCOLN WY","KEZAR DR",0.00,,Y,A,-,N,,,,,,,,,,N,2,0,1,1,A,-,03,22350,,N,E,I,A,A,H,-,C,D,0,,,,,Y,Y,M,94,1,0,0,0,0,0,0,0,0,"- ","- ",,,"SAN FRANCISCO","SAN FRANCISCO",-122.4605712890625,37.766178131103516
9382399,2021,2021-12-30,3801,2021-11-21,1250,1359,INGLE,7,5,7,3801,0,0,0,,0,3H16A,"MISSION ST","GENEVA AV",0.00,,Y,A,-,N,,,,,,,,,,N,2,0,1,2,A,-,09,21801,A,N,H,A,A,A,-,-,A,A,0,,,Y,,Y,,A,01,1,0,0,0,0,0,0,0,1,"- ","- ",,,"SAN FRANCISCO","SAN FRANCISCO",-122.44100189208984,37.716388702392578
9388826,2021,2022-01-26,3801,2021-12-11,1342,2743,SOUTH,6,5,7,3801,0,0,0,,0,3B4,"HARRISON ST","8TH ST",0.00,,Y,A,-,N,,,,,,,,,,N,2,0,1,2,A,-,12,21453,A,N,D,-,A,A,H,-,A,A,0,,,,,Y,,M,94,1,0,0,0,0,0,0,0,0,"- ","- ",,,"SAN FRANCISCO","SAN FRANCISCO",-122.40853118896484,37.773754119873047
9388828,2021,2022-01-26,3801,2021-12-11,1634,2391,NORTH,6,5,7,3801,0,0,0,,0,3E14D,"BUSH ST","FILLMORE ST",75.00,E,N,A,-,N,,,,,,,,,,N,2,0,1,2,A,-,21,22106,,N,B,C,A,A,H,-,A,A,0,,,Y,,Y,,A,01,1,0,0,0,0,0,0,0,1,"- ","- ",,,"SAN FRANCISCO","SAN FRANCISCO",-122.43318939208984,37.787067413330078
9391994,2021,2022-01-20,3801,2021-12-02,1947,1173,RICHM,4,5,7,3801,0,0,0,,0,901,"POINT LOBOS AV","47TH AV",0.00,,Y,A,-,N,,,,,,,,,,N,2,0,1,2,A,-,09,21801,A,N,D,C,A,A,H,-,C,D,0,,,Y,,Y,,A,01,1,0,0,0,0,0,0,0,1,"- ","- ",,,"SAN FRANCISCO","SAN FRANCISCO",-122.50835418701172,37.779930114746094
9396458,2022,2022-06-16,3801,2022-05-26,1749,524,INGLE,4,5,7,3801,0,0,0,,0,3H116D,"SAN BRUNO AV","WARD ST",44.00,N,N,A,-,N,,,,,,,,,,N,2,0,1,2,A,-,03,22350,,N,D,C,A,A,H,-,B,D,0,,,Y,,Y,,C,02,1,0,0,0,0,0,0,0,1,"- ","- ",,,"SAN FRANCISCO","SAN FRANCISCO",-122.40049743652344,37.719287872314453
9403761,2022,2022-03-21,3801,2022-02-09,1248,1936,TRAFF,3,5,7,3801,0,0,0,,0,4B1D,"JONES ST","BAY ST",0.00,,Y,A,-,N,,,,,,,,,,Y,2,0,2,2,A,-,12,21453,A,N,D,C,A,A,H,-,A,A,0,,,Y,,Y,,A,07,1,1,0,0,0,0,0,0,1,"- ","- ",,,"SAN FRANCISCO","SAN FRANCISCO",-122.41690063476562,37.805221557617188
9405073,2022,2022-02-14,3801,2022-01-08,1337,2743,SOUTH,6,5,7,3801,0,0,0,,0,3B12C,"MINNA ST","6TH ST",0.00,,Y,A,-,N,,,,,,,,,,N,2,0,1,2,A,-,10,21950,A,F,G,B,B,A,H,-,A,A,0,Y,,,,Y,,A,01,1,0,0,0,1,0,0,0,0,"- ","- ",,,"SAN FRANCISCO","SAN FRANCISCO",-122.40813446044922,37.780551910400391
9405562,2021,2022-02-11,3801,2021-12-30,1157,1936,TRAFF,4,5,7,3801,0,0,0,,0,4B1D,"GEARY BL","36TH AV",0.00,,Y,A,-,N,,,,,,,,,,Y,2,0,1,2,A,-,03,22350,,N,D,C,A,A,H,-,A,A,0,,,Y,,Y,,C,02,1,0,0,0,0,0,0,0,1,"- ","- ",,,"SAN FRANCISCO","SAN FRANCISCO",-122.49652862548828,37.779560089111328
9410023,2022,2022-03-15,3801,2022-02-04,1818,1113,PARK,5,5,7,3801,0,0,0,,0,3F14D,"TWIN PEAKS BL","PANORAMA DR",0.00,,Y,A,-,N,,,,,,,,,,N,2,0,1,2,A,-,09,21801,A,N,B,G,A,A,H,-,C,-,0,,Y,,,Y,,A,01,1,0,0,0,0,0,1,0,0,"- ","- ",,,"SAN FRANCISCO","SAN FRANCISCO",-122.44951629638672,37.746631622314453
9410060,2022,2022-03-18,3801,2022-02-03,1307,86,TARAV,4,5,7,3801,0,0,0,,0,3I3,"GREAT HWY","LINCOLN WY",25.00,S,N,A,-,N,,,,,,,,,,N,2,0,1,2,A,-,03,22350,,F,G,B,E,A,H,-,A,A,0,Y,,,,Y,,A,01,1,0,0,0,1,0,0,0,0,"- ","- ",,,"SAN FRANCISCO","SAN FRANCISCO",-122.51044464111328,37.763973236083984
9410529,2022,2022-02-15,3801,2022-01-10,2500,4265,INGLE,1,5,7,3801,0,0,0,,0,3H16A,"MISSION ST","TINGLEY ST",0.00,,Y,A,-,N,,,,,,,,,,Y,2,0,2,2,A,-,08,22107,,N,D,C,A,A,H,-,A,A,0,,,,,Y,,A,01,1,0,1,0,0,0,0,0,0,"- ","- ",,,"SAN FRANCISCO","SAN FRANCISCO",-122.43177795410156,37.728244781494141
9418019,2022,2022-03-15,3801,2022-01-21,0842,4375,TRAFF,5,5,7,3801,0,0,0,,0,4B1F,"DEHARO ST","16TH ST",26.00,N,N,A,-,N,,,,,,,,,,N,2,0,1,2,A,-,10,21950,A,N,G,B,B,A,H,-,A,A,0,Y,,,,Y,,A,01,1,0,0,0,1,0,0,0,0,"- ","- ",,,"SAN FRANCISCO","SAN FRANCISCO",-122.40169525146484,37.766220092773438
9425271,2022,2022-12-20,3801,2022-03-10,0927,73,TRAFF,4,5,7,3801,0,0,0,,0,4B1B,"FILLMORE ST","CHESTNUT ST",14.00,N,N,A,-,N,,,,,,,,,,N,1,1,0,2,-,-,"- ",,B,N,G,B,B,A,H,-,A,A,0,Y,,,,Y,,N,60,0,0,0,1,0,0,0,0,0,"- ","- ",,,"SAN FRANCISCO","SAN FRANCISCO",-122.436279296875,37.800868988037109
9425292,2022,2022-04-19,3801,2022-03-10,1820,2580,SOUTH,4,5,7,3801,0,0,0,,0,901,"FOLSOM ST","8TH ST",11.00,W,N,A,-,N,,,,,,,,,,N,2,0,1,2,A,-,05,21651,B,N,A,C,A,A,H,-,A,A,0,,,Y,,Y,,C,03,1,0,0,0,0,0,0,0,1,"- ","- ",,,"SAN FRANCISCO","SAN FRANCISCO",-122.41007995605469,37.774967193603516
9427856,2022,2022-04-13,3801,2022-02-28,1816,540,TARAV,1,5,7,3801,0,0,0,,0,015,"OCEAN AV","SYLVAN DR",0.00,,Y,-,-,N,,,,,,,,,,N,2,0,1,2,A,-,11,21954,A,N,B,B,D,A,H,-,C,D,0,Y,,,,Y,,N,60,1,0,0,0,1,0,0,0,0,"- ","- ",,,"SAN FRANCISCO","SAN FRANCISCO",-122.48538970947266,37.732292175292969
9427859,2022,2022-04-13,3801,2022-02-25,1600,1389,BAYVI,5,5,7,3801,0,0,0,,0,3C13D,"EVANS AV","NEWHALL ST",0.00,,Y,A,-,N,,,,,,,,,,N,2,0,1,2,A,-,10,21950,A,F,G,B,B,A,H,-,A,D,0,Y,,,,Y,,A,01,1,0,0,0,1,0,0,0,0,"- ","- ",,,"SAN FRANCISCO","SAN FRANCISCO",-122.38661956787109,37.741886138916016
9429813,2022,2022-04-27,3801,2022-03-15,1105,610,MISSI,2,5,7,3801,0,0,0,,0,3D11A,"CASTRO ST","JERSEY ST",0.00,,Y,A,-,N,,,,,,,,,,N,2,0,1,2,A,-,10,21950,A,N,G,B,B,A,H,-,A,D,0,Y,,,,Y,,-,,1,0,0,0,1,0,0,0,0,"- ","- ",,,"SAN FRANCISCO","SAN FRANCISCO",-122.43400573730469,37.750480651855469
9431507,2022,2022-04-18,3801,2022-02-24,0725,2147,NORTH,4,5,7,3801,0,0,0,,0,3E14A,BROADWAY,"DIVISADERO ST",0.00,,Y,A,-,N,,,,,,,,,,N,2,0,2,3,A,-,10,21950,A,N,G,B,B,A,H,-,A,D,0,Y,,,,Y,,A,07,1,0,1,0,2,0,0,0,0,"- ","- ",,,"SAN FRANCISCO","SAN FRANCISCO",-122.4415283203125,37.793430328369141
9431594,2022,2022-04-18,3801,2022-03-06,1805,2008,MISSI,7,5,7,3801,0,0,0,,0,3D15D,"16TH ST","WIESE ST",28.00,E,N,A,-,N,,,,,,,,,,N,2,0,1,2,A,-,11,21955,,F,G,B,D,A,H,-,A,D,0,Y,,,,Y,,N,60,1,0,0,0,1,0,0,0,0,"- ","- ",,,"SAN FRANCISCO","SAN FRANCISCO",-122.42037200927734,37.765007019042969
9434255,2022,2022-04-18,3801,2022-03-15,0805,1657,BAYVI,2,5,7,3801,0,0,0,,0,3801,"NAPOLEON ST","EVANS AV",0.00,S,N,B,C,N,,,,,,,,,,N,2,0,1,2,A,-,10,21950,A,F,G,B,B,B,H,-,A,A,0,Y,,,,Y,Y,-,99,1,0,0,0,1,0,0,0,0,"- ","- ",,,"SAN FRANCISCO","SAN FRANCISCO",-122.39595031738281,37.747234344482422
9434337,2022,2022-05-03,3801,2022-03-10,1855,643,TARAV,4,5,7,3801,0,0,0,,0,3I13D,"20TH AV","PACHECO ST",0.00,,Y,A,-,N,,,,,,,,,,N,2,0,1,2,A,-,10,21950,A,N,G,B,B,A,H,-,C,A,0,Y,,,,Y,,A,01,1,0,0,0,1,0,0,0,0,"- ","- ",,,"SAN FRANCISCO","SAN FRANCISCO",-122.47730255126953,37.750465393066406
9437220,2022,2022-05-16,3801,2022-04-17,0142,1741,SOUTH,7,5,7,3801,0,0,0,,0,901,"6TH ST","FOLSOM ST",0.00,,Y,A,-,N,,,,,,,,,,N,2,0,2,3,A,-,11,21456,B,N,D,B,B,A,-,-,C,A,0,Y,Y,,,Y,Y,N,60,1,1,0,0,2,0,0,0,0,"- ","- ",,,"SAN FRANCISCO","SAN FRANCISCO",-122.40560150146484,37.778499603271484
9442089,2022,2022-05-13,3801,2022-04-08,0242,2742,BAYVI,5,5,7,3801,0,0,0,,0,3C15E,"JENNINGS ST","WALLACE AV",135.00,S,N,A,-,N,,,,,,,,,,Y,2,0,3,2,A,-,03,22350,,N,D,E,A,A,H,-,C,D,0,,,,,Y,,A,01,1,0,2,0,0,0,0,0,0,"- ","- ",,,"SAN FRANCISCO","SAN FRANCISCO",-122.38951873779297,37.726116180419922
9442099,2022,2022-05-13,3801,2022-04-03,1442,327,MISSI,7,5,7,3801,0,0,0,,0,3D13C,"VALENCIA ST","14TH ST",0.00,,Y,A,-,N,,,,,,,,,,N,2,0,1,2,A,-,09,21801,A,N,D,C,A,A,H,-,A,A,0,,,,,Y,,A,01,1,0,0,0,0,0,0,0,0,"- ","- ",,,"SAN FRANCISCO","SAN FRANCISCO",-122.42218017578125,37.768150329589844
94435730,2024,2024-10-18,9335,2024-10-05,"243 ",023464,,6,3,7,3801,0,1,2,,2,013,"US-101 N/B","FAITH ST PEDESTRIAN OVERCROSSING",183.00,S,N,A,-,Y,SF,,101," "," ",2.650,H,,R,Y,2,0,3,2,A,-,03,22350,,N,D,C,A,A,H,-,D,D,0,,,,,Y,,A,01,2,0,1,0,0,0,0,0,0,"- ","- ",37.744350433349609,-122.40534210205078,"SAN FRANCISCO","SAN FRANCISCO",-122.40532684326172,37.744346618652344
9443769,2021,2022-05-16,3801,2021-12-16,0938,1825,SOUTH,4,5,7,3801,0,0,0,,0,3B15A,"7TH ST","16TH ST",0.00,,Y,A,-,N,,,,,,,,,,N,2,0,1,2,A,-,08,22107,,N,D,G,A,A,H,-,A,A,0,,Y,,,Y,,A,01,1,0,0,0,0,0,1,0,0,"- ","- ",,,"SAN FRANCISCO","SAN FRANCISCO",-122.39506530761719,37.766536712646484
94442117,2024,2024-10-23,9335,2024-01-14,"320 ",023167,,7,3,7,3801,0,1,1,,1,083,"I-80 E/B","CECTER ANCHORAGE",100.00,E,N,A,-,Y,SF,,80," "," ",6.793,H,,R,Y,1,1,4,4,A,-,01,23152,G,N,C,C,E,B,H,-,C,D,0,Y,,,,Y,Y,A,01,0,1,3,1,0,0,0,0,0,"- ","- ",37.798721313476562,-122.37747955322266,"SAN FRANCISCO","SAN FRANCISCO",-122.37726593017578,37.798576354980469
94446551,2024,2024-10-28,9335,2024-10-17,1400,023592,,4,2,7,3801,0,1,2,,2,013,"US-101 S/B","CORTLAND AVE.",530.00,S,N,A,-,Y,SF,,101," "," ",2.224,H,,L,Y,2,0,1,1,A,-,08,22107,,N,E,I,A,A,H,-,A,D,0,,,Y,,Y,,C,02,1,0,0,0,0,0,0,0,1,"- ","- ",37.738880157470703,-122.40824127197266,"SAN FRANCISCO","SAN FRANCISCO",-122.40817260742188,37.738883972167969
94457507,2023,2024-11-04,9335,2023-09-30,1610,022795,,6,2,7,3801,0,1,2,,2,013,"US-101 S/B TO PAUL AVENUE","SAN BRUNO AVENUE",70.00,E,N,A,-,Y,SF,,101," "," ",0.988,H,,L,Y,1,1,1,1,A,-,03,22350,,N,E,8,A,A,H,-,A,A,0,,,,,Y,,A,01,0,1,0,0,0,0,0,0,0,"- ","- ",37.721771240234375,-122.40081787109375,"SAN FRANCISCO","SAN FRANCISCO",-122.40059661865234,37.721820831298828
9446823,2022,2022-06-10,3801,2022-04-29,2323,1660,SOUTH,5,5,7,3801,0,0,0,,0,3B14E,"MISSION ST","6TH ST",0.00,,Y,A,-,N,,,,,,,,,,N,2,0,1,2,A,-,03,22350,,F,G,B,D,A,H,-,C,A,0,Y,,,,Y,,A,01,1,0,0,0,1,0,0,0,0,"- ","- ",,,"SAN FRANCISCO","SAN FRANCISCO",-122.40869140625,37.780982971191406
9446831,2022,2022-06-10,3801,2022-04-16,1348,104,INGLE,6,5,7,3801,0,0,0,,0,104,"GENEVA AV","PRAGUE ST",1100.00,E,N,B,-,N,,,,,,,,,,Y,2,0,1,2,A,-,11,21954,A,N,G,B,D,A,H,-,A,D,0,Y,,,,Y,,N,60,1,0,0,0,1,0,0,0,0,"- ","- ",,,"SAN FRANCISCO","SAN FRANCISCO",-122.42835235595703,37.711872100830078
94481444,2024,2024-11-25,9335,2024-11-23,"610 ",023474,,6,1,7,3801,0,1,1,,2,022,"I-280 N/B","SAN JOSE AVE",210.00,S,N,B,-,Y,SF,,280," ",R,1.431,H,,R,N,2,0,1,2,A,-,11,21954,A,N,G,B,E,B,H,-,B,D,0,Y,,,,Y,,N,60,1,0,0,0,1,0,0,0,0,"- ","- ",37.718158721923828,-122.44833374023438,"SAN FRANCISCO","SAN FRANCISCO",-122.44844055175781,37.718170166015625
94500915,2024,2024-12-13,9335,2024-12-02,1118,023860,,1,1,7,3801,0,1,1,,2,023,"I-280 N/B","BADEN ST OVERCROSSING",255.00,N,N,A,-,Y,SF,,280," ",R,2.498,H,,R,Y,2,0,1,2,A,-,07,21658,A,N,E,I,A,A,H,-,A,D,0,,,,,Y,,A,07,1,0,0,0,0,0,0,0,0,"- ","- ",37.730049133300781,-122.43876647949219,"SAN FRANCISCO","SAN FRANCISCO",-122.43883514404297,37.730159759521484
9453941,2022,2022-07-15,3801,2022-06-26,1526,2215,NORTH,7,5,7,3801,0,0,0,,0,3E13D,"VAN NESS AV","GROVE ST",21.00,N,N,A,-,N,,,,,,,,,,Y,2,0,1,2,A,-,10,21950,,F,G,B,B,A,H,-,A,A,0,Y,,,,Y,,A,01,1,0,0,0,1,0,0,0,0,"- ","- ",,,"SAN FRANCISCO","SAN FRANCISCO",-122.41983032226562,37.778316497802734
9453960,2022,2022-07-14,3801,2022-06-17,2051,2167,NORTH,5,5,7,3801,0,0,0,,0,3E13E,"FRANKLIN ST","POST ST",0.00,,Y,A,-,N,,,,,,,,,,Y,2,0,2,2,A,-,08,22107,,F,D,C,A,A,H,-,C,A,0,,,,,Y,,A,01,1,0,1,0,0,0,0,0,0,"- ","- ",,,"SAN FRANCISCO","SAN FRANCISCO",-122.42320251464844,37.786399841308594
9453965,2022,2022-07-14,3801,2022-06-23,2345,1096,CENTR,4,5,7,3801,0,0,0,,0,3A14E,"THE EMBARCADERO NORTH","BAY ST",235.00,S,N,B,-,N,,,,,,,,,,N,2,0,1,2,A,-,05,21651,,N,A,G,A,A,H,-,C,D,0,,Y,,,Y,,L,04,1,0,0,0,0,0,1,0,0,"- ","- ",,,"SAN FRANCISCO","SAN FRANCISCO",-122.40528106689453,37.806285858154297
9454021,2022,2022-07-15,3801,2022-06-05,2131,2167,NORTH,7,5,7,3801,0,0,0,,0,3E13D,"FRANKLIN ST","EDDY ST",0.00,,Y,A,-,N,,,,,,,,,,N,2,0,1,3,A,-,10,21950,C,F,G,B,E,A,H,-,C,A,0,Y,,,,Y,,-,,1,0,0,0,1,0,0,0,0,"- ","- ",,,"SAN FRANCISCO","SAN FRANCISCO",-122.42243957519531,37.782665252685547
9454023,2022,2022-07-15,3801,2022-06-03,2300,1463,SOUTH,5,5,7,3801,0,0,0,,0,0J1,"MARKET ST","7TH ST",0.00,,Y,B,-,N,,,,,,,,,,N,2,0,1,1,A,-,03,22350,,N,H,A,A,A,H,-,C,A,0,,Y,,,Y,,L,04,1,0,0,0,0,0,1,0,0,"- ","- ",,,"SAN FRANCISCO","SAN FRANCISCO",-122.41251373291016,37.780479431152344
9454028,2022,2022-07-15,3801,2022-06-09,0450,2469,BAYVI,4,5,7,3801,0,0,0,,0,,"9TH ST","FOLSOM ST",0.00,,Y,A,-,N,,,,,,,,,,N,2,0,1,2,A,-,04,21703,,F,C,C,A,A,H,-,C,A,0,,,,,Y,,A,07,1,0,0,0,0,0,0,0,0,"- ","- ",,,"SAN FRANCISCO","SAN FRANCISCO",-122.41161346435547,37.773773193359375
9459374,2022,2022-06-14,3801,2022-03-16,1125,4375,TRAFF,3,5,7,3801,0,0,0,,0,4B1F,"POTRERO AV","REFERENCE POINT",203.00,S,N,A,-,N,,,,,,,,,,Y,2,0,2,2,A,-,03,22350,,F,B,C,A,A,H,-,A,A,0,,,,,Y,Y,-,,1,0,1,0,0,0,0,0,0,"- ","- ",,,"SAN FRANCISCO","SAN FRANCISCO",,
94596063,2025,2025-03-04,9335,2025-02-28,"417 ",024128,,5,3,7,3801,0,1,2,,2,015,"US-101 S/B TO I-80 E/B","ALAMEDA STREET UNDERCROSSING",330.00,N,N,A,-,Y,SF,,80," ",L,4.067,H,,R,Y,2,0,2,1,A,-,01,23152,A,N,E,I,A,A,H,-,C,A,0,,,,,Y,Y,A,01,1,1,0,0,0,0,0,0,0,"- ","- ",37.769481658935547,-122.40544891357422,"SAN FRANCISCO","SAN FRANCISCO",-122.40550231933594,37.769493103027344
9464466,2022,2022-09-20,3801,2022-06-14,0100,969,MISSI,2,5,7,3801,0,0,0,,0,3D13E,"MISSION ST","21ST ST",67.00,N,N,A,-,N,,,,,,,,,,Y,1,1,2,2,A,-,03,22350,A,F,D,C,A,A,H,-,C,A,0,,,,,Y,,A,01,1,0,1,0,0,0,0,0,0,"- ","- ",,,"SAN FRANCISCO","SAN FRANCISCO",-122.41893768310547,37.7572021484375
9464469,2022,2023-02-17,3801,2022-08-12,2013,899,NORTH,5,5,7,3801,0,0,0,,0,3E90B,"VAN NESS AV (RT-101)","MCALLISTER ST",138.00,N,N,A,-,Y,SF,4,101,-,T,5.198,I,5,S,Y,1,1,0,2,A,-,11,21456,C,N,G,B,B,A,H,-,A,A,0,Y,,,,Y,,N,60,0,0,0,1,0,0,0,0,0,"- ","- ",,,"SAN FRANCISCO","SAN FRANCISCO",-122.42034912109375,37.780078887939453
9468619,2023,2023-09-08,3801,2023-08-09,1816,2118,SOUTH,3,5,7,3801,0,0,0,,0,3B12D,"HARRISON ST","2ND ST",0.00,,Y,A,-,N,,,,,,,,,,N,2,0,2,2,A,-,12,21453,A,N,H,G,A,A,H,-,A,A,0,,Y,,,Y,,L,04,1,0,1,0,0,0,1,0,0,"- ","- ",,,"SAN FRANCISCO","SAN FRANCISCO",-122.39517974853516,37.784332275390625
9468625,2023,2023-09-08,3801,2023-08-24,1332,310,SOUTH,4,5,7,3801,0,0,0,,0,3B49,"17TH ST","MISSISSIPPI ST",0.00,,Y,A,-,N,,,,,,,,,,N,2,0,1,1,A,-,03,22350,,N,H,I,A,A,H,-,A,D,0,,Y,,,Y,,L,04,1,0,0,0,0,0,1,0,0,"- ","- ",,,"SAN FRANCISCO","SAN FRANCISCO",-122.39485168457031,37.765243530273438
9468785,2023,2023-09-12,3801,2023-07-30,"954 ",1364,NORTH,7,5,7,3801,0,0,0,,0,3E6A,"GOUGH ST","UNION ST",0.00,,Y,A,-,N,,,,,,,,,,N,2,0,1,2,A,-,11,21453,D,N,G,B,B,A,H,-,A,A,0,Y,,,,Y,,N,60,1,0,0,0,1,0,0,0,0,"- ","- ",,,"SAN FRANCISCO","SAN FRANCISCO",-122.42726135253906,37.798137664794922