CASE_ID,ACCIDENT_YEAR,PROC_DATE,JURIS,COLLISION_DATE,COLLISION_TIME,OFFICER_ID,REPORTING_DISTRICT,DAY_OF_WEEK,CHP_SHIFT,POPULATION,CNTY_CITY_LOC,SPECIAL_COND,BEAT_TYPE,CHP_BEAT_TYPE,CITY_DIVISION_LAPD,CHP_BEAT_CLASS,BEAT_NUMBER,PRIMARY_RD,SECONDARY_RD,DISTANCE,DIRECTION,INTERSECTION,WEATHER_1,WEATHER_2,STATE_HWY_IND,CALTRANS_COUNTY,CALTRANS_DISTRICT,STATE_ROUTE,ROUTE_SUFFIX,POSTMILE_PREFIX,POSTMILE,LOCATION_TYPE,RAMP_INTERSECTION,SIDE_OF_HWY,TOW_AWAY,COLLISION_SEVERITY,NUMBER_KILLED,NUMBER_INJURED,PARTY_COUNT,PRIMARY_COLL_FACTOR,PCF_CODE_OF_VIOL,PCF_VIOL_CATEGORY,PCF_VIOLATION,PCF_VIOL_SUBSECTION,HIT_AND_RUN,TYPE_OF_COLLISION,MVIW,PED_ACTION,ROAD_SURFACE,ROAD_COND_1,ROAD_COND_2,LIGHTING,CONTROL_DEVICE,CHP_ROAD_TYPE,PEDESTRIAN_ACCIDENT,BICYCLE_ACCIDENT,MOTORCYCLE_ACCIDENT,TRUCK_ACCIDENT,NOT_PRIVATE_PROPERTY,ALCOHOL_INVOLVED,STWD_VEHTYPE_AT_FAULT,CHP_VEHTYPE_AT_FAULT,COUNT_SEVERE_INJ,COUNT_VISIBLE_INJ,COUNT_COMPLAINT_PAIN,COUNT_PED_KILLED,COUNT_PED_INJURED,COUNT_BICYCLIST_KILLED,COUNT_BICYCLIST_INJURED,COUNT_MC_KILLED,COUNT_MC_INJURED,PRIMARY_RAMP,SECONDARY_RAMP,LATITUDE,LONGITUDE,COUNTY,CITY,POINT_X,POINT_Y
9468852,2023,2023-09-12,3801,2023-06-25,"541 ",1741,SOUTH,7,5,7,3801,0,0,0,,0,901,"SOUTH VAN NESS AV","HOWARD ST",0.00,,Y,A,-,N,,,,,,,,,,N,2,0,1,2,A,-,09,21804,A,F,D,C,A,A,H,-,B,A,0,,,Y,,Y,Y,A,01,1,0,0,0,0,0,0,0,1,"- ","- ",,,"SAN FRANCISCO","SAN FRANCISCO",-122.41763305664062,37.770336151123047
9469541,2023,2023-10-03,3801,2023-08-23,1003,392,MISSI,3,5,7,3801,0,0,0,,0,0D1,"VALENCIA ST","15TH ST",22.00,N,N,A,-,N,,,,,,,,,,N,2,0,1,2,A,-,10,21950,A,N,G,B,B,A,H,-,A,A,0,Y,,,,Y,,A,01,1,0,0,0,1,0,0,0,0,"- ","- ",,,"SAN FRANCISCO","SAN FRANCISCO",-122.42203521728516,37.766590118408203
9469547,2023,2023-10-09,3801,2023-08-13,2344,821,SOUTH,7,5,7,3801,0,0,0,,0,0B4,"MARKET ST","VALENCIA ST",0.00,,Y,A,-,N,,,,,,,,,,Y,2,0,1,2,A,-,09,21453,C,N,D,J,A,A,H,-,C,A,0,,,,,Y,Y,M,94,1,0,0,0,0,0,0,0,0,"- ","- ",,,"SAN FRANCISCO","SAN FRANCISCO",-122.42262268066406,37.772548675537109
94707775,2025,2025-06-02,9335,2025-04-27,1816,024467,,7,2,7,3801,0,1,1,,2,024,"I-280 NORTHBOUND TO US-101 SOUTHBOUND","SILVER AVE UNDERCROSSING",620.00,S,N,A,-,Y,SF,,101," "," ",1.652,H,,R,N,2,0,1,2,A,-,03,22350,,N,C,2,A,A,H,-,A,D,0,,,Y,,Y,,C,02,1,0,0,0,0,0,0,0,1,"- ","- ",37.731151580810547,-122.404052734375,"SAN FRANCISCO","SAN FRANCISCO",-122.40419769287109,37.731105804443359
94723409,2025,2025-06-12,9350,2025-05-18,1145,022795,,7,1,7,3801,0,1,2,,1,120,"US-101 S/B (GGB WEST SIDEWALK)","ALEXANDER AVE",5333.00,S,N,A,-,N,,,,,,,,,,N,2,0,2,2,A,-,03,22350,,N,B,G,A,A,E,-,A,D,0,,Y,,,Y,,-,"- ",1,1,0,0,0,0,2,0,0,"- ","- ",37.821819305419922,-122.47894287109375,"SAN FRANCISCO","SAN FRANCISCO",-120.69613647460938,35.587303161621094
94730085,2025,2025-06-18,9335,2025-03-03,"6   ",023464,,1,3,7,3801,0,1,1,,2,022,"I-280 S/B","GENEVA AVE OVERCROSSING",420.00,S,N,A,-,Y,SF,,280," ",R,1.574,H,,L,Y,1,1,0,2,A,-,11,21954,A,N,G,B,E,A,H,-,D,D,0,Y,,,,Y,Y,N,60,0,0,0,1,0,0,0,0,0,"- ","- ",37.720180511474609,-122.44837951660156,"SAN FRANCISCO","SAN FRANCISCO",-122.44837188720703,37.720180511474609
94740773,2025,2025-06-26,9335,2025-02-21,2358,023991,,5,3,7,3801,0,1,1,,2,080,"I-80 WESTBOUND TO HARRISON STREET","2ND STREET",383.00,E,N,A,-,Y,SF,,80," "," ",5.494,H,,L,N,1,1,0,1,A,-,01,23152,A,N,E,I,A,A,H,-,C,D,0,,,Y,,Y,Y,C,02,0,0,0,0,0,0,0,1,0,"- ","- ",37.784408569335938,-122.393310546875,"SAN FRANCISCO","SAN FRANCISCO",-122.39344024658203,37.784618377685547
94756309,2025,2025-07-10,9335,2025-02-05,2315,023044,,3,3,7,3801,0,1,2,,2,015,"US-101 SOUTHBOUND TO I-80 EASTBOUND","DIVISION STREET",93.00,N,N,B,-,Y,SF,,80," ",L,4.060,H,,R,Y,1,1,0,1,A,-,03,22350,,N,E,I,A,A,H,-,C,D,0,,,Y,,Y,,C,02,0,0,0,0,0,0,0,1,0,"- ","- ",37.7694091796875,-122.40548706054688,"SAN FRANCISCO","SAN FRANCISCO",-122.40553283691406,37.769420623779297
9478968,2022,2022-08-10,3801,2022-07-14,1555,2210,SOUTH,4,5,7,3801,0,0,0,,0,0B4,"MISSION ST","11TH ST",0.00,,Y,A,-,N,,,,,,,,,,N,2,0,1,2,A,-,12,21453,A,N,D,B,B,A,H,-,A,A,0,Y,,,,Y,,M,94,1,0,0,0,1,0,0,0,0,"- ","- ",,,"SAN FRANCISCO","SAN FRANCISCO",-122.41709899902344,37.774330139160156
9478979,2022,2022-08-10,3801,2022-07-04,0420,1336,NORTH,1,5,7,3801,0,0,0,,0,0E6,"FRANKLIN ST","PACIFIC AV",0.00,,Y,A,-,N,,,,,,,,,,N,2,0,1,2,A,-,03,22350,,F,G,B,E,A,H,-,C,A,0,Y,,,,Y,,A,07,1,0,0,0,1,0,0,0,0,"- ","- ",,,"SAN FRANCISCO","SAN FRANCISCO",-122.42485046386719,37.794609069824219
9481360,2022,2022-08-05,3801,2022-06-01,1224,610,MISSI,3,5,7,3801,0,0,0,,0,3D11A,"MARKET ST","14TH ST",0.00,,Y,A,-,N,,,,,,,,,,N,2,0,2,2,A,-,11,21453,D,N,D,J,B,A,H,-,A,A,0,Y,,,,Y,,N,60,1,1,0,0,1,0,0,0,0,"- ","- ",,,"SAN FRANCISCO","SAN FRANCISCO",-122.4288330078125,37.767707824707031
9481493,2022,2022-08-08,3801,2022-07-15,2305,2425,MISSI,5,5,7,3801,0,0,0,,0,3D16D,"POTRERO AV","20TH ST",0.00,,Y,A,-,N,,,,,,,,,,Y,2,0,4,2,A,-,12,21453,A,N,A,C,A,A,H,-,C,A,0,,,,,Y,,A,01,4,0,0,0,0,0,0,0,0,"- ","- ",,,"SAN FRANCISCO","SAN FRANCISCO",-122.40694427490234,37.759372711181641
9481510,2022,2022-08-10,3801,2022-07-23,0944,1316,RICHM,6,5,7,3801,0,0,0,,0,3G13A,"4TH AV","CLEMENT ST",109.00,S,N,B,C,N,,,,,,,,,,N,2,0,1,2,A,-,11,21950,B,N,G,B,D,B,H,-,A,D,0,Y,,,,Y,,N,60,1,0,0,0,1,0,0,0,0,"- ","- ",,,"SAN FRANCISCO","SAN FRANCISCO",-122.46225738525391,37.782741546630859
9483581,2022,2022-08-05,3801,2022-07-20,2123,2722,CENTR,3,5,7,3801,0,0,0,,0,3A15E,"CALIFORNIA ST","SPRING ST",0.00,,Y,B,-,N,,,,,,,,,,N,2,0,1,1,A,-,03,22350,,N,E,A,A,B,H,-,C,A,0,,,,,Y,,-,,1,0,0,0,0,0,0,0,0,"- ","- ",,,"SAN FRANCISCO","SAN FRANCISCO",-122.40380096435547,37.792762756347656
9483588,2022,2022-08-05,3801,2022-07-08,0825,2461,SOUTH,5,5,7,3801,0,0,0,,0,3B13A,"NELSON RISING LN","6TH ST",25.00,E,N,A,-,N,,,,,,,,,,N,2,0,1,2,A,-,10,21950,A,N,G,B,B,A,H,-,A,D,0,Y,,,,Y,,A,01,1,0,0,0,1,0,0,0,0,"- ","- ",,,"SAN FRANCISCO","SAN FRANCISCO",-122.39437103271484,37.769485473632812
9483600,2022,2022-08-05,3801,2022-07-05,1502,2493,PARK,2,5,7,3801,0,0,0,,0,3F13A,"7TH AV","LAWTON ST",0.00,,-,A,-,N,,,,,,,,,,N,2,0,1,2,A,-,17,22517,,N,B,G,A,A,H,-,A,D,0,,Y,,,Y,,A,01,1,0,0,0,0,0,1,0,0,"- ","- ",,,"SAN FRANCISCO","SAN FRANCISCO",-122.46382904052734,37.758537292480469
9488618,2022,2022-08-29,3801,2022-06-14,0900,308,1,2,5,7,3801,0,0,0,,0,001,"HOLLOWAY AV","TAPIA DR",113.00,W,N,A,-,N,,,,,,,,,,N,2,0,1,1,C,-,18,,,N,H,J,A,A,A,-,A,D,0,,Y,,,Y,,-,"- ",1,0,0,0,0,0,1,0,0,"- ","- ",37.721019744873047,-122.48133850097656,"SAN FRANCISCO","SAN FRANCISCO",-122.48100280761719,37.720912933349609
9502420,2022,2022-10-07,3801,2022-08-14,1544,1994,TRAFF,7,5,7,3801,0,0,0,,0,4B3D,"DIVISADERO ST","EDDY ST",36.00,S,N,A,-,N,,,,,,,,,,Y,2,0,1,4,C,-,18,,,N,C,C,A,A,H,-,A,A,0,,,,,Y,,-,"- ",1,0,0,0,0,0,0,0,0,"- ","- ",,,"SAN FRANCISCO","SAN FRANCISCO",-122.43889617919922,37.780483245849609
9503055,2022,2022-09-21,3801,2022-08-19,0929,1118,SOUTH,5,5,7,3801,0,0,0,,0,3B14A,"BRANNAN ST","6TH ST",296.00,E,N,A,-,N,,,,,,,,,,Y,2,0,6,2,A,-,08,22102,,N,D,C,A,A,H,-,A,D,0,,,,,Y,,A,01,1,0,5,0,0,0,0,0,0,"- ","- ",,,"SAN FRANCISCO","SAN FRANCISCO",-122.40026092529297,37.775424957275391
9503062,2022,2022-10-07,3801,2022-08-07,2218,4136,RICHM,7,5,7,3801,0,0,0,,0,3G2E,"CLAY ST","PRESIDIO AVE",0.00,,N,A,-,N,,,,,,,,,,N,2,0,1,1,D,-,00,,,N,E,I,A,A,C,G,C,D,0,,Y,,,Y,,-,"- ",1,0,0,0,0,0,1,0,0,"- ","- ",,,"SAN FRANCISCO","SAN FRANCISCO",-122.44715881347656,37.789073944091797
9503200,2022,2022-09-21,3801,2022-08-01,1903,34,TRAFF,1,5,7,3801,0,0,0,,0,4B4C,"OFARRELL ST","HYDE ST",42.00,E,N,A,-,N,,,,,,,,,,N,2,0,1,2,A,-,03,22350,A,N,D,J,A,A,H,-,A,A,0,,,,,Y,,-,,1,0,0,0,0,0,0,0,0,"- ","- ",,,"SAN FRANCISCO","SAN FRANCISCO",-122.41611480712891,37.785408020019531
9503321,2022,2022-09-22,3801,2022-07-27,2307,979,TENDE,3,5,7,3801,0,0,0,,0,3J13E,"MCALLISTER ST","HYDE ST",0.00,,Y,B,-,N,,,,,,,,,,N,2,0,1,2,A,-,12,21453,A,N,D,J,A,A,H,-,C,A,0,,,,,Y,,-,,1,0,0,0,0,0,0,0,0,"- ","- ",,,"SAN FRANCISCO","SAN FRANCISCO",-122.41532135009766,37.780738830566406
9505121,2022,2022-10-10,3801,2022-06-14,2233,CATO250,NORTH,2,5,7,3801,0,0,0,,0,3E13E,"POLK ST","GROVE ST",0.00,,Y,A,-,N,,,,,,,,,,N,2,0,1,2,A,-,10,21950,A,N,G,B,B,A,H,-,C,A,0,Y,,,,Y,,A,01,1,0,0,0,1,0,0,0,0,"- ","- ",,,"SAN FRANCISCO","SAN FRANCISCO",-122.41822052001953,37.778480529785156
9505607,2022,2022-11-17,3801,2022-10-26,2210,2330,TARVA,3,5,7,3801,0,0,0,,0,3I13E,"TARAVAL ST","41ST AV",0.00,,Y,A,-,N,,,,,,,,,,N,2,0,1,2,A,-,17,21200,,N,D,G,A,A,H,-,C,A,0,,Y,,,Y,,L,04,1,0,0,0,0,0,1,0,0,"- ","- ",,,"SAN FRANCISCO","SAN FRANCISCO",-122.49925994873047,37.742012023925781
9505777,2022,2022-11-22,3801,2022-09-09,0734,1851,CENTR,5,5,7,3801,0,0,0,,0,3A15A,"CALIFORNIA ST","DRUMM ST",0.00,,Y,A,-,N,,,,,,,,,,N,2,0,1,2,A,-,10,21950,A,N,A,B,B,A,H,-,A,A,0,Y,,,,Y,,A,01,1,0,0,0,1,0,0,0,0,"- ","- ",,,"SAN FRANCISCO","SAN FRANCISCO",-122.39640808105469,37.793663024902344
9505785,2022,2022-11-08,3801,2022-09-30,2115,1544,CENTR,5,5,7,3801,0,0,0,,0,,"MARKET ST",SUTTER,39.00,W,N,A,-,N,,,,,,,,,,N,2,0,1,1,C,-,18,,,N,E,J,A,A,A,-,C,A,0,,Y,,,Y,,-,"- ",1,0,0,0,0,0,1,0,0,"- ","- ",,,"SAN FRANCISCO","SAN FRANCISCO",-122.40023803710938,37.79022216796875
9505811,2022,2022-11-28,3801,2022-10-22,2015,964,NORTH,6,5,7,3801,0,0,0,,0,3A14D,"FILLMORE ST","CALIFORNIA ST",8.00,S,N,A,-,N,,,,,,,,,,N,2,0,1,2,A,-,10,21950,A,N,G,B,B,A,H,-,C,A,0,Y,,,,Y,,A,01,1,0,0,0,1,0,0,0,0,"- ","- ",,,"SAN FRANCISCO","SAN FRANCISCO",-122.43381500244141,37.788887023925781
9505921,2022,2022-11-14,3801,2022-10-06,0405,101,INGLE,4,5,7,3801,0,0,0,,0,3HI2E,"GENEVA AV","MISSION ST",140.00,W,N,E,-,N,,,,,,,,,,Y,2,0,1,2,A,-,03,22350,,N,B,I,A,A,H,-,C,A,0,,,,,Y,,-,,1,0,0,0,0,0,0,0,0,"- ","- ",,,"SAN FRANCISCO","SAN FRANCISCO",-122.44120788574219,37.716739654541016
9505923,2022,2022-11-14,3801,2022-10-08,0234,1442,NORTH,6,5,7,3801,0,0,0,,0,3E13E,"FRANKLIN ST","PINE ST",0.00,,Y,A,-,N,,,,,,,,,,Y,2,0,2,2,A,-,12,21453,,N,D,D,A,A,H,-,C,A,0,,,,,Y,Y,A,01,2,0,0,0,0,0,0,0,0,"- ","- ",,,"SAN FRANCISCO","SAN FRANCISCO",-122.42377471923828,37.789207458496094
9505986,2022,2022-11-10,3801,2022-10-22,1956,,RICHM,6,5,7,3801,0,0,0,,0,,"PARK PRESIDIO BYPASS DR","CROSSOVER DR",300.00,N,N,A,-,N,,,,,,,,,,Y,2,0,1,1,A,-,03,22350,,N,E,I,A,A,H,-,C,D,0,,,,,Y,Y,A,01,1,0,0,0,0,0,0,0,0,"- ","- ",,,"SAN FRANCISCO","SAN FRANCISCO",-122.47927093505859,37.771968841552734
9506348,2022,2022-10-11,3801,2022-09-02,1815,2441,INGLE,5,5,7,3801,0,0,0,,0,3H15D,"ALEMANY BL","ONONDAGA AV",0.00,,Y,A,-,N,,,,,,,,,,N,2,0,1,2,A,-,10,21950,A,N,G,B,B,A,H,-,A,A,0,Y,,,,Y,,A,01,1,0,0,0,1,0,0,0,0,"- ","- ",,,"SAN FRANCISCO","SAN FRANCISCO",-122.43870544433594,37.721645355224609
9506354,2022,2023-02-02,3801,2022-09-01,1823,2046,NORTH,4,5,7,3801,0,0,0,,0,,"VALLEJO ST","POLK ST",0.00,,Y,A,-,N,,,,,,,,,,N,1,1,0,2,A,-,10,21950,A,N,G,B,B,A,H,-,A,A,0,Y,,,,Y,,A,01,0,0,0,1,0,0,0,0,0,"- ","- ",,,"SAN FRANCISCO","SAN FRANCISCO",-122.42195892333984,37.796886444091797
9506368,2022,2022-10-14,3801,2022-09-10,2500,1100,TENDE,6,5,7,3801,0,0,0,,0,3J4D,"MASON ST","GEARY ST",0.00,,Y,-,-,N,,,,,,,,,,N,2,0,1,2,A,-,10,21950,A,F,G,-,B,A,-,-,C,A,0,Y,,,,Y,Y,-,99,1,0,0,0,1,0,0,0,0,"- ","- ",,,"SAN FRANCISCO","SAN FRANCISCO",-122.40985870361328,37.787166595458984
9506397,2022,2022-12-06,3801,2022-09-04,1003,1438,INGLE,7,5,7,3801,0,0,0,,0,3CAR,"MISSION ST","TRUMBULL AV",0.00,,Y,A,-,N,,,,,,,,,,Y,2,0,1,3,A,-,08,22107,,N,C,E,A,A,H,-,A,D,0,,,,,Y,,A,07,1,0,0,0,0,0,0,0,0,"- ","- ",,,"SAN FRANCISCO","SAN FRANCISCO",-122.42925262451172,37.730781555175781
9506513,2022,2022-10-11,3801,2022-09-16,2306,1017,NORTH,5,5,7,3801,0,0,0,,0,3E6E,"FRANKLIN ST","BROADWAY ST",0.00,,Y,A,-,N,,,,,,,,,,Y,2,0,1,3,A,-,03,22350,,N,C,C,A,A,H,-,C,A,0,,,,,Y,,A,01,1,0,0,0,0,0,0,0,0,"- ","- ",,,"SAN FRANCISCO","SAN FRANCISCO",-122.42502593994141,37.795528411865234
9506545,2022,2022-10-10,3801,2022-09-26,1805,4041,TARAV,1,5,7,3801,0,0,0,,0,3I13D,"44TH AV","IRVING ST",0.00,,Y,A,-,N,,,,,,,,,,Y,2,0,1,2,A,-,09,21802,,N,D,-,A,A,H,-,A,A,0,,,Y,,Y,,A,01,1,0,0,0,0,0,0,0,1,"- ","- ",,,"SAN FRANCISCO","SAN FRANCISCO",-122.50392150878906,37.762378692626953
9506588,2022,2022-10-11,3801,2022-09-09,2130,1184,MISSI,5,5,7,3801,0,0,0,,0,3D15E,"13TH ST","MISSION ST",15.00,E,N,A,-,N,,,,,,,,,,N,2,0,1,2,A,-,12,21453,A,N,D,G,A,A,H,-,C,A,0,,Y,,,Y,,L,04,1,0,0,0,0,0,1,0,0,"- ","- ",,,"SAN FRANCISCO","SAN FRANCISCO",-122.41986846923828,37.769977569580078
9506625,2022,2022-10-10,3801,2022-09-08,0039,1926,NORTH,4,5,7,3801,0,0,0,,0,3E12E,"LAGUNA ST","TURK ST",0.00,,Y,A,-,N,,,,,,,,,,N,2,0,1,2,A,-,12,21453,A,N,D,G,A,A,H,-,C,A,0,,Y,,,Y,,L,04,1,0,0,0,0,0,1,0,0,"- ","- ",,,"SAN FRANCISCO","SAN FRANCISCO",-122.42720031738281,37.781116485595703
9506635,2022,2022-10-10,3801,2022-09-24,0218,2730,BAYVI,6,5,7,3801,0,0,0,,0,3C13E,"3RD ST","OAKDALE AV",0.00,,Y,A,-,N,,,,,,,,,,N,2,0,1,1,B,-,22,,,N,H,A,A,A,H,-,C,A,0,,,,,Y,,M,94,1,0,0,0,0,0,0,0,0,"- ","- ",,,"SAN FRANCISCO","SAN FRANCISCO",-122.39076995849609,37.734832763671875
9506691,2022,2022-10-14,3801,2022-09-12,1524,2740,TARAV,1,5,7,3801,0,0,0,,0,0I2,"TARAVAL ST","21ST AV",261.00,W,N,B,-,N,,,,,,,,,,Y,2,0,2,5,A,-,08,22107,,N,G,B,F,A,H,-,A,A,0,Y,,,,Y,,A,01,2,0,0,0,1,0,0,0,0,"- ","- ",,,"SAN FRANCISCO","SAN FRANCISCO",-122.47872924804688,37.742916107177734
9509954,2022,2022-12-30,3801,2022-11-10,0804,748,CENTR,4,5,7,3801,0,0,0,,0,3A44,"STOCKTON ST","CLAY ST",0.00,,Y,A,-,N,,,,,,,,,,N,2,0,1,2,A,-,12,21453,A,N,H,-,B,A,H,-,A,A,0,Y,Y,,,Y,,L,04,1,0,0,0,1,0,0,0,0,"- ","- ",,,"SAN FRANCISCO","SAN FRANCISCO",-122.40784454345703,37.7940673828125
9509981,2022,2022-12-16,3801,2022-11-25,1910,4115,CENTR,5,5,7,3801,0,0,0,,0,3A11D,"BROADWAY ST","POWELL ST",50.00,W,N,A,-,N,,,,,,,,,,Y,2,0,2,3,A,-,03,22350,,F,C,C,A,A,H,-,C,A,0,,,,,Y,,A,01,1,0,1,0,0,0,0,0,0,"- ","- ",,,"SAN FRANCISCO","SAN FRANCISCO",-122.41040802001953,37.797382354736328
9520246,2022,2023-01-18,3801,2022-10-31,2314,4119,TRAFF,1,5,7,3801,0,0,0,,0,4B3K,"MARKET ST","SANCHEZ ST",50.00,W,N,A,-,N,,,,,,,,,,Y,1,1,0,1,A,-,03,22350,,N,E,I,A,A,H,-,C,A,0,,,Y,,Y,,C,02,0,0,0,0,0,0,0,1,0,"- ","- ",,,"SAN FRANCISCO","SAN FRANCISCO",-122.43112182617188,37.765876770019531
9520251,2022,2023-01-18,3801,2022-12-06,2219,4175,TRAFF,2,5,7,3801,0,0,0,,0,4B4D,"GENEVA AV","NAPLES ST",22.00,E,N,A,-,N,,,,,,,,,,N,1,1,0,2,A,-,11,21954,A,N,G,B,B,A,H,-,C,A,0,Y,,,,Y,Y,N,60,0,0,0,1,0,0,0,0,0,"- ","- ",,,"SAN FRANCISCO","SAN FRANCISCO",-122.43612670898438,37.714179992675781
9520422,2022,2023-02-15,3801,2022-10-19,1104,4130,INGLE,3,5,7,3801,0,0,0,,0,5Z103,"JOHN F SHELLEY DR","MANSELL ST",115.00,N,N,A,-,N,,,,,,,,,,N,1,1,0,1,C,-,18,,,N,H,J,A,A,H,-,A,D,0,,Y,,,Y,,-,"- ",0,0,0,0,0,1,0,0,0,"- ","- ",,,"SAN FRANCISCO","SAN FRANCISCO",-122.41849517822266,37.719039916992188
9520434,2022,2023-02-22,3801,2022-12-07,1933,4119,TRAFF,3,5,7,3801,0,0,0,,0,4B103,"GENEVA AV","PRAGUE ST",486.00,E,N,A,-,N,,,,,,,,,,Y,1,1,0,3,A,-,11,21955,,F,G,B,D,A,H,-,C,D,0,Y,,,,Y,,N,60,0,0,0,1,0,0,0,0,0,"- ","- ",,,"SAN FRANCISCO","SAN FRANCISCO",-122.43033599853516,37.712448120117188
9520738,2023,2025-06-25,3801,2023-05-23,"105 ",917,TRAFF,2,5,7,3801,0,0,0,,0,4B2E,RT-101,"DIVISADERO ST",0.00,,Y,A,-,Y,SF,4,101,-,-,7.696,I,5,N,Y,1,1,0,2,A,-,01,23152,A,F,G,B,D,A,H,-,C,A,0,Y,,,,Y,Y,D,22,0,0,0,1,0,0,0,0,0,"- ","- ",,,"SAN FRANCISCO","SAN FRANCISCO",-122.44266510009766,37.799060821533203
9520739,2023,2025-06-25,3801,2023-05-23,1021,4036,TRAFF,2,5,7,3801,0,0,0,,0,4B2C,"16TH ST","POTRERO AV",0.00,,Y,A,-,N,,,,,,,,,,Y,1,1,4,5,A,-,12,21453,A,N,D,C,F,A,H,-,A,A,0,Y,,,,Y,,D,22,1,0,3,1,2,0,0,0,0,"- ","- ",,,"SAN FRANCISCO","SAN FRANCISCO",-122.40756225585938,37.765773773193359
9522389,2022,2022-12-12,3801,2022-10-16,0028,1372,INGLE,7,5,7,3801,0,0,0,,0,3H13E,"MISSION ST","MURRAY ST",0.00,,Y,A,-,N,,,,,,,,,,N,2,0,1,2,A,-,10,21950,A,F,G,B,B,A,H,-,C,A,0,Y,,,,Y,,A,01,1,0,0,0,1,0,0,0,0,"- ","- ",,,"SAN FRANCISCO","SAN FRANCISCO",-122.42644500732422,37.733669281005859
9522564,2022,2022-12-09,3801,2022-08-15,2115,2386,INGLE,1,5,7,3801,0,0,0,,0,3H15,"CAYUGA AV","GENEVA AV",0.00,,Y,A,-,N,,,,,,,,,,N,2,0,1,2,A,-,10,21950,A,F,G,B,B,A,H,-,C,A,0,Y,,,,Y,,-,,1,0,0,0,1,0,0,0,0,"- ","- ",,,"SAN FRANCISCO","SAN FRANCISCO",-122.44367980957031,37.718917846679688
9522567,2022,2022-12-22,3801,2022-08-25,2314,1833,NORTH,4,5,7,3801,0,0,0,,0,3E12E,"WEBSTER ST","FULTON ST",0.00,,Y,A,-,N,,,,,,,,,,N,2,0,1,1,A,-,03,22350,,N,F,A,A,A,A,-,C,A,0,,Y,,,Y,,L,04,1,0,0,0,0,0,1,0,0,"- ","- ",,,"SAN FRANCISCO","SAN FRANCISCO",-122.42990875244141,37.777912139892578
9531521,2022,2022-11-22,3801,2022-07-20,1830,1810,MISSI,3,5,7,3801,0,0,0,,0,3D14D,"21ST ST","MISSION ST",0.00,,Y,F,-,N,,,,,,,,,,N,2,0,1,2,A,-,17,22517,,N,H,G,A,-,G,-,-,-,0,,Y,,,Y,,A,07,1,0,0,0,0,0,1,0,0,"- ","- ",,,"SAN FRANCISCO","SAN FRANCISCO",-122.41891479492188,37.757015228271484
9532108,2022,2022-11-15,3801,2022-05-17,0104,2303,PARK,2,5,7,3801,0,0,0,,0,1CAR,"LINCOLN WY","3RD AV",0.00,,Y,A,-,N,,,,,,,,,,Y,2,0,1,1,A,-,03,22350,,N,A,I,A,A,H,-,C,D,0,,,,,Y,,A,01,1,0,0,0,0,0,0,0,0,"- ","- ",,,"SAN FRANCISCO","SAN FRANCISCO",-122.45993041992188,37.766170501708984
9536057,2022,2022-12-28,3801,2022-11-13,1604,1420,INGLE,7,5,7,3801,0,0,0,,0,3H11D,"MISSION ST","ADMIRAL AV",0.00,,Y,A,-,N,,,,,,,,,,Y,2,0,2,2,A,-,09,21801,A,N,D,C,A,A,H,-,A,D,0,,,,,Y,Y,A,01,1,0,1,0,0,0,0,0,0,"- ","- ",,,"SAN FRANCISCO","SAN FRANCISCO",-122.43015289306641,37.729862213134766
9543102,2022,2023-02-07,3801,2022-12-17,2500,2035,MISSI,6,5,7,3801,0,0,0,,0,3D16E,"MARKET ST","ROMAIN ST",34.00,N,N,A,-,N,,,,,,,,,,Y,2,0,1,1,A,-,03,22350,,N,-,I,A,A,H,-,C,D,0,,,,,Y,,A,07,1,0,0,0,0,0,0,0,0,"- ","- ",,,"SAN FRANCISCO","SAN FRANCISCO",-122.44112396240234,37.756282806396484
9543145,2022,2023-02-08,3801,2022-12-07,2304,2035,MISSI,3,5,7,3801,0,0,0,,0,,"HARRISON ST","MARIPOSA ST",104.00,S,N,A,-,N,,,,,,,,,,N,2,0,1,2,A,-,09,21804,,N,D,G,A,A,H,-,C,D,0,,Y,,,Y,,L,04,1,0,0,0,0,0,1,0,0,"- ","- ",,,"SAN FRANCISCO","SAN FRANCISCO",-122.41287231445312,37.762615203857422
9543174,2022,2023-02-02,3801,2022-12-05,2308,488,INGLE,1,5,7,3801,0,0,0,,0,3H15E,"S HILL BL","PRAGUE ST",0.00,,Y,C,-,N,,,,,,,,,,N,2,0,1,2,A,-,10,21950,A,N,G,B,B,B,H,-,C,A,0,Y,,,,Y,Y,A,01,1,0,0,0,1,0,0,0,0,"- ","- ",,,"SAN FRANCISCO","SAN FRANCISCO",-122.43231201171875,37.712230682373047
9543234,2022,2023-02-16,3801,2022-12-20,0850,00054,TARAV,2,5,7,3801,0,0,0,,0,3I16A,"RANDOLPH ST","VERNON ST",6.00,E,N,A,-,N,,,,,,,,,,N,2,0,1,2,A,-,10,21950,A,N,G,B,D,A,H,-,A,A,0,Y,,,,Y,,A,01,1,0,0,0,1,0,0,0,0,"- ","- ",,,"SAN FRANCISCO","SAN FRANCISCO",-122.46798706054688,37.714271545410156