CASE_ID,ACCIDENT_YEAR,PROC_DATE,JURIS,COLLISION_DATE,COLLISION_TIME,OFFICER_ID,REPORTING_DISTRICT,DAY_OF_WEEK,CHP_SHIFT,POPULATION,CNTY_CITY_LOC,SPECIAL_COND,BEAT_TYPE,CHP_BEAT_TYPE,CITY_DIVISION_LAPD,CHP_BEAT_CLASS,BEAT_NUMBER,PRIMARY_RD,SECONDARY_RD,DISTANCE,DIRECTION,INTERSECTION,WEATHER_1,WEATHER_2,STATE_HWY_IND,CALTRANS_COUNTY,CALTRANS_DISTRICT,STATE_ROUTE,ROUTE_SUFFIX,POSTMILE_PREFIX,POSTMILE,LOCATION_TYPE,RAMP_INTERSECTION,SIDE_OF_HWY,TOW_AWAY,COLLISION_SEVERITY,NUMBER_KILLED,NUMBER_INJURED,PARTY_COUNT,PRIMARY_COLL_FACTOR,PCF_CODE_OF_VIOL,PCF_VIOL_CATEGORY,PCF_VIOLATION,PCF_VIOL_SUBSECTION,HIT_AND_RUN,TYPE_OF_COLLISION,MVIW,PED_ACTION,ROAD_SURFACE,ROAD_COND_1,ROAD_COND_2,LIGHTING,CONTROL_DEVICE,CHP_ROAD_TYPE,PEDESTRIAN_ACCIDENT,BICYCLE_ACCIDENT,MOTORCYCLE_ACCIDENT,TRUCK_ACCIDENT,NOT_PRIVATE_PROPERTY,ALCOHOL_INVOLVED,STWD_VEHTYPE_AT_FAULT,CHP_VEHTYPE_AT_FAULT,COUNT_SEVERE_INJ,COUNT_VISIBLE_INJ,COUNT_COMPLAINT_PAIN,COUNT_PED_KILLED,COUNT_PED_INJURED,COUNT_BICYCLIST_KILLED,COUNT_BICYCLIST_INJURED,COUNT_MC_KILLED,COUNT_MC_INJURED,PRIMARY_RAMP,SECONDARY_RAMP,LATITUDE,LONGITUDE,COUNTY,CITY,POINT_X,POINT_Y
9543242,2022,2023-02-07,3801,2022-12-23,1634,2407,MISSI,5,5,7,3801,0,0,0,,0,3D11D,"GUERRERO ST","23RD ST",0.00,,Y,A,-,N,,,,,,,,,,Y,2,0,1,2,A,-,09,21801,A,N,D,C,A,A,H,-,A,A,0,,,Y,,Y,,A,01,1,0,0,0,0,0,0,0,1,"- ","- ",,,"SAN FRANCISCO","SAN FRANCISCO",-122.42303466796875,37.753559112548828
9543552,2022,2023-01-17,3801,2022-11-15,1958,104,TRAFF,2,5,7,3801,0,0,0,,0,104,"STANYAN ST","HAIGHT ST",0.00,,Y,A,-,N,,,,,,,,,,N,2,0,1,2,A,-,11,21453,D,N,D,B,D,A,H,-,C,A,0,Y,,,,Y,,A,01,1,0,0,0,1,0,0,0,0,"- ","- ",,,"SAN FRANCISCO","SAN FRANCISCO",-122.45352935791016,37.769149780273438
9543559,2022,2023-01-17,3801,2022-11-30,1000,2724,SOUTH,3,5,7,3801,0,0,0,,0,3B14A,"HARRISON ST","10TH ST",0.00,,Y,A,-,N,,,,,,,,,,N,2,0,1,2,A,-,10,21950,A,N,G,B,B,A,H,-,A,A,0,Y,,,,Y,,A,01,1,0,0,0,1,0,0,0,0,"- ","- ",,,"SAN FRANCISCO","SAN FRANCISCO",-122.41124725341797,37.771595001220703
9545387,2023,2023-02-28,3801,2023-01-01,1730,1696,NORTH,7,5,7,3801,0,0,0,,0,3E16D,"FRANCISCO ST","POLK ST",0.00,,Y,A,-,N,,,,,,,,,,N,2,0,1,2,A,-,12,22450,A,N,A,C,A,A,H,-,A,A,0,,,Y,,Y,,C,03,1,0,0,0,0,0,0,0,1,"- ","- ",,,"SAN FRANCISCO","SAN FRANCISCO",-122.42327117919922,37.803421020507812
9545391,2023,2023-03-06,3801,2023-01-23,2245,1871,INGLE,1,5,7,3801,0,0,0,,0,901,"BAYSHORE BL","VISITACION AV",0.00,,Y,A,-,N,,,,,,,,,,N,2,0,1,2,D,-,00,,,N,H,G,A,A,H,-,C,A,0,,Y,,,Y,,-,"- ",1,0,0,0,0,0,1,0,0,"- ","- ",,,"SAN FRANCISCO","SAN FRANCISCO",-122.40432739257812,37.710441589355469
9545531,2023,2023-02-25,3801,2023-01-06,1754,1878,SOUTH,5,5,7,3801,0,0,0,,0,0B4,"9TH ST","FOLSOM ST",0.00,,Y,A,-,N,,,,,,,,,,N,2,0,1,2,A,-,04,21703,,F,C,C,A,-,H,-,C,A,0,,,Y,,Y,,A,01,1,0,0,0,0,0,0,0,1,"- ","- ",,,"SAN FRANCISCO","SAN FRANCISCO",-122.41161346435547,37.773773193359375
9553761,2023,2023-04-05,3801,2023-02-04,"145 ",2142,NORTH,6,5,7,3801,0,0,0,,0,3E12E,"DIVISADERO ST","FULTON ST",67.00,S,N,A,-,N,,,,,,,,,,N,2,0,1,2,A,-,09,21804,A,F,B,G,A,A,H,-,C,A,0,,Y,,,Y,,A,01,1,0,0,0,0,0,1,0,0,"- ","- ",,,"SAN FRANCISCO","SAN FRANCISCO",-122.43812561035156,37.776679992675781
9553947,2023,2023-04-11,3801,2023-02-09,2055,1394,PARK,4,5,7,3801,0,0,0,,0,003,"SHRADER ST","HAIGHT ST",0.00,,Y,A,-,N,,,,,,,,,,N,2,0,1,2,A,-,10,21950,A,N,G,B,B,A,H,-,C,A,0,Y,,,,Y,,A,01,1,0,0,0,1,0,0,0,0,"- ","- ",,,"SAN FRANCISCO","SAN FRANCISCO",-122.45185852050781,37.769374847412109
9554111,2023,2023-03-16,3801,2023-02-26,"253 ",4325,NORTH,7,5,7,3801,0,0,0,,0,005,"LOMBARD ST","FILLMORE ST",114.00,W,N,A,-,N,,,,,,,,,,Y,2,0,1,2,A,-,11,21954,A,N,A,B,E,B,H,-,C,-,0,Y,,,,Y,Y,N,60,1,0,0,0,1,0,0,0,0,"- ","- ",,,"SAN FRANCISCO","SAN FRANCISCO",-122.43643951416016,37.799800872802734
9561215,2023,2023-04-24,3801,2023-03-21,"750 ",179,NORTH,2,5,7,3801,0,0,0,,0,3E12A,"FULTON ST","WEBSTER ST",6.00,W,N,C,-,N,,,,,,,,,,N,2,0,1,2,A,-,08,22107,,N,-,G,A,B,-,-,A,A,0,,Y,,,Y,,A,01,1,0,0,0,0,0,1,0,0,"- ","- ",,,"SAN FRANCISCO","SAN FRANCISCO",-122.429931640625,37.777908325195312
9568546,2023,2023-06-30,3801,2023-04-30,"224 ",2293,NORTH,7,5,7,3801,0,0,0,,0,1CAR,"VAN NESS AV","FELL ST",0.00,,Y,A,-,Y,SF,4,101,-,T,4.948,I,5,S,N,2,0,1,2,A,-,12,21453,A,F,G,B,B,A,H,-,C,A,0,Y,,,,Y,,-,99,1,0,0,0,1,0,0,0,0,"- ","- ",,,"SAN FRANCISCO","SAN FRANCISCO",-122.41959381103516,37.776355743408203
9573026,2023,2023-05-06,3801,2023-04-21,2358,2457,SOUTH,5,5,7,3801,0,0,0,,0,3B14E,"MARKERT ST","VALENCIA ST",0.00,,Y,A,-,N,,,,,,,,,,N,2,0,1,2,A,-,03,22350,,F,A,C,A,A,H,-,C,A,0,,,,,Y,,-,,1,0,0,0,0,0,0,0,0,"- ","- ",,,"SAN FRANCISCO","SAN FRANCISCO",-122.42262268066406,37.772548675537109
9573032,2023,2023-05-06,3801,2023-04-18,"549 ",1024,TARAV,2,5,7,3801,0,0,0,,0,3I1E,"19TH AV","KIRKHAM ST",0.00,,Y,A,-,N,,,,,,,,,,N,2,0,1,2,A,-,12,21453,A,N,D,G,A,A,H,-,B,A,0,,Y,,,Y,,L,04,1,0,0,0,0,0,1,0,0,"- ","- ",,,"SAN FRANCISCO","SAN FRANCISCO",-122.47682952880859,37.759834289550781
9573293,2023,2023-05-13,3801,2023-04-09,1851,1166,INGLE,7,5,7,3801,0,0,0,,0,3H16D,"MANSELL ST","VISITACION AV",79.00,N,N,A,-,N,,,,,,,,,,Y,2,0,1,1,A,-,01,23152,A,N,E,I,A,A,H,-,A,-,0,,,,,Y,Y,A,01,1,0,0,0,0,0,0,0,0,"- ","- ",,,"SAN FRANCISCO","SAN FRANCISCO",-122.411376953125,37.718727111816406
9573322,2023,2023-05-11,3801,2023-04-09,1416,2401,MISSI,7,5,7,3801,0,0,0,,0,3D44C,"19TH ST","LINDA ST",0.00,,Y,A,-,N,,,,,,,,,,Y,2,0,2,5,A,-,12,22450,A,N,D,C,A,A,H,-,A,A,0,,,,,Y,,A,01,1,0,1,0,0,0,0,0,0,"- ","- ",,,"SAN FRANCISCO","SAN FRANCISCO",-122.42285919189453,37.760021209716797
9573353,2023,2023-05-20,3801,2023-04-13,1717,1136,MISSI,4,5,7,3801,0,0,0,,0,3D15D,"SOUTH VAN NESS AV","23RD ST",35.00,S,N,A,-,N,,,,,,,,,,Y,2,0,1,3,A,-,03,22350,,N,C,C,A,-,H,-,A,A,0,,,,,Y,,A,01,1,0,0,0,0,0,0,0,0,"- ","- ",,,"SAN FRANCISCO","SAN FRANCISCO",-122.41642761230469,37.753864288330078
9575947,2023,2023-06-13,3801,2023-04-16,1855,2452,CENTR,7,5,7,3801,0,0,0,,0,3A12D,"KEARNEY ST","SUTTER ST",0.00,,Y,A,-,N,,,,,,,,,,Y,2,0,2,2,A,-,12,21453,A,N,D,C,A,A,H,-,A,A,0,,,,,Y,,A,01,1,0,1,0,0,0,0,0,0,"- ","- ",,,"SAN FRANCISCO","SAN FRANCISCO",-122.40383911132812,37.789829254150391
9576312,2023,2023-05-09,3801,2023-03-27,2018,4047,MISSI,1,5,7,3801,0,0,0,,0,3D16D,"SOUTH VAN NESS AV","16TH ST",0.00,,Y,A,-,N,,,,,,,,,,Y,2,0,2,2,A,-,12,21453,A,N,D,C,A,A,H,-,C,A,0,,,,,Y,,A,01,1,0,1,0,0,0,0,0,0,"- ","- ",,,"SAN FRANCISCO","SAN FRANCISCO",-122.41748809814453,37.765178680419922
9579939,2023,2023-06-21,3801,2023-05-03,1626,1339,TRAFF,3,5,7,3801,0,0,0,,0,4B3D,"GEARY BL","DIVISADERO ST",0.00,,Y,B,C,N,,,,,,,,,,Y,2,0,1,1,A,-,03,22350,,N,E,I,A,B,H,-,A,A,0,,,Y,,Y,,C,02,1,0,0,0,0,0,0,0,1,"- ","- ",,,"SAN FRANCISCO","SAN FRANCISCO",-122.43947601318359,37.783359527587891
9579969,2023,2023-06-16,3801,2023-05-17,"40  ",628,RICHM,3,5,7,3801,0,0,0,,0,,"CROSSOVER DR","FULTON ST",147.00,S,N,E,-,N,,,,,,,,,,Y,2,0,1,2,A,-,04,21703,,F,B,C,A,A,H,-,C,D,0,,,Y,,Y,,A,08,1,0,0,0,0,0,0,0,1,"- ","- ",,,"SAN FRANCISCO","SAN FRANCISCO",-122.48406219482422,37.772178649902344
9584161,2023,2023-05-23,3801,2023-03-23,"622 ",750,TENDE,4,5,7,3801,0,0,0,,0,,"7TH ST","STEVENSON ST",0.00,,Y,A,-,N,,,,,,,,,,N,2,0,1,2,A,-,00,21955,A,F,G,B,D,A,H,-,B,D,0,Y,,,,Y,,N,60,1,0,0,0,1,0,0,0,0,"- ","- ",,,"SAN FRANCISCO","SAN FRANCISCO",-122.41188812255859,37.779991149902344
9591070,2023,2023-07-14,3801,2023-06-11,2140,1179,BAYVI,7,5,7,3801,0,0,0,,0,3C11ED,"CESAR CHAVEZ ST","EVANS ST",0.00,,Y,E,-,N,,,,,,,,,,N,2,0,1,2,A,-,05,21650,1,F,A,G,A,A,H,-,C,D,0,,Y,,,Y,,L,04,1,0,0,0,0,0,1,0,0,"- ","- ",,,"SAN FRANCISCO","SAN FRANCISCO",-122.39731597900391,37.749691009521484
9591076,2023,2023-07-14,3801,2023-06-10,1430,719,CENTR,6,5,7,3801,0,0,0,,0,3A57,"THE EMBARCADERO NORTH","CHESTNUT ST",100.00,S,N,B,-,N,,,,,,,,,,N,2,0,1,1,A,-,03,22350,,N,H,J,A,A,H,-,A,D,0,,Y,,,Y,,L,04,1,0,0,0,0,0,1,0,0,"- ","- ",,,"SAN FRANCISCO","SAN FRANCISCO",-122.40316772460938,37.804855346679688
9591233,2023,2023-07-13,3801,2023-05-01,"621 ",1422,TRAFF,1,5,7,3801,0,0,0,,0,,"BRYANT ST","STERLING ST",0.00,,Y,A,-,N,,,,,,,,,,Y,2,0,2,1,A,-,03,22350,,N,E,I,A,A,H,-,A,A,0,,,,,Y,,A,01,1,0,1,0,0,0,0,0,0,"- ","- ",,,"SAN FRANCISCO","SAN FRANCISCO",,
9591240,2023,2023-07-17,3801,2023-05-30,"139 ",2451,TARAV,2,5,7,3801,0,0,0,,0,3I13E,"QUINTARA ST","39TH AV",0.00,,Y,A,-,N,,,,,,,,,,Y,2,0,1,1,A,-,01,23152,B,N,A,I,A,A,H,-,C,D,0,,,,,Y,Y,A,01,1,0,0,0,0,0,0,0,0,"- ","- ",,,"SAN FRANCISCO","SAN FRANCISCO",-122.49751281738281,37.747684478759766
9591625,2023,2023-07-14,3801,2023-06-01,2232,1806,BAYVI,4,5,7,3801,0,0,0,,0,3C13E,"EVANS ST","KEITH ST",471.00,W,N,A,-,N,,,,,,,,,,Y,2,0,1,2,A,-,01,23152,A,N,A,E,A,A,H,-,C,A,0,,,,Y,Y,Y,A,01,1,0,0,0,0,0,0,0,0,"- ","- ",,,"SAN FRANCISCO","SAN FRANCISCO",-122.38235473632812,37.739494323730469
9591818,2023,2023-07-19,3801,2023-05-29,"955 ",917,TRAFF,1,5,7,3801,0,0,0,,0,4B2E,"FULTON ST","10TH AV",0.00,,Y,A,-,N,,,,,,,,,,Y,2,0,1,2,A,-,12,21453,A,N,D,C,A,A,H,-,A,A,0,,,Y,,Y,,C,02,1,0,0,0,0,0,0,0,1,"- ","- ",,,"SAN FRANCISCO","SAN FRANCISCO",-122.46804046630859,37.773288726806641
9602201,2023,2023-08-14,3801,2023-07-12,1358,2195,NORTH,3,5,7,3801,0,0,0,,0,004,"DIVISADERO ST","CALIFORNIA ST",0.00,,Y,A,-,N,,,,,,,,,,Y,2,0,1,2,A,-,09,21801,A,N,D,C,A,A,H,-,A,A,0,,,Y,,Y,,-,,1,0,0,0,0,0,0,0,1,"- ","- ",,,"SAN FRANCISCO","SAN FRANCISCO",-122.44045257568359,37.788082122802734
9603687,2023,2023-08-11,3801,2023-07-13,1759,1857,NORTH,4,5,7,3801,0,0,0,,0,3E11E,"VAN NESS AV","MARKET ST",0.00,,Y,A,-,N,,,,,,,,,,N,2,0,1,2,A,-,08,22107,,F,D,G,A,A,H,-,A,A,0,,Y,,,Y,,A,01,1,0,0,0,0,0,1,0,0,"- ","- ",,,"SAN FRANCISCO","SAN FRANCISCO",-122.41925811767578,37.775169372558594
9603690,2023,2023-08-11,3801,2023-07-13,1906,171,CENTR,4,5,7,3801,0,0,0,,0,3CAR,"NORTH POINT ST","LEAVENWORTH ST",0.00,,Y,A,-,N,,,,,,,,,,N,2,0,2,3,A,-,10,21950,A,N,G,B,B,A,H,-,A,A,0,Y,,,,Y,,A,07,1,1,0,0,2,0,0,0,0,"- ","- ",,,"SAN FRANCISCO","SAN FRANCISCO",-122.41873168945312,37.805931091308594
9603784,2023,2023-08-18,3801,2023-07-08,"815 ",1653,INGLE,6,5,7,3801,0,0,0,,0,3H5A,"ALEMANY BL","ONONDAGA AV",0.00,,Y,B,-,N,,,,,,,,,,Y,2,0,1,2,A,-,12,21453,,F,D,C,A,A,H,-,A,A,0,,,,,Y,,A,01,1,0,0,0,0,0,0,0,0,"- ","- ",,,"SAN FRANCISCO","SAN FRANCISCO",-122.43870544433594,37.721645355224609
9603785,2023,2023-08-18,3801,2023-07-10,"747 ",1952,TENDE,1,5,7,3801,0,0,0,,0,901,"HYDE ST","MCALLISTER ST",0.00,,Y,B,-,N,,,,,,,,,,N,2,0,1,2,A,-,12,21453,A,F,G,B,B,A,H,-,-,A,0,Y,,,,Y,,A,01,1,0,0,0,1,0,0,0,0,"- ","- ",,,"SAN FRANCISCO","SAN FRANCISCO",-122.41532135009766,37.780738830566406
9624029,2023,2025-06-25,3801,2023-01-01,2019,4119,TRAFF,7,5,7,3801,0,0,0,,0,4B103,"POTRERO AV","ALAMEDA ST",5.00,S,N,A,-,N,,,,,,,,,,N,1,1,1,3,A,-,11,21456,A,F,G,B,B,A,H,-,C,A,0,Y,,,,Y,Y,N,60,0,0,1,1,1,0,0,0,0,"- ","- ",,,"SAN FRANCISCO","SAN FRANCISCO",-122.40779113769531,37.768367767333984
9624057,2023,2023-10-11,3801,2023-08-06,"10  ",917,TRAFF,7,5,7,3801,0,0,0,,0,4B2E,"FELL ST","VAN NESS AV",151.00,E,N,A,-,N,,,,,,,,,,Y,1,1,0,2,A,-,11,21954,A,F,G,B,E,A,H,-,C,D,0,Y,,,,Y,,N,60,0,0,0,1,0,0,0,0,0,"- ","- ",,,"SAN FRANCISCO","SAN FRANCISCO",-122.41898345947266,37.776439666748047
9624058,2023,2025-06-25,3801,2023-08-25,"610 ",4375,TRAFF,5,5,7,3801,0,0,0,,0,4BIF,RT-101,"MARIN ST",1.00,N,N,A,-,Y,SF,4,101,-,-,3.112,R,4,N,Y,1,1,0,2,A,-,11,21954,A,N,G,B,D,A,H,-,C,D,0,Y,,,,Y,,N,60,0,0,0,1,0,0,0,0,0,"- ","- ",,,"SAN FRANCISCO","SAN FRANCISCO",-122.40314483642578,37.750850677490234
9624200,2023,2025-06-27,3801,2023-08-14,2242,1422,TRAFF,1,5,7,3801,0,0,0,,0,04B,"HARRISON ST","7TH ST",25.00,N,N,A,-,N,,,,,,,,,,N,1,1,0,2,A,-,11,21954,A,F,G,B,E,A,H,-,C,A,0,Y,,,,Y,Y,N,60,0,0,0,1,0,0,0,0,0,"- ","- ",,,"SAN FRANCISCO","SAN FRANCISCO",-122.40621948242188,37.775588989257812
9624201,2023,2025-04-29,3801,2023-08-19,1845,917,TRAFF,6,5,7,3801,0,0,0,,0,4B2E,"LAKE MERCED BL","BROTHERHOOD WY",101.00,N,N,A,-,N,,,,,,,,,,Y,1,1,0,1,A,-,07,21658,A,N,E,I,A,A,H,-,B,D,0,,,Y,,Y,,C,02,0,0,0,0,0,0,0,1,0,"- ","- ",,,"SAN FRANCISCO","SAN FRANCISCO",-122.48523712158203,37.714996337890625
9624208,2023,2023-11-08,3801,2023-09-18,2342,1422,TRAFF,1,5,7,3801,0,0,0,,0,4B2F,"1ST ST","FOLSOM ST",135.00,S,N,A,-,N,,,,,,,,,,N,1,1,0,1,A,-,17,21235,G,N,E,J,A,A,H,-,C,-,0,,,Y,,Y,,C,03,0,0,0,0,0,0,0,1,0,"- ","- ",,,"SAN FRANCISCO","SAN FRANCISCO",-122.39414215087891,37.787055969238281
9626161,2023,2023-10-11,3801,2023-09-14,1551,1215,MISSI,4,5,7,3801,0,0,0,,0,003,"19TH ST","LINDA ST",0.00,,Y,A,-,N,,,,,,,,,,N,2,0,1,2,A,-,11,21954,A,N,G,B,D,A,H,-,A,D,0,Y,,,,Y,,N,60,1,0,0,0,1,0,0,0,0,"- ","- ",,,"SAN FRANCISCO","SAN FRANCISCO",-122.42285919189453,37.760021209716797
9626209,2023,2025-06-27,3801,2023-09-20,1328,1238,MISSI,3,5,7,3801,0,0,0,,0,3D11C,"18TH ST","VALENCIA ST",0.00,,Y,A,-,N,,,,,,,,,,N,1,1,0,2,A,-,10,21950,A,N,G,B,B,A,H,-,A,A,0,Y,,,,Y,,A,01,0,0,0,1,0,0,0,0,0,"- ","- ",,,"SAN FRANCISCO","SAN FRANCISCO",-122.42156219482422,37.761714935302734
9626226,2023,2023-10-11,3801,2023-09-07,2150,1402,SOUTH,4,5,7,3801,0,0,0,,0,3B13E,"HARRISON ST","1ST ST",0.00,,Y,A,-,N,,,,,,,,,,Y,2,0,1,2,A,-,12,21453,A,N,D,C,A,A,H,-,C,A,0,,,Y,,Y,,C,02,1,0,0,0,0,0,0,0,1,"- ","- ",,,"SAN FRANCISCO","SAN FRANCISCO",-122.39295959472656,37.786087036132812
9626238,2023,2023-10-11,3801,2023-09-23,"535 ",2307,NORTH,6,5,7,3801,0,0,0,,0,3E12E,"HAYES ST","POLK ST",51.00,W,N,A,-,N,,,,,,,,,,N,2,0,1,2,A,-,03,22350,,F,G,B,D,A,H,-,C,D,0,Y,,,,Y,,A,08,1,0,0,0,1,0,0,0,0,"- ","- ",,,"SAN FRANCISCO","SAN FRANCISCO",-122.418212890625,37.777488708496094
9626281,2023,2023-10-13,3801,2023-09-02,"407 ",2735,MISSI,6,5,7,3801,0,0,0,,0,3D13E,"FAIR OAKS ST","22ND ST",161.00,N,N,A,-,N,,,,,,,,,,Y,2,0,2,6,A,-,03,22350,,N,B,E,A,A,H,-,C,B,0,,,,,Y,,A,01,2,0,0,0,0,0,0,0,0,"- ","- ",,,"SAN FRANCISCO","SAN FRANCISCO",-122.42432403564453,37.755550384521484
9633472,2023,2023-12-12,3801,2023-10-15,1925,469,MISS,7,5,7,3801,0,0,0,,0,3D2D,"CLIPPER ST","DIAMOND HEIGHTS BL",0.00,,Y,A,-,N,,,,,,,,,,Y,2,0,1,2,A,-,09,21800,A,N,D,C,A,A,H,-,C,A,0,,,Y,,Y,,C,03,1,0,0,0,0,0,0,0,1,"- ","- ",,,"SAN FRANCISCO","SAN FRANCISCO",-122.44400787353516,37.746757507324219
9633683,2023,2023-11-21,3801,2023-10-17,1719,577,TARAV,2,5,7,3801,0,0,0,,0,0I6,"BROTHERHOOD WY","ARCH ST",101.00,W,N,A,-,N,,,,,,,,,,Y,2,0,1,2,A,-,04,21703,,N,C,C,A,A,H,-,A,D,0,,,,,Y,,A,01,1,0,0,0,0,0,0,0,0,"- ","- ",,,"SAN FRANCISCO","SAN FRANCISCO",-122.46743011474609,37.712356567382812
9633687,2023,2023-11-21,3801,2023-10-19,2018,1660,SOUTH,4,5,7,3801,0,0,0,,0,3B5D,"HOWARD ST",SPEAR,0.00,,Y,A,-,N,,,,,,,,,,N,2,0,1,2,A,-,09,21801,A,N,D,G,A,A,H,-,C,A,0,,Y,,,Y,,A,01,1,0,0,0,0,0,1,0,0,"- ","- ",,,"SAN FRANCISCO","SAN FRANCISCO",-122.39254760742188,37.791324615478516
9633777,2023,2023-11-27,3801,2023-10-04,"550 ",1150,PARK,3,5,7,3801,0,0,0,,0,3F13A,O'FARRELL,"SAINT JOSEPHS AV",0.00,,Y,A,-,N,,,,,,,,,,N,2,0,1,2,A,-,12,22450,A,F,G,B,B,A,H,-,D,A,0,Y,,,,Y,,-,,1,0,0,0,1,0,0,0,0,"- ","- ",,,"SAN FRANCISCO","SAN FRANCISCO",-122.44178009033203,37.78228759765625
9633791,2023,2024-01-06,3801,2023-10-06,1721,2407,MISSI,5,5,7,3801,0,0,0,,0,3D14D,"23RD ST","HAMPSHIRE ST",0.00,,Y,A,-,N,,,,,,,,,,Y,2,0,4,4,A,-,12,22450,A,N,D,C,A,-,H,-,A,A,0,,,,,Y,,A,01,1,0,3,0,0,0,0,0,0,"- ","- ",,,"SAN FRANCISCO","SAN FRANCISCO",-122.40747833251953,37.754524230957031
9633826,2023,2023-11-22,3801,2023-10-21,1708,1907,INGLE,6,5,7,3801,0,0,0,,0,3H15D,"MISSION ST","PERSIA AV",0.00,,Y,A,-,N,,,,,,,,,,N,2,0,1,2,A,-,08,22107,,N,D,C,A,A,H,-,A,D,0,,,,,Y,,A,07,1,0,0,0,0,0,0,0,0,"- ","- ",,,"SAN FRANCISCO","SAN FRANCISCO",-122.43596649169922,37.723140716552734
9633831,2023,2023-11-22,3801,2023-10-23,1521,1723,CENTR,1,5,7,3801,0,0,0,,0,001,"CALIFORNIA ST","LARKIN ST",0.00,,Y,A,-,N,,,,,,,,,,N,2,0,1,2,A,-,10,21950,A,N,A,B,B,A,H,-,A,A,0,Y,,,,Y,,A,01,1,0,0,0,1,0,0,0,0,"- ","- ",,,"SAN FRANCISCO","SAN FRANCISCO",-122.41903686523438,37.790794372558594
9633856,2023,2023-11-20,3801,2023-10-18,"815 ",899,NORTH,3,5,7,3801,0,0,0,,0,3E12A,"DIVISADERO ST","OFARRELL ST",12.00,S,N,A,-,N,,,,,,,,,,N,2,0,1,2,A,-,12,21453,A,N,D,G,A,A,H,-,A,A,0,,Y,,,Y,,L,04,1,0,0,0,0,0,1,0,0,"- ","- ",,,"SAN FRANCISCO","SAN FRANCISCO",-122.43929290771484,37.782398223876953
9634256,2023,2023-11-13,3801,2023-09-30,1601,364,SOUTH,6,5,7,3801,0,0,0,,0,3B16D,"TOWNSEND ST","4TH ST",0.00,,Y,A,-,N,,,,,,,,,,N,2,0,1,1,A,-,03,22350,,N,H,-,A,A,H,-,A,D,0,,,Y,,Y,,C,03,1,0,0,0,0,0,0,0,1,"- ","- ",,,"SAN FRANCISCO","SAN FRANCISCO",-122.39498901367188,37.777114868164062
9634539,2023,2024-01-20,3801,2023-11-20,"159 ",1480,MISSI,1,5,7,3801,0,0,0,,0,3D15E,"BRYANT ST","25TH ST",58.00,N,N,A,-,N,,,,,,,,,,Y,2,0,1,3,A,-,03,22350,,N,A,I,A,A,H,-,C,D,0,,,,,Y,Y,A,01,1,0,0,0,0,0,0,0,0,"- ","- ",,,"SAN FRANCISCO","SAN FRANCISCO",-122.40901184082031,37.751350402832031
9634722,2023,2024-01-20,3801,2023-11-17,2140,623,BAYVI,5,5,7,3801,0,0,0,,0,,"SAN BRUNO AV","BACON ST",0.00,,Y,C,-,N,,,,,,,,,,N,2,0,1,2,A,-,09,21804,,N,D,J,A,B,H,-,C,A,0,,,,,Y,,A,01,1,0,0,0,0,0,0,0,0,"- ","- ",,,"SAN FRANCISCO","SAN FRANCISCO",-122.40361022949219,37.727638244628906
9634765,2023,2023-12-19,3801,2023-11-12,1726,2440,CENTR,7,5,7,3801,0,0,0,,0,3A15A,"THE EMBARCADERO",BROADWAY,0.00,,Y,A,-,N,,,,,,,,,,N,2,0,1,2,A,-,12,21453,A,F,G,B,B,A,E,-,C,A,0,Y,,,,Y,,-,,1,0,0,0,1,0,0,0,0,"- ","- ",,,"SAN FRANCISCO","SAN FRANCISCO",-122.39775848388672,37.799182891845703
9634851,2023,2023-12-07,3801,2023-10-27,"839 ",764,PARK,5,5,7,3801,0,0,0,,0,3F13A,"HAIGHT ST","LYON ST",0.00,,Y,A,-,N,,,,,,,,,,Y,2,0,1,2,A,-,04,21703,,N,C,C,A,A,H,-,A,A,0,,,Y,,Y,,C,02,1,0,0,0,0,0,0,0,1,"- ","- ",,,"SAN FRANCISCO","SAN FRANCISCO",-122.44200897216797,37.770641326904297
9639718,2023,2024-01-17,3800,2023-10-11,1730,2445,SOUTH,3,5,7,3801,0,0,0,,0,,"4TH ST","BERRY ST",0.00,,Y,-,-,N,,,,,,,,,,N,2,0,1,2,A,-,00,21235,I,N,-,-,F,-,-,-,-,-,0,Y,,,,Y,,M,94,1,0,0,0,1,0,0,0,0,"- ","- ",,,"SAN FRANCISCO","SAN FRANCISCO",-122.39334106445312,37.775779724121094
9640372,2024,2024-04-10,3801,2024-02-25,1840,707,TRAFF,7,5,7,3801,0,0,0,,0,4B3G,"ALEMANY BL","ROUSSEAU ST",1.00,E,N,A,-,N,,,,,,,,,,N,1,1,0,2,A,-,10,21950,A,N,G,B,B,A,H,-,C,B,0,Y,,,,Y,,A,01,0,0,0,1,0,0,0,0,0,"- ","- ",,,"SAN FRANCISCO","SAN FRANCISCO",-122.42960357666016,37.731040954589844
9640903,2024,2024-09-17,3801,2024-06-17,2130,1435,TRAFF,1,5,7,3801,0,0,0,,0,4B4C,"TOLAND ST","JERROLD AV",5.00,W,N,A,-,N,,,,,,,,,,Y,1,1,0,2,A,-,10,21950,A,N,G,B,B,A,H,-,C,A,0,Y,,,,Y,,I,10,0,0,0,1,0,0,0,0,0,"- ","- ",,,"SAN FRANCISCO","SAN FRANCISCO",-122.39875030517578,37.74407958984375