CASE_ID,ACCIDENT_YEAR,PROC_DATE,JURIS,COLLISION_DATE,COLLISION_TIME,OFFICER_ID,REPORTING_DISTRICT,DAY_OF_WEEK,CHP_SHIFT,POPULATION,CNTY_CITY_LOC,SPECIAL_COND,BEAT_TYPE,CHP_BEAT_TYPE,CITY_DIVISION_LAPD,CHP_BEAT_CLASS,BEAT_NUMBER,PRIMARY_RD,SECONDARY_RD,DISTANCE,DIRECTION,INTERSECTION,WEATHER_1,WEATHER_2,STATE_HWY_IND,CALTRANS_COUNTY,CALTRANS_DISTRICT,STATE_ROUTE,ROUTE_SUFFIX,POSTMILE_PREFIX,POSTMILE,LOCATION_TYPE,RAMP_INTERSECTION,SIDE_OF_HWY,TOW_AWAY,COLLISION_SEVERITY,NUMBER_KILLED,NUMBER_INJURED,PARTY_COUNT,PRIMARY_COLL_FACTOR,PCF_CODE_OF_VIOL,PCF_VIOL_CATEGORY,PCF_VIOLATION,PCF_VIOL_SUBSECTION,HIT_AND_RUN,TYPE_OF_COLLISION,MVIW,PED_ACTION,ROAD_SURFACE,ROAD_COND_1,ROAD_COND_2,LIGHTING,CONTROL_DEVICE,CHP_ROAD_TYPE,PEDESTRIAN_ACCIDENT,BICYCLE_ACCIDENT,MOTORCYCLE_ACCIDENT,TRUCK_ACCIDENT,NOT_PRIVATE_PROPERTY,ALCOHOL_INVOLVED,STWD_VEHTYPE_AT_FAULT,CHP_VEHTYPE_AT_FAULT,COUNT_SEVERE_INJ,COUNT_VISIBLE_INJ,COUNT_COMPLAINT_PAIN,COUNT_PED_KILLED,COUNT_PED_INJURED,COUNT_BICYCLIST_KILLED,COUNT_BICYCLIST_INJURED,COUNT_MC_KILLED,COUNT_MC_INJURED,PRIMARY_RAMP,SECONDARY_RAMP,LATITUDE,LONGITUDE,COUNTY,CITY,POINT_X,POINT_Y
9641805,2023,2023-12-11,3801,2023-10-18,1111,1936,TRAFF,3,5,7,3801,0,0,0,,0,4B1D,BROADWAY,"EASTBOUND TUNNEL ENTRANCE",334.00,E,N,A,-,N,,,,,,,,,,Y,2,0,1,1,A,-,03,22350,,N,F,I,A,A,H,-,A,A,0,,,,,Y,,M,96,1,0,0,0,0,0,0,0,0,"- ","- ",,,"SAN FRANCISCO","SAN FRANCISCO",,
9641824,2023,2023-12-08,3801,2023-10-31,1442,2398,NORTH,2,5,7,3801,0,0,0,,0,0IE,"FRANKLIN ST","LINDEN ST",3.00,N,N,A,-,N,,,,,,,,,,N,2,0,1,2,A,-,17,21657,,N,A,G,A,A,H,-,A,A,0,,Y,,,Y,,L,04,1,0,0,0,0,0,1,0,0,"- ","- ",,,"SAN FRANCISCO","SAN FRANCISCO",-122.42124176025391,37.776626586914062
9641867,2023,2024-01-23,3801,2023-11-03,1045,1337,NORTH,5,5,7,3801,0,0,0,,0,0E2,"DIVISADERO ST","GEARY BL",0.00,,Y,A,-,N,,,,,,,,,,N,2,0,1,2,A,-,03,22350,,N,C,G,A,A,H,-,A,A,0,,Y,,,Y,,A,01,1,0,0,0,0,0,1,0,0,"- ","- ",,,"SAN FRANCISCO","SAN FRANCISCO",-122.43947601318359,37.783359527587891
9646227,2023,2024-01-12,3801,2023-11-30,1751,1851,TENDE,4,5,7,3801,0,0,0,,0,3J14D,"5TH ST","STEVENSON ST",0.00,,Y,A,-,N,,,,,,,,,,N,2,0,1,2,A,-,08,22105,,N,C,C,A,A,H,-,C,A,0,,,,,Y,,A,01,1,0,0,0,0,0,0,0,0,"- ","- ",,,"SAN FRANCISCO","SAN FRANCISCO",-122.40746307373047,37.783512115478516
9650250,2023,2024-01-11,3801,2023-11-21,1732,4175,TRAFF,2,5,7,3801,0,0,0,,0,4B4D,"GEARY BL","3RD AV",0.00,,Y,A,-,N,,,,,,,,,,Y,2,0,2,2,A,-,12,21453,A,N,D,C,A,A,H,-,C,A,0,,,Y,,Y,Y,C,02,1,1,0,0,0,0,0,0,1,"- ","- ",,,"SAN FRANCISCO","SAN FRANCISCO",-122.46106719970703,37.781227111816406
9650271,2023,2024-02-13,3801,2023-12-04,2020,19,BAYVI,1,5,7,3801,0,0,0,,0,901,"3RD ST","UNDERWOOD AV",0.00,,Y,A,-,N,,,,,,,,,,N,2,0,1,1,C,-,18,,,N,H,A,A,A,H,-,C,A,0,,Y,,,Y,,-,"- ",1,0,0,0,0,0,1,0,0,"- ","- ",,,"SAN FRANCISCO","SAN FRANCISCO",-122.39244842529297,37.730060577392578
9650299,2023,2024-02-05,3801,2023-12-04,"2   ",1565,SOUTH,1,5,7,3801,0,0,0,,0,3B12E,"BRANNAN ST","ZOE ST",55.00,W,N,A,-,N,,,,,,,,,,N,2,0,1,2,A,-,05,21650,1,N,A,G,A,A,H,-,C,D,0,,Y,,,Y,,L,04,1,0,0,0,0,0,1,0,0,"- ","- ",,,"SAN FRANCISCO","SAN FRANCISCO",-122.39546966552734,37.779190063476562
9659705,2024,2024-03-22,3801,2024-01-17,1504,1136,TENDE,3,5,7,3801,0,0,0,,0,3JI2D,"MARKET ST","ARRELL ST",0.00,,-,A,-,N,,,,,,,,,,N,2,0,1,2,A,-,11,21950,B,N,D,-,B,A,H,-,A,A,0,Y,,,,Y,,N,60,1,0,0,0,1,0,0,0,0,"- ","- ",,,"SAN FRANCISCO","SAN FRANCISCO",,
9666556,2024,2024-03-14,3801,2024-01-23,"700 ",640,MISSI,2,5,7,3801,0,0,0,,0,3D1A,"GUERRERO ST","16TH ST",0.00,,Y,A,-,N,,,,,,,,,,N,2,0,1,2,A,-,12,21453,A,N,D,C,A,A,H,-,B,A,0,,,,,Y,,-,,1,0,0,0,0,0,0,0,0,"- ","- ",,,"SAN FRANCISCO","SAN FRANCISCO",-122.42410278320312,37.764781951904297
9667175,2023,2024-02-21,3801,2023-12-17,1824,1994,TRAFF,7,5,7,3801,0,0,0,,0,4B3C,"SLOAT BL","19TH AV",0.00,,Y,C,-,N,,,,,,,,,,Y,2,0,1,2,A,-,09,21801,A,N,A,C,A,B,H,-,C,A,0,,,Y,,Y,,C,03,1,0,0,0,0,0,0,0,1,"- ","- ",,,"SAN FRANCISCO","SAN FRANCISCO",-122.47511291503906,37.734561920166016
9670572,2024,2024-03-14,3801,2024-01-09,"730 ",2163,TENDE,2,5,7,3801,0,0,0,,0,3J91A,"HYDE ST","EDDY ST",8.00,S,N,C,-,N,,,,,,,,,,N,2,0,1,2,A,-,03,22350,,N,G,B,E,B,H,-,B,A,0,Y,,,,Y,,N,60,1,0,0,0,1,0,0,0,0,"- ","- ",,,"SAN FRANCISCO","SAN FRANCISCO",-122.41588592529297,37.783489227294922
9670574,2024,2024-03-13,3801,2024-01-08,2229,2741,TENDE,1,5,7,3801,0,0,0,,0,3J14E,"EDDY ST","LEAVENWORTH ST",0.00,,Y,A,-,N,,,,,,,,,,N,2,0,1,2,A,-,10,21950,A,N,G,B,B,A,H,-,C,A,0,Y,,,,Y,,A,01,1,0,0,0,1,0,0,0,0,"- ","- ",,,"SAN FRANCISCO","SAN FRANCISCO",-122.41423797607422,37.783729553222656
9670580,2024,2024-03-15,3801,2024-01-07,"639 ",1351,MISSI,7,5,7,3801,0,0,0,,0,3D11A,"POTRERO AV","25TH ST",628.00,S,N,A,-,N,,,,,,,,,,N,2,0,1,2,A,-,00,21221,,N,A,B,E,A,H,-,C,D,0,Y,,,,Y,,N,60,1,0,0,0,1,0,0,0,0,"- ","- ",,,"SAN FRANCISCO","SAN FRANCISCO",-122.40585327148438,37.750057220458984
9673362,2024,2024-05-04,3801,2024-02-14,1819,1591,BAYVI,3,5,7,3801,0,0,0,,0,3C15D,"3RD ST","EVAN AV",0.00,,Y,C,-,N,,,,,,,,,,N,2,0,1,2,A,-,11,21456,A,F,G,B,B,B,H,-,C,A,0,Y,,,,Y,,N,60,1,0,0,0,1,0,0,0,0,"- ","- ",,,"SAN FRANCISCO","SAN FRANCISCO",-122.38801574707031,37.742733001708984
9673364,2024,2024-05-04,3801,2024-02-13,1000,1580,SOUTH,2,5,7,3801,0,0,0,,0,3B5A,"MARKET ST","VAN NESS AV",0.00,,Y,A,-,N,,,,,,,,,,N,2,0,1,2,A,-,05,21650,1,F,A,G,A,A,H,-,A,A,0,,Y,,,Y,,L,04,1,0,0,0,0,0,0,0,0,"- ","- ",,,"SAN FRANCISCO","SAN FRANCISCO",-122.41925811767578,37.775169372558594
9673379,2024,2024-05-01,3801,2024-02-14,2230,A22887,CENTR,3,5,7,3801,0,0,0,,0,3A13E,"POWELL ST","VALLEJO ST",58.00,S,N,A,-,N,,,,,,,,,,N,2,0,1,1,D,-,00,,,N,F,A,A,B,H,-,C,D,0,,,,,Y,Y,-,"- ",1,0,0,0,0,0,0,0,0,"- ","- ",,,"SAN FRANCISCO","SAN FRANCISCO",-122.41040802001953,37.798213958740234
9676925,2024,2024-05-28,3801,2024-04-27,"810 ",1203,MISSI,6,5,7,3801,0,0,0,,0,3D15A,"17TH ST","CHURCH ST",9.00,W,N,A,-,N,,,,,,,,,,N,2,0,1,2,A,-,03,22350,,N,H,I,A,A,H,-,A,A,0,,Y,,,Y,,L,04,1,0,0,0,0,0,1,0,0,"- ","- ",,,"SAN FRANCISCO","SAN FRANCISCO",-122.42854309082031,37.76287841796875
9676952,2024,2024-06-03,3801,2024-04-11,1854,2089,TENDE,4,5,7,3801,0,0,0,,0,"CO J/4","TURK ST","LEAVENWORTH ST",0.00,,Y,A,-,N,,,,,,,,,,N,2,0,1,2,A,-,11,21950,B,N,G,B,B,A,H,-,B,A,0,Y,,,,Y,,N,60,1,0,0,0,1,0,0,0,0,"- ","- ",,,"SAN FRANCISCO","SAN FRANCISCO",-122.41403961181641,37.782802581787109
9676958,2024,2024-06-25,3801,2024-04-14,1744,539,NORTH,7,5,7,3801,0,0,0,,0,NORTHE,"VAN NESS AV",BROADWAY,0.00,,Y,A,-,Y,SF,4,101,-,-,6.320,I,5,N,Y,2,0,1,2,A,-,12,21453,A,N,D,C,A,A,H,-,A,A,0,,,Y,,Y,,A,01,1,0,0,0,0,0,0,0,1,"- ","- ",,,"SAN FRANCISCO","SAN FRANCISCO",-122.42333221435547,37.795757293701172
9677046,2024,2024-05-31,3801,2024-04-09,1622,1920,BAYVI,2,5,7,3801,0,0,0,,0,3C13D,"ILLINOIS ST","CARGO WY",125.00,N,N,A,-,N,,,,,,,,,,N,2,0,1,1,A,-,03,22350,,N,E,A,A,A,H,-,A,D,0,,Y,,,Y,,L,04,1,0,0,0,0,0,1,0,0,"- ","- ",,,"SAN FRANCISCO","SAN FRANCISCO",-122.3861083984375,37.745704650878906
9682613,2023,2024-06-05,3801,2023-04-21,2208,1442,NORTH,5,5,7,3801,0,0,0,,0,3E3E,"POLK ST","MCALLISTER ST",0.00,,Y,A,-,N,,,,,,,,,,N,2,0,1,2,A,-,21,22106,,N,G,B,E,A,H,-,C,D,0,Y,,,,Y,,A,01,1,0,0,0,1,0,0,0,0,"- ","- ",,,"SAN FRANCISCO","SAN FRANCISCO",-122.41860198974609,37.7802734375
9686724,2024,2024-08-09,3801,2024-05-14,"329 ",2374,SOUTH,2,5,7,3801,0,0,0,,0,0B4,"MISSION ST","S VAN NESS AV",0.00,,Y,A,-,N,,,,,,,,,,,2,0,2,2,A,-,03,22350,,N,C,C,A,A,H,-,C,A,0,,,,,Y,,I,20,1,0,1,0,0,0,0,0,0,"- ","- ",,,"SAN FRANCISCO","SAN FRANCISCO",-122.41863250732422,37.773109436035156
9688682,2024,2024-07-03,3801,2024-03-11,"510 ",4347,TARAV,1,5,7,3801,0,0,0,,0,3111E,"TARAVAL ST","WAWONA ST",201.00,E,N,A,-,N,,,,,,,,,,N,2,0,1,2,A,-,11,21954,A,N,G,B,D,A,H,-,D,D,0,Y,,,Y,Y,,N,60,1,0,0,0,1,0,0,0,0,"- ","- ",,,"SAN FRANCISCO","SAN FRANCISCO",-122.46517944335938,37.743633270263672
9690991,2024,2024-07-02,3801,2024-03-08,1325,311,NORTH,5,5,7,3801,0,0,0,,0,3E13A,"VAN NESS AV","FERN ST",0.00,,Y,A,-,N,,,,,,,,,,N,2,0,1,2,A,-,09,21800,A,N,D,-,A,A,H,-,A,D,0,,Y,,,Y,,-,,1,0,0,0,0,0,1,0,0,"- ","- ",,,"SAN FRANCISCO","SAN FRANCISCO",-122.42182922363281,37.788021087646484
9691043,2024,2024-06-07,3801,2024-03-16,2202,1723,NORTH,6,5,7,3801,0,0,0,,0,006,"JACKSON ST","FRANKLIN ST",110.00,W,N,A,-,N,,,,,,,,,,Y,2,0,1,6,A,-,07,21658,,N,B,E,A,A,H,-,D,D,0,,,,,Y,,A,07,1,0,0,0,0,0,0,0,0,"- ","- ",,,"SAN FRANCISCO","SAN FRANCISCO",-122.42505645751953,37.793685913085938
9691129,2024,2024-04-10,3801,2024-02-29,1030,1949,BAYVI,4,5,7,3801,0,0,0,,0,3C12A,"INDUSTRIAL ST","INDUSTRIAL ST 211",0.00,,N,A,-,N,,,,,,,,,,Y,2,0,1,2,A,-,00,22352,,N,C,C,A,A,-,-,A,D,0,,,Y,,Y,,C,02,1,0,0,0,0,0,0,0,1,"- ","- ",,,"SAN FRANCISCO","SAN FRANCISCO",,
9691230,2024,2024-05-10,3801,2024-03-02,1904,704,BAYVI,6,5,7,3801,0,0,0,,0,3C4D,"GILMAN AVE","BILL WALSH WY",100.00,W,N,A,-,N,,,,,,,,,,N,2,0,1,2,A,-,03,22350,,F,C,B,E,B,H,-,C,D,0,Y,,,,Y,,-,,1,0,0,0,1,0,0,0,0,"- ","- ",,,"SAN FRANCISCO","SAN FRANCISCO",-122.38713073730469,37.717658996582031
9691231,2024,2024-05-10,3801,2024-03-17,1410,704,BAYVI,7,5,7,3801,0,0,0,,0,3C90A,"3RD ST","PALOU AV",50.00,N,N,A,-,N,,,,,,,,,,N,2,0,1,2,A,-,06,21755,A,F,B,B,E,A,H,-,A,D,0,Y,,,,Y,Y,A,01,1,0,0,0,1,0,0,0,0,"- ","- ",,,"SAN FRANCISCO","SAN FRANCISCO",-122.39101409912109,37.734172821044922
9695675,2024,2024-09-05,3801,2024-07-02,1700,262,TRAFF,2,5,7,3801,0,0,0,,0,4B1E,"CESAR CHAVEZ ST","MISSOURI ST",187.00,E,N,A,-,N,,,,,,,,,,Y,2,0,3,3,A,-,05,21460,A,N,A,C,A,A,H,-,A,D,0,,,,,Y,,A,01,1,1,1,0,0,0,0,0,0,"- ","- ",,,"SAN FRANCISCO","SAN FRANCISCO",-122.39467620849609,37.749855041503906
9699246,2024,2024-09-09,3801,2024-04-17,2132,2374,SOUTH,3,5,7,3801,0,0,0,,0,0B5,"16TH ST","RHODE ISLAND ST",0.00,,Y,A,-,N,,,,,,,,,,N,2,0,1,2,A,-,11,21453,D,N,G,B,B,A,H,-,C,A,0,Y,,,,Y,,N,60,1,0,0,0,1,0,0,0,0,"- ","- ",,,"SAN FRANCISCO","SAN FRANCISCO",-122.40267944335938,37.766098022460938
9702275,2024,2024-07-17,3801,2024-04-25,1815,1988,MISSI,4,5,7,3801,0,0,0,,0,3D11D,"GUERRERO ST","15TH ST",0.00,,Y,A,-,N,,,,,,,,,,Y,2,0,1,3,A,-,03,22350,,N,G,C,A,A,H,-,A,A,0,,,Y,Y,Y,,C,02,1,0,0,0,0,0,0,0,1,"- ","- ",,,"SAN FRANCISCO","SAN FRANCISCO",-122.42424011230469,37.766403198242188
9705139,2024,2024-07-18,3801,2024-05-15,1827,1534,INGLE,3,5,7,3801,0,0,0,,0,3H13D,"BOSWORTH ST","ARLINGTON ST",50.00,W,N,A,-,N,,,,,,,,,,N,2,0,1,1,A,-,"- ",,,N,B,A,A,A,H,-,A,D,0,,,Y,,Y,,C,02,1,0,0,0,0,0,0,0,1,"- ","- ",,,"SAN FRANCISCO","SAN FRANCISCO",-122.43308258056641,37.73333740234375
9705211,2024,2024-07-01,3801,2024-04-09,1034,2323,BAYVI,2,5,7,3801,0,0,0,,0,,"DARTMOUTH ST","FELTON ST",69.00,N,N,A,-,N,,,,,,,,,,N,2,0,1,2,A,-,03,22350,,N,D,E,A,A,H,-,A,D,0,,,Y,,Y,,C,02,1,0,0,0,0,0,0,0,1,"- ","- ",,,"SAN FRANCISCO","SAN FRANCISCO",-122.41256713867188,37.7281494140625
9705234,2024,2024-06-28,3801,2024-04-30,1905,2168,TENDE,2,5,7,3801,0,0,0,,0,3J12D,"ELLIS ST","LEAVENWORTH ST",0.00,,Y,A,-,N,,,,,,,,,,Y,2,0,1,4,A,-,08,22107,,N,H,D,A,A,H,-,B,A,0,,,,,Y,,A,01,1,0,0,0,0,0,0,0,0,"- ","- ",,,"SAN FRANCISCO","SAN FRANCISCO",-122.41442108154297,37.784671783447266
9708130,2024,2024-08-12,3801,2024-06-08,"357 ",141,INGLE,6,5,7,3801,0,0,0,,0,3H14E,"30TH ST","CASTRO ST",0.00,,Y,A,-,N,,,,,,,,,,Y,2,0,1,1,A,-,07,21658,A,N,E,J,A,A,F,-,C,D,0,,,,,Y,,A,01,1,0,0,0,0,0,0,0,0,"- ","- ",,,"SAN FRANCISCO","SAN FRANCISCO",-122.43325805664062,37.741859436035156
9708153,2024,2024-08-08,3801,2024-06-11,2119,1750,NORTH,2,5,7,3801,0,0,0,,0,0E5,"RICHARDSON ST","LYON ST",0.00,,Y,A,-,Y,SF,4,101,-,-,8.050,I,5,N,N,2,0,1,2,A,-,12,21453,A,N,D,G,A,A,H,-,C,A,0,,Y,,,Y,,L,04,1,0,0,0,0,0,1,0,0,"- ","- ",,,"SAN FRANCISCO","SAN FRANCISCO",-122.44791412353516,37.800971984863281
9708209,2024,2024-08-07,3801,2024-06-13,"356 ",2727,INGLE,4,5,7,3801,0,0,0,,0,3H61,"BAYSHORE BL","BLANKEN AV",0.00,,Y,A,-,N,,,,,,,,,,N,2,0,1,2,A,-,03,22350,,F,G,B,B,A,H,-,C,A,0,Y,,,,Y,,-,,1,0,0,0,1,0,0,0,0,"- ","- ",,,"SAN FRANCISCO","SAN FRANCISCO",-122.40158843994141,37.712539672851562
9708213,2024,2024-08-07,3801,2024-06-02,1619,4178,TRAFF,7,5,7,3801,0,0,0,,0,4B3A,"14TH ST","GUERRERO ST",0.00,,Y,A,-,N,,,,,,,,,,N,2,0,2,2,A,-,12,21453,A,N,D,G,A,A,H,-,A,A,0,,Y,,,Y,,L,04,1,0,1,0,0,0,1,0,0,"- ","- ",,,"SAN FRANCISCO","SAN FRANCISCO",-122.42440795898438,37.768024444580078
9710196,2024,2024-07-18,3801,2024-05-30,"831 ",4005,PARK,4,5,7,3801,0,0,0,,0,3F12A,"KEZAR DR","JFK DR",651.00,S,N,A,-,N,,,,,,,,,,Y,2,0,1,2,A,-,05,21460,A,N,A,C,A,A,H,-,A,D,0,,,,Y,Y,,A,01,1,0,0,0,0,0,0,0,0,"- ","- ",37.768978118896484,-122.45488739013672,"SAN FRANCISCO","SAN FRANCISCO",-122.45487213134766,37.769180297851562
9721825,2024,2024-09-09,3801,2024-07-05,"114 ",451,MISSI,5,5,7,3801,0,0,0,,0,3D16E,"SOUTH VAN NESS AV","16TH ST",0.00,,Y,A,-,N,,,,,,,,,,Y,1,1,1,2,A,-,09,21801,,F,A,C,A,A,-,-,C,A,0,,,Y,,Y,,A,01,1,0,0,0,0,0,0,1,1,"- ","- ",,,"SAN FRANCISCO","SAN FRANCISCO",-122.41748809814453,37.765178680419922
9721847,2024,2024-08-30,3801,2024-07-20,2256,4026,BAYVI,6,5,7,3801,0,0,0,,0,3C15E,"3RD ST","CARROLL AV",118.00,S,N,A,-,N,,,,,,,,,,Y,2,0,1,1,A,-,03,22350,,N,-,I,A,A,H,-,C,A,0,,,,,Y,,A,01,1,0,0,0,0,0,0,0,0,"- ","- ",,,"SAN FRANCISCO","SAN FRANCISCO",-122.39447021484375,37.725246429443359
9721850,2024,2024-08-30,3801,2024-07-20,1422,610,MISSI,6,5,7,3801,0,0,0,,0,3D41A,"GUERRERO ST","24TH ST",0.00,,Y,A,-,N,,,,,,,,,,Y,2,0,2,2,A,-,09,21801,A,N,D,I,A,A,H,-,A,A,0,,,,,Y,,A,01,1,0,1,0,0,0,0,0,0,"- ","- ",,,"SAN FRANCISCO","SAN FRANCISCO",-122.42286682128906,37.752002716064453
9721896,2024,2024-09-03,3801,2024-07-21,1906,4314,RICHM,7,5,7,3801,0,0,0,,0,0G3,"FULTON ST","15TH AV",0.00,,Y,B,-,N,,,,,,,,,,Y,2,0,1,2,A,-,08,22103,,N,D,C,A,A,H,-,A,D,0,,,Y,,Y,,A,07,1,0,0,0,0,0,0,0,1,"- ","- ",,,"SAN FRANCISCO","SAN FRANCISCO",-122.47344207763672,37.773063659667969
9721902,2024,2024-08-30,3801,2024-07-28,"21  ",1926,NORTH,7,5,7,3801,0,0,0,,0,3E12E,"GEARY BL","STEINER ST",0.00,,Y,A,-,N,,,,,,,,,,Y,2,0,1,2,A,-,11,21453,D,N,G,B,B,A,H,-,C,A,0,Y,,,,Y,,N,60,1,0,0,0,1,0,0,0,0,"- ","- ",,,"SAN FRANCISCO","SAN FRANCISCO",-122.43457794189453,37.784320831298828
9722429,2024,2024-09-19,3801,2024-08-06,1401,2460,SOUTH,2,5,7,3801,0,0,0,,0,3B14A,"VALENCIA ST","MCCOPPIN ST",160.00,S,N,A,-,N,,,,,,,,,,N,2,0,1,1,A,-,08,22107,,N,A,I,A,A,H,-,A,A,0,,,,,Y,,M,94,1,0,0,0,0,0,0,0,0,"- ","- ",,,"SAN FRANCISCO","SAN FRANCISCO",-122.4224853515625,37.771152496337891
9728885,2024,2024-08-30,3801,2024-07-11,1721,1246,BAYVI,4,5,7,3801,0,0,0,,0,3C15D,"CARROLL AV","JENNINGS ST",0.00,,Y,A,-,N,,,,,,,,,,Y,2,0,2,2,A,-,12,22450,A,N,D,C,A,A,H,-,A,A,0,,,Y,,Y,,C,02,1,0,1,0,0,0,0,0,1,"- ","- ",,,"SAN FRANCISCO","SAN FRANCISCO",-122.39151000976562,37.723896026611328
9729164,2024,2024-09-09,3801,2024-07-26,1509,704,BAYVI,5,5,7,3801,0,0,0,,0,3C14A,"3RD ST","KIRKWOOD AV",115.00,N,N,A,-,N,,,,,,,,,,Y,2,0,1,2,A,-,03,22350,,F,B,C,A,A,H,-,A,D,0,,,Y,,Y,,A,01,1,0,0,0,0,0,0,0,1,"- ","- ",,,"SAN FRANCISCO","SAN FRANCISCO",-122.38955688476562,37.738300323486328
9733948,2024,2024-09-18,3801,2024-08-27,1503,4335,RICHM,2,5,7,3801,0,0,0,,0,901,"30TH AV","ANZA ST",0.00,,Y,A,-,N,,,,,,,,,,,2,0,2,2,D,-,00,,,N,D,C,A,A,H,-,A,A,0,,,,,Y,,-,"- ",1,0,1,0,0,0,0,0,0,"- ","- ",,,"SAN FRANCISCO","SAN FRANCISCO",-122.48994445800781,37.777931213378906
9734070,2024,2024-09-19,3801,2024-08-14,"38  ",2497,BAYVI,3,5,7,3801,0,0,0,,0,3C12E,"BAYSHORE BL","HILTON ST",0.00,,Y,A,-,N,,,,,,,,,,N,2,0,1,2,A,-,08,22107,,F,B,G,A,A,H,-,C,D,0,,Y,,,Y,,-,,1,0,0,0,0,0,1,0,0,"- ","- ",,,"SAN FRANCISCO","SAN FRANCISCO",-122.40711212158203,37.738773345947266
9734076,2024,2024-09-19,3801,2024-08-13,1515,413,MISSI,2,5,7,3801,0,0,0,,0,3D45C,"18TH ST","MISSION ST",0.00,,Y,A,-,N,,,,,,,,,,Y,2,0,1,2,A,-,06,21755,,N,D,C,A,A,H,-,A,D,0,,,Y,,Y,,C,02,1,0,0,0,0,0,0,0,1,"- ","- ",,,"SAN FRANCISCO","SAN FRANCISCO",-122.41936492919922,37.7618408203125
9734978,2024,2024-10-14,3801,2024-09-14,1635,4314,RICHM,6,5,7,3801,0,0,0,,0,0G2,"GEARY BL","MASONIC AV",133.00,E,N,B,-,N,,,,,,,,,,Y,2,0,1,2,C,-,18,,,N,G,B,E,A,H,-,A,D,0,Y,,,,Y,Y,-,"- ",1,0,0,0,1,0,0,0,0,"- ","- ",,,"SAN FRANCISCO","SAN FRANCISCO",-122.44741058349609,37.782249450683594
9734979,2024,2024-10-18,3801,2024-09-26,"522 ",2722,CENTR,4,5,7,3801,0,0,0,,0,3A5E,"PINE ST","FRONT ST",0.00,,Y,B,-,N,,,,,,,,,,N,2,0,1,4,A,-,08,22107,,N,B,E,E,B,H,-,C,A,0,Y,,,Y,Y,,F,25,1,0,0,0,1,0,0,0,0,"- ","- ",,,"SAN FRANCISCO","SAN FRANCISCO",-122.39862060546875,37.792385101318359
9741667,2024,2024-10-09,3801,2024-08-30,1515,1144,RICHM,5,5,7,3801,0,0,0,,0,3G14D,"FULTON ST","17TH AV",0.00,,Y,A,-,N,,,,,,,,,,N,2,0,1,2,A,-,10,21950,A,N,G,B,B,A,H,-,A,D,0,Y,,,,Y,,A,01,1,0,0,0,1,0,0,0,0,"- ","- ",,,"SAN FRANCISCO","SAN FRANCISCO",-122.47563171386719,37.772945404052734
9742790,2024,2024-11-12,3801,2024-10-23,1628,2711,TENDE,3,5,7,3801,0,0,0,,0,3J14D,"MARKET ST","STOCKTON ST",0.00,,Y,A,-,N,,,,,,,,,,N,2,0,1,2,A,-,12,21453,A,N,G,-,B,A,H,-,A,A,0,Y,Y,,,Y,,L,04,1,0,0,0,1,0,0,0,0,"- ","- ",,,"SAN FRANCISCO","SAN FRANCISCO",-122.40589141845703,37.785697937011719
9742791,2024,2024-11-13,3801,2024-10-23,"932 ",1633,TENDE,3,5,7,3801,0,0,0,,0,3J11A,"MARKET ST","MCALLISTER ST",0.00,,Y,A,-,N,,,,,,,,,,N,2,0,1,1,A,-,17,21367,C,N,E,I,A,A,C,-,A,D,0,,Y,,,Y,,L,04,1,0,0,0,0,0,1,0,0,"- ","- ",,,"SAN FRANCISCO","SAN FRANCISCO",-122.41164398193359,37.781181335449219
9742802,2024,2024-11-06,3801,2024-10-21,"116 ",2149,NORTH,1,5,7,3801,0,0,0,,0,3E13E,"GOUGH ST","CLAY ST",0.00,,Y,A,-,N,,,,,,,,,,N,2,0,1,2,A,-,03,22350,,F,C,C,A,A,H,-,C,D,0,,,,,Y,,A,01,1,0,0,0,0,0,0,0,0,"- ","- ",,,"SAN FRANCISCO","SAN FRANCISCO",-122.42597961425781,37.791774749755859
9742815,2024,2024-11-06,3801,2024-10-27,1314,643,TARAV,7,5,7,3801,0,0,0,,0,3115A,"SKYLINE BL","GREAT HWY",470.00,S,N,A,-,N,,,,,,,,,,N,2,0,1,2,A,-,03,22350,,N,C,G,A,A,H,-,A,D,0,,Y,,,Y,,A,07,1,0,0,0,0,0,1,0,0,"- ","- ",,,"SAN FRANCISCO","SAN FRANCISCO",-122.50290679931641,37.723991394042969
9742817,2024,2024-11-06,3801,2024-10-26,"150 ",1454,NORTH,6,5,7,3801,0,0,0,,0,3E14E,"SACRAMENTO ST","VAN NESS AV",0.00,,Y,A,-,N,,,,,,,,,,Y,2,0,3,3,A,-,03,22350,,F,D,I,A,A,H,-,C,A,0,,,,,Y,,A,01,3,0,0,0,0,0,0,0,0,"- ","- ",,,"SAN FRANCISCO","SAN FRANCISCO",-122.42243957519531,37.791297912597656
9742829,2024,2024-11-15,3801,2024-10-25,1400,307,NORTH,5,5,7,3801,0,0,0,,0,3E13D,"VAN NESS AV","TURK ST",0.00,,Y,A,-,N,,,,,,,,,,N,2,0,1,1,A,-,03,22350,,N,H,A,A,A,B,-,A,A,0,,,,,Y,,M,94,1,0,0,0,0,0,0,0,0,"- ","- ",,,"SAN FRANCISCO","SAN FRANCISCO",-122.42057800292969,37.781936645507812