CASE_ID,ACCIDENT_YEAR,PROC_DATE,JURIS,COLLISION_DATE,COLLISION_TIME,OFFICER_ID,REPORTING_DISTRICT,DAY_OF_WEEK,CHP_SHIFT,POPULATION,CNTY_CITY_LOC,SPECIAL_COND,BEAT_TYPE,CHP_BEAT_TYPE,CITY_DIVISION_LAPD,CHP_BEAT_CLASS,BEAT_NUMBER,PRIMARY_RD,SECONDARY_RD,DISTANCE,DIRECTION,INTERSECTION,WEATHER_1,WEATHER_2,STATE_HWY_IND,CALTRANS_COUNTY,CALTRANS_DISTRICT,STATE_ROUTE,ROUTE_SUFFIX,POSTMILE_PREFIX,POSTMILE,LOCATION_TYPE,RAMP_INTERSECTION,SIDE_OF_HWY,TOW_AWAY,COLLISION_SEVERITY,NUMBER_KILLED,NUMBER_INJURED,PARTY_COUNT,PRIMARY_COLL_FACTOR,PCF_CODE_OF_VIOL,PCF_VIOL_CATEGORY,PCF_VIOLATION,PCF_VIOL_SUBSECTION,HIT_AND_RUN,TYPE_OF_COLLISION,MVIW,PED_ACTION,ROAD_SURFACE,ROAD_COND_1,ROAD_COND_2,LIGHTING,CONTROL_DEVICE,CHP_ROAD_TYPE,PEDESTRIAN_ACCIDENT,BICYCLE_ACCIDENT,MOTORCYCLE_ACCIDENT,TRUCK_ACCIDENT,NOT_PRIVATE_PROPERTY,ALCOHOL_INVOLVED,STWD_VEHTYPE_AT_FAULT,CHP_VEHTYPE_AT_FAULT,COUNT_SEVERE_INJ,COUNT_VISIBLE_INJ,COUNT_COMPLAINT_PAIN,COUNT_PED_KILLED,COUNT_PED_INJURED,COUNT_BICYCLIST_KILLED,COUNT_BICYCLIST_INJURED,COUNT_MC_KILLED,COUNT_MC_INJURED,PRIMARY_RAMP,SECONDARY_RAMP,LATITUDE,LONGITUDE,COUNTY,CITY,POINT_X,POINT_Y
9742833,2024,2024-11-07,3801,2024-10-23,2040,2147,NORTH,3,5,7,3801,0,0,0,,0,4CAR,"STEINER ST","BUSH ST",0.00,,Y,A,-,N,,,,,,,,,,Y,2,0,1,2,A,-,09,21801,A,N,A,C,A,A,H,-,C,A,0,,,Y,,Y,,A,07,1,0,0,0,0,0,0,0,1,"- ","- ",,,"SAN FRANCISCO","SAN FRANCISCO",-122.43511199951172,37.786823272705078
9742852,2024,2024-11-08,3801,2024-10-18,1708,3801,MISSI,5,5,7,3801,0,0,0,,0,3D16D,"16TH ST","POTRERO AV",0.00,,Y,A,-,N,,,,,,,,,,Y,2,0,1,2,A,-,09,21804,A,N,A,-,A,A,H,-,A,A,0,,,Y,,Y,,A,01,1,0,0,0,0,0,0,0,1,"- ","- ",,,"SAN FRANCISCO","SAN FRANCISCO",-122.40756225585938,37.765773773193359
9751133,2024,2024-12-12,3801,2024-11-06,1445,786,SOUTH,3,5,7,3801,0,0,0,,0,,"3RD ST","HARRISON ST",0.00,,Y,-,-,N,,,,,,,,,,N,2,0,1,2,A,-,10,21950,,N,G,B,B,A,H,-,A,A,0,Y,,,,Y,,-,,1,0,0,0,1,0,0,0,0,"- ","- ",,,"SAN FRANCISCO","SAN FRANCISCO",-122.39739227294922,37.782550811767578
9751146,2024,2024-12-13,3801,2024-11-02,1225,1591,PARK,6,5,7,3801,0,0,0,,0,3F13A,"OAK ST","BAKER ST",0.00,,Y,A,-,N,,,,,,,,,,N,2,0,1,2,A,-,09,21801,A,N,E,G,A,B,H,-,A,A,0,,Y,,,Y,,A,01,1,0,0,0,0,0,1,0,0,"- ","- ",37.772830963134766,-122.44078826904297,"SAN FRANCISCO","SAN FRANCISCO",-122.44075775146484,37.772701263427734
9751150,2024,2024-12-13,3801,2024-11-03,1230,826,INGLE,7,5,7,3801,0,0,0,,0,,"OCEAN AV","SAN JOSE AV",0.00,,Y,A,-,N,,,,,,,,,,N,2,0,1,2,A,-,08,22107,,N,G,B,D,A,H,-,A,A,0,Y,,,,Y,,A,01,1,0,0,0,1,0,0,0,0,"- ","- ",,,"SAN FRANCISCO","SAN FRANCISCO",-122.44480895996094,37.722934722900391
9751157,2024,2024-12-13,3801,2024-11-03,2052,1920,BAYVI,7,5,7,3801,0,0,0,,0,3C12E,"OAKDALE AV","3RD ST",68.00,W,N,A,-,N,,,,,,,,,,Y,2,0,1,4,A,-,03,22350,,F,G,B,E,A,H,-,C,D,0,Y,,,,Y,,B,01,1,0,0,0,1,0,0,0,0,"- ","- ",,,"SAN FRANCISCO","SAN FRANCISCO",-122.39096069335938,37.734939575195312
9751222,2024,2024-12-13,3801,2024-11-22,2009,2441,INGLE,5,5,7,3801,0,0,0,,0,3H13D,"MONTEREY BL","FOERSTER ST",0.00,,Y,C,G,N,,,,,,,,,,N,2,0,1,2,A,-,10,21950,A,F,G,B,B,B,H,-,C,A,0,Y,,,,Y,,-,99,1,0,0,0,1,0,0,0,0,"- ","- ",,,"SAN FRANCISCO","SAN FRANCISCO",-122.44886779785156,37.731544494628906
9751354,2024,2025-01-28,3801,2024-03-16,1213,1339,TRAFF,6,5,7,3801,0,0,0,,0,4B2A,"ULLOA ST","WEST PORTAL AV",184.00,W,N,A,-,N,,,,,,,,,,Y,1,4,1,5,A,-,03,22350,,N,E,I,F,A,H,-,A,D,0,Y,,,,Y,,A,07,1,0,0,4,0,0,0,0,0,"- ","- ",,,"SAN FRANCISCO","SAN FRANCISCO",-122.46633911132812,37.741165161132812
9751406,2024,2025-01-14,3801,2024-10-02,"57  ",1422,TRAFF,3,5,7,3801,0,0,0,,0,4B2F,"GEARY BL","25TH AV",3.00,W,N,A,-,N,,,,,,,,,,Y,1,1,0,2,A,-,11,21456,A,N,G,B,B,A,H,-,C,A,0,Y,,,,Y,,N,60,0,0,0,1,0,0,0,0,0,"- ","- ",,,"SAN FRANCISCO","SAN FRANCISCO",-122.48474884033203,37.780158996582031
9759464,2024,2025-01-29,3801,2024-11-02,"705 ",184,TENDE,6,5,7,3801,0,0,0,,0,3J12A,"6TH ST","STEVENSON ST",0.00,,Y,A,-,N,,,,,,,,,,Y,2,0,1,2,A,-,11,21456,A,N,B,B,B,B,D,-,C,A,0,Y,,,,Y,Y,N,60,1,0,0,0,1,0,0,0,0,"- ","- ",,,"SAN FRANCISCO","SAN FRANCISCO",-122.40966796875,37.781764984130859
9759472,2024,2025-01-13,3801,2024-11-23,1659,1926,NORTH,6,5,7,3801,0,0,0,,0,3E16D,"FRANKLIN ST","SACRAMENTO ST",0.00,,Y,C,-,N,,,,,,,,,,N,2,0,1,2,A,-,10,21950,A,N,G,B,B,B,H,-,A,A,0,Y,,,,Y,,A,01,1,0,0,0,1,0,0,0,0,"- ","- ",,,"SAN FRANCISCO","SAN FRANCISCO",-122.42416381835938,37.791088104248047
9759494,2024,2025-01-10,3801,2024-11-02,2340,1496,INGLE,6,5,7,3801,0,0,0,,0,0H5,"ALEMANY BL","ONONDAGA AV",0.00,,Y,A,-,N,,,,,,,,,,Y,2,0,2,4,A,-,03,22350,,N,D,E,A,A,H,-,C,D,0,,,,,Y,,A,01,1,0,1,0,0,0,0,0,0,"- ","- ",,,"SAN FRANCISCO","SAN FRANCISCO",-122.43870544433594,37.721645355224609
9759555,2024,2025-01-15,3801,2024-12-21,1300,798,NORTH,6,5,7,3801,0,0,0,,0,3E12D,"MASONIC AV","FULTON ST",0.00,,Y,B,C,N,,,,,,,,,,N,2,0,1,2,A,-,08,22107,,N,D,G,A,B,H,-,A,A,0,,Y,,,Y,,A,07,1,0,0,0,0,0,1,0,0,"- ","- ",,,"SAN FRANCISCO","SAN FRANCISCO",-122.44647216796875,37.775791168212891
9769427,2025,2025-02-11,3801,2025-01-09,1231,2431,NORTH,4,5,7,3801,0,0,0,,0,3E13A,"VAN NESS AV","GEARY ST",0.00,,Y,A,-,N,,,,,,,,,,N,2,0,1,2,A,-,11,21453,D,N,G,B,B,A,H,-,A,A,0,Y,,,,Y,,N,60,1,0,0,0,1,0,0,0,0,"- ","- ",,,"SAN FRANCISCO","SAN FRANCISCO",-122.42131805419922,37.785697937011719
9774510,2024,2025-01-17,3801,2024-09-13,"227 ",1308,SOUTH,5,5,7,3801,0,0,0,,0,3B11E,"EMBARCADERO SOUTH","BRYANT ST",0.00,,Y,A,-,N,,,,,,,,,,N,2,0,1,2,A,-,11,21954,A,N,D,B,D,A,H,-,C,A,0,Y,,,,Y,,N,60,1,0,0,0,1,0,0,0,0,"- ","- ",,,"SAN FRANCISCO","SAN FRANCISCO",-122.38801574707031,37.787094116210938
9776726,2025,2025-02-18,3801,2025-01-15,"628 ",230,TENDE,3,5,7,3801,0,0,0,,0,3J14A,"TURK ST","MASON ST",180.00,W,N,A,-,N,,,,,,,,,,N,2,0,1,2,A,-,05,21651,B,N,D,B,D,A,H,-,C,A,0,Y,,,,Y,,M,94,1,0,0,0,0,0,0,0,0,"- ","- ",,,"SAN FRANCISCO","SAN FRANCISCO",-122.40972900390625,37.783332824707031
9776729,2025,2025-02-07,3801,2025-01-14,1818,1075,TARAV,2,5,7,3801,0,0,0,,0,315D,"19TH AV","JUNIPERO SERRA BL",0.00,,Y,A,-,N,,,,,,,,,,N,2,0,1,2,A,-,11,21453,D,N,G,B,B,A,H,-,C,A,0,Y,,,,Y,,N,60,1,0,0,0,1,0,0,0,0,"- ","- ",,,"SAN FRANCISCO","SAN FRANCISCO",-122.47271728515625,37.717182159423828
9776746,2025,2025-02-11,3801,2025-01-13,2118,1803,RICHM,1,5,7,3801,0,0,0,,0,3G15E,"POINT LOBOS AV","POINT LOBOS AV 1067",0.00,,N,A,-,N,,,,,,,,,,Y,2,0,3,2,A,-,05,21460,,N,A,C,A,A,H,-,C,A,0,,,,,Y,,A,01,1,0,2,0,0,0,0,0,0,"- ","- ",,,"SAN FRANCISCO","SAN FRANCISCO",,
9776760,2025,2025-02-11,3801,2025-01-01,"30  ",230,TENDE,3,5,7,3801,0,0,0,,0,3J14D,"THE EMBARCADERO","FERRY PLAZA",100.00,N,N,A,-,N,,,,,,,,,,N,2,0,1,2,A,-,08,22107,,N,B,C,A,A,H,-,C,A,0,,,Y,,Y,,A,01,1,0,0,0,0,0,0,0,1,"- ","- ",,,"SAN FRANCISCO","SAN FRANCISCO",-122.39324951171875,37.794612884521484
9776767,2025,2025-02-11,3801,2025-01-07,1300,2747,TARAV,2,5,7,3801,0,0,0,,0,005,"LAKE MERCED BL","JOHN MUIR DR",0.00,,Y,A,-,N,,,,,,,,,,N,2,0,1,2,A,-,05,21650,1,N,A,G,A,A,H,-,A,D,0,,Y,,,Y,,L,04,1,0,0,0,0,0,1,0,0,"- ","- ",,,"SAN FRANCISCO","SAN FRANCISCO",-122.48574066162109,37.708110809326172
9776770,2025,2025-02-11,3801,2025-01-04,2030,2718,BAYVI,6,5,7,3801,0,0,0,,0,3C90A,"OAKSDALE AV","BALDWIN CT",287.00,E,N,-,-,N,,,,,,,,,,N,2,0,1,2,A,-,13,22515,A,N,G,B,E,A,H,-,C,D,0,Y,,,,Y,,A,01,1,0,0,0,1,0,0,0,0,"- ","- ",,,"SAN FRANCISCO","SAN FRANCISCO",-122.38059234619141,37.729030609130859
9776945,2024,2025-02-12,3801,2024-12-27,1918,1113,PARK,5,5,7,3801,0,0,0,,0,3F13D,"CLAYTON ST","WALLER ST",50.00,S,N,A,-,N,,,,,,,,,,,2,0,1,1,A,-,03,22350,,N,E,I,A,A,H,-,C,A,0,,,,,Y,Y,A,01,1,0,0,0,0,0,0,0,0,"- ","- ",,,"SAN FRANCISCO","SAN FRANCISCO",-122.4483642578125,37.768714904785156
9777995,2025,2025-03-12,3801,2025-01-25,1853,4104,PARK,6,5,7,3801,0,0,0,,0,3F13D,"PARKER AV","FULTON ST",100.00,N,N,A,-,N,,,,,,,,,,Y,2,0,1,3,A,-,06,21755,A,N,D,C,A,A,H,-,B,D,0,,,Y,,Y,,C,02,1,0,0,0,0,0,0,0,1,"- ","- ",,,"SAN FRANCISCO","SAN FRANCISCO",-122.45288848876953,37.775260925292969
9777997,2025,2025-03-12,3801,2025-01-31,1904,2240,NORTH,5,5,7,3801,0,0,0,,0,3E15D,"OCTAVIA ST","GREENWICH ST",0.00,,Y,C,-,N,,,,,,,,,,N,2,0,1,2,A,-,09,21804,A,N,G,B,B,B,H,-,C,D,0,Y,,Y,,Y,,-,"- ",1,0,0,0,1,0,0,0,0,"- ","- ",,,"SAN FRANCISCO","SAN FRANCISCO",-122.42926788330078,37.799800872802734
9779219,2025,2025-04-14,3801,2025-01-21,"611 ",1653,INGLE,2,5,7,3801,0,0,0,,0,3H11A,"GENEVA AV","CARTER ST",0.00,,Y,A,-,N,,,,,,,,,,N,1,1,0,2,A,-,10,21950,A,N,G,B,B,A,H,-,C,A,0,Y,,,,Y,,D,22,0,0,0,1,0,0,0,0,0,"- ","- ",,,"SAN FRANCISCO","SAN FRANCISCO",-122.42338562011719,37.709270477294922
9779225,2025,2025-02-12,3801,2025-01-14,"119 ",1480,MISSI,2,5,7,3801,0,0,0,,0,3D91,"HARRISON ST","17TH ST",0.00,,Y,A,-,N,,,,,,,,,,Y,2,0,2,2,A,-,12,21453,A,F,D,C,A,A,H,-,C,A,0,,,,,Y,,D,22,1,1,0,0,0,0,0,0,0,"- ","- ",,,"SAN FRANCISCO","SAN FRANCISCO",-122.41303253173828,37.764091491699219
9780284,2025,2025-03-13,3801,2025-02-14,2129,1252,RICHM,5,5,7,3801,0,0,0,,0,0G3,"PARK PRESIDIO BL","GEARY BL",11.00,N,N,A,-,N,,,,,,,,,,N,2,0,1,2,A,-,11,21453,D,N,G,-,B,A,H,-,C,A,0,Y,,,,Y,Y,N,60,1,0,0,0,1,0,0,0,0,"- ","- ",,,"SAN FRANCISCO","SAN FRANCISCO",-122.47234344482422,37.780750274658203
9780307,2025,2025-03-12,3801,2025-02-09,1530,1994,TRAFF,7,5,7,3801,0,0,0,,0,4B3C,"24TH ST","SOUTH VAN NESS",82.00,W,N,A,-,N,,,,,,,,,,Y,2,0,7,6,A,-,03,22350,,F,E,I,F,A,H,-,A,D,0,Y,,,,Y,,A,01,1,0,6,0,5,0,0,0,0,"- ","- ",,,"SAN FRANCISCO","SAN FRANCISCO",-122.41656494140625,37.752365112304688
9780326,2025,2025-03-11,3801,2025-02-25,1615,2398,NORTH,2,5,7,3801,0,0,0,,0,0E5,"RICHARDSON AV","LYON ST",0.00,,Y,A,-,N,,,,,,,,,,N,2,0,1,2,A,-,11,21456,A,N,A,B,B,A,H,-,A,A,0,Y,,,,Y,Y,N,60,1,0,0,0,1,0,0,0,0,"- ","- ",,,"SAN FRANCISCO","SAN FRANCISCO",-122.44764709472656,37.800739288330078
9780373,2025,2025-03-12,3801,2025-02-05,"629 ",623,BAYVI,3,5,7,3801,0,0,0,,0,3C13A,"EVANS AV","MENDELL ST",0.00,,Y,A,-,N,,,,,,,,,,Y,2,0,1,2,A,-,12,21453,,N,D,C,A,A,H,-,B,A,0,,,,,Y,,A,01,1,0,0,0,0,0,0,0,0,"- ","- ",,,"SAN FRANCISCO","SAN FRANCISCO",-122.38475799560547,37.740852355957031
9780488,2025,2025-03-13,3801,2025-01-20,1710,1147,TENDE,1,5,7,3801,0,0,0,,0,3J13D,"HYDE ST","ELLIS ST",93.00,S,N,A,-,N,,,,,,,,,,,2,0,1,1,A,-,"- ",,,N,E,A,A,A,B,-,A,D,0,,,,,Y,,M,94,1,0,0,0,0,0,0,0,0,"- ","- ",,,"SAN FRANCISCO","SAN FRANCISCO",-122.416015625,37.784198760986328
9780493,2025,2025-03-13,3801,2025-01-24,"740 ",1296,INGLE,5,5,7,3801,0,0,0,,0,3H16A,"BAYSHORE BL","LELAND AV",0.00,,Y,A,-,N,,,,,,,,,,Y,2,0,1,1,A,-,03,22350,,N,A,I,A,A,H,-,A,A,0,,,,,Y,,A,01,1,0,0,0,0,0,0,0,0,"- ","- ",,,"SAN FRANCISCO","SAN FRANCISCO",-122.40377044677734,37.711204528808594
9780497,2025,2025-03-13,3801,2025-01-20,2316,1226,SOUTH,1,5,7,3801,0,0,0,,0,1500,"EDDY ST","HYDE ST",0.00,,Y,-,-,N,,,,,,,,,,,2,0,1,2,A,-,12,21453,A,N,D,G,A,-,-,-,C,-,0,,Y,,,Y,,A,01,1,0,0,0,0,0,1,0,0,"- ","- ",,,"SAN FRANCISCO","SAN FRANCISCO",-122.41588592529297,37.783512115478516
9780499,2025,2025-03-13,3801,2025-01-27,1500,1374,TARAV,1,5,7,3801,0,0,0,,0,3100,"IRVING ST","FUNSTON AV",0.00,,Y,A,-,N,,,,,,,,,,N,2,0,1,2,A,-,03,22350,,F,B,G,A,A,H,-,A,A,0,,Y,,,Y,,A,01,1,0,0,0,0,0,1,0,0,"- ","- ",,,"SAN FRANCISCO","SAN FRANCISCO",-122.47060394287109,37.763847351074219
9786076,2024,2025-03-24,3801,2024-10-25,"652 ",1936,TRAFF,5,5,7,3801,0,0,0,,0,4B1D,"GEARY BL","BRODERICK ST",51.00,W,N,A,-,N,,,,,,,,,,Y,1,1,0,2,A,-,11,21955,,N,G,B,D,A,H,-,C,D,0,Y,,,,Y,,N,60,0,0,0,1,0,0,0,0,0,"- ","- ",,,"SAN FRANCISCO","SAN FRANCISCO",-122.44130706787109,37.783130645751953
9786254,2024,2025-06-10,3801,2024-11-25,"121 ",917,TRAFF,1,5,7,3801,0,0,0,,0,4B2E,"JULES AV","GRAFTON AV",0.00,,Y,A,-,N,,,,,,,,,,Y,1,2,3,5,A,-,01,23152,A,N,D,C,A,A,H,-,C,A,0,,,,,Y,Y,A,01,1,1,1,0,0,0,0,0,0,"- ","- ",,,"SAN FRANCISCO","SAN FRANCISCO",-122.46124267578125,37.719997406005859
9786283,2024,2025-07-09,3801,2024-11-23,"210 ",917,TRAFF,6,5,7,3801,0,0,0,,0,4B2E,"POTRERO AV","24TH ST",116.00,N,N,B,-,N,,,,,,,,,,Y,1,1,1,1,A,-,01,23152,A,N,E,I,A,B,H,-,C,D,0,,,,,Y,,A,01,1,0,0,0,0,0,0,0,0,"- ","- ",,,"SAN FRANCISCO","SAN FRANCISCO",-122.40635681152344,37.753307342529297
9786285,2024,2025-05-20,3801,2024-11-24,"240 ",917,TRAFF,7,5,7,3801,0,0,0,,0,4B2E,"16TH ST","RONDEL PL",10.00,W,N,A,-,N,,,,,,,,,,Y,1,1,0,2,A,-,11,21954,A,N,G,B,E,A,H,-,C,D,0,Y,,,,Y,,N,60,0,0,0,1,0,0,0,0,0,"- ","- ",,,"SAN FRANCISCO","SAN FRANCISCO",-122.42127227783203,37.764945983886719
9786422,2024,2025-07-18,3801,2024-11-29,1347,4178,TRAFF,5,5,7,3801,0,0,0,,0,4B3A,"MISSION ST","PERSIA AV",0.00,,Y,A,-,N,,,,,,,,,,Y,1,1,0,2,A,-,12,21453,A,N,D,C,A,A,H,-,A,A,0,,,Y,,Y,,A,07,0,0,0,0,0,0,0,1,0,"- ","- ",,,"SAN FRANCISCO","SAN FRANCISCO",-122.43596649169922,37.723140716552734
9788788,2025,2025-05-13,3801,2025-04-17,1323,1641,NORTH,4,5,7,3801,0,0,0,,0,3E13A,"BUSH ST","GOUGH ST",0.00,,Y,A,-,N,,,,,,,,,,N,2,0,1,2,A,-,10,21950,A,F,G,B,C,A,H,-,A,A,0,Y,,,,Y,,A,01,1,0,0,0,1,0,0,0,0,"- ","- ",,,"SAN FRANCISCO","SAN FRANCISCO",-122.42523956298828,37.788066864013672
9788836,2025,2025-05-12,3801,2025-04-16,1149,1927,INGLE,3,5,7,3801,0,0,0,,0,,"ALEMANY BL","NAGLEE AV",0.00,,Y,A,-,N,,,,,,,,,,,2,0,1,2,A,-,09,21801,A,N,D,G,A,A,H,-,A,D,0,,Y,,,Y,,A,01,1,0,0,0,0,0,1,0,0,"- ","- ",,,"SAN FRANCISCO","SAN FRANCISCO",-122.44901275634766,37.713943481445312
9797043,2025,2025-04-10,3801,2025-03-09,2108,2094,TENDE,7,5,7,3801,0,0,0,,0,3J13E,"HYDE ST","MCALLISTER ST",0.00,,Y,A,-,N,,,,,,,,,,N,2,0,1,2,A,-,12,21453,A,F,D,G,A,A,H,-,C,A,0,,Y,,,Y,,L,04,1,0,0,0,0,0,1,0,0,"- ","- ",,,"SAN FRANCISCO","SAN FRANCISCO",-122.41532135009766,37.780738830566406
9797058,2025,2025-04-10,3801,2025-03-08,1640,1357,NORTH,6,5,7,3801,0,0,0,,0,3E1D,"HAIGHT ST","DIVISADERO ST",40.00,W,N,A,-,N,,,,,,,,,,N,2,0,1,1,B,-,22,,,N,H,-,A,A,H,-,A,D,0,,Y,,,Y,,L,04,1,0,0,0,0,0,1,0,0,"- ","- ",,,"SAN FRANCISCO","SAN FRANCISCO",-122.43717956542969,37.771251678466797
9797061,2025,2025-04-09,3801,2025-03-11,1945,438,NORTH,2,5,7,3801,0,0,0,,0,3E12D,"EDDY ST","WEBSTER ST",0.00,,Y,A,-,N,,,,,,,,,,Y,2,0,3,4,A,-,09,21801,A,N,D,C,A,A,H,-,C,A,0,,,,,Y,,A,01,1,0,2,0,0,0,0,0,0,"- ","- ",,,"SAN FRANCISCO","SAN FRANCISCO",-122.43067169189453,37.781623840332031
9797176,2025,2025-04-08,3801,2025-02-07,"634 ",2198,MISSI,5,5,7,3801,0,0,0,,0,3D15A,"STEVENSON ST","14TH ST",53.00,N,N,C,-,N,,,,,,,,,,N,2,0,1,2,A,-,11,21950,B,N,G,B,E,B,H,-,C,A,0,Y,,,,Y,,N,60,1,0,0,0,1,0,0,0,0,"- ","- ",,,"SAN FRANCISCO","SAN FRANCISCO",-122.42138671875,37.768344879150391
9797693,2025,2025-09-08,3801,2025-03-14,1429,4119,TRAFF,5,5,7,3801,0,0,0,,0,4B103,"GEARY BL","39TH AV",8.00,W,N,A,-,N,,,,,,,,,,N,1,1,0,2,A,-,10,21950,A,N,A,B,B,A,H,-,A,D,0,Y,,,,Y,,D,22,0,0,0,1,0,0,0,0,0,"- ","- ",,,"SAN FRANCISCO","SAN FRANCISCO",-122.49972534179688,37.779399871826172
9800621,2025,2025-04-17,3801,2025-03-23,1625,2110,SOUTH,7,5,7,3801,0,0,0,,0,004,"VAN NESS AV","MARKET ST",0.00,,Y,A,-,Y,SF,4,101,-,T,4.860,I,5,S,N,2,0,1,2,A,-,10,21950,A,N,G,B,B,A,H,-,A,A,0,Y,,Y,,Y,,C,02,1,0,0,0,1,0,0,0,0,"- ","- ",,,"SAN FRANCISCO","SAN FRANCISCO",-122.41934204101562,37.775142669677734
9800814,2025,2025-07-16,3801,2025-04-13,"521 ",308,RICHM,7,5,7,3801,0,0,0,,0,3G15E,"PARK PRESIDIO BY PASS","FULTON ST",98.00,S,N,A,-,Y,SF,4,1,-,-,5.000,I,6,N,Y,2,0,2,4,A,-,03,22350,,F,C,C,A,A,H,-,C,A,0,,,,,Y,,A,01,1,0,1,0,0,0,0,0,0,"- ","- ",,,"SAN FRANCISCO","SAN FRANCISCO",-122.47170257568359,37.773200988769531
9804713,2025,2025-05-23,3801,2025-04-04,2120,1925,CENTR,5,5,7,3801,0,0,0,,0,3A15D,"BATTERY ST","SACRAMENTO ST",0.00,,Y,A,-,N,,,,,,,,,,Y,2,0,1,2,A,-,12,21453,A,N,D,G,A,A,H,-,C,A,0,,Y,,,Y,,L,04,1,0,0,0,0,0,1,0,0,"- ","- ",,,"SAN FRANCISCO","SAN FRANCISCO",-122.40016174316406,37.794178009033203
9810600,2025,2025-06-19,3801,2025-05-02,2031,276,NORTH,5,5,7,3801,0,0,0,,0,3E12D,"DIVISADERO ST","FULTON ST",0.00,,Y,A,-,N,,,,,,,,,,N,2,0,1,2,A,-,09,21801,,N,-,G,A,A,H,-,C,A,0,,Y,,,Y,,A,01,1,0,0,0,0,0,1,0,0,"- ","- ",,,"SAN FRANCISCO","SAN FRANCISCO",-122.43816375732422,37.776859283447266
9811353,2025,2025-07-14,3801,2025-04-30,2117,625,NORTH,3,5,7,3801,0,0,0,,0,3CAR,"FRANKLIN ST","OFARRELL ST",1.00,N,N,A,-,N,,,,,,,,,,N,2,0,1,2,A,-,10,21950,A,N,G,B,B,A,H,-,C,A,0,Y,,,,Y,,A,01,1,0,0,0,1,0,0,0,0,"- ","- ",,,"SAN FRANCISCO","SAN FRANCISCO",-122.42282867431641,37.784553527832031
9811382,2025,2025-07-18,3801,2025-06-07,2055,34,TRAFF,6,5,7,3801,0,0,0,,0,4B4A,"VALENCIA ST","20TH ST",0.00,,Y,A,-,N,,,,,,,,,,N,2,0,1,2,A,-,03,22350,,N,A,C,A,A,H,-,C,A,0,,,Y,,Y,,C,02,1,0,0,0,0,0,0,0,1,"- ","- ",,,"SAN FRANCISCO","SAN FRANCISCO",-122.42125701904297,37.758510589599609
9811785,2025,2025-07-24,3801,2025-06-14,1155,2215,TENDE,6,5,7,3801,0,0,0,,0,,"HYDE ST","TURK ST",0.00,,-,A,-,N,,,,,,,,,,N,2,0,1,2,A,-,17,21235,G,N,D,B,F,A,H,-,A,-,0,Y,,,,Y,,M,94,1,0,0,0,1,0,0,0,0,"- ","- ",,,"SAN FRANCISCO","SAN FRANCISCO",-122.41569519042969,37.782566070556641
9811819,2025,2025-07-17,3801,2025-05-30,2213,1680,MISSI,5,5,7,3801,0,0,0,,0,3D16E,"FOLSOM ST","18TH ST",0.00,,Y,A,-,N,,,,,,,,,,N,2,0,1,2,A,-,08,22107,,N,H,-,A,A,H,-,C,A,0,,,,,Y,,A,01,1,0,0,0,0,0,0,0,0,"- ","- ",,,"SAN FRANCISCO","SAN FRANCISCO",-122.41499328613281,37.762100219726562
9816530,2025,2025-06-17,3801,2025-05-22,2104,964,NORTH,4,5,7,3801,0,0,0,,0,3E14D,"DIVISADERO ST","GEARY ST",0.00,,Y,A,-,N,,,,,,,,,,N,2,0,1,2,A,-,11,21453,D,N,G,B,B,A,H,-,C,A,0,Y,,,,Y,,N,60,1,0,0,0,1,0,0,0,0,"- ","- ",,,"SAN FRANCISCO","SAN FRANCISCO",-122.43947601318359,37.783359527587891
9817446,2025,2025-06-13,3801,2025-05-17,"159 ",4375,TRAFF,6,5,7,3801,0,0,0,,0,4B2F,"SUNSET BL","SANTIAGO ST",156.00,N,N,A,-,N,,,,,,,,,,Y,2,0,5,2,A,-,01,23152,A,N,C,C,A,A,H,-,C,A,0,,,,,Y,Y,A,01,3,0,2,0,0,0,0,0,0,"- ","- ",,,"SAN FRANCISCO","SAN FRANCISCO",-122.49468231201172,37.744525909423828
9817525,2025,2025-06-13,3801,2025-04-27,1554,1856,INGLE,7,5,7,3801,0,0,0,,0,0H1,"BOCANA ST","WOOL ST",0.00,,Y,B,-,N,,,,,,,,,,N,2,0,1,1,A,-,03,22350,,N,H,A,A,A,H,-,A,D,0,,Y,,,Y,,L,04,1,0,0,0,0,0,1,0,0,"- ","- ",,,"SAN FRANCISCO","SAN FRANCISCO",-122.41692352294922,37.741680145263672
9817621,2025,2025-06-17,3801,2025-05-23,1850,2110,SOUTH,5,5,7,3801,0,0,0,,0,001,"SPEAR ST","HARRISON ST",330.00,S,N,A,-,N,,,,,,,,,,N,2,0,1,3,A,-,21,22106,,N,-,E,A,A,H,-,A,D,0,,,Y,,Y,Y,C,02,1,0,0,0,0,0,0,0,1,"- ","- ",,,"SAN FRANCISCO","SAN FRANCISCO",-122.38863372802734,37.788200378417969
9817630,2025,2025-06-18,3801,2025-05-11,1353,34,TRAFF,7,5,7,3801,0,0,0,,0,4B4A,"MARKET ST","2ND ST",11.00,W,N,A,-,N,,,,,,,,,,N,2,0,1,2,A,-,12,21453,A,N,H,B,B,A,H,-,A,A,0,Y,Y,,,Y,,L,04,1,0,0,0,1,0,0,0,0,"- ","- ",,,"SAN FRANCISCO","SAN FRANCISCO",-122.40142822265625,37.789218902587891